<?xml version="1.0"?>
<?mso-application progid="Excel.Sheet"?>
<Workbook xmlns="urn:schemas-microsoft-com:office:spreadsheet"
 xmlns:o="urn:schemas-microsoft-com:office:office"
 xmlns:x="urn:schemas-microsoft-com:office:excel"
 xmlns:ss="urn:schemas-microsoft-com:office:spreadsheet"
 xmlns:html="http://www.w3.org/TR/REC-html40">
 <DocumentProperties xmlns="urn:schemas-microsoft-com:office:office">
  <Author>m</Author>
  <LastAuthor>balmaster</LastAuthor>
  <LastPrinted>2008-01-28T12:53:09Z</LastPrinted>
  <Created>2002-12-09T11:17:58Z</Created>
  <LastSaved>2010-04-01T10:46:32Z</LastSaved>
  <Company>GNIVC</Company>
  <Version>12.00</Version>
 </DocumentProperties>
 <ExcelWorkbook xmlns="urn:schemas-microsoft-com:office:excel">
  <WindowHeight>9495</WindowHeight>
  <WindowWidth>7635</WindowWidth>
  <WindowTopX>7665</WindowTopX>
  <WindowTopY>-15</WindowTopY>
  <ProtectStructure>False</ProtectStructure>
  <ProtectWindows>False</ProtectWindows>
 </ExcelWorkbook>
 <Styles>
  <Style ss:ID="Default" ss:Name="Normal">
   <Alignment ss:Vertical="Bottom"/>
   <Borders/>
   <Font ss:FontName="Arial Cyr" x:CharSet="204"/>
   <Interior/>
   <NumberFormat/>
   <Protection/>
  </Style>
  <Style ss:ID="s23">
   <Alignment ss:Horizontal="Center" ss:Vertical="Bottom" ss:WrapText="1"/>
   <Borders>
    <Border ss:Position="Bottom" ss:LineStyle="Continuous" ss:Weight="1"/>
    <Border ss:Position="Left" ss:LineStyle="Continuous" ss:Weight="1"/>
    <Border ss:Position="Right" ss:LineStyle="Continuous" ss:Weight="1"/>
    <Border ss:Position="Top" ss:LineStyle="Continuous" ss:Weight="1"/>
   </Borders>
   <Font ss:FontName="Arial Cyr" x:CharSet="204" x:Family="Swiss"/>
   <Interior/>
  </Style>
  <Style ss:ID="s24">
   <Alignment ss:Vertical="Center" ss:WrapText="1"/>
   <Borders>
    <Border ss:Position="Bottom" ss:LineStyle="Continuous" ss:Weight="1"/>
    <Border ss:Position="Left" ss:LineStyle="Continuous" ss:Weight="1"/>
    <Border ss:Position="Right" ss:LineStyle="Continuous" ss:Weight="1"/>
    <Border ss:Position="Top" ss:LineStyle="Continuous" ss:Weight="1"/>
   </Borders>
   <Font ss:FontName="Arial Cyr" x:CharSet="204" x:Family="Swiss"/>
   <Interior/>
  </Style>
  <Style ss:ID="s25">
   <Alignment ss:Horizontal="Right" ss:Vertical="Bottom" ss:WrapText="1"/>
   <Borders>
    <Border ss:Position="Bottom" ss:LineStyle="Continuous" ss:Weight="1"/>
    <Border ss:Position="Left" ss:LineStyle="Continuous" ss:Weight="1"/>
    <Border ss:Position="Right" ss:LineStyle="Continuous" ss:Weight="1"/>
    <Border ss:Position="Top" ss:LineStyle="Continuous" ss:Weight="1"/>
   </Borders>
   <Font ss:FontName="Arial Cyr" x:CharSet="204" x:Family="Swiss"/>
   <Interior/>
   <NumberFormat ss:Format="#,##0"/>
  </Style>
  <Style ss:ID="s26">
   <Font ss:FontName="Arial Cyr" x:CharSet="204" x:Family="Swiss"/>
   <Interior/>
  </Style>
  <Style ss:ID="s27">
   <Alignment ss:Vertical="Center" ss:WrapText="1"/>
   <Borders>
    <Border ss:Position="Bottom" ss:LineStyle="Continuous" ss:Weight="1"/>
    <Border ss:Position="Left" ss:LineStyle="Continuous" ss:Weight="1"/>
    <Border ss:Position="Right" ss:LineStyle="Continuous" ss:Weight="1"/>
    <Border ss:Position="Top" ss:LineStyle="Continuous" ss:Weight="1"/>
   </Borders>
   <Font ss:FontName="Arial Cyr" x:CharSet="204" x:Family="Swiss" ss:Size="11"
    ss:Bold="1"/>
   <Interior/>
  </Style>
  <Style ss:ID="s28">
   <Alignment ss:Horizontal="Center" ss:Vertical="Top" ss:WrapText="1"/>
   <Borders>
    <Border ss:Position="Bottom" ss:LineStyle="Continuous" ss:Weight="1"/>
    <Border ss:Position="Left" ss:LineStyle="Continuous" ss:Weight="1"/>
    <Border ss:Position="Right" ss:LineStyle="Continuous" ss:Weight="1"/>
    <Border ss:Position="Top" ss:LineStyle="Continuous" ss:Weight="1"/>
   </Borders>
   <Font ss:FontName="Arial Cyr" x:CharSet="204" x:Family="Swiss" ss:Bold="1"/>
   <Interior/>
  </Style>
  <Style ss:ID="s29">
   <Alignment ss:Horizontal="Left" ss:Vertical="Center" ss:WrapText="1"/>
   <Borders>
    <Border ss:Position="Bottom" ss:LineStyle="Continuous" ss:Weight="1"/>
    <Border ss:Position="Left" ss:LineStyle="Continuous" ss:Weight="1"/>
    <Border ss:Position="Right" ss:LineStyle="Continuous" ss:Weight="1"/>
    <Border ss:Position="Top" ss:LineStyle="Continuous" ss:Weight="1"/>
   </Borders>
   <Font ss:FontName="Arial Cyr" x:CharSet="204" x:Family="Swiss"/>
   <Interior/>
  </Style>
  <Style ss:ID="s30">
   <Alignment ss:Horizontal="Left" ss:Vertical="Center" ss:Indent="2"
    ss:WrapText="1"/>
   <Borders>
    <Border ss:Position="Bottom" ss:LineStyle="Continuous" ss:Weight="1"/>
    <Border ss:Position="Left" ss:LineStyle="Continuous" ss:Weight="1"/>
    <Border ss:Position="Right" ss:LineStyle="Continuous" ss:Weight="1"/>
    <Border ss:Position="Top" ss:LineStyle="Continuous" ss:Weight="1"/>
   </Borders>
   <Font ss:FontName="Arial Cyr" x:CharSet="204" x:Family="Swiss"/>
   <Interior/>
  </Style>
  <Style ss:ID="s31">
   <Alignment ss:Vertical="Center"/>
   <Font ss:FontName="Arial Cyr" x:CharSet="204" x:Family="Swiss"/>
   <Interior/>
  </Style>
  <Style ss:ID="s32">
   <Borders/>
   <Font ss:FontName="Arial Cyr" x:CharSet="204" x:Family="Swiss"/>
   <Interior/>
  </Style>
  <Style ss:ID="s33">
   <Alignment ss:Vertical="Bottom"/>
   <Font ss:FontName="Arial Cyr" x:CharSet="204" x:Family="Swiss"/>
  </Style>
  <Style ss:ID="s34">
   <Alignment ss:Horizontal="Left" ss:Vertical="Center" ss:WrapText="1"/>
   <Borders>
    <Border ss:Position="Bottom" ss:LineStyle="Continuous" ss:Weight="1"/>
    <Border ss:Position="Left" ss:LineStyle="Continuous" ss:Weight="1"/>
    <Border ss:Position="Right" ss:LineStyle="Continuous" ss:Weight="1"/>
    <Border ss:Position="Top" ss:LineStyle="Continuous" ss:Weight="1"/>
   </Borders>
   <Font ss:FontName="Arial Cyr" x:CharSet="204" ss:Bold="1"/>
   <Interior/>
  </Style>
  <Style ss:ID="s35">
   <Alignment ss:Horizontal="Right" ss:Vertical="Bottom"/>
   <Borders/>
   <Font ss:FontName="Arial Cyr" x:CharSet="204" x:Family="Swiss"/>
   <Interior/>
  </Style>
  <Style ss:ID="s36">
   <Alignment ss:Horizontal="Center" ss:Vertical="Top" ss:WrapText="1"/>
   <Borders>
    <Border ss:Position="Bottom" ss:LineStyle="Continuous" ss:Weight="1"/>
    <Border ss:Position="Left" ss:LineStyle="Continuous" ss:Weight="1"/>
    <Border ss:Position="Right" ss:LineStyle="Continuous" ss:Weight="1"/>
   </Borders>
   <Font ss:FontName="Arial Cyr" x:CharSet="204" x:Family="Swiss" ss:Bold="1"/>
   <Interior/>
  </Style>
  <Style ss:ID="s37">
   <Alignment ss:Horizontal="Right" ss:Vertical="Bottom" ss:ShrinkToFit="1"/>
   <Font ss:FontName="Arial Cyr" x:CharSet="204"/>
   <Interior/>
  </Style>
  <Style ss:ID="s38">
   <Alignment ss:Horizontal="Center" ss:Vertical="Center" ss:WrapText="1"/>
   <Font ss:FontName="Arial Cyr" x:CharSet="204" x:Family="Swiss" ss:Bold="1"/>
   <Interior/>
  </Style>
  <Style ss:ID="s48">
   <Alignment ss:Horizontal="Right" ss:Vertical="Bottom" ss:ShrinkToFit="1"
    ss:WrapText="1"/>
   <Font ss:FontName="Arial Cyr" x:CharSet="204"/>
   <Interior/>
  </Style>
  <Style ss:ID="s50">
   <Alignment ss:Horizontal="Center" ss:Vertical="Center" ss:WrapText="1"/>
   <Font ss:FontName="Arial Cyr" x:CharSet="204" x:Family="Swiss" ss:Size="12"
    ss:Bold="1"/>
   <Interior/>
  </Style>
  <Style ss:ID="s51">
   <Alignment ss:Horizontal="Right" ss:Vertical="Bottom" ss:WrapText="1"/>
   <Borders/>
   <Font ss:FontName="Arial Cyr" x:CharSet="204" x:Family="Swiss"/>
   <Interior/>
   <NumberFormat ss:Format="#,##0"/>
  </Style>
  <Style ss:ID="s53">
   <Alignment ss:Horizontal="Center" ss:Vertical="Center" ss:WrapText="1"/>
   <Borders>
    <Border ss:Position="Left" ss:LineStyle="Continuous" ss:Weight="1"/>
    <Border ss:Position="Right" ss:LineStyle="Continuous" ss:Weight="1"/>
    <Border ss:Position="Top" ss:LineStyle="Continuous" ss:Weight="1"/>
   </Borders>
   <Font ss:FontName="Arial Cyr" x:CharSet="204" x:Family="Swiss"/>
   <Interior/>
  </Style>
  <Style ss:ID="s55">
   <Alignment ss:Horizontal="Center" ss:Vertical="Center" ss:WrapText="1"/>
   <Borders>
    <Border ss:Position="Bottom" ss:LineStyle="Continuous" ss:Weight="1"/>
    <Border ss:Position="Left" ss:LineStyle="Continuous" ss:Weight="1"/>
    <Border ss:Position="Right" ss:LineStyle="Continuous" ss:Weight="1"/>
    <Border ss:Position="Top" ss:LineStyle="Continuous" ss:Weight="1"/>
   </Borders>
   <Font ss:FontName="Arial Cyr" x:CharSet="204" x:Family="Swiss"/>
   <Interior/>
  </Style>
  <Style ss:ID="s57">
   <Alignment ss:Horizontal="Left" ss:Vertical="Bottom"/>
   <Borders>
    <Border ss:Position="Bottom" ss:LineStyle="Continuous" ss:Weight="1"/>
   </Borders>
   <Font ss:FontName="Arial Cyr" x:CharSet="204" ss:Bold="1"/>
   <Interior/>
  </Style>
  <Style ss:ID="s58">
   <Alignment ss:Horizontal="Left" ss:Vertical="Center" ss:WrapText="1"/>
   <Font ss:FontName="Arial Cyr" x:CharSet="204" x:Family="Swiss" ss:Bold="1"/>
   <Interior/>
  </Style>
 </Styles>
 <Worksheet ss:Name="Р1">
  <Names>
   <NamedRange ss:Name="Print_Titles" ss:RefersTo="=Р1!R5:R9"/>
  </Names>
  <Table ss:ExpandedColumnCount="6" ss:ExpandedRowCount="34" x:FullColumns="1"
   x:FullRows="1" ss:StyleID="s26" ss:DefaultColumnWidth="46.5">
   <Column ss:StyleID="s26" ss:AutoFitWidth="0" ss:Width="325.5"/>
   <Column ss:StyleID="s26" ss:AutoFitWidth="0" ss:Width="45.75"/>
   <Column ss:StyleID="s26" ss:AutoFitWidth="0" ss:Width="93.75"/>
   <Column ss:StyleID="s26" ss:AutoFitWidth="0" ss:Width="82.5"/>
   <Row>
    <Cell><Data ss:Type="String">Уточненный отчет по состоянию на 26.03.10</Data></Cell>
   </Row>
   <Row ss:AutoFitHeight="0" ss:Height="15">
    <Cell ss:MergeAcross="3" ss:StyleID="s48"><Data ss:Type="String">     форма № 1-НДС  </Data></Cell>
    <Cell ss:StyleID="s37"/>
    <Cell ss:StyleID="s37"/>
   </Row>
   <Row ss:AutoFitHeight="0" ss:Height="33.75">
    <Cell ss:MergeAcross="3" ss:StyleID="s50"><Data ss:Type="String">ОТЧЕТ&#10;О СТРУКТУРЕ НАЧИСЛЕНИЯ НАЛОГА НА ДОБАВЛЕННУЮ СТОИМОСТЬ</Data></Cell>
   </Row>
   <Row ss:AutoFitHeight="0">
    <Cell ss:MergeAcross="3" ss:StyleID="s38"><Data ss:Type="String">по состоянию на 01.01.2010 г.</Data></Cell>
   </Row>
   <Row ss:AutoFitHeight="0">
    <Cell ss:MergeAcross="2" ss:StyleID="s58"><NamedCell ss:Name="Print_Titles"/></Cell>
    <Cell ss:StyleID="s38"><NamedCell ss:Name="Print_Titles"/></Cell>
   </Row>
   <Row>
    <Cell ss:MergeAcross="2" ss:StyleID="s57"><Data ss:Type="String">Всего по России</Data><NamedCell
      ss:Name="Print_Titles"/></Cell>
    <Cell ss:StyleID="s35"><Data ss:Type="String">тыс. рублей</Data><NamedCell
      ss:Name="Print_Titles"/></Cell>
   </Row>
   <Row ss:AutoFitHeight="0" ss:Height="55.125">
    <Cell ss:MergeDown="1" ss:StyleID="s53"><NamedCell ss:Name="Print_Titles"/></Cell>
    <Cell ss:MergeDown="1" ss:StyleID="s53"><Data ss:Type="String">Код строки</Data><NamedCell
      ss:Name="Print_Titles"/></Cell>
    <Cell ss:MergeDown="1" ss:StyleID="s55"><Data ss:Type="String">Начислено - всего</Data><NamedCell
      ss:Name="Print_Titles"/></Cell>
    <Cell ss:MergeDown="1" ss:StyleID="s55"><Data ss:Type="String">в том числе по декларациям текущего года</Data><NamedCell
      ss:Name="Print_Titles"/></Cell>
   </Row>
   <Row ss:AutoFitHeight="0" ss:Height="13.5"/>
   <Row>
    <Cell ss:StyleID="s28"><Data ss:Type="String">А</Data><NamedCell
      ss:Name="Print_Titles"/></Cell>
    <Cell ss:StyleID="s28"><Data ss:Type="String">Б</Data><NamedCell
      ss:Name="Print_Titles"/></Cell>
    <Cell ss:StyleID="s36"><Data ss:Type="Number">1</Data><NamedCell
      ss:Name="Print_Titles"/></Cell>
    <Cell ss:StyleID="s36"><Data ss:Type="Number">2</Data><NamedCell
      ss:Name="Print_Titles"/></Cell>
   </Row>
   <Row ss:AutoFitHeight="0" ss:Height="38.25">
    <Cell ss:StyleID="s34"><ss:Data ss:Type="String"
      xmlns="http://www.w3.org/TR/REC-html40"><B>Налогооблагаемые обороты</B><Font>&#10;Сумма налога, исчисленная  по налогооблагаемым объектам, – всего </Font><Font
       html:Size="9">(100 = 110+120+130)</Font></ss:Data></Cell>
    <Cell ss:StyleID="s23"><Data ss:Type="Number">100</Data></Cell>
    <Cell ss:StyleID="s25"><Data ss:Type="Number">17289778384</Data></Cell>
    <Cell ss:StyleID="s25"><Data ss:Type="Number">17077069951</Data></Cell>
   </Row>
   <Row ss:AutoFitHeight="0" ss:Height="51">
    <Cell ss:StyleID="s29"><Data ss:Type="String"> в том числе:&#10;      сумма налога, исчисленного по операциям, облагаемым по налоговым ставкам, предусмотренным пунктами 2-4 статьи 164 Налогового кодекса Российской Федерации</Data></Cell>
    <Cell ss:StyleID="s23"><Data ss:Type="Number">110</Data></Cell>
    <Cell ss:StyleID="s25"><Data ss:Type="Number">17191381955</Data></Cell>
    <Cell ss:StyleID="s25"><Data ss:Type="Number">16989014661</Data></Cell>
   </Row>
   <Row ss:AutoFitHeight="0" ss:Height="27">
    <Cell ss:StyleID="s24"><Data ss:Type="String">       сумма налога, подлежащая уплате в бюджет, по данным налоговых агентов</Data></Cell>
    <Cell ss:StyleID="s23"><Data ss:Type="Number">120</Data></Cell>
    <Cell ss:StyleID="s25"><Data ss:Type="Number">73116519</Data></Cell>
    <Cell ss:StyleID="s25"><Data ss:Type="Number">73365882</Data></Cell>
   </Row>
   <Row ss:AutoFitHeight="0" ss:Height="38.25">
    <Cell ss:StyleID="s24"><Data ss:Type="String">       сумма налога, исчисленная по операциям по реализации товаров (работ, услуг), обоснованность применения налоговой ставки 0 процентов по которым документально не подтверждена</Data></Cell>
    <Cell ss:StyleID="s23"><Data ss:Type="Number">130</Data></Cell>
    <Cell ss:StyleID="s25"><Data ss:Type="Number">25279910</Data></Cell>
    <Cell ss:StyleID="s25"><Data ss:Type="Number">14689408</Data></Cell>
   </Row>
   <Row ss:AutoFitHeight="0" ss:Height="28.5" ss:StyleID="s31">
    <Cell ss:StyleID="s34"><ss:Data ss:Type="String"
      xmlns="http://www.w3.org/TR/REC-html40"><B>Налоговые вычеты</B><Font>&#10;Сумма налоговых вычетов, всего (200=210+270+280)</Font></ss:Data></Cell>
    <Cell ss:StyleID="s23"><Data ss:Type="Number">200</Data></Cell>
    <Cell ss:StyleID="s25"><Data ss:Type="Number">16055641193</Data></Cell>
    <Cell ss:StyleID="s25"><Data ss:Type="Number">15816375521</Data></Cell>
   </Row>
   <Row ss:AutoFitHeight="0" ss:Height="38.25">
    <Cell ss:StyleID="s24"><Data ss:Type="String">       общая сумма НДС, подлежащая вычету по операциям, облагаемым по налоговым ставкам, предусмотренным  пунктами 2-4 статьи 164 Налогового кодекса Российской Федерации</Data></Cell>
    <Cell ss:StyleID="s23"><Data ss:Type="Number">210</Data></Cell>
    <Cell ss:StyleID="s25"><Data ss:Type="Number">15261944469</Data></Cell>
    <Cell ss:StyleID="s25"><Data ss:Type="Number">15043168790</Data></Cell>
   </Row>
   <Row ss:AutoFitHeight="0" ss:Height="51">
    <Cell ss:StyleID="s29"><Data ss:Type="String">в том числе:&#10;       сумма налога, предъявленная подрядными организациями (заказчиками-застройщиками) при проведении капитального строительства  </Data></Cell>
    <Cell ss:StyleID="s23"><Data ss:Type="Number">221</Data></Cell>
    <Cell ss:StyleID="s25"><Data ss:Type="Number">434873092</Data></Cell>
    <Cell ss:StyleID="s25"><Data ss:Type="Number">416337502</Data></Cell>
   </Row>
   <Row ss:AutoFitHeight="0" ss:Height="78.75">
    <Cell ss:StyleID="s24"><Data ss:Type="String">сумма налога, предьявленная налогоплательщику и уплаченная им на основании платежного поручения на перечисление денежных средств при осуществлении товарообменных операций, зачетов взаимных требований, при использовании в расчетах ценных бумаг, при приобретении на территории Российской Федерации товаров (работ, услуг), имущественных прав</Data></Cell>
    <Cell ss:StyleID="s23"><Data ss:Type="Number">231</Data></Cell>
    <Cell ss:StyleID="s25"><Data ss:Type="Number">42319160</Data></Cell>
    <Cell ss:StyleID="s25"><Data ss:Type="Number">43064238</Data></Cell>
   </Row>
   <Row ss:AutoFitHeight="0" ss:Height="51">
    <Cell ss:StyleID="s24"><Data ss:Type="String">сумма налога, уплаченная налогоплательщиком таможенным органам по товарам, ввезенным в таможенных режимах выпуска для внутреннего потребления, временного ввоза и переработки вне таможенной территории </Data></Cell>
    <Cell ss:StyleID="s23"><Data ss:Type="Number">241</Data></Cell>
    <Cell ss:StyleID="s25"><Data ss:Type="Number">679377483</Data></Cell>
    <Cell ss:StyleID="s25"><Data ss:Type="Number">674310087</Data></Cell>
   </Row>
   <Row ss:AutoFitHeight="0" ss:Height="27">
    <Cell ss:StyleID="s24"><Data ss:Type="String">сумма налога, уплаченная налогоплательщиком налоговым органам при ввозе товаров с территории Республики Беларусь</Data></Cell>
    <Cell ss:StyleID="s23"><Data ss:Type="Number">242</Data></Cell>
    <Cell ss:StyleID="s25"><Data ss:Type="Number">28041515</Data></Cell>
    <Cell ss:StyleID="s25"><Data ss:Type="Number">27547794</Data></Cell>
   </Row>
   <Row ss:AutoFitHeight="0" ss:Height="38.25">
    <Cell ss:StyleID="s29"><Data ss:Type="String">сумма налоговых вычетов по операциям по реализации товаров (работ, услуг), обоснованность применения налоговой ставки 0 процентов по которым документально не подтверждена</Data></Cell>
    <Cell ss:StyleID="s23"><Data ss:Type="Number">270</Data></Cell>
    <Cell ss:StyleID="s25"><Data ss:Type="Number">12704147</Data></Cell>
    <Cell ss:StyleID="s25"><Data ss:Type="Number">6378814</Data></Cell>
   </Row>
   <Row ss:AutoFitHeight="0" ss:Height="38.25">
    <Cell ss:StyleID="s29"><Data ss:Type="String">сумма налоговых вычетов по операциям по реализации товаров (работ, услуг), обоснованность применения налоговой ставки 0 процентов по которым документально  подтверждена</Data></Cell>
    <Cell ss:StyleID="s23"><Data ss:Type="Number">280</Data></Cell>
    <Cell ss:StyleID="s25"><Data ss:Type="Number">780992577</Data></Cell>
    <Cell ss:StyleID="s25"><Data ss:Type="Number">766827917</Data></Cell>
   </Row>
   <Row>
    <Cell ss:StyleID="s29"><Data ss:Type="String">Сумма налога, исчисленная к уплате в бюджет</Data></Cell>
    <Cell ss:StyleID="s23"><Data ss:Type="Number">310</Data></Cell>
    <Cell ss:StyleID="s25"><Data ss:Type="Number">2340905551</Data></Cell>
    <Cell ss:StyleID="s25"><Data ss:Type="Number">2312552901</Data></Cell>
   </Row>
   <Row ss:AutoFitHeight="0">
    <Cell ss:StyleID="s29"><Data ss:Type="String">Сумма налога, исчисленная к возмещению из бюджета</Data></Cell>
    <Cell ss:StyleID="s23"><Data ss:Type="Number">320</Data></Cell>
    <Cell ss:StyleID="s25"><Data ss:Type="Number">-1109694818</Data></Cell>
    <Cell ss:StyleID="s25"><Data ss:Type="Number">-1051693687</Data></Cell>
   </Row>
   <Row ss:AutoFitHeight="0" ss:Height="30">
    <Cell ss:StyleID="s27"><ss:Data ss:Type="String"
      xmlns="http://www.w3.org/TR/REC-html40"><B>Сумма налога, доначисленная (уменьшенная) по результатам контрольной работы </B><Font> </Font></ss:Data></Cell>
    <Cell ss:StyleID="s23"><Data ss:Type="Number">400</Data></Cell>
    <Cell ss:StyleID="s25"><Data ss:Type="Number">136507358</Data></Cell>
    <Cell ss:StyleID="s25"><Data ss:Type="String">Х</Data></Cell>
   </Row>
   <Row ss:AutoFitHeight="0" ss:Height="27.75">
    <Cell ss:StyleID="s24"><Data ss:Type="String">в том числе:&#10;      по результатам камеральных проверок</Data></Cell>
    <Cell ss:StyleID="s23"><Data ss:Type="Number">410</Data></Cell>
    <Cell ss:StyleID="s25"><Data ss:Type="Number">36820251</Data></Cell>
    <Cell ss:StyleID="s25"><Data ss:Type="String">Х</Data></Cell>
   </Row>
   <Row ss:AutoFitHeight="0">
    <Cell ss:StyleID="s30"><Data ss:Type="String">по результатам выездных проверок</Data></Cell>
    <Cell ss:StyleID="s23"><Data ss:Type="Number">420</Data></Cell>
    <Cell ss:StyleID="s25"><Data ss:Type="Number">99687107</Data></Cell>
    <Cell ss:StyleID="s25"><Data ss:Type="String">Х</Data></Cell>
   </Row>
   <Row ss:AutoFitHeight="0" ss:Height="15">
    <Cell ss:StyleID="s27"><Data ss:Type="String">Сумма начисленных налоговых санкций и пеней -  всего</Data></Cell>
    <Cell ss:StyleID="s23"><Data ss:Type="Number">500</Data></Cell>
    <Cell ss:StyleID="s25"><Data ss:Type="Number">56979938</Data></Cell>
    <Cell ss:StyleID="s25"><Data ss:Type="String">Х</Data></Cell>
   </Row>
   <Row ss:AutoFitHeight="0" ss:Height="41.25">
    <Cell ss:StyleID="s27"><ss:Data ss:Type="String"
      xmlns="http://www.w3.org/TR/REC-html40"><B>Сумма отсроченной (рассроченной) задолженности, срок  уплаты которой приходится на отчетный период </B><Font
       html:Size="10">(включая проценты за пользование бюджетными средствами)</Font></ss:Data></Cell>
    <Cell ss:StyleID="s23"><Data ss:Type="Number">600</Data></Cell>
    <Cell ss:StyleID="s25"><Data ss:Type="Number">396224</Data></Cell>
    <Cell ss:StyleID="s25"><Data ss:Type="String">Х</Data></Cell>
   </Row>
   <Row ss:AutoFitHeight="0" ss:Height="56.25">
    <Cell ss:StyleID="s27"><ss:Data ss:Type="String"
      xmlns="http://www.w3.org/TR/REC-html40"><B>Сумма реструктурированной задолженности, подлежащая погашению в соответствии с утвержденными графиками уплаты в отчетном периоде </B><Font
       html:Size="10">(включая проценты за пользование бюджетными средствами)</Font></ss:Data></Cell>
    <Cell ss:StyleID="s23"><Data ss:Type="Number">700</Data></Cell>
    <Cell ss:StyleID="s25"><Data ss:Type="Number">2139516</Data></Cell>
    <Cell ss:StyleID="s25"><Data ss:Type="String">Х</Data></Cell>
   </Row>
   <Row ss:AutoFitHeight="0">
    <Cell ss:StyleID="s24"><Data ss:Type="String">Фактически возмещено налогоплательщикам </Data></Cell>
    <Cell ss:StyleID="s23"><Data ss:Type="Number">1000</Data></Cell>
    <Cell ss:StyleID="s25"><Data ss:Type="Number">962674109</Data></Cell>
    <Cell ss:StyleID="s25"><Data ss:Type="String">Х</Data></Cell>
   </Row>
   <Row ss:AutoFitHeight="0" ss:Height="27">
    <Cell ss:StyleID="s24"><Data ss:Type="String">в том числе:&#10;      возвращено на расчетные счета налогоплательщиков</Data></Cell>
    <Cell ss:StyleID="s23"><Data ss:Type="Number">1010</Data></Cell>
    <Cell ss:StyleID="s25"><Data ss:Type="Number">859121161</Data></Cell>
    <Cell ss:StyleID="s25"><Data ss:Type="String">Х</Data></Cell>
   </Row>
   <Row>
    <Cell ss:StyleID="s32"/>
   </Row>
   <Row ss:Index="34" ss:AutoFitHeight="0" ss:Height="15.75">
    <Cell ss:StyleID="s33"/>
    <Cell ss:StyleID="s33"/>
    <Cell ss:MergeAcross="1" ss:StyleID="s51"/>
   </Row>
  </Table>
  <WorksheetOptions xmlns="urn:schemas-microsoft-com:office:excel">
   <PageSetup>
    <Layout x:CenterHorizontal="1"/>
    <Header x:Margin="0.19685039370078741" x:Data="&amp;R&amp;P"/>
    <Footer x:Margin="0.19685039370078741"/>
    <PageMargins x:Bottom="0.39370078740157483" x:Left="0.39370078740157483"
     x:Right="0.39370078740157483" x:Top="0.39370078740157483"/>
   </PageSetup>
   <Print>
    <FitHeight>3</FitHeight>
    <ValidPrinterInfo/>
    <PaperSizeIndex>9</PaperSizeIndex>
    <Scale>90</Scale>
    <HorizontalResolution>600</HorizontalResolution>
    <VerticalResolution>300</VerticalResolution>
   </Print>
   <PageBreakZoom>60</PageBreakZoom>
   <Selected/>
   <FreezePanes/>
   <FrozenNoSplit/>
   <SplitHorizontal>9</SplitHorizontal>
   <TopRowBottomPane>9</TopRowBottomPane>
   <SplitVertical>2</SplitVertical>
   <LeftColumnRightPane>2</LeftColumnRightPane>
   <ActivePane>0</ActivePane>
   <Panes>
    <Pane>
     <Number>3</Number>
     <ActiveRow>8</ActiveRow>
     <ActiveCol>2</ActiveCol>
    </Pane>
    <Pane>
     <Number>1</Number>
     <ActiveRow>8</ActiveRow>
    </Pane>
    <Pane>
     <Number>2</Number>
     <ActiveRow>8</ActiveRow>
     <ActiveCol>2</ActiveCol>
    </Pane>
    <Pane>
     <Number>0</Number>
     <ActiveRow>10</ActiveRow>
     <ActiveCol>6</ActiveCol>
    </Pane>
   </Panes>
   <ProtectObjects>False</ProtectObjects>
   <ProtectScenarios>False</ProtectScenarios>
  </WorksheetOptions>
 </Worksheet>
 <Worksheet ss:Name="hidden1">
  <Table ss:ExpandedColumnCount="2" ss:ExpandedRowCount="23" x:FullColumns="1"
   x:FullRows="1">
   <Row>
    <Cell><Data ss:Type="Number">17289778384</Data></Cell>
    <Cell><Data ss:Type="Number">17077069951</Data></Cell>
   </Row>
   <Row>
    <Cell><Data ss:Type="Number">17191381955</Data></Cell>
    <Cell><Data ss:Type="Number">16989014661</Data></Cell>
   </Row>
   <Row>
    <Cell><Data ss:Type="Number">73116519</Data></Cell>
    <Cell><Data ss:Type="Number">73365882</Data></Cell>
   </Row>
   <Row>
    <Cell><Data ss:Type="Number">25279910</Data></Cell>
    <Cell><Data ss:Type="Number">14689408</Data></Cell>
   </Row>
   <Row>
    <Cell><Data ss:Type="Number">16055641193</Data></Cell>
    <Cell><Data ss:Type="Number">15816375521</Data></Cell>
   </Row>
   <Row>
    <Cell><Data ss:Type="Number">15261944469</Data></Cell>
    <Cell><Data ss:Type="Number">15043168790</Data></Cell>
   </Row>
   <Row>
    <Cell><Data ss:Type="Number">434873092</Data></Cell>
    <Cell><Data ss:Type="Number">416337502</Data></Cell>
   </Row>
   <Row>
    <Cell><Data ss:Type="Number">42319160</Data></Cell>
    <Cell><Data ss:Type="Number">43064238</Data></Cell>
   </Row>
   <Row>
    <Cell><Data ss:Type="Number">679377483</Data></Cell>
    <Cell><Data ss:Type="Number">674310087</Data></Cell>
   </Row>
   <Row>
    <Cell><Data ss:Type="Number">28041515</Data></Cell>
    <Cell><Data ss:Type="Number">27547794</Data></Cell>
   </Row>
   <Row>
    <Cell><Data ss:Type="Number">12704147</Data></Cell>
    <Cell><Data ss:Type="Number">6378814</Data></Cell>
   </Row>
   <Row>
    <Cell><Data ss:Type="Number">780992577</Data></Cell>
    <Cell><Data ss:Type="Number">766827917</Data></Cell>
   </Row>
   <Row>
    <Cell><Data ss:Type="Number">2340905551</Data></Cell>
    <Cell><Data ss:Type="Number">2312552901</Data></Cell>
   </Row>
   <Row>
    <Cell><Data ss:Type="Number">-1109694818</Data></Cell>
    <Cell><Data ss:Type="Number">-1051693687</Data></Cell>
   </Row>
   <Row>
    <Cell><Data ss:Type="Number">136507358</Data></Cell>
    <Cell><Data ss:Type="Number">0</Data></Cell>
   </Row>
   <Row>
    <Cell><Data ss:Type="Number">36820251</Data></Cell>
    <Cell><Data ss:Type="Number">0</Data></Cell>
   </Row>
   <Row>
    <Cell><Data ss:Type="Number">99687107</Data></Cell>
    <Cell><Data ss:Type="Number">0</Data></Cell>
   </Row>
   <Row>
    <Cell><Data ss:Type="Number">56979938</Data></Cell>
    <Cell><Data ss:Type="Number">0</Data></Cell>
   </Row>
   <Row>
    <Cell><Data ss:Type="Number">396224</Data></Cell>
    <Cell><Data ss:Type="Number">0</Data></Cell>
   </Row>
   <Row>
    <Cell><Data ss:Type="Number">2139516</Data></Cell>
    <Cell><Data ss:Type="Number">0</Data></Cell>
   </Row>
   <Row>
    <Cell><Data ss:Type="Number">962674109</Data></Cell>
    <Cell><Data ss:Type="Number">0</Data></Cell>
   </Row>
   <Row>
    <Cell><Data ss:Type="Number">859121161</Data></Cell>
    <Cell><Data ss:Type="Number">0</Data></Cell>
   </Row>
   <Row>
    <Cell><Data ss:Type="Number">71260986801</Data></Cell>
    <Cell><Data ss:Type="Number">68209009779</Data></Cell>
   </Row>
  </Table>
  <WorksheetOptions xmlns="urn:schemas-microsoft-com:office:excel">
   <Visible>SheetHidden</Visible>
   <ProtectObjects>False</ProtectObjects>
   <ProtectScenarios>False</ProtectScenarios>
  </WorksheetOptions>
 </Worksheet>
 <Worksheet ss:Name="hidden2">
  <Table ss:ExpandedColumnCount="2" ss:ExpandedRowCount="38" x:FullColumns="1"
   x:FullRows="1">
   <Row>
    <Cell><Data ss:Type="String">на 01.01.2010 г.</Data></Cell>
    <Cell><Data ss:Type="Number">1</Data></Cell>
   </Row>
   <Row>
    <Cell><Data ss:Type="String">на 01.12.2009 г.</Data></Cell>
    <Cell><Data ss:Type="Number">2</Data></Cell>
   </Row>
   <Row>
    <Cell><Data ss:Type="String">на 01.10.2009 г.</Data></Cell>
    <Cell><Data ss:Type="Number">3</Data></Cell>
   </Row>
   <Row>
    <Cell><Data ss:Type="String">на 01.01.2009 г.</Data></Cell>
    <Cell><Data ss:Type="Number">4</Data></Cell>
   </Row>
   <Row>
    <Cell><Data ss:Type="String">на 01 января 2010 года</Data></Cell>
    <Cell><Data ss:Type="Number">5</Data></Cell>
   </Row>
   <Row>
    <Cell><Data ss:Type="String">на 01 декабря 2009 года</Data></Cell>
    <Cell><Data ss:Type="Number">6</Data></Cell>
   </Row>
   <Row>
    <Cell><Data ss:Type="String">на 01 октября 2009 года</Data></Cell>
    <Cell><Data ss:Type="Number">7</Data></Cell>
   </Row>
   <Row>
    <Cell><Data ss:Type="String">на 01 января 2009 года</Data></Cell>
    <Cell><Data ss:Type="Number">8</Data></Cell>
   </Row>
   <Row>
    <Cell><Data ss:Type="String">по состоянию на 01.01.2010 г.</Data></Cell>
    <Cell><Data ss:Type="Number">9</Data></Cell>
   </Row>
   <Row>
    <Cell><Data ss:Type="String">по состоянию на 01.12.2009 г.</Data></Cell>
    <Cell><Data ss:Type="Number">10</Data></Cell>
   </Row>
   <Row>
    <Cell><Data ss:Type="String">по состоянию на 01.10.2009 г.</Data></Cell>
    <Cell><Data ss:Type="Number">11</Data></Cell>
   </Row>
   <Row>
    <Cell><Data ss:Type="String">по состоянию на 01.01.2009 г.</Data></Cell>
    <Cell><Data ss:Type="Number">12</Data></Cell>
   </Row>
   <Row>
    <Cell><Data ss:Type="String">по состоянию на 01 января 2010 года</Data></Cell>
    <Cell><Data ss:Type="Number">13</Data></Cell>
   </Row>
   <Row>
    <Cell><Data ss:Type="String">по состоянию на 01 декабря 2009 года</Data></Cell>
    <Cell><Data ss:Type="Number">14</Data></Cell>
   </Row>
   <Row>
    <Cell><Data ss:Type="String">по состоянию на 01 октября 2009 года</Data></Cell>
    <Cell><Data ss:Type="Number">15</Data></Cell>
   </Row>
   <Row>
    <Cell><Data ss:Type="String">по состоянию на 01 января 2009 года</Data></Cell>
    <Cell><Data ss:Type="Number">16</Data></Cell>
   </Row>
   <Row>
    <Cell><Data ss:Type="String">в  январe 2010 года</Data></Cell>
    <Cell><Data ss:Type="Number">17</Data></Cell>
   </Row>
   <Row>
    <Cell><Data ss:Type="String">на январь</Data></Cell>
    <Cell><Data ss:Type="Number">18</Data></Cell>
   </Row>
   <Row>
    <Cell><Data ss:Type="String">за январь</Data></Cell>
    <Cell><Data ss:Type="Number">19</Data></Cell>
   </Row>
   <Row>
    <Cell><Data ss:Type="String">в январе</Data></Cell>
    <Cell><Data ss:Type="Number">20</Data></Cell>
   </Row>
   <Row>
    <Cell><Data ss:Type="String">на январь 2010 г.</Data></Cell>
    <Cell><Data ss:Type="Number">21</Data></Cell>
   </Row>
   <Row>
    <Cell><Data ss:Type="String">за январь  2010 г.</Data></Cell>
    <Cell><Data ss:Type="Number">22</Data></Cell>
   </Row>
   <Row>
    <Cell><Data ss:Type="String">за январь  2010 г.</Data></Cell>
    <Cell><Data ss:Type="Number">23</Data></Cell>
   </Row>
   <Row>
    <Cell><Data ss:Type="String">на январь 2009 г.</Data></Cell>
    <Cell><Data ss:Type="Number">24</Data></Cell>
   </Row>
   <Row>
    <Cell><Data ss:Type="String">за январь  2009 г.</Data></Cell>
    <Cell><Data ss:Type="Number">25</Data></Cell>
   </Row>
   <Row>
    <Cell><Data ss:Type="String">в январе  2009 г.</Data></Cell>
    <Cell><Data ss:Type="Number">26</Data></Cell>
   </Row>
   <Row>
    <Cell><Data ss:Type="String">12 мес.</Data></Cell>
    <Cell><Data ss:Type="Number">27</Data></Cell>
   </Row>
   <Row>
    <Cell><Data ss:Type="String">за 12 мес.</Data></Cell>
    <Cell><Data ss:Type="Number">28</Data></Cell>
   </Row>
   <Row>
    <Cell><Data ss:Type="String">12 месяцев</Data></Cell>
    <Cell><Data ss:Type="Number">29</Data></Cell>
   </Row>
   <Row>
    <Cell><Data ss:Type="String">за 12 месяцев</Data></Cell>
    <Cell><Data ss:Type="Number">30</Data></Cell>
   </Row>
   <Row>
    <Cell><Data ss:Type="String">декабрь</Data></Cell>
    <Cell><Data ss:Type="Number">31</Data></Cell>
   </Row>
   <Row>
    <Cell><Data ss:Type="String">ноябрь</Data></Cell>
    <Cell><Data ss:Type="Number">32</Data></Cell>
   </Row>
   <Row>
    <Cell><Data ss:Type="String">октябрь</Data></Cell>
    <Cell><Data ss:Type="Number">33</Data></Cell>
   </Row>
   <Row>
    <Cell><Data ss:Type="String">Поступило         01.01.2010 г.        12 мес.</Data></Cell>
    <Cell><Data ss:Type="Number">34</Data></Cell>
   </Row>
   <Row>
    <Cell><Data ss:Type="String">в  декабрe 2009 года</Data></Cell>
    <Cell><Data ss:Type="Number">35</Data></Cell>
   </Row>
   <Row>
    <Cell><Data ss:Type="String">на 01.07.2009 г.</Data></Cell>
    <Cell><Data ss:Type="Number">36</Data></Cell>
   </Row>
   <Row>
    <Cell><Data ss:Type="String"> январь</Data></Cell>
    <Cell><Data ss:Type="Number">37</Data></Cell>
   </Row>
   <Row>
    <Cell><Data ss:Type="String">январь</Data></Cell>
    <Cell><Data ss:Type="Number">37</Data></Cell>
   </Row>
  </Table>
  <WorksheetOptions xmlns="urn:schemas-microsoft-com:office:excel">
   <Visible>SheetHidden</Visible>
   <ProtectObjects>False</ProtectObjects>
   <ProtectScenarios>False</ProtectScenarios>
  </WorksheetOptions>
 </Worksheet>
</Workbook>
