<?xml version="1.0"?>
<?mso-application progid="Excel.Sheet"?>
<Workbook xmlns="urn:schemas-microsoft-com:office:spreadsheet"
 xmlns:o="urn:schemas-microsoft-com:office:office"
 xmlns:x="urn:schemas-microsoft-com:office:excel"
 xmlns:ss="urn:schemas-microsoft-com:office:spreadsheet"
 xmlns:html="http://www.w3.org/TR/REC-html40">
 <DocumentProperties xmlns="urn:schemas-microsoft-com:office:office">
  <Author>MAKAROVA_MN</Author>
  <LastAuthor>balmaster</LastAuthor>
  <LastPrinted>2010-03-26T07:41:07Z</LastPrinted>
  <Created>2009-01-13T07:38:08Z</Created>
  <LastSaved>2010-03-26T07:41:37Z</LastSaved>
  <Company>fns</Company>
  <Version>12.00</Version>
 </DocumentProperties>
 <ExcelWorkbook xmlns="urn:schemas-microsoft-com:office:excel">
  <WindowHeight>11640</WindowHeight>
  <WindowWidth>9600</WindowWidth>
  <WindowTopX>-15</WindowTopX>
  <WindowTopY>-15</WindowTopY>
  <ProtectStructure>False</ProtectStructure>
  <ProtectWindows>False</ProtectWindows>
 </ExcelWorkbook>
 <Styles>
  <Style ss:ID="Default" ss:Name="Normal">
   <Alignment ss:Vertical="Bottom"/>
   <Borders/>
   <Font ss:FontName="Arial Cyr" x:CharSet="204"/>
   <Interior/>
   <NumberFormat/>
   <Protection/>
  </Style>
  <Style ss:ID="s21">
   <Font ss:FontName="Arial" x:CharSet="204" x:Family="Swiss"/>
  </Style>
  <Style ss:ID="s22">
   <Alignment ss:Horizontal="Center" ss:Vertical="Bottom" ss:WrapText="1"/>
   <Borders>
    <Border ss:Position="Bottom" ss:LineStyle="Continuous" ss:Weight="1"/>
    <Border ss:Position="Left" ss:LineStyle="Continuous" ss:Weight="1"/>
    <Border ss:Position="Right" ss:LineStyle="Continuous" ss:Weight="1"/>
    <Border ss:Position="Top" ss:LineStyle="Continuous" ss:Weight="1"/>
   </Borders>
   <Font ss:FontName="Arial" x:CharSet="204" x:Family="Swiss"/>
   <NumberFormat ss:Format="@"/>
  </Style>
  <Style ss:ID="s23">
   <Alignment ss:Horizontal="Center" ss:Vertical="Bottom" ss:WrapText="1"/>
   <Borders>
    <Border ss:Position="Bottom" ss:LineStyle="Continuous" ss:Weight="1"/>
    <Border ss:Position="Left" ss:LineStyle="Continuous" ss:Weight="1"/>
    <Border ss:Position="Right" ss:LineStyle="Continuous" ss:Weight="1"/>
    <Border ss:Position="Top" ss:LineStyle="Continuous" ss:Weight="1"/>
   </Borders>
   <Font ss:FontName="Arial" x:CharSet="204" x:Family="Swiss"/>
   <NumberFormat ss:Format="#,##0"/>
  </Style>
  <Style ss:ID="s24">
   <Alignment ss:Horizontal="Center" ss:Vertical="Bottom" ss:WrapText="1"/>
   <Borders>
    <Border ss:Position="Bottom" ss:LineStyle="Continuous" ss:Weight="1"/>
    <Border ss:Position="Left" ss:LineStyle="Continuous" ss:Weight="1"/>
    <Border ss:Position="Right" ss:LineStyle="Continuous" ss:Weight="1"/>
    <Border ss:Position="Top" ss:LineStyle="Continuous" ss:Weight="1"/>
   </Borders>
   <Font ss:FontName="Arial" x:CharSet="204" x:Family="Swiss"/>
  </Style>
  <Style ss:ID="s25">
   <Alignment ss:Horizontal="Center" ss:Vertical="Center" ss:WrapText="1"/>
   <Borders>
    <Border ss:Position="Bottom" ss:LineStyle="Continuous" ss:Weight="1"/>
    <Border ss:Position="Left" ss:LineStyle="Continuous" ss:Weight="1"/>
    <Border ss:Position="Right" ss:LineStyle="Continuous" ss:Weight="1"/>
    <Border ss:Position="Top" ss:LineStyle="Continuous" ss:Weight="1"/>
   </Borders>
   <Font ss:FontName="Arial" x:CharSet="204" x:Family="Swiss"/>
  </Style>
  <Style ss:ID="s26">
   <Alignment ss:Horizontal="Center" ss:Vertical="Top" ss:WrapText="1"/>
   <Borders>
    <Border ss:Position="Bottom" ss:LineStyle="Continuous" ss:Weight="1"/>
    <Border ss:Position="Left" ss:LineStyle="Continuous" ss:Weight="1"/>
    <Border ss:Position="Right" ss:LineStyle="Continuous" ss:Weight="1"/>
    <Border ss:Position="Top" ss:LineStyle="Continuous" ss:Weight="1"/>
   </Borders>
   <Font ss:FontName="Arial" x:CharSet="204" x:Family="Swiss"/>
  </Style>
  <Style ss:ID="s27">
   <Alignment ss:Horizontal="Center" ss:Vertical="Top" ss:WrapText="1"/>
   <Borders>
    <Border ss:Position="Bottom" ss:LineStyle="Continuous" ss:Weight="1"/>
    <Border ss:Position="Left" ss:LineStyle="Continuous" ss:Weight="1"/>
    <Border ss:Position="Right" ss:LineStyle="Continuous" ss:Weight="1"/>
    <Border ss:Position="Top" ss:LineStyle="Continuous" ss:Weight="1"/>
   </Borders>
   <Font ss:FontName="Arial" x:CharSet="204" x:Family="Swiss" ss:Bold="1"/>
  </Style>
  <Style ss:ID="s28">
   <Alignment ss:Horizontal="Center" ss:Vertical="Bottom" ss:WrapText="1"/>
   <Borders>
    <Border ss:Position="Bottom" ss:LineStyle="Continuous" ss:Weight="1"/>
    <Border ss:Position="Left" ss:LineStyle="Continuous" ss:Weight="1"/>
    <Border ss:Position="Right" ss:LineStyle="Continuous" ss:Weight="1"/>
    <Border ss:Position="Top" ss:LineStyle="Continuous" ss:Weight="1"/>
   </Borders>
   <Font ss:FontName="Arial" x:CharSet="204" x:Family="Swiss"/>
   <NumberFormat/>
  </Style>
  <Style ss:ID="s29">
   <Alignment ss:Horizontal="Center" ss:Vertical="Bottom" ss:WrapText="1"/>
   <Borders>
    <Border ss:Position="Bottom" ss:LineStyle="Continuous" ss:Weight="1"/>
    <Border ss:Position="Left" ss:LineStyle="Continuous" ss:Weight="1"/>
    <Border ss:Position="Right" ss:LineStyle="Continuous" ss:Weight="1"/>
    <Border ss:Position="Top" ss:LineStyle="Continuous" ss:Weight="1"/>
   </Borders>
   <Font ss:FontName="Arial" x:CharSet="204" x:Family="Swiss"/>
   <NumberFormat ss:Format="0"/>
  </Style>
  <Style ss:ID="s30">
   <Alignment ss:Vertical="Bottom"/>
   <Font ss:FontName="Arial" x:CharSet="204" x:Family="Swiss"/>
  </Style>
  <Style ss:ID="s31">
   <Alignment ss:Vertical="Bottom"/>
  </Style>
  <Style ss:ID="s32">
   <Alignment ss:Vertical="Bottom" ss:WrapText="1"/>
   <Borders>
    <Border ss:Position="Bottom" ss:LineStyle="Continuous" ss:Weight="1"/>
    <Border ss:Position="Left" ss:LineStyle="Continuous" ss:Weight="1"/>
    <Border ss:Position="Right" ss:LineStyle="Continuous" ss:Weight="1"/>
    <Border ss:Position="Top" ss:LineStyle="Continuous" ss:Weight="1"/>
   </Borders>
   <Font ss:FontName="Arial" x:CharSet="204" x:Family="Swiss"/>
  </Style>
  <Style ss:ID="s33">
   <Alignment ss:Horizontal="Right" ss:Vertical="Bottom" ss:WrapText="1"/>
   <Borders>
    <Border ss:Position="Bottom" ss:LineStyle="Continuous" ss:Weight="1"/>
    <Border ss:Position="Left" ss:LineStyle="Continuous" ss:Weight="1"/>
    <Border ss:Position="Right" ss:LineStyle="Continuous" ss:Weight="1"/>
    <Border ss:Position="Top" ss:LineStyle="Continuous" ss:Weight="1"/>
   </Borders>
   <Font ss:FontName="Arial" x:CharSet="204" x:Family="Swiss"/>
   <NumberFormat ss:Format="#,##0"/>
  </Style>
  <Style ss:ID="s34">
   <Alignment ss:Horizontal="Right" ss:Vertical="Bottom"/>
   <Font ss:FontName="Arial CYR" x:CharSet="204" x:Family="Swiss"/>
  </Style>
  <Style ss:ID="s35">
   <Alignment ss:Horizontal="Left" ss:Vertical="Bottom"/>
  </Style>
  <Style ss:ID="s36">
   <Alignment ss:Horizontal="Right" ss:Vertical="Bottom"/>
  </Style>
  <Style ss:ID="s37">
   <Font ss:FontName="Arial" x:CharSet="204" x:Family="Swiss" ss:Bold="1"/>
  </Style>
  <Style ss:ID="s38">
   <Alignment ss:Horizontal="Left" ss:Vertical="Bottom" ss:Indent="1"
    ss:WrapText="1"/>
   <Borders>
    <Border ss:Position="Bottom" ss:LineStyle="Continuous" ss:Weight="1"/>
    <Border ss:Position="Left" ss:LineStyle="Continuous" ss:Weight="1"/>
    <Border ss:Position="Right" ss:LineStyle="Continuous" ss:Weight="1"/>
    <Border ss:Position="Top" ss:LineStyle="Continuous" ss:Weight="1"/>
   </Borders>
   <Font ss:FontName="Arial" x:CharSet="204" x:Family="Swiss"/>
   <NumberFormat ss:Format="@"/>
  </Style>
  <Style ss:ID="s39">
   <Alignment ss:Horizontal="Justify" ss:Vertical="Bottom" ss:WrapText="1"/>
   <Borders>
    <Border ss:Position="Bottom" ss:LineStyle="Continuous" ss:Weight="1"/>
    <Border ss:Position="Left" ss:LineStyle="Continuous" ss:Weight="1"/>
    <Border ss:Position="Right" ss:LineStyle="Continuous" ss:Weight="1"/>
    <Border ss:Position="Top" ss:LineStyle="Continuous" ss:Weight="1"/>
   </Borders>
   <Font ss:FontName="Arial" x:CharSet="204" x:Family="Swiss" ss:Bold="1"/>
   <NumberFormat ss:Format="@"/>
  </Style>
  <Style ss:ID="s40">
   <Alignment ss:Horizontal="Left" ss:Vertical="Bottom" ss:WrapText="1"/>
   <Borders>
    <Border ss:Position="Bottom" ss:LineStyle="Continuous" ss:Weight="1"/>
    <Border ss:Position="Left" ss:LineStyle="Continuous" ss:Weight="1"/>
    <Border ss:Position="Right" ss:LineStyle="Continuous" ss:Weight="1"/>
    <Border ss:Position="Top" ss:LineStyle="Continuous" ss:Weight="1"/>
   </Borders>
   <Font ss:FontName="Arial" x:CharSet="204" x:Family="Swiss" ss:Bold="1"/>
   <NumberFormat ss:Format="@"/>
  </Style>
  <Style ss:ID="s45">
   <Alignment ss:Horizontal="Center" ss:Vertical="Center" ss:WrapText="1"/>
   <Font ss:FontName="Arial" x:CharSet="204" x:Family="Swiss" ss:Bold="1"/>
  </Style>
  <Style ss:ID="s46">
   <Alignment ss:Horizontal="Center" ss:Vertical="Bottom"/>
   <Font ss:FontName="Arial Cyr" x:CharSet="204" ss:Bold="1"/>
  </Style>
  <Style ss:ID="s47">
   <Alignment ss:Horizontal="Left" ss:Vertical="Bottom"/>
   <Font ss:FontName="Arial Cyr" x:CharSet="204" ss:Bold="1"/>
  </Style>
  <Style ss:ID="s48">
   <Alignment ss:Horizontal="Left" ss:Vertical="Bottom"/>
   <Borders>
    <Border ss:Position="Bottom" ss:LineStyle="Continuous" ss:Weight="1"/>
   </Borders>
   <Font ss:FontName="Arial" x:CharSet="204" x:Family="Swiss" ss:Bold="1"/>
  </Style>
 </Styles>
 <Worksheet ss:Name="5-АЛ">
  <Names>
   <NamedRange ss:Name="Print_Titles" ss:RefersTo="='5-АЛ'!R3:R7"/>
  </Names>
  <Table ss:ExpandedColumnCount="5" ss:ExpandedRowCount="79" x:FullColumns="1"
   x:FullRows="1">
   <Column ss:AutoFitWidth="0" ss:Width="447.75"/>
   <Column ss:AutoFitWidth="0" ss:Width="44.25"/>
   <Column ss:AutoFitWidth="0" ss:Width="75"/>
   <Column ss:AutoFitWidth="0" ss:Width="79.5"/>
   <Column ss:AutoFitWidth="0" ss:Width="81"/>
   <Row>
    <Cell ss:Index="5" ss:StyleID="s34"><Data ss:Type="String">Форма № 5-АЛ</Data></Cell>
   </Row>
   <Row ss:AutoFitHeight="0" ss:Height="33.75">
    <Cell ss:MergeAcross="4" ss:StyleID="s45"><Data ss:Type="String">ОТЧЕТ&#10;О НАЛОГОВОЙ БАЗЕ И СТРУКТУРЕ НАЧИСЛЕНИЙ ПО АКЦИЗАМ НА СПИРТ, АЛКОГОЛЬНУЮ И СПИРТОСОДЕРЖАЩУЮ ПРОДУКЦИЮ</Data></Cell>
   </Row>
   <Row ss:AutoFitHeight="0" ss:Height="15">
    <Cell ss:MergeAcross="4" ss:StyleID="s46"><Data ss:Type="String">по состоянию на 01.01.2010 г.</Data><NamedCell
      ss:Name="Print_Titles"/></Cell>
   </Row>
   <Row ss:AutoFitHeight="0" ss:Height="15">
    <Cell ss:MergeAcross="4" ss:StyleID="s47"><NamedCell ss:Name="Print_Titles"/></Cell>
   </Row>
   <Row ss:AutoFitHeight="0" ss:Height="15">
    <Cell ss:MergeAcross="4" ss:StyleID="s48"><Data ss:Type="String">Всего по России                                         </Data><NamedCell
      ss:Name="Print_Titles"/></Cell>
   </Row>
   <Row ss:AutoFitHeight="0" ss:Height="38.25">
    <Cell ss:StyleID="s25"><Data ss:Type="String">Показатели</Data><NamedCell
      ss:Name="Print_Titles"/></Cell>
    <Cell ss:StyleID="s25"><Data ss:Type="String">Код строки </Data><NamedCell
      ss:Name="Print_Titles"/></Cell>
    <Cell ss:StyleID="s25"><Data ss:Type="String">Код вида продукции</Data><NamedCell
      ss:Name="Print_Titles"/></Cell>
    <Cell ss:StyleID="s25"><Data ss:Type="String">Значение показателей&#10;(литры)</Data><NamedCell
      ss:Name="Print_Titles"/></Cell>
    <Cell ss:StyleID="s25"><Data ss:Type="String">Сумма акциза&#10;(тыс.руб.) </Data><NamedCell
      ss:Name="Print_Titles"/></Cell>
   </Row>
   <Row>
    <Cell ss:StyleID="s27"><Data ss:Type="String">А</Data><NamedCell
      ss:Name="Print_Titles"/></Cell>
    <Cell ss:StyleID="s27"><Data ss:Type="String">Б</Data><NamedCell
      ss:Name="Print_Titles"/></Cell>
    <Cell ss:StyleID="s27"><Data ss:Type="String">В</Data><NamedCell
      ss:Name="Print_Titles"/></Cell>
    <Cell ss:StyleID="s27"><Data ss:Type="Number">1</Data><NamedCell
      ss:Name="Print_Titles"/></Cell>
    <Cell ss:StyleID="s27"><Data ss:Type="Number">2</Data><NamedCell
      ss:Name="Print_Titles"/></Cell>
   </Row>
   <Row ss:AutoFitHeight="0" ss:Height="14.25">
    <Cell ss:StyleID="s39"><Data ss:Type="String">Операции, подлежащие налогообложению акцизами (за исключением экспорта)</Data></Cell>
    <Cell ss:StyleID="s22"><Data ss:Type="String">010</Data></Cell>
    <Cell ss:StyleID="s23"><Data ss:Type="String">Х</Data></Cell>
    <Cell ss:StyleID="s33"><Data ss:Type="String">Х</Data></Cell>
    <Cell ss:StyleID="s33"><Data ss:Type="String">Х</Data></Cell>
   </Row>
   <Row>
    <Cell ss:StyleID="s38"><Data ss:Type="String">-спирт этиловый (в том числе этиловый спирт-сырец ) из пищевого сырья</Data></Cell>
    <Cell ss:StyleID="s24"><Data ss:Type="String">020</Data></Cell>
    <Cell ss:StyleID="s28"><Data ss:Type="String">110</Data></Cell>
    <Cell ss:StyleID="s33"><Data ss:Type="Number">306390435</Data></Cell>
    <Cell ss:StyleID="s33"><Data ss:Type="Number">8421983</Data></Cell>
   </Row>
   <Row>
    <Cell ss:StyleID="s38"><Data ss:Type="String">-спирт этиловый из пищевого сырья денатурированный</Data></Cell>
    <Cell ss:StyleID="s24"><Data ss:Type="String">021</Data></Cell>
    <Cell ss:StyleID="s23"><Data ss:Type="String">111</Data></Cell>
    <Cell ss:StyleID="s33"><Data ss:Type="Number">68263594</Data></Cell>
    <Cell ss:StyleID="s33"><Data ss:Type="Number">1881894</Data></Cell>
   </Row>
   <Row>
    <Cell ss:StyleID="s38"><Data ss:Type="String">из него:</Data></Cell>
    <Cell ss:StyleID="s24"/>
    <Cell ss:StyleID="s23"/>
    <Cell ss:StyleID="s33"/>
    <Cell ss:StyleID="s33"/>
   </Row>
   <Row ss:AutoFitHeight="0" ss:Height="27">
    <Cell ss:StyleID="s38"><Data ss:Type="String">-спирт этиловый из пищевого сырья денатурированный, полученный организацией, имеющей свидетельство на производство неспиртосодержащей продукции</Data></Cell>
    <Cell ss:StyleID="s24"><Data ss:Type="String">022</Data></Cell>
    <Cell ss:StyleID="s23"><Data ss:Type="String">111</Data></Cell>
    <Cell ss:StyleID="s33"><Data ss:Type="Number">14533766</Data></Cell>
    <Cell ss:StyleID="s33"><Data ss:Type="String">Х</Data></Cell>
   </Row>
   <Row ss:AutoFitHeight="0" ss:Height="27">
    <Cell ss:StyleID="s38"><Data ss:Type="String">-спирт этиловый (в том числе этиловый спирт-сырец) из всех видов сырья, за исключением пищевого</Data></Cell>
    <Cell ss:StyleID="s24"><Data ss:Type="String">030</Data></Cell>
    <Cell ss:StyleID="s23"><Data ss:Type="String">120</Data></Cell>
    <Cell ss:StyleID="s33"><Data ss:Type="Number">2681849</Data></Cell>
    <Cell ss:StyleID="s33"><Data ss:Type="Number">72967</Data></Cell>
   </Row>
   <Row ss:AutoFitHeight="0">
    <Cell ss:StyleID="s38"><Data ss:Type="String">-спирт этиловый из всех видов сырья, за исключением пищевого, денатурированный</Data></Cell>
    <Cell ss:StyleID="s24"><Data ss:Type="String">031</Data></Cell>
    <Cell ss:StyleID="s23"><Data ss:Type="String">121</Data></Cell>
    <Cell ss:StyleID="s33"><Data ss:Type="Number">83459036</Data></Cell>
    <Cell ss:StyleID="s33"><Data ss:Type="Number">2302931</Data></Cell>
   </Row>
   <Row ss:AutoFitHeight="0">
    <Cell ss:StyleID="s38"><Data ss:Type="String">из него:</Data></Cell>
    <Cell ss:StyleID="s24"/>
    <Cell ss:StyleID="s23"/>
    <Cell ss:StyleID="s33"/>
    <Cell ss:StyleID="s33"/>
   </Row>
   <Row ss:AutoFitHeight="0" ss:Height="37.5">
    <Cell ss:StyleID="s38"><Data ss:Type="String">-спирт этиловый из всех видов  за исключением пищевого, денатурированный, полученный организацией, имеющей свидетельство на производство неспиртосодержащей продукции</Data></Cell>
    <Cell ss:StyleID="s24"><Data ss:Type="String">032</Data></Cell>
    <Cell ss:StyleID="s23"><Data ss:Type="String">121</Data></Cell>
    <Cell ss:StyleID="s33"><Data ss:Type="Number">36459191</Data></Cell>
    <Cell ss:StyleID="s33"><Data ss:Type="String">Х</Data></Cell>
   </Row>
   <Row ss:AutoFitHeight="0" ss:Height="27">
    <Cell ss:StyleID="s38"><Data ss:Type="String">- алкогольная продукция с объемной долей этилового спирта свыше 25 процентов (за исключением вин)</Data></Cell>
    <Cell ss:StyleID="s24"><Data ss:Type="String">040</Data></Cell>
    <Cell ss:StyleID="s23"><Data ss:Type="String">210</Data></Cell>
    <Cell ss:StyleID="s33"><Data ss:Type="Number">409455345</Data></Cell>
    <Cell ss:StyleID="s33"><Data ss:Type="Number">77322315</Data></Cell>
   </Row>
   <Row ss:AutoFitHeight="0" ss:Height="27">
    <Cell ss:StyleID="s38"><Data ss:Type="String">- алкогольная продукция с объемной долей этилового спирта свыше 9 и до 25 процентов включительно (за исключением вин)</Data></Cell>
    <Cell ss:StyleID="s24"><Data ss:Type="String">050</Data></Cell>
    <Cell ss:StyleID="s23"><Data ss:Type="String">220</Data></Cell>
    <Cell ss:StyleID="s33"><Data ss:Type="Number">7612337</Data></Cell>
    <Cell ss:StyleID="s33"><Data ss:Type="Number">1435179</Data></Cell>
   </Row>
   <Row ss:AutoFitHeight="0" ss:Height="27">
    <Cell ss:StyleID="s38"><Data ss:Type="String">- алкогольная продукция с объемной долей этилового спирта до 9 процентов включительно (за исключением вин)</Data></Cell>
    <Cell ss:StyleID="s24"><Data ss:Type="String">060</Data></Cell>
    <Cell ss:StyleID="s23"><Data ss:Type="String">230</Data></Cell>
    <Cell ss:StyleID="s33"><Data ss:Type="Number">36396246</Data></Cell>
    <Cell ss:StyleID="s33"><Data ss:Type="Number">4363872</Data></Cell>
   </Row>
   <Row ss:AutoFitHeight="0" ss:Height="13.5">
    <Cell ss:StyleID="s38"><Data ss:Type="String">-вина</Data></Cell>
    <Cell ss:StyleID="s24"><Data ss:Type="String">070</Data></Cell>
    <Cell ss:StyleID="s23"><Data ss:Type="String">240,270,282</Data></Cell>
    <Cell ss:StyleID="s33"><Data ss:Type="Number">650130189</Data></Cell>
    <Cell ss:StyleID="s33"><Data ss:Type="Number">6034078</Data></Cell>
   </Row>
   <Row ss:AutoFitHeight="0" ss:Height="13.5">
    <Cell ss:StyleID="s38"><Data ss:Type="String">- спиртосодержащая продукция – всего                                  080=081+082+083</Data></Cell>
    <Cell ss:StyleID="s24"><Data ss:Type="String">080</Data></Cell>
    <Cell ss:StyleID="s23"><Data ss:Type="String">291,292,293</Data></Cell>
    <Cell ss:StyleID="s33"><Data ss:Type="Number">11440292</Data></Cell>
    <Cell ss:StyleID="s33"><Data ss:Type="Number">296047</Data></Cell>
   </Row>
   <Row ss:AutoFitHeight="0" ss:Height="13.5">
    <Cell ss:StyleID="s38"><Data ss:Type="String">в том числе:</Data></Cell>
    <Cell ss:StyleID="s24"/>
    <Cell ss:StyleID="s23"/>
    <Cell ss:StyleID="s33"/>
    <Cell ss:StyleID="s33"/>
   </Row>
   <Row ss:Height="25.5">
    <Cell ss:StyleID="s38"><Data ss:Type="String">- спиртосодержащая парфюмерно-косметическая продукция в металлической аэрозольной упаковке</Data></Cell>
    <Cell ss:StyleID="s24"><Data ss:Type="String">081</Data></Cell>
    <Cell ss:StyleID="s23"><Data ss:Type="String">291</Data></Cell>
    <Cell ss:StyleID="s33"><Data ss:Type="Number">6830621</Data></Cell>
    <Cell ss:StyleID="s33"><Data ss:Type="Number">0</Data></Cell>
   </Row>
   <Row ss:AutoFitHeight="0">
    <Cell ss:StyleID="s38"><Data ss:Type="String">- спиртосодержащая продукция бытовой химии в металлической аэрозольной упаковке</Data></Cell>
    <Cell ss:StyleID="s24"><Data ss:Type="String">082</Data></Cell>
    <Cell ss:StyleID="s23"><Data ss:Type="String">292</Data></Cell>
    <Cell ss:StyleID="s33"><Data ss:Type="Number">3044140</Data></Cell>
    <Cell ss:StyleID="s33"><Data ss:Type="Number">1</Data></Cell>
   </Row>
   <Row ss:Height="38.25">
    <Cell ss:StyleID="s38"><Data ss:Type="String">- спиртосодержащая продукция (за исключением спиртосодержащей парфюмерно-косметической продукции в металлической аэрозольной упаковке и спиртосодержащей продукции бытовой химии в металлической аэрозольной упаковке)</Data></Cell>
    <Cell ss:StyleID="s24"><Data ss:Type="String">083</Data></Cell>
    <Cell ss:StyleID="s23"><Data ss:Type="String">293</Data></Cell>
    <Cell ss:StyleID="s33"><Data ss:Type="Number">1565531</Data></Cell>
    <Cell ss:StyleID="s33"><Data ss:Type="Number">296046</Data></Cell>
   </Row>
   <Row ss:AutoFitHeight="0" ss:Height="15">
    <Cell ss:StyleID="s39"><Data ss:Type="String">Сумма акциза, подлежащая вычету</Data></Cell>
    <Cell ss:StyleID="s24"><Data ss:Type="String">090</Data></Cell>
    <Cell ss:StyleID="s23"><Data ss:Type="String">Х</Data></Cell>
    <Cell ss:StyleID="s33"><Data ss:Type="String">Х</Data></Cell>
    <Cell ss:StyleID="s33"><Data ss:Type="String">Х</Data></Cell>
   </Row>
   <Row>
    <Cell ss:StyleID="s38"><Data ss:Type="String">- спирт этиловый (в том числе этиловый спирт-сырец) из пищевого сырья</Data></Cell>
    <Cell ss:StyleID="s24"><Data ss:Type="String">091</Data></Cell>
    <Cell ss:StyleID="s23"><Data ss:Type="String">110</Data></Cell>
    <Cell ss:StyleID="s33"><Data ss:Type="String">Х</Data></Cell>
    <Cell ss:StyleID="s33"><Data ss:Type="Number">2414124</Data></Cell>
   </Row>
   <Row ss:Height="38.25">
    <Cell ss:StyleID="s38"><Data ss:Type="String">- спирт этиловый из пищевого сырья денатурированный, направленный на производство неспиртосодержащей продукции, организацией, имеющей свидетельство на производство неспиртосодержащей продукции </Data></Cell>
    <Cell ss:StyleID="s29"><Data ss:Type="Number">100</Data></Cell>
    <Cell ss:StyleID="s23"><Data ss:Type="String">111</Data></Cell>
    <Cell ss:StyleID="s33"><Data ss:Type="String">Х</Data></Cell>
    <Cell ss:StyleID="s33"><Data ss:Type="Number">737637</Data></Cell>
   </Row>
   <Row ss:AutoFitHeight="0" ss:Height="38.25">
    <Cell ss:StyleID="s38"><Data ss:Type="String">- спирт этиловый из всех видов сырья, за исключением пищевого, денатурированный, направленный на производство неспиртосодержащей продукции, организацией, имеющей свидетельство на производство неспиртосодержащей продукции </Data></Cell>
    <Cell ss:StyleID="s29"><Data ss:Type="Number">109</Data></Cell>
    <Cell ss:StyleID="s23"><Data ss:Type="String">121</Data></Cell>
    <Cell ss:StyleID="s33"><Data ss:Type="String">Х</Data></Cell>
    <Cell ss:StyleID="s33"><Data ss:Type="Number">1139373</Data></Cell>
   </Row>
   <Row ss:Height="25.5">
    <Cell ss:StyleID="s38"><Data ss:Type="String">- спирт этиловый из пищевого сырья денатурированный, реализованный организациям, имеющим свидетельство на производство неспиртосодержащей продукции</Data></Cell>
    <Cell ss:StyleID="s29"><Data ss:Type="String">110</Data></Cell>
    <Cell ss:StyleID="s23"><Data ss:Type="String">111</Data></Cell>
    <Cell ss:StyleID="s33"><Data ss:Type="String">Х</Data></Cell>
    <Cell ss:StyleID="s33"><Data ss:Type="Number">1475104</Data></Cell>
   </Row>
   <Row ss:Height="38.25">
    <Cell ss:StyleID="s38"><Data ss:Type="String">- спирт этиловый из всех видов сырья, за исключением пищевого денатурированный, реализованный организациям, имеющим свидетельство на производство неспиртосодержащей продукции</Data></Cell>
    <Cell ss:StyleID="s29"><Data ss:Type="String">111</Data></Cell>
    <Cell ss:StyleID="s23"><Data ss:Type="String">121</Data></Cell>
    <Cell ss:StyleID="s33"><Data ss:Type="String">Х</Data></Cell>
    <Cell ss:StyleID="s33"><Data ss:Type="Number">1168092</Data></Cell>
   </Row>
   <Row ss:AutoFitHeight="0" ss:Height="27">
    <Cell ss:StyleID="s38"><Data ss:Type="String">- алкогольная продукция с объемной долей этилового спирта свыше 25 процентов (за исключением вин)</Data></Cell>
    <Cell ss:StyleID="s29"><Data ss:Type="String">120</Data></Cell>
    <Cell ss:StyleID="s23"><Data ss:Type="String">210</Data></Cell>
    <Cell ss:StyleID="s33"><Data ss:Type="String">Х</Data></Cell>
    <Cell ss:StyleID="s33"><Data ss:Type="Number">17906969</Data></Cell>
   </Row>
   <Row ss:AutoFitHeight="0" ss:Height="27">
    <Cell ss:StyleID="s38"><Data ss:Type="String">- алкогольная продукция с объемной долей этилового спирта свыше 9 и до 25 процентов включительно (за исключением вин)</Data></Cell>
    <Cell ss:StyleID="s29"><Data ss:Type="String">130</Data></Cell>
    <Cell ss:StyleID="s23"><Data ss:Type="String">220</Data></Cell>
    <Cell ss:StyleID="s33"><Data ss:Type="String">Х</Data></Cell>
    <Cell ss:StyleID="s33"><Data ss:Type="Number">249561</Data></Cell>
   </Row>
   <Row ss:AutoFitHeight="0" ss:Height="27">
    <Cell ss:StyleID="s38"><Data ss:Type="String">- алкогольная продукция с объемной долей этилового спирта до 9 процентов включительно (за исключением вин)</Data></Cell>
    <Cell ss:StyleID="s29"><Data ss:Type="String">140</Data></Cell>
    <Cell ss:StyleID="s23"><Data ss:Type="String">230</Data></Cell>
    <Cell ss:StyleID="s33"><Data ss:Type="String">Х</Data></Cell>
    <Cell ss:StyleID="s33"><Data ss:Type="Number">858640</Data></Cell>
   </Row>
   <Row ss:AutoFitHeight="0" ss:Height="13.5">
    <Cell ss:StyleID="s38"><Data ss:Type="String">-вина</Data></Cell>
    <Cell ss:StyleID="s29"><Data ss:Type="String">150</Data></Cell>
    <Cell ss:StyleID="s23"><Data ss:Type="String">240,270,282</Data></Cell>
    <Cell ss:StyleID="s33"><Data ss:Type="String">Х</Data></Cell>
    <Cell ss:StyleID="s33"><Data ss:Type="Number">1312202</Data></Cell>
   </Row>
   <Row ss:AutoFitHeight="0" ss:Height="13.5">
    <Cell ss:StyleID="s38"><Data ss:Type="String">- спиртосодержащая продукция – всего                               160=161+162+163</Data></Cell>
    <Cell ss:StyleID="s29"><Data ss:Type="String">160</Data></Cell>
    <Cell ss:StyleID="s23"><Data ss:Type="String">291,292,293</Data></Cell>
    <Cell ss:StyleID="s33"><Data ss:Type="String">Х</Data></Cell>
    <Cell ss:StyleID="s33"><Data ss:Type="Number">299029</Data></Cell>
   </Row>
   <Row ss:AutoFitHeight="0" ss:Height="13.5">
    <Cell ss:StyleID="s38"><Data ss:Type="String">в том числе:</Data></Cell>
    <Cell ss:StyleID="s29"/>
    <Cell ss:StyleID="s23"/>
    <Cell ss:StyleID="s33"/>
    <Cell ss:StyleID="s33"/>
   </Row>
   <Row ss:Height="25.5">
    <Cell ss:StyleID="s38"><Data ss:Type="String">- спиртосодержащая парфюмерно-косметическая продукция в металлической аэрозольной упаковке</Data></Cell>
    <Cell ss:StyleID="s29"><Data ss:Type="String">161</Data></Cell>
    <Cell ss:StyleID="s23"><Data ss:Type="String">291</Data></Cell>
    <Cell ss:StyleID="s33"><Data ss:Type="String">Х</Data></Cell>
    <Cell ss:StyleID="s33"><Data ss:Type="Number">181501</Data></Cell>
   </Row>
   <Row ss:AutoFitHeight="0">
    <Cell ss:StyleID="s38"><Data ss:Type="String">- спиртосодержащая продукция бытовой химии в металлической аэрозольной упаковке</Data></Cell>
    <Cell ss:StyleID="s29"><Data ss:Type="String">162</Data></Cell>
    <Cell ss:StyleID="s23"><Data ss:Type="String">292</Data></Cell>
    <Cell ss:StyleID="s33"><Data ss:Type="String">Х</Data></Cell>
    <Cell ss:StyleID="s33"><Data ss:Type="Number">73243</Data></Cell>
   </Row>
   <Row ss:Height="38.25">
    <Cell ss:StyleID="s38"><Data ss:Type="String">- спиртосодержащая продукция (за исключением спиртосодержащей парфюмерно-косметической продукции в металлической аэрозольной упаковке и спиртосодержащей продукции бытовой химии в металлической аэрозольной упаковке)</Data></Cell>
    <Cell ss:StyleID="s29"><Data ss:Type="String">163</Data></Cell>
    <Cell ss:StyleID="s23"><Data ss:Type="String">293</Data></Cell>
    <Cell ss:StyleID="s33"><Data ss:Type="String">Х</Data></Cell>
    <Cell ss:StyleID="s33"><Data ss:Type="Number">44285</Data></Cell>
   </Row>
   <Row ss:AutoFitHeight="0" ss:Height="30">
    <Cell ss:StyleID="s40"><Data ss:Type="String">Реализация подакцизных товаров на экспорт при отсутствии поручительства банков или банковской гарантии</Data></Cell>
    <Cell ss:StyleID="s29"><Data ss:Type="String">170</Data></Cell>
    <Cell ss:StyleID="s23"><Data ss:Type="String">Х</Data></Cell>
    <Cell ss:StyleID="s33"><Data ss:Type="String">Х</Data></Cell>
    <Cell ss:StyleID="s33"><Data ss:Type="String">Х</Data></Cell>
   </Row>
   <Row>
    <Cell ss:StyleID="s38"><Data ss:Type="String">-спирт этиловый (в том числе этиловый спирт-сырец ) из пищевого сырья</Data></Cell>
    <Cell ss:StyleID="s29"><Data ss:Type="String">180</Data></Cell>
    <Cell ss:StyleID="s23"><Data ss:Type="String">110</Data></Cell>
    <Cell ss:StyleID="s33"><Data ss:Type="Number">1476117</Data></Cell>
    <Cell ss:StyleID="s33"><Data ss:Type="Number">40437</Data></Cell>
   </Row>
   <Row>
    <Cell ss:StyleID="s38"><Data ss:Type="String">- спирт этиловый из пищевого сырья денатурированный</Data></Cell>
    <Cell ss:StyleID="s29"><Data ss:Type="String">181</Data></Cell>
    <Cell ss:StyleID="s23"><Data ss:Type="String">111</Data></Cell>
    <Cell ss:StyleID="s33"><Data ss:Type="Number">0</Data></Cell>
    <Cell ss:StyleID="s33"><Data ss:Type="Number">0</Data></Cell>
   </Row>
   <Row ss:AutoFitHeight="0" ss:Height="27">
    <Cell ss:StyleID="s38"><Data ss:Type="String">-спирт этиловый (в том числе этиловый спирт-сырец) из всех видов сырья, за исключением пищевого</Data></Cell>
    <Cell ss:StyleID="s29"><Data ss:Type="String">190</Data></Cell>
    <Cell ss:StyleID="s23"><Data ss:Type="String">120</Data></Cell>
    <Cell ss:StyleID="s33"><Data ss:Type="Number">0</Data></Cell>
    <Cell ss:StyleID="s33"><Data ss:Type="Number">0</Data></Cell>
   </Row>
   <Row ss:AutoFitHeight="0">
    <Cell ss:StyleID="s38"><Data ss:Type="String">- спирт этиловый из всех видов сырья, за исключением пищевого, денатурированный</Data></Cell>
    <Cell ss:StyleID="s29"><Data ss:Type="String">191</Data></Cell>
    <Cell ss:StyleID="s23"><Data ss:Type="String">121</Data></Cell>
    <Cell ss:StyleID="s33"><Data ss:Type="Number">0</Data></Cell>
    <Cell ss:StyleID="s33"><Data ss:Type="Number">0</Data></Cell>
   </Row>
   <Row ss:AutoFitHeight="0" ss:Height="27">
    <Cell ss:StyleID="s38"><Data ss:Type="String">- алкогольная продукция с объемной долей этилового спирта свыше 25 процентов (за исключением вин)</Data></Cell>
    <Cell ss:StyleID="s29"><Data ss:Type="String">200</Data></Cell>
    <Cell ss:StyleID="s23"><Data ss:Type="String">210</Data></Cell>
    <Cell ss:StyleID="s33"><Data ss:Type="Number">3669134</Data></Cell>
    <Cell ss:StyleID="s33"><Data ss:Type="Number">690619</Data></Cell>
   </Row>
   <Row ss:AutoFitHeight="0" ss:Height="27">
    <Cell ss:StyleID="s38"><Data ss:Type="String">- алкогольная продукция с объемной долей этилового спирта свыше 9 и до 25 процентов включительно (за исключением вин)</Data></Cell>
    <Cell ss:StyleID="s29"><Data ss:Type="String">210</Data></Cell>
    <Cell ss:StyleID="s23"><Data ss:Type="String">220</Data></Cell>
    <Cell ss:StyleID="s33"><Data ss:Type="Number">32581</Data></Cell>
    <Cell ss:StyleID="s33"><Data ss:Type="Number">6048</Data></Cell>
   </Row>
   <Row ss:AutoFitHeight="0" ss:Height="27">
    <Cell ss:StyleID="s38"><Data ss:Type="String">- алкогольная продукция с объемной долей этилового спирта до 9 процентов включительно (за исключением вин)</Data></Cell>
    <Cell ss:StyleID="s29"><Data ss:Type="String">220</Data></Cell>
    <Cell ss:StyleID="s23"><Data ss:Type="String">230</Data></Cell>
    <Cell ss:StyleID="s33"><Data ss:Type="Number">127308</Data></Cell>
    <Cell ss:StyleID="s33"><Data ss:Type="Number">15372</Data></Cell>
   </Row>
   <Row ss:AutoFitHeight="0">
    <Cell ss:StyleID="s38"><Data ss:Type="String">-вина</Data></Cell>
    <Cell ss:StyleID="s29"><Data ss:Type="String">230</Data></Cell>
    <Cell ss:StyleID="s23"><Data ss:Type="String">240,270,282</Data></Cell>
    <Cell ss:StyleID="s33"><Data ss:Type="Number">451281</Data></Cell>
    <Cell ss:StyleID="s33"><Data ss:Type="Number">5404</Data></Cell>
   </Row>
   <Row ss:AutoFitHeight="0">
    <Cell ss:StyleID="s38"><Data ss:Type="String">- спиртосодержащая продукция – всего                                  240=241+242+243</Data></Cell>
    <Cell ss:StyleID="s29"><Data ss:Type="String">240</Data></Cell>
    <Cell ss:StyleID="s23"><Data ss:Type="String">291,292,293</Data></Cell>
    <Cell ss:StyleID="s33"><Data ss:Type="Number">370555</Data></Cell>
    <Cell ss:StyleID="s33"><Data ss:Type="Number">33230</Data></Cell>
   </Row>
   <Row ss:AutoFitHeight="0">
    <Cell ss:StyleID="s38"><Data ss:Type="String">в том числе:</Data></Cell>
    <Cell ss:StyleID="s29"/>
    <Cell ss:StyleID="s23"/>
    <Cell ss:StyleID="s33"/>
    <Cell ss:StyleID="s33"/>
   </Row>
   <Row ss:Height="25.5">
    <Cell ss:StyleID="s38"><Data ss:Type="String">- спиртосодержащая парфюмерно-косметическая продукция в металлической аэрозольной упаковке</Data></Cell>
    <Cell ss:StyleID="s29"><Data ss:Type="String">241</Data></Cell>
    <Cell ss:StyleID="s23"><Data ss:Type="String">291</Data></Cell>
    <Cell ss:StyleID="s33"><Data ss:Type="Number">183259</Data></Cell>
    <Cell ss:StyleID="s33"><Data ss:Type="Number">0</Data></Cell>
   </Row>
   <Row ss:AutoFitHeight="0" ss:Height="13.5">
    <Cell ss:StyleID="s38"><Data ss:Type="String">- спиртосодержащая продукция бытовой химии в металлической аэрозольной упаковке</Data></Cell>
    <Cell ss:StyleID="s29"><Data ss:Type="String">242</Data></Cell>
    <Cell ss:StyleID="s23"><Data ss:Type="String">292</Data></Cell>
    <Cell ss:StyleID="s33"><Data ss:Type="Number">10909</Data></Cell>
    <Cell ss:StyleID="s33"><Data ss:Type="Number">0</Data></Cell>
   </Row>
   <Row ss:Height="38.25">
    <Cell ss:StyleID="s38"><Data ss:Type="String">- спиртосодержащая продукция (за исключением спиртосодержащей парфюмерно-косметической продукции в металлической аэрозольной упаковке и спиртосодержащей продукции бытовой химии в металлической аэрозольной упаковке)</Data></Cell>
    <Cell ss:StyleID="s29"><Data ss:Type="String">243</Data></Cell>
    <Cell ss:StyleID="s23"><Data ss:Type="String">293</Data></Cell>
    <Cell ss:StyleID="s33"><Data ss:Type="Number">176387</Data></Cell>
    <Cell ss:StyleID="s33"><Data ss:Type="Number">33230</Data></Cell>
   </Row>
   <Row ss:AutoFitHeight="0" ss:Height="29.25">
    <Cell ss:StyleID="s40"><Data ss:Type="String">Сумма акциза, предъявленная к возмещению, по подакцизным товарам, факт экспорта которых документально подтвержден</Data></Cell>
    <Cell ss:StyleID="s29"><Data ss:Type="String">250</Data></Cell>
    <Cell ss:StyleID="s23"><Data ss:Type="String">Х</Data></Cell>
    <Cell ss:StyleID="s33"><Data ss:Type="String">Х</Data></Cell>
    <Cell ss:StyleID="s33"><Data ss:Type="String">Х</Data></Cell>
   </Row>
   <Row>
    <Cell ss:StyleID="s38"><Data ss:Type="String">-спирт этиловый (в том числе этиловый спирт-сырец ) из пищевого сырья</Data></Cell>
    <Cell ss:StyleID="s29"><Data ss:Type="String">260</Data></Cell>
    <Cell ss:StyleID="s23"><Data ss:Type="String">110</Data></Cell>
    <Cell ss:StyleID="s33"><Data ss:Type="Number">1554038</Data></Cell>
    <Cell ss:StyleID="s33"><Data ss:Type="Number">41550</Data></Cell>
   </Row>
   <Row>
    <Cell ss:StyleID="s38"><Data ss:Type="String">- спирт этиловый из пищевого сырья денатурированный</Data></Cell>
    <Cell ss:StyleID="s29"><Data ss:Type="String">261</Data></Cell>
    <Cell ss:StyleID="s23"><Data ss:Type="String">111</Data></Cell>
    <Cell ss:StyleID="s33"><Data ss:Type="Number">0</Data></Cell>
    <Cell ss:StyleID="s33"><Data ss:Type="Number">0</Data></Cell>
   </Row>
   <Row ss:AutoFitHeight="0" ss:Height="27">
    <Cell ss:StyleID="s38"><Data ss:Type="String">-спирт этиловый (в том числе этиловый спирт-сырец) из всех видов сырья, за исключением пищевого</Data></Cell>
    <Cell ss:StyleID="s29"><Data ss:Type="String">270</Data></Cell>
    <Cell ss:StyleID="s23"><Data ss:Type="String">120</Data></Cell>
    <Cell ss:StyleID="s33"><Data ss:Type="Number">0</Data></Cell>
    <Cell ss:StyleID="s33"><Data ss:Type="Number">0</Data></Cell>
   </Row>
   <Row ss:AutoFitHeight="0">
    <Cell ss:StyleID="s38"><Data ss:Type="String">- спирт этиловый из всех видов сырья, за исключением пищевого, денатурированный</Data></Cell>
    <Cell ss:StyleID="s29"><Data ss:Type="String">271</Data></Cell>
    <Cell ss:StyleID="s23"><Data ss:Type="String">121</Data></Cell>
    <Cell ss:StyleID="s33"><Data ss:Type="Number">59433</Data></Cell>
    <Cell ss:StyleID="s33"><Data ss:Type="Number">1573</Data></Cell>
   </Row>
   <Row ss:AutoFitHeight="0" ss:Height="27">
    <Cell ss:StyleID="s38"><Data ss:Type="String">- алкогольная продукция с объемной долей этилового спирта свыше 25 процентов (за исключением вин)</Data></Cell>
    <Cell ss:StyleID="s29"><Data ss:Type="String">280</Data></Cell>
    <Cell ss:StyleID="s23"><Data ss:Type="String">210</Data></Cell>
    <Cell ss:StyleID="s33"><Data ss:Type="Number">4420374</Data></Cell>
    <Cell ss:StyleID="s33"><Data ss:Type="Number">872066</Data></Cell>
   </Row>
   <Row ss:AutoFitHeight="0" ss:Height="27">
    <Cell ss:StyleID="s38"><Data ss:Type="String">- алкогольная продукция с объемной долей этилового спирта свыше 9 и до 25 процентов включительно (за исключением вин)</Data></Cell>
    <Cell ss:StyleID="s29"><Data ss:Type="String">290</Data></Cell>
    <Cell ss:StyleID="s23"><Data ss:Type="String">220</Data></Cell>
    <Cell ss:StyleID="s33"><Data ss:Type="Number">29288</Data></Cell>
    <Cell ss:StyleID="s33"><Data ss:Type="Number">5426</Data></Cell>
   </Row>
   <Row ss:AutoFitHeight="0" ss:Height="27">
    <Cell ss:StyleID="s38"><Data ss:Type="String">- алкогольная продукция с объемной долей этилового спирта до 9 процентов включительно (за исключением вин)</Data></Cell>
    <Cell ss:StyleID="s29"><Data ss:Type="String">300</Data></Cell>
    <Cell ss:StyleID="s23"><Data ss:Type="String">230</Data></Cell>
    <Cell ss:StyleID="s33"><Data ss:Type="Number">132886</Data></Cell>
    <Cell ss:StyleID="s33"><Data ss:Type="Number">18451</Data></Cell>
   </Row>
   <Row ss:AutoFitHeight="0">
    <Cell ss:StyleID="s38"><Data ss:Type="String">-вина</Data></Cell>
    <Cell ss:StyleID="s29"><Data ss:Type="String">310</Data></Cell>
    <Cell ss:StyleID="s23"><Data ss:Type="String">240,270,282</Data></Cell>
    <Cell ss:StyleID="s33"><Data ss:Type="Number">121581</Data></Cell>
    <Cell ss:StyleID="s33"><Data ss:Type="Number">4222</Data></Cell>
   </Row>
   <Row ss:AutoFitHeight="0">
    <Cell ss:StyleID="s38"><Data ss:Type="String">- спиртосодержащая продукция – всего                                  320=321+322+323</Data></Cell>
    <Cell ss:StyleID="s29"><Data ss:Type="String">320</Data></Cell>
    <Cell ss:StyleID="s23"><Data ss:Type="String">291,292,293</Data></Cell>
    <Cell ss:StyleID="s33"><Data ss:Type="Number">192827</Data></Cell>
    <Cell ss:StyleID="s33"><Data ss:Type="Number">29185</Data></Cell>
   </Row>
   <Row ss:AutoFitHeight="0">
    <Cell ss:StyleID="s38"><Data ss:Type="String">в том числе:</Data></Cell>
    <Cell ss:StyleID="s29"/>
    <Cell ss:StyleID="s23"/>
    <Cell ss:StyleID="s33"/>
    <Cell ss:StyleID="s33"/>
   </Row>
   <Row ss:Height="25.5">
    <Cell ss:StyleID="s38"><Data ss:Type="String">- спиртосодержащая парфюмерно-косметическая продукция в металлической аэрозольной упаковке</Data></Cell>
    <Cell ss:StyleID="s29"><Data ss:Type="String">321</Data></Cell>
    <Cell ss:StyleID="s23"><Data ss:Type="String">291</Data></Cell>
    <Cell ss:StyleID="s33"><Data ss:Type="Number">0</Data></Cell>
    <Cell ss:StyleID="s33"><Data ss:Type="Number">0</Data></Cell>
   </Row>
   <Row ss:AutoFitHeight="0">
    <Cell ss:StyleID="s38"><Data ss:Type="String">- спиртосодержащая продукция бытовой химии в металлической аэрозольной упаковке</Data></Cell>
    <Cell ss:StyleID="s29"><Data ss:Type="String">322</Data></Cell>
    <Cell ss:StyleID="s23"><Data ss:Type="String">292</Data></Cell>
    <Cell ss:StyleID="s33"><Data ss:Type="Number">0</Data></Cell>
    <Cell ss:StyleID="s33"><Data ss:Type="Number">0</Data></Cell>
   </Row>
   <Row ss:Height="38.25">
    <Cell ss:StyleID="s38"><Data ss:Type="String">- спиртосодержащая продукция (за исключением спиртосодержащей парфюмерно-косметической продукции в металлической аэрозольной упаковке и спиртосодержащей продукции бытовой химии в металлической аэрозольной упаковке)</Data></Cell>
    <Cell ss:StyleID="s29"><Data ss:Type="String">323</Data></Cell>
    <Cell ss:StyleID="s23"><Data ss:Type="String">293</Data></Cell>
    <Cell ss:StyleID="s33"><Data ss:Type="Number">192827</Data></Cell>
    <Cell ss:StyleID="s33"><Data ss:Type="Number">29185</Data></Cell>
   </Row>
   <Row>
    <Cell ss:StyleID="s30"/>
    <Cell ss:StyleID="s21"/>
    <Cell ss:StyleID="s21"/>
    <Cell ss:StyleID="s21"/>
    <Cell ss:StyleID="s21"/>
   </Row>
   <Row>
    <Cell ss:StyleID="s30"/>
    <Cell ss:StyleID="s21"/>
    <Cell ss:StyleID="s21"/>
    <Cell ss:StyleID="s21"/>
    <Cell ss:StyleID="s21"/>
   </Row>
   <Row ss:AutoFitHeight="0" ss:Height="15">
    <Cell ss:StyleID="s37"><Data ss:Type="String">Справочно к отчету:</Data></Cell>
    <Cell ss:StyleID="s21"/>
    <Cell ss:StyleID="s21"/>
    <Cell ss:StyleID="s21"/>
    <Cell ss:StyleID="s21"/>
   </Row>
   <Row ss:Height="25.5">
    <Cell ss:StyleID="s26"><Data ss:Type="String">Показатели</Data></Cell>
    <Cell ss:StyleID="s26"><Data ss:Type="String">Код строки </Data></Cell>
    <Cell ss:StyleID="s26"><Data ss:Type="String">Значение показателей</Data></Cell>
    <Cell ss:StyleID="s21"/>
    <Cell ss:StyleID="s21"/>
   </Row>
   <Row>
    <Cell ss:StyleID="s27"><Data ss:Type="String">А</Data></Cell>
    <Cell ss:StyleID="s27"><Data ss:Type="String">Б</Data></Cell>
    <Cell ss:StyleID="s27"><Data ss:Type="String">1</Data></Cell>
    <Cell ss:StyleID="s21"/>
    <Cell ss:StyleID="s21"/>
   </Row>
   <Row ss:AutoFitHeight="0">
    <Cell ss:StyleID="s32"><Data ss:Type="String">Количество налогоплательщиков, представивших налоговые декларации (единиц)</Data></Cell>
    <Cell ss:StyleID="s24"><Data ss:Type="String">350</Data></Cell>
    <Cell ss:StyleID="s33"><Data ss:Type="Number">985</Data></Cell>
    <Cell ss:StyleID="s21"/>
    <Cell ss:StyleID="s21"/>
   </Row>
   <Row>
    <Cell ss:StyleID="s31"/>
   </Row>
   <Row>
    <Cell ss:StyleID="s31"/>
   </Row>
   <Row>
    <Cell ss:StyleID="s31"/>
   </Row>
   <Row>
    <Cell ss:StyleID="s31"/>
   </Row>
   <Row>
    <Cell ss:StyleID="s35"/>
    <Cell ss:Index="5" ss:StyleID="s36"/>
   </Row>
  </Table>
  <WorksheetOptions xmlns="urn:schemas-microsoft-com:office:excel">
   <PageSetup>
    <Layout x:Orientation="Landscape" x:CenterHorizontal="1"/>
    <Header x:Margin="0.19685039370078741" x:Data="&amp;R&amp;P"/>
    <Footer x:Margin="0.19685039370078741"/>
    <PageMargins x:Bottom="0.39370078740157483" x:Left="0.39370078740157483"
     x:Right="0.39370078740157483" x:Top="0.39370078740157483"/>
   </PageSetup>
   <Print>
    <ValidPrinterInfo/>
    <PaperSizeIndex>9</PaperSizeIndex>
    <HorizontalResolution>600</HorizontalResolution>
    <VerticalResolution>600</VerticalResolution>
   </Print>
   <Zoom>75</Zoom>
   <PageBreakZoom>60</PageBreakZoom>
   <Selected/>
   <FreezePanes/>
   <FrozenNoSplit/>
   <SplitHorizontal>7</SplitHorizontal>
   <TopRowBottomPane>7</TopRowBottomPane>
   <SplitVertical>3</SplitVertical>
   <LeftColumnRightPane>3</LeftColumnRightPane>
   <ActivePane>0</ActivePane>
   <Panes>
    <Pane>
     <Number>3</Number>
    </Pane>
    <Pane>
     <Number>1</Number>
    </Pane>
    <Pane>
     <Number>2</Number>
    </Pane>
    <Pane>
     <Number>0</Number>
     <ActiveRow>16</ActiveRow>
     <ActiveCol>7</ActiveCol>
    </Pane>
   </Panes>
   <ProtectObjects>False</ProtectObjects>
   <ProtectScenarios>False</ProtectScenarios>
  </WorksheetOptions>
 </Worksheet>
 <Worksheet ss:Name="hidden1">
  <Table ss:ExpandedColumnCount="2" ss:ExpandedRowCount="56" x:FullColumns="1"
   x:FullRows="1">
   <Row>
    <Cell><Data ss:Type="Number">0</Data></Cell>
    <Cell><Data ss:Type="Number">0</Data></Cell>
   </Row>
   <Row>
    <Cell><Data ss:Type="Number">306390435</Data></Cell>
    <Cell><Data ss:Type="Number">8421983</Data></Cell>
   </Row>
   <Row>
    <Cell><Data ss:Type="Number">68263594</Data></Cell>
    <Cell><Data ss:Type="Number">1881894</Data></Cell>
   </Row>
   <Row>
    <Cell><Data ss:Type="Number">14533766</Data></Cell>
    <Cell><Data ss:Type="Number">0</Data></Cell>
   </Row>
   <Row>
    <Cell><Data ss:Type="Number">2681849</Data></Cell>
    <Cell><Data ss:Type="Number">72967</Data></Cell>
   </Row>
   <Row>
    <Cell><Data ss:Type="Number">83459036</Data></Cell>
    <Cell><Data ss:Type="Number">2302931</Data></Cell>
   </Row>
   <Row>
    <Cell><Data ss:Type="Number">36459191</Data></Cell>
    <Cell><Data ss:Type="Number">0</Data></Cell>
   </Row>
   <Row>
    <Cell><Data ss:Type="Number">409455345</Data></Cell>
    <Cell><Data ss:Type="Number">77322315</Data></Cell>
   </Row>
   <Row>
    <Cell><Data ss:Type="Number">7612337</Data></Cell>
    <Cell><Data ss:Type="Number">1435179</Data></Cell>
   </Row>
   <Row>
    <Cell><Data ss:Type="Number">36396246</Data></Cell>
    <Cell><Data ss:Type="Number">4363872</Data></Cell>
   </Row>
   <Row>
    <Cell><Data ss:Type="Number">650130189</Data></Cell>
    <Cell><Data ss:Type="Number">6034078</Data></Cell>
   </Row>
   <Row>
    <Cell><Data ss:Type="Number">11440292</Data></Cell>
    <Cell><Data ss:Type="Number">296047</Data></Cell>
   </Row>
   <Row>
    <Cell><Data ss:Type="Number">6830621</Data></Cell>
    <Cell><Data ss:Type="Number">0</Data></Cell>
   </Row>
   <Row>
    <Cell><Data ss:Type="Number">3044140</Data></Cell>
    <Cell><Data ss:Type="Number">1</Data></Cell>
   </Row>
   <Row>
    <Cell><Data ss:Type="Number">1565531</Data></Cell>
    <Cell><Data ss:Type="Number">296046</Data></Cell>
   </Row>
   <Row>
    <Cell><Data ss:Type="Number">0</Data></Cell>
    <Cell><Data ss:Type="Number">0</Data></Cell>
   </Row>
   <Row>
    <Cell><Data ss:Type="Number">0</Data></Cell>
    <Cell><Data ss:Type="Number">2414124</Data></Cell>
   </Row>
   <Row>
    <Cell><Data ss:Type="Number">0</Data></Cell>
    <Cell><Data ss:Type="Number">737637</Data></Cell>
   </Row>
   <Row>
    <Cell><Data ss:Type="Number">0</Data></Cell>
    <Cell><Data ss:Type="Number">1139373</Data></Cell>
   </Row>
   <Row>
    <Cell><Data ss:Type="Number">0</Data></Cell>
    <Cell><Data ss:Type="Number">1475104</Data></Cell>
   </Row>
   <Row>
    <Cell><Data ss:Type="Number">0</Data></Cell>
    <Cell><Data ss:Type="Number">1168092</Data></Cell>
   </Row>
   <Row>
    <Cell><Data ss:Type="Number">0</Data></Cell>
    <Cell><Data ss:Type="Number">17906969</Data></Cell>
   </Row>
   <Row>
    <Cell><Data ss:Type="Number">0</Data></Cell>
    <Cell><Data ss:Type="Number">249561</Data></Cell>
   </Row>
   <Row>
    <Cell><Data ss:Type="Number">0</Data></Cell>
    <Cell><Data ss:Type="Number">858640</Data></Cell>
   </Row>
   <Row>
    <Cell><Data ss:Type="Number">0</Data></Cell>
    <Cell><Data ss:Type="Number">1312202</Data></Cell>
   </Row>
   <Row>
    <Cell><Data ss:Type="Number">0</Data></Cell>
    <Cell><Data ss:Type="Number">299029</Data></Cell>
   </Row>
   <Row>
    <Cell><Data ss:Type="Number">0</Data></Cell>
    <Cell><Data ss:Type="Number">181501</Data></Cell>
   </Row>
   <Row>
    <Cell><Data ss:Type="Number">0</Data></Cell>
    <Cell><Data ss:Type="Number">73243</Data></Cell>
   </Row>
   <Row>
    <Cell><Data ss:Type="Number">0</Data></Cell>
    <Cell><Data ss:Type="Number">44285</Data></Cell>
   </Row>
   <Row>
    <Cell><Data ss:Type="Number">0</Data></Cell>
    <Cell><Data ss:Type="Number">0</Data></Cell>
   </Row>
   <Row>
    <Cell><Data ss:Type="Number">1476117</Data></Cell>
    <Cell><Data ss:Type="Number">40437</Data></Cell>
   </Row>
   <Row>
    <Cell><Data ss:Type="Number">0</Data></Cell>
    <Cell><Data ss:Type="Number">0</Data></Cell>
   </Row>
   <Row>
    <Cell><Data ss:Type="Number">0</Data></Cell>
    <Cell><Data ss:Type="Number">0</Data></Cell>
   </Row>
   <Row>
    <Cell><Data ss:Type="Number">0</Data></Cell>
    <Cell><Data ss:Type="Number">0</Data></Cell>
   </Row>
   <Row>
    <Cell><Data ss:Type="Number">3669134</Data></Cell>
    <Cell><Data ss:Type="Number">690619</Data></Cell>
   </Row>
   <Row>
    <Cell><Data ss:Type="Number">32581</Data></Cell>
    <Cell><Data ss:Type="Number">6048</Data></Cell>
   </Row>
   <Row>
    <Cell><Data ss:Type="Number">127308</Data></Cell>
    <Cell><Data ss:Type="Number">15372</Data></Cell>
   </Row>
   <Row>
    <Cell><Data ss:Type="Number">451281</Data></Cell>
    <Cell><Data ss:Type="Number">5404</Data></Cell>
   </Row>
   <Row>
    <Cell><Data ss:Type="Number">370555</Data></Cell>
    <Cell><Data ss:Type="Number">33230</Data></Cell>
   </Row>
   <Row>
    <Cell><Data ss:Type="Number">183259</Data></Cell>
    <Cell><Data ss:Type="Number">0</Data></Cell>
   </Row>
   <Row>
    <Cell><Data ss:Type="Number">10909</Data></Cell>
    <Cell><Data ss:Type="Number">0</Data></Cell>
   </Row>
   <Row>
    <Cell><Data ss:Type="Number">176387</Data></Cell>
    <Cell><Data ss:Type="Number">33230</Data></Cell>
   </Row>
   <Row>
    <Cell><Data ss:Type="Number">0</Data></Cell>
    <Cell><Data ss:Type="Number">0</Data></Cell>
   </Row>
   <Row>
    <Cell><Data ss:Type="Number">1554038</Data></Cell>
    <Cell><Data ss:Type="Number">41550</Data></Cell>
   </Row>
   <Row>
    <Cell><Data ss:Type="Number">0</Data></Cell>
    <Cell><Data ss:Type="Number">0</Data></Cell>
   </Row>
   <Row>
    <Cell><Data ss:Type="Number">0</Data></Cell>
    <Cell><Data ss:Type="Number">0</Data></Cell>
   </Row>
   <Row>
    <Cell><Data ss:Type="Number">59433</Data></Cell>
    <Cell><Data ss:Type="Number">1573</Data></Cell>
   </Row>
   <Row>
    <Cell><Data ss:Type="Number">4420374</Data></Cell>
    <Cell><Data ss:Type="Number">872066</Data></Cell>
   </Row>
   <Row>
    <Cell><Data ss:Type="Number">29288</Data></Cell>
    <Cell><Data ss:Type="Number">5426</Data></Cell>
   </Row>
   <Row>
    <Cell><Data ss:Type="Number">132886</Data></Cell>
    <Cell><Data ss:Type="Number">18451</Data></Cell>
   </Row>
   <Row>
    <Cell><Data ss:Type="Number">121581</Data></Cell>
    <Cell><Data ss:Type="Number">4222</Data></Cell>
   </Row>
   <Row>
    <Cell><Data ss:Type="Number">192827</Data></Cell>
    <Cell><Data ss:Type="Number">29185</Data></Cell>
   </Row>
   <Row>
    <Cell><Data ss:Type="Number">0</Data></Cell>
    <Cell><Data ss:Type="Number">0</Data></Cell>
   </Row>
   <Row>
    <Cell><Data ss:Type="Number">0</Data></Cell>
    <Cell><Data ss:Type="Number">0</Data></Cell>
   </Row>
   <Row>
    <Cell><Data ss:Type="Number">192827</Data></Cell>
    <Cell><Data ss:Type="Number">29185</Data></Cell>
   </Row>
   <Row>
    <Cell><Data ss:Type="Number">1651463357</Data></Cell>
    <Cell><Data ss:Type="Number">132113071</Data></Cell>
   </Row>
  </Table>
  <WorksheetOptions xmlns="urn:schemas-microsoft-com:office:excel">
   <Visible>SheetHidden</Visible>
   <ProtectObjects>False</ProtectObjects>
   <ProtectScenarios>False</ProtectScenarios>
  </WorksheetOptions>
 </Worksheet>
 <Worksheet ss:Name="hidden2">
  <Table ss:ExpandedColumnCount="1" ss:ExpandedRowCount="1" x:FullColumns="1"
   x:FullRows="1">
   <Row>
    <Cell><Data ss:Type="Number">985</Data></Cell>
   </Row>
  </Table>
  <WorksheetOptions xmlns="urn:schemas-microsoft-com:office:excel">
   <Visible>SheetHidden</Visible>
   <ProtectObjects>False</ProtectObjects>
   <ProtectScenarios>False</ProtectScenarios>
  </WorksheetOptions>
 </Worksheet>
 <Worksheet ss:Name="hidden3">
  <Table ss:ExpandedColumnCount="2" ss:ExpandedRowCount="38" x:FullColumns="1"
   x:FullRows="1">
   <Row>
    <Cell><Data ss:Type="String">на 01.01.2010 г.</Data></Cell>
    <Cell><Data ss:Type="Number">1</Data></Cell>
   </Row>
   <Row>
    <Cell><Data ss:Type="String">на 01.12.2009 г.</Data></Cell>
    <Cell><Data ss:Type="Number">2</Data></Cell>
   </Row>
   <Row>
    <Cell><Data ss:Type="String">на 01.10.2009 г.</Data></Cell>
    <Cell><Data ss:Type="Number">3</Data></Cell>
   </Row>
   <Row>
    <Cell><Data ss:Type="String">на 01.01.2009 г.</Data></Cell>
    <Cell><Data ss:Type="Number">4</Data></Cell>
   </Row>
   <Row>
    <Cell><Data ss:Type="String">на 01 января 2010 года</Data></Cell>
    <Cell><Data ss:Type="Number">5</Data></Cell>
   </Row>
   <Row>
    <Cell><Data ss:Type="String">на 01 декабря 2009 года</Data></Cell>
    <Cell><Data ss:Type="Number">6</Data></Cell>
   </Row>
   <Row>
    <Cell><Data ss:Type="String">на 01 октября 2009 года</Data></Cell>
    <Cell><Data ss:Type="Number">7</Data></Cell>
   </Row>
   <Row>
    <Cell><Data ss:Type="String">на 01 января 2009 года</Data></Cell>
    <Cell><Data ss:Type="Number">8</Data></Cell>
   </Row>
   <Row>
    <Cell><Data ss:Type="String">по состоянию на 01.01.2010 г.</Data></Cell>
    <Cell><Data ss:Type="Number">9</Data></Cell>
   </Row>
   <Row>
    <Cell><Data ss:Type="String">по состоянию на 01.12.2009 г.</Data></Cell>
    <Cell><Data ss:Type="Number">10</Data></Cell>
   </Row>
   <Row>
    <Cell><Data ss:Type="String">по состоянию на 01.10.2009 г.</Data></Cell>
    <Cell><Data ss:Type="Number">11</Data></Cell>
   </Row>
   <Row>
    <Cell><Data ss:Type="String">по состоянию на 01.01.2009 г.</Data></Cell>
    <Cell><Data ss:Type="Number">12</Data></Cell>
   </Row>
   <Row>
    <Cell><Data ss:Type="String">по состоянию на 01 января 2010 года</Data></Cell>
    <Cell><Data ss:Type="Number">13</Data></Cell>
   </Row>
   <Row>
    <Cell><Data ss:Type="String">по состоянию на 01 декабря 2009 года</Data></Cell>
    <Cell><Data ss:Type="Number">14</Data></Cell>
   </Row>
   <Row>
    <Cell><Data ss:Type="String">по состоянию на 01 октября 2009 года</Data></Cell>
    <Cell><Data ss:Type="Number">15</Data></Cell>
   </Row>
   <Row>
    <Cell><Data ss:Type="String">по состоянию на 01 января 2009 года</Data></Cell>
    <Cell><Data ss:Type="Number">16</Data></Cell>
   </Row>
   <Row>
    <Cell><Data ss:Type="String">в  январe 2010 года</Data></Cell>
    <Cell><Data ss:Type="Number">17</Data></Cell>
   </Row>
   <Row>
    <Cell><Data ss:Type="String">на январь</Data></Cell>
    <Cell><Data ss:Type="Number">18</Data></Cell>
   </Row>
   <Row>
    <Cell><Data ss:Type="String">за январь</Data></Cell>
    <Cell><Data ss:Type="Number">19</Data></Cell>
   </Row>
   <Row>
    <Cell><Data ss:Type="String">в январе</Data></Cell>
    <Cell><Data ss:Type="Number">20</Data></Cell>
   </Row>
   <Row>
    <Cell><Data ss:Type="String">на январь 2010 г.</Data></Cell>
    <Cell><Data ss:Type="Number">21</Data></Cell>
   </Row>
   <Row>
    <Cell><Data ss:Type="String">за январь  2010 г.</Data></Cell>
    <Cell><Data ss:Type="Number">22</Data></Cell>
   </Row>
   <Row>
    <Cell><Data ss:Type="String">за январь  2010 г.</Data></Cell>
    <Cell><Data ss:Type="Number">23</Data></Cell>
   </Row>
   <Row>
    <Cell><Data ss:Type="String">на январь 2009 г.</Data></Cell>
    <Cell><Data ss:Type="Number">24</Data></Cell>
   </Row>
   <Row>
    <Cell><Data ss:Type="String">за январь  2009 г.</Data></Cell>
    <Cell><Data ss:Type="Number">25</Data></Cell>
   </Row>
   <Row>
    <Cell><Data ss:Type="String">в январе  2009 г.</Data></Cell>
    <Cell><Data ss:Type="Number">26</Data></Cell>
   </Row>
   <Row>
    <Cell><Data ss:Type="String">12 мес.</Data></Cell>
    <Cell><Data ss:Type="Number">27</Data></Cell>
   </Row>
   <Row>
    <Cell><Data ss:Type="String">за 12 мес.</Data></Cell>
    <Cell><Data ss:Type="Number">28</Data></Cell>
   </Row>
   <Row>
    <Cell><Data ss:Type="String">12 месяцев</Data></Cell>
    <Cell><Data ss:Type="Number">29</Data></Cell>
   </Row>
   <Row>
    <Cell><Data ss:Type="String">за 12 месяцев</Data></Cell>
    <Cell><Data ss:Type="Number">30</Data></Cell>
   </Row>
   <Row>
    <Cell><Data ss:Type="String">декабрь</Data></Cell>
    <Cell><Data ss:Type="Number">31</Data></Cell>
   </Row>
   <Row>
    <Cell><Data ss:Type="String">ноябрь</Data></Cell>
    <Cell><Data ss:Type="Number">32</Data></Cell>
   </Row>
   <Row>
    <Cell><Data ss:Type="String">октябрь</Data></Cell>
    <Cell><Data ss:Type="Number">33</Data></Cell>
   </Row>
   <Row>
    <Cell><Data ss:Type="String">Поступило         01.01.2010 г.        12 мес.</Data></Cell>
    <Cell><Data ss:Type="Number">34</Data></Cell>
   </Row>
   <Row>
    <Cell><Data ss:Type="String">в  декабрe 2009 года</Data></Cell>
    <Cell><Data ss:Type="Number">35</Data></Cell>
   </Row>
   <Row>
    <Cell><Data ss:Type="String">на 01.07.2009 г.</Data></Cell>
    <Cell><Data ss:Type="Number">36</Data></Cell>
   </Row>
   <Row>
    <Cell><Data ss:Type="String"> январь</Data></Cell>
    <Cell><Data ss:Type="Number">37</Data></Cell>
   </Row>
   <Row>
    <Cell><Data ss:Type="String">январь</Data></Cell>
    <Cell><Data ss:Type="Number">37</Data></Cell>
   </Row>
  </Table>
  <WorksheetOptions xmlns="urn:schemas-microsoft-com:office:excel">
   <Visible>SheetHidden</Visible>
   <ProtectObjects>False</ProtectObjects>
   <ProtectScenarios>False</ProtectScenarios>
  </WorksheetOptions>
 </Worksheet>
</Workbook>
