<?xml version="1.0"?>
<?mso-application progid="Excel.Sheet"?>
<Workbook xmlns="urn:schemas-microsoft-com:office:spreadsheet"
 xmlns:o="urn:schemas-microsoft-com:office:office"
 xmlns:x="urn:schemas-microsoft-com:office:excel"
 xmlns:ss="urn:schemas-microsoft-com:office:spreadsheet"
 xmlns:html="http://www.w3.org/TR/REC-html40">
 <DocumentProperties xmlns="urn:schemas-microsoft-com:office:office">
  <Author>Kravchenko</Author>
  <LastAuthor>balmaster</LastAuthor>
  <LastPrinted>2008-03-26T11:12:11Z</LastPrinted>
  <Created>2007-01-29T14:19:41Z</Created>
  <LastSaved>2010-03-23T13:18:19Z</LastSaved>
  <Company>GNIVC FNS RU</Company>
  <Version>12.00</Version>
 </DocumentProperties>
 <ExcelWorkbook xmlns="urn:schemas-microsoft-com:office:excel">
  <WindowHeight>9120</WindowHeight>
  <WindowWidth>12120</WindowWidth>
  <WindowTopX>480</WindowTopX>
  <WindowTopY>45</WindowTopY>
  <ProtectStructure>False</ProtectStructure>
  <ProtectWindows>False</ProtectWindows>
 </ExcelWorkbook>
 <Styles>
  <Style ss:ID="Default" ss:Name="Normal">
   <Alignment ss:Vertical="Bottom"/>
   <Borders/>
   <Font ss:FontName="Arial Cyr" x:CharSet="204"/>
   <Interior/>
   <NumberFormat/>
   <Protection/>
  </Style>
  <Style ss:ID="s23">
   <Font ss:FontName="Arial" x:CharSet="204" x:Family="Swiss"/>
  </Style>
  <Style ss:ID="s24">
   <Alignment ss:Horizontal="Center" ss:Vertical="Center" ss:WrapText="1"/>
   <Borders>
    <Border ss:Position="Bottom" ss:LineStyle="Continuous" ss:Weight="1"/>
    <Border ss:Position="Left" ss:LineStyle="Continuous" ss:Weight="1"/>
    <Border ss:Position="Right" ss:LineStyle="Continuous" ss:Weight="1"/>
    <Border ss:Position="Top" ss:LineStyle="Continuous" ss:Weight="1"/>
   </Borders>
   <Font ss:FontName="Arial" x:CharSet="204" x:Family="Swiss"/>
  </Style>
  <Style ss:ID="s25">
   <Alignment ss:Horizontal="Center" ss:Vertical="Center" ss:WrapText="1"/>
   <Borders>
    <Border ss:Position="Bottom" ss:LineStyle="Continuous" ss:Weight="1"/>
    <Border ss:Position="Left" ss:LineStyle="Continuous" ss:Weight="1"/>
    <Border ss:Position="Right" ss:LineStyle="Continuous" ss:Weight="1"/>
    <Border ss:Position="Top" ss:LineStyle="Continuous" ss:Weight="1"/>
   </Borders>
   <Font ss:FontName="Arial" x:CharSet="204" x:Family="Swiss" ss:Bold="1"/>
  </Style>
  <Style ss:ID="s26">
   <Font ss:FontName="Arial" x:CharSet="204" x:Family="Swiss" ss:Bold="1"/>
  </Style>
  <Style ss:ID="s27">
   <Alignment ss:Horizontal="Right" ss:Vertical="Center"/>
   <Font ss:FontName="Arial" x:CharSet="204" x:Family="Swiss" ss:Bold="1"/>
  </Style>
  <Style ss:ID="s28">
   <Alignment ss:Vertical="Bottom" ss:WrapText="1"/>
   <Borders>
    <Border ss:Position="Bottom" ss:LineStyle="Continuous" ss:Weight="1"/>
    <Border ss:Position="Left" ss:LineStyle="Continuous" ss:Weight="1"/>
    <Border ss:Position="Right" ss:LineStyle="Continuous" ss:Weight="1"/>
    <Border ss:Position="Top" ss:LineStyle="Continuous" ss:Weight="1"/>
   </Borders>
   <Font ss:FontName="Arial" x:CharSet="204" x:Family="Swiss"/>
  </Style>
  <Style ss:ID="s29">
   <Alignment ss:Vertical="Bottom" ss:WrapText="1"/>
   <Borders>
    <Border ss:Position="Bottom" ss:LineStyle="Continuous" ss:Weight="1"/>
    <Border ss:Position="Left" ss:LineStyle="Continuous" ss:Weight="1"/>
    <Border ss:Position="Right" ss:LineStyle="Continuous" ss:Weight="1"/>
    <Border ss:Position="Top" ss:LineStyle="Continuous" ss:Weight="1"/>
   </Borders>
   <Font ss:FontName="Arial" x:CharSet="204" x:Family="Swiss" ss:Bold="1"/>
  </Style>
  <Style ss:ID="s30">
   <Alignment ss:Horizontal="Right" ss:Vertical="Bottom"/>
   <Font ss:FontName="Arial CYR" x:CharSet="204" x:Family="Swiss" ss:Size="8"/>
  </Style>
  <Style ss:ID="s31">
   <Alignment ss:Horizontal="Left" ss:Vertical="Bottom" ss:WrapText="1"/>
   <Borders>
    <Border ss:Position="Bottom" ss:LineStyle="Continuous" ss:Weight="1"/>
    <Border ss:Position="Left" ss:LineStyle="Continuous" ss:Weight="1"/>
    <Border ss:Position="Right" ss:LineStyle="Continuous" ss:Weight="1"/>
    <Border ss:Position="Top" ss:LineStyle="Continuous" ss:Weight="1"/>
   </Borders>
   <Font ss:FontName="Arial" x:CharSet="204" x:Family="Swiss" ss:Bold="1"/>
  </Style>
  <Style ss:ID="s32">
   <Alignment ss:Horizontal="Center" ss:Vertical="Bottom" ss:WrapText="1"/>
   <Borders>
    <Border ss:Position="Bottom" ss:LineStyle="Continuous" ss:Weight="1"/>
    <Border ss:Position="Left" ss:LineStyle="Continuous" ss:Weight="1"/>
    <Border ss:Position="Right" ss:LineStyle="Continuous" ss:Weight="1"/>
    <Border ss:Position="Top" ss:LineStyle="Continuous" ss:Weight="1"/>
   </Borders>
   <Font ss:FontName="Arial" x:CharSet="204" x:Family="Swiss"/>
   <NumberFormat ss:Format="@"/>
  </Style>
  <Style ss:ID="s33">
   <Alignment ss:Horizontal="Center" ss:Vertical="Bottom" ss:WrapText="1"/>
   <Borders>
    <Border ss:Position="Bottom" ss:LineStyle="Continuous" ss:Weight="1"/>
    <Border ss:Position="Left" ss:LineStyle="Continuous" ss:Weight="1"/>
    <Border ss:Position="Right" ss:LineStyle="Continuous" ss:Weight="1"/>
    <Border ss:Position="Top" ss:LineStyle="Continuous" ss:Weight="1"/>
   </Borders>
   <Font ss:FontName="Arial" x:CharSet="204" x:Family="Swiss"/>
  </Style>
  <Style ss:ID="s34">
   <Alignment ss:Horizontal="Center" ss:Vertical="Bottom" ss:WrapText="1"/>
   <Borders>
    <Border ss:Position="Bottom" ss:LineStyle="Continuous" ss:Weight="1"/>
    <Border ss:Position="Left" ss:LineStyle="Continuous" ss:Weight="1"/>
    <Border ss:Position="Right" ss:LineStyle="Continuous" ss:Weight="1"/>
    <Border ss:Position="Top" ss:LineStyle="Continuous" ss:Weight="1"/>
   </Borders>
   <Font ss:FontName="Arial" x:CharSet="204" x:Family="Swiss"/>
   <NumberFormat ss:Format="#,##0"/>
  </Style>
  <Style ss:ID="s35">
   <Alignment ss:Horizontal="Left" ss:Vertical="Bottom" ss:Indent="1"
    ss:WrapText="1"/>
   <Borders>
    <Border ss:Position="Bottom" ss:LineStyle="Continuous" ss:Weight="1"/>
    <Border ss:Position="Left" ss:LineStyle="Continuous" ss:Weight="1"/>
    <Border ss:Position="Right" ss:LineStyle="Continuous" ss:Weight="1"/>
    <Border ss:Position="Top" ss:LineStyle="Continuous" ss:Weight="1"/>
   </Borders>
   <Font ss:FontName="Arial" x:CharSet="204" x:Family="Swiss"/>
  </Style>
  <Style ss:ID="s36">
   <Alignment ss:Horizontal="Right" ss:Vertical="Bottom" ss:WrapText="1"/>
   <Borders>
    <Border ss:Position="Bottom" ss:LineStyle="Continuous" ss:Weight="1"/>
    <Border ss:Position="Left" ss:LineStyle="Continuous" ss:Weight="1"/>
    <Border ss:Position="Right" ss:LineStyle="Continuous" ss:Weight="1"/>
    <Border ss:Position="Top" ss:LineStyle="Continuous" ss:Weight="1"/>
   </Borders>
   <Font ss:FontName="Arial" x:CharSet="204" x:Family="Swiss"/>
   <NumberFormat ss:Format="#,##0"/>
  </Style>
  <Style ss:ID="s37">
   <Alignment ss:Horizontal="Center" ss:Vertical="Bottom" ss:WrapText="1"/>
   <Borders>
    <Border ss:Position="Bottom" ss:LineStyle="Continuous" ss:Weight="1"/>
    <Border ss:Position="Left" ss:LineStyle="Continuous" ss:Weight="1"/>
    <Border ss:Position="Right" ss:LineStyle="Continuous" ss:Weight="1"/>
    <Border ss:Position="Top" ss:LineStyle="Continuous" ss:Weight="1"/>
   </Borders>
   <Font ss:FontName="Arial" x:CharSet="204" x:Family="Swiss"/>
   <NumberFormat ss:Format="@"/>
   <Protection ss:Protected="0"/>
  </Style>
  <Style ss:ID="s38">
   <Alignment ss:Horizontal="Left" ss:Vertical="Bottom" ss:WrapText="1"/>
   <Borders>
    <Border ss:Position="Bottom" ss:LineStyle="Continuous" ss:Weight="1"/>
    <Border ss:Position="Left" ss:LineStyle="Continuous" ss:Weight="1"/>
    <Border ss:Position="Right" ss:LineStyle="Continuous" ss:Weight="1"/>
    <Border ss:Position="Top" ss:LineStyle="Continuous" ss:Weight="1"/>
   </Borders>
   <Font ss:FontName="Arial" x:CharSet="204" x:Family="Swiss"/>
  </Style>
  <Style ss:ID="s39">
   <Alignment ss:Horizontal="Left" ss:Vertical="Bottom" ss:Indent="1"
    ss:WrapText="1"/>
   <Borders>
    <Border ss:Position="Bottom" ss:LineStyle="Continuous" ss:Weight="1"/>
    <Border ss:Position="Left" ss:LineStyle="Continuous" ss:Weight="1"/>
    <Border ss:Position="Right" ss:LineStyle="Continuous" ss:Weight="1"/>
    <Border ss:Position="Top" ss:LineStyle="Continuous" ss:Weight="1"/>
   </Borders>
   <Font ss:FontName="Arial" x:CharSet="204" x:Family="Swiss" ss:Bold="1"/>
  </Style>
  <Style ss:ID="s40">
   <Alignment ss:Horizontal="Center" ss:Vertical="Bottom"/>
   <Borders>
    <Border ss:Position="Bottom" ss:LineStyle="Continuous" ss:Weight="1"/>
    <Border ss:Position="Left" ss:LineStyle="Continuous" ss:Weight="1"/>
    <Border ss:Position="Right" ss:LineStyle="Continuous" ss:Weight="1"/>
    <Border ss:Position="Top" ss:LineStyle="Continuous" ss:Weight="1"/>
   </Borders>
   <Font ss:FontName="Arial" x:CharSet="204" x:Family="Swiss"/>
  </Style>
  <Style ss:ID="s41">
   <Alignment ss:Vertical="Bottom"/>
   <Borders>
    <Border ss:Position="Bottom" ss:LineStyle="Continuous" ss:Weight="1"/>
    <Border ss:Position="Left" ss:LineStyle="Continuous" ss:Weight="1"/>
    <Border ss:Position="Right" ss:LineStyle="Continuous" ss:Weight="1"/>
    <Border ss:Position="Top" ss:LineStyle="Continuous" ss:Weight="1"/>
   </Borders>
   <Font ss:FontName="Arial" x:CharSet="204" x:Family="Swiss"/>
  </Style>
  <Style ss:ID="s42">
   <Alignment ss:Vertical="Bottom"/>
   <Font ss:FontName="Arial" x:CharSet="204" x:Family="Swiss"/>
  </Style>
  <Style ss:ID="s43">
   <Alignment ss:Horizontal="Center" ss:Vertical="Center" ss:WrapText="1"/>
   <Borders>
    <Border ss:Position="Bottom" ss:LineStyle="Continuous" ss:Weight="1"/>
    <Border ss:Position="Left" ss:LineStyle="Continuous" ss:Weight="1"/>
    <Border ss:Position="Right" ss:LineStyle="Continuous" ss:Weight="1"/>
    <Border ss:Position="Top" ss:LineStyle="Continuous" ss:Weight="1"/>
   </Borders>
   <Font ss:FontName="Arial" x:Family="Swiss"/>
  </Style>
  <Style ss:ID="s44">
   <Font ss:FontName="Arial" x:Family="Swiss"/>
  </Style>
  <Style ss:ID="s45">
   <Font ss:FontName="Arial" x:CharSet="204" x:Family="Swiss" ss:Italic="1"/>
  </Style>
  <Style ss:ID="s49">
   <Alignment ss:Horizontal="Center" ss:Vertical="Center" ss:WrapText="1"/>
   <Font ss:FontName="Arial" x:CharSet="204" x:Family="Swiss" ss:Bold="1"/>
  </Style>
  <Style ss:ID="s50">
   <Alignment ss:Horizontal="Left" ss:Vertical="Center"/>
   <Font ss:FontName="Arial" x:Family="Swiss" ss:Bold="1"/>
   <NumberFormat ss:Format="@"/>
  </Style>
 </Styles>
 <Worksheet ss:Name="5-АЛ">
  <Names>
   <NamedRange ss:Name="Print_Titles" ss:RefersTo="='5-АЛ'!R5:R6"/>
  </Names>
  <Table ss:ExpandedColumnCount="5" ss:ExpandedRowCount="39" x:FullColumns="1"
   x:FullRows="1" ss:StyleID="s23">
   <Column ss:StyleID="s23" ss:AutoFitWidth="0" ss:Width="404.25"/>
   <Column ss:StyleID="s23" ss:AutoFitWidth="0" ss:Width="44.25"/>
   <Column ss:StyleID="s23" ss:AutoFitWidth="0" ss:Width="66.75"/>
   <Column ss:StyleID="s23" ss:AutoFitWidth="0" ss:Width="79.5"/>
   <Column ss:StyleID="s23" ss:AutoFitWidth="0" ss:Width="81"/>
   <Row>
    <Cell ss:StyleID="s45"/>
    <Cell ss:Index="5" ss:StyleID="s30"><Data ss:Type="String">Форма № 5-АЛ</Data></Cell>
   </Row>
   <Row ss:AutoFitHeight="0" ss:Height="40.5">
    <Cell ss:MergeAcross="4" ss:StyleID="s49"><Data ss:Type="String">ОТЧЕТ&#10;О НАЛОГОВОЙ БАЗЕ И СТРУКТУРЕ НАЧИСЛЕНИЙ ПО АКЦИЗАМ НА СПИРТ, АЛКОГОЛЬНУЮ И СПИРТОСОДЕРЖАЩУЮ ПРОДУКЦИЮ</Data></Cell>
   </Row>
   <Row>
    <Cell ss:StyleID="s27"><Data ss:Type="String">по состоянию на</Data></Cell>
    <Cell ss:MergeAcross="1" ss:StyleID="s50"><Data ss:Type="String">01.01.2008</Data></Cell>
    <Cell ss:StyleID="s26"/>
    <Cell ss:StyleID="s26"/>
   </Row>
   <Row>
    <Cell ss:StyleID="s44"><Data ss:Type="String">Всего по России                                         </Data></Cell>
   </Row>
   <Row ss:Height="38.25">
    <Cell ss:StyleID="s43"><Data ss:Type="String">Показатели</Data><NamedCell
      ss:Name="Print_Titles"/></Cell>
    <Cell ss:StyleID="s24"><Data ss:Type="String">Код строки </Data><NamedCell
      ss:Name="Print_Titles"/></Cell>
    <Cell ss:StyleID="s24"><Data ss:Type="String">Код вида продукции</Data><NamedCell
      ss:Name="Print_Titles"/></Cell>
    <Cell ss:StyleID="s24"><Data ss:Type="String">Значение показателей&#10;(литры)</Data><NamedCell
      ss:Name="Print_Titles"/></Cell>
    <Cell ss:StyleID="s24"><Data ss:Type="String">Сумма акциза&#10;(тыс.руб.)</Data><NamedCell
      ss:Name="Print_Titles"/></Cell>
   </Row>
   <Row>
    <Cell ss:StyleID="s25"><Data ss:Type="String">А</Data><NamedCell
      ss:Name="Print_Titles"/></Cell>
    <Cell ss:StyleID="s25"><Data ss:Type="String">Б</Data><NamedCell
      ss:Name="Print_Titles"/></Cell>
    <Cell ss:StyleID="s25"><Data ss:Type="String">В</Data><NamedCell
      ss:Name="Print_Titles"/></Cell>
    <Cell ss:StyleID="s25"><Data ss:Type="Number">1</Data><NamedCell
      ss:Name="Print_Titles"/></Cell>
    <Cell ss:StyleID="s25"><Data ss:Type="Number">2</Data><NamedCell
      ss:Name="Print_Titles"/></Cell>
   </Row>
   <Row ss:AutoFitHeight="0" ss:Height="28.5">
    <Cell ss:StyleID="s31"><Data ss:Type="String">Операции, подлежащие налогообложению акцизами (за исключением экспорта)</Data></Cell>
    <Cell ss:StyleID="s32"><Data ss:Type="String">010</Data></Cell>
    <Cell ss:StyleID="s33"><Data ss:Type="String">Х</Data></Cell>
    <Cell ss:StyleID="s34"><Data ss:Type="String">Х</Data></Cell>
    <Cell ss:StyleID="s34"><Data ss:Type="String">Х</Data></Cell>
   </Row>
   <Row>
    <Cell ss:StyleID="s35"><Data ss:Type="String"> - спирт этиловый (в том числе этиловый спирт-сырец) из пищевого сырья</Data></Cell>
    <Cell ss:StyleID="s32"><Data ss:Type="String">020</Data></Cell>
    <Cell ss:StyleID="s33"><Data ss:Type="String">110, 111</Data></Cell>
    <Cell ss:StyleID="s36"><Data ss:Type="Number">465120258</Data></Cell>
    <Cell ss:StyleID="s36"><Data ss:Type="Number">10826612</Data></Cell>
   </Row>
   <Row ss:Height="25.5">
    <Cell ss:StyleID="s35"><Data ss:Type="String"> - спирт этиловый (в том числе этиловый спирт-сырец) из всех видов сырья, за исключением птщевого</Data></Cell>
    <Cell ss:StyleID="s32"><Data ss:Type="String">030</Data></Cell>
    <Cell ss:StyleID="s33"><Data ss:Type="String">120, 121</Data></Cell>
    <Cell ss:StyleID="s36"><Data ss:Type="Number">92528643</Data></Cell>
    <Cell ss:StyleID="s36"><Data ss:Type="Number">2162217</Data></Cell>
   </Row>
   <Row ss:AutoFitHeight="0" ss:Height="27.75">
    <Cell ss:StyleID="s35"><Data ss:Type="String"> - алкогольная продукция с объемной долей этилового спирта свыше 25 процентов (за исключением вин)</Data></Cell>
    <Cell ss:StyleID="s32"><Data ss:Type="String">040</Data></Cell>
    <Cell ss:StyleID="s33"><Data ss:Type="Number">210</Data></Cell>
    <Cell ss:StyleID="s36"><Data ss:Type="Number">507862492</Data></Cell>
    <Cell ss:StyleID="s36"><Data ss:Type="Number">81233342</Data></Cell>
   </Row>
   <Row ss:AutoFitHeight="0" ss:Height="29.25">
    <Cell ss:StyleID="s35"><Data ss:Type="String"> - алкогольная продукция с объемной долей этилового спирта свыше 9 и до 25 процентов включительно (за исключением вин)</Data></Cell>
    <Cell ss:StyleID="s37"><Data ss:Type="String">050</Data></Cell>
    <Cell ss:StyleID="s33"><Data ss:Type="Number">220</Data></Cell>
    <Cell ss:StyleID="s36"><Data ss:Type="Number">9849248</Data></Cell>
    <Cell ss:StyleID="s36"><Data ss:Type="Number">1540546</Data></Cell>
   </Row>
   <Row ss:AutoFitHeight="0" ss:Height="30.75">
    <Cell ss:StyleID="s38"><Data ss:Type="String"> - алкогольная продукция с объемной долей этилового спирта до 9 процентов включительно (за исключением вин)</Data></Cell>
    <Cell ss:StyleID="s32"><Data ss:Type="String">060</Data></Cell>
    <Cell ss:StyleID="s33"><Data ss:Type="Number">230</Data></Cell>
    <Cell ss:StyleID="s36"><Data ss:Type="Number">32677934</Data></Cell>
    <Cell ss:StyleID="s36"><Data ss:Type="Number">4335056</Data></Cell>
   </Row>
   <Row ss:AutoFitHeight="0" ss:Height="16.5">
    <Cell ss:StyleID="s35"><Data ss:Type="String"> - вина</Data></Cell>
    <Cell ss:StyleID="s32"><Data ss:Type="String">070</Data></Cell>
    <Cell ss:StyleID="s33"><Data ss:Type="String">240,270,282</Data></Cell>
    <Cell ss:StyleID="s36"><Data ss:Type="Number">603486106</Data></Cell>
    <Cell ss:StyleID="s36"><Data ss:Type="Number">8329840</Data></Cell>
   </Row>
   <Row ss:AutoFitHeight="0" ss:Height="15">
    <Cell ss:StyleID="s35"><Data ss:Type="String"> - спиртосодержащая продукция</Data></Cell>
    <Cell ss:StyleID="s32"><Data ss:Type="String">080</Data></Cell>
    <Cell ss:StyleID="s33"><Data ss:Type="String">291,292,293</Data></Cell>
    <Cell ss:StyleID="s36"><Data ss:Type="Number">11320056</Data></Cell>
    <Cell ss:StyleID="s36"><Data ss:Type="Number">517611</Data></Cell>
   </Row>
   <Row ss:AutoFitHeight="0" ss:Height="17.25">
    <Cell ss:StyleID="s39"><Data ss:Type="String">Сумма акциза, подлежащая вычету</Data></Cell>
    <Cell ss:StyleID="s32"><Data ss:Type="String">090</Data></Cell>
    <Cell ss:StyleID="s33"><Data ss:Type="String">Х</Data></Cell>
    <Cell ss:StyleID="s34"><Data ss:Type="String">Х</Data></Cell>
    <Cell ss:StyleID="s34"><Data ss:Type="String">Х</Data></Cell>
   </Row>
   <Row ss:AutoFitHeight="0" ss:Height="42.75">
    <Cell ss:StyleID="s35"><Data ss:Type="String"> - денатурированный этиловый спирт, направленный на производство неспиртосодержащей продукции, организацией, имеющей свидетельство на производство неспиртосодержащей продукции</Data></Cell>
    <Cell ss:StyleID="s33"><Data ss:Type="Number">100</Data></Cell>
    <Cell ss:StyleID="s33"><Data ss:Type="String">111, 121</Data></Cell>
    <Cell ss:StyleID="s34"><Data ss:Type="String">Х</Data></Cell>
    <Cell ss:StyleID="s36"><Data ss:Type="Number">1173493</Data></Cell>
   </Row>
   <Row ss:AutoFitHeight="0" ss:Height="27.75">
    <Cell ss:StyleID="s28"><Data ss:Type="String"> - денатурированный этиловый спирт, реализованный организациям, имеющим свидетельство на производство неспиртосодержащей продукции</Data></Cell>
    <Cell ss:StyleID="s40"><Data ss:Type="Number">110</Data></Cell>
    <Cell ss:StyleID="s40"><Data ss:Type="String">111, 121</Data></Cell>
    <Cell ss:StyleID="s40"><Data ss:Type="String">Х</Data></Cell>
    <Cell ss:StyleID="s36"><Data ss:Type="Number">1266067</Data></Cell>
   </Row>
   <Row ss:Height="25.5">
    <Cell ss:StyleID="s28"><Data ss:Type="String"> - алкогольная продукция с объемной долей этилового спирта свыше 25 процентов (за исключением вин)</Data></Cell>
    <Cell ss:StyleID="s40"><Data ss:Type="Number">120</Data></Cell>
    <Cell ss:StyleID="s40"><Data ss:Type="Number">210</Data></Cell>
    <Cell ss:StyleID="s40"><Data ss:Type="String">Х</Data></Cell>
    <Cell ss:StyleID="s36"><Data ss:Type="Number">16124430</Data></Cell>
   </Row>
   <Row ss:Height="25.5">
    <Cell ss:StyleID="s28"><Data ss:Type="String"> - алкогольная продукция с объемной долей этилового спирта свыше 9 и до 25 процентов включительно (за исключением вин)</Data></Cell>
    <Cell ss:StyleID="s40"><Data ss:Type="Number">130</Data></Cell>
    <Cell ss:StyleID="s40"><Data ss:Type="Number">220</Data></Cell>
    <Cell ss:StyleID="s40"><Data ss:Type="String">Х</Data></Cell>
    <Cell ss:StyleID="s36"><Data ss:Type="Number">304720</Data></Cell>
   </Row>
   <Row ss:Height="25.5">
    <Cell ss:StyleID="s28"><Data ss:Type="String"> - алкогольная продукция с объемной долей этилового спирта до 9 процентов включительно (за исключением вин)</Data></Cell>
    <Cell ss:StyleID="s40"><Data ss:Type="Number">140</Data></Cell>
    <Cell ss:StyleID="s40"><Data ss:Type="Number">230</Data></Cell>
    <Cell ss:StyleID="s40"><Data ss:Type="String">Х</Data></Cell>
    <Cell ss:StyleID="s36"><Data ss:Type="Number">708848</Data></Cell>
   </Row>
   <Row ss:AutoFitHeight="0" ss:Height="17.25">
    <Cell ss:StyleID="s28"><Data ss:Type="String"> - вина</Data></Cell>
    <Cell ss:StyleID="s40"><Data ss:Type="Number">150</Data></Cell>
    <Cell ss:StyleID="s40"><Data ss:Type="String">240,270,282</Data></Cell>
    <Cell ss:StyleID="s40"><Data ss:Type="String">Х</Data></Cell>
    <Cell ss:StyleID="s36"><Data ss:Type="Number">3146049</Data></Cell>
   </Row>
   <Row ss:AutoFitHeight="0" ss:Height="18.75">
    <Cell ss:StyleID="s28"><Data ss:Type="String"> - спиртосодержащая продукция</Data></Cell>
    <Cell ss:StyleID="s40"><Data ss:Type="Number">160</Data></Cell>
    <Cell ss:StyleID="s40"><Data ss:Type="String">291,292,293</Data></Cell>
    <Cell ss:StyleID="s40"><Data ss:Type="String">Х</Data></Cell>
    <Cell ss:StyleID="s36"><Data ss:Type="Number">692033</Data></Cell>
   </Row>
   <Row ss:Height="25.5">
    <Cell ss:StyleID="s29"><Data ss:Type="String">Реализация подакцизных товаров на экспорт при отсутствии поручительства банков или банковской гарантии</Data></Cell>
    <Cell ss:StyleID="s40"><Data ss:Type="Number">170</Data></Cell>
    <Cell ss:StyleID="s40"><Data ss:Type="String">Х</Data></Cell>
    <Cell ss:StyleID="s40"><Data ss:Type="String">Х</Data></Cell>
    <Cell ss:StyleID="s40"><Data ss:Type="String">Х</Data></Cell>
   </Row>
   <Row ss:AutoFitHeight="0" ss:Height="15.75">
    <Cell ss:StyleID="s28"><Data ss:Type="String"> - спирт этиловый (в том числе этиловый спирт-сырец) из пищевого сырья</Data></Cell>
    <Cell ss:StyleID="s40"><Data ss:Type="Number">180</Data></Cell>
    <Cell ss:StyleID="s40"><Data ss:Type="Number">110.111</Data></Cell>
    <Cell ss:StyleID="s36"><Data ss:Type="Number">1577723</Data></Cell>
    <Cell ss:StyleID="s36"><Data ss:Type="Number">35827</Data></Cell>
   </Row>
   <Row ss:Height="25.5">
    <Cell ss:StyleID="s28"><Data ss:Type="String"> - спирт этиловый (в том числе этиловый спирт-сырец) из всех видов сырья, за исключением птщевого</Data></Cell>
    <Cell ss:StyleID="s40"><Data ss:Type="Number">190</Data></Cell>
    <Cell ss:StyleID="s40"><Data ss:Type="Number">120.121</Data></Cell>
    <Cell ss:StyleID="s36"><Data ss:Type="Number">372329</Data></Cell>
    <Cell ss:StyleID="s36"><Data ss:Type="Number">8750</Data></Cell>
   </Row>
   <Row ss:Height="25.5">
    <Cell ss:StyleID="s28"><Data ss:Type="String"> - алкогольная продукция с объемной долей этилового спирта свыше 25 процентов (за исключением вин)</Data></Cell>
    <Cell ss:StyleID="s40"><Data ss:Type="Number">200</Data></Cell>
    <Cell ss:StyleID="s40"><Data ss:Type="Number">210</Data></Cell>
    <Cell ss:StyleID="s36"><Data ss:Type="Number">5096836</Data></Cell>
    <Cell ss:StyleID="s36"><Data ss:Type="Number">810116</Data></Cell>
   </Row>
   <Row ss:Height="25.5">
    <Cell ss:StyleID="s28"><Data ss:Type="String"> - алкогольная продукция с объемной долей этилового спирта свыше 9 и до 25 процентов включительно (за исключением вин)</Data></Cell>
    <Cell ss:StyleID="s40"><Data ss:Type="Number">210</Data></Cell>
    <Cell ss:StyleID="s40"><Data ss:Type="Number">220</Data></Cell>
    <Cell ss:StyleID="s36"><Data ss:Type="Number">125720276</Data></Cell>
    <Cell ss:StyleID="s36"><Data ss:Type="Number">41326</Data></Cell>
   </Row>
   <Row ss:Height="25.5">
    <Cell ss:StyleID="s28"><Data ss:Type="String"> - алкогольная продукция с объемной долей этилового спирта до 9 процентов включительно (за исключением вин)</Data></Cell>
    <Cell ss:StyleID="s40"><Data ss:Type="Number">220</Data></Cell>
    <Cell ss:StyleID="s40"><Data ss:Type="Number">230</Data></Cell>
    <Cell ss:StyleID="s36"><Data ss:Type="Number">45382</Data></Cell>
    <Cell ss:StyleID="s36"><Data ss:Type="Number">7352</Data></Cell>
   </Row>
   <Row ss:AutoFitHeight="0" ss:Height="18">
    <Cell ss:StyleID="s28"><Data ss:Type="String"> - вина</Data></Cell>
    <Cell ss:StyleID="s40"><Data ss:Type="Number">230</Data></Cell>
    <Cell ss:StyleID="s41"><Data ss:Type="String">240,270,282</Data></Cell>
    <Cell ss:StyleID="s36"><Data ss:Type="Number">425660</Data></Cell>
    <Cell ss:StyleID="s36"><Data ss:Type="Number">10216</Data></Cell>
   </Row>
   <Row ss:AutoFitHeight="0" ss:Height="18">
    <Cell ss:StyleID="s28"><Data ss:Type="String"> - спиртосодержащая продукция</Data></Cell>
    <Cell ss:StyleID="s40"><Data ss:Type="Number">240</Data></Cell>
    <Cell ss:StyleID="s41"><Data ss:Type="String">291,292,293</Data></Cell>
    <Cell ss:StyleID="s36"><Data ss:Type="Number">1642911</Data></Cell>
    <Cell ss:StyleID="s36"><Data ss:Type="Number">258823</Data></Cell>
   </Row>
   <Row ss:Height="25.5">
    <Cell ss:StyleID="s29"><Data ss:Type="String">Сумма акциза, предъявленная к возмещению, по подакцизным товарам, факт экспорта которых документально подтвержден</Data></Cell>
    <Cell ss:StyleID="s40"><Data ss:Type="Number">250</Data></Cell>
    <Cell ss:StyleID="s40"><Data ss:Type="String">Х</Data></Cell>
    <Cell ss:StyleID="s40"><Data ss:Type="String">Х</Data></Cell>
    <Cell ss:StyleID="s40"><Data ss:Type="String">Х</Data></Cell>
   </Row>
   <Row>
    <Cell ss:StyleID="s28"><Data ss:Type="String"> - спирт этиловый (в том числе этиловый спирт-сырец) из пищевого сырья</Data></Cell>
    <Cell ss:StyleID="s40"><Data ss:Type="Number">260</Data></Cell>
    <Cell ss:StyleID="s40"><Data ss:Type="Number">110.111</Data></Cell>
    <Cell ss:StyleID="s36"><Data ss:Type="Number">1851249</Data></Cell>
    <Cell ss:StyleID="s36"><Data ss:Type="Number">32523</Data></Cell>
   </Row>
   <Row ss:Height="25.5">
    <Cell ss:StyleID="s28"><Data ss:Type="String"> - спирт этиловый (в том числе этиловый спирт-сырец) из всех видов сырья, за исключением птщевого</Data></Cell>
    <Cell ss:StyleID="s40"><Data ss:Type="Number">270</Data></Cell>
    <Cell ss:StyleID="s40"><Data ss:Type="Number">120.121</Data></Cell>
    <Cell ss:StyleID="s36"><Data ss:Type="Number">455016</Data></Cell>
    <Cell ss:StyleID="s36"><Data ss:Type="Number">10587</Data></Cell>
   </Row>
   <Row ss:Height="25.5">
    <Cell ss:StyleID="s28"><Data ss:Type="String"> - алкогольная продукция с объемной долей этилового спирта свыше 25 процентов (за исключением вин)</Data></Cell>
    <Cell ss:StyleID="s40"><Data ss:Type="Number">280</Data></Cell>
    <Cell ss:StyleID="s40"><Data ss:Type="Number">210</Data></Cell>
    <Cell ss:StyleID="s36"><Data ss:Type="Number">181710578</Data></Cell>
    <Cell ss:StyleID="s36"><Data ss:Type="Number">888500</Data></Cell>
   </Row>
   <Row ss:Height="25.5">
    <Cell ss:StyleID="s28"><Data ss:Type="String"> - алкогольная продукция с объемной долей этилового спирта свыше 9 и до 25 процентов включительно (за исключением вин)</Data></Cell>
    <Cell ss:StyleID="s40"><Data ss:Type="Number">290</Data></Cell>
    <Cell ss:StyleID="s40"><Data ss:Type="Number">220</Data></Cell>
    <Cell ss:StyleID="s36"><Data ss:Type="Number">35952</Data></Cell>
    <Cell ss:StyleID="s36"><Data ss:Type="Number">5426</Data></Cell>
   </Row>
   <Row ss:Height="25.5">
    <Cell ss:StyleID="s28"><Data ss:Type="String"> - алкогольная продукция с объемной долей этилового спирта до 9 процентов включительно (за исключением вин)</Data></Cell>
    <Cell ss:StyleID="s40"><Data ss:Type="Number">300</Data></Cell>
    <Cell ss:StyleID="s40"><Data ss:Type="Number">230</Data></Cell>
    <Cell ss:StyleID="s36"><Data ss:Type="Number">46484</Data></Cell>
    <Cell ss:StyleID="s36"><Data ss:Type="Number">7178</Data></Cell>
   </Row>
   <Row ss:AutoFitHeight="0" ss:Height="18">
    <Cell ss:StyleID="s28"><Data ss:Type="String"> - вина</Data></Cell>
    <Cell ss:StyleID="s40"><Data ss:Type="Number">310</Data></Cell>
    <Cell ss:StyleID="s40"><Data ss:Type="String">240,270,282</Data></Cell>
    <Cell ss:StyleID="s36"><Data ss:Type="Number">216818</Data></Cell>
    <Cell ss:StyleID="s36"><Data ss:Type="Number">10633</Data></Cell>
   </Row>
   <Row ss:AutoFitHeight="0" ss:Height="18">
    <Cell ss:StyleID="s28"><Data ss:Type="String"> - спиртосодержащая продукция</Data></Cell>
    <Cell ss:StyleID="s40"><Data ss:Type="Number">320</Data></Cell>
    <Cell ss:StyleID="s40"><Data ss:Type="String">291,292,293</Data></Cell>
    <Cell ss:StyleID="s36"><Data ss:Type="Number">1549229</Data></Cell>
    <Cell ss:StyleID="s36"><Data ss:Type="Number">244618</Data></Cell>
   </Row>
   <Row>
    <Cell ss:StyleID="s42"/>
    <Cell ss:StyleID="s42"/>
    <Cell ss:StyleID="s42"/>
    <Cell ss:StyleID="s42"/>
    <Cell ss:StyleID="s42"/>
   </Row>
  </Table>
  <WorksheetOptions xmlns="urn:schemas-microsoft-com:office:excel">
   <PageSetup>
    <Layout x:Orientation="Landscape" x:CenterHorizontal="1"/>
    <Header x:Margin="0.19685039370078741"/>
    <Footer x:Margin="0.51181102362204722"/>
    <PageMargins x:Bottom="0.39370078740157483" x:Left="0.39370078740157483"
     x:Right="0.39370078740157483" x:Top="0.39370078740157483"/>
   </PageSetup>
   <Print>
    <ValidPrinterInfo/>
    <PaperSizeIndex>9</PaperSizeIndex>
    <HorizontalResolution>600</HorizontalResolution>
    <VerticalResolution>600</VerticalResolution>
   </Print>
   <Zoom>75</Zoom>
   <Selected/>
   <Panes>
    <Pane>
     <Number>3</Number>
     <ActiveRow>34</ActiveRow>
     <ActiveCol>3</ActiveCol>
    </Pane>
   </Panes>
   <ProtectObjects>False</ProtectObjects>
   <ProtectScenarios>False</ProtectScenarios>
  </WorksheetOptions>
 </Worksheet>
 <Worksheet ss:Name="hidden1">
  <Table ss:ExpandedColumnCount="2" ss:ExpandedRowCount="33" x:FullColumns="1"
   x:FullRows="1">
   <Row>
    <Cell><Data ss:Type="Number">0</Data></Cell>
    <Cell><Data ss:Type="Number">0</Data></Cell>
   </Row>
   <Row>
    <Cell><Data ss:Type="Number">465120258</Data></Cell>
    <Cell><Data ss:Type="Number">10826612</Data></Cell>
   </Row>
   <Row>
    <Cell><Data ss:Type="Number">92528643</Data></Cell>
    <Cell><Data ss:Type="Number">2162217</Data></Cell>
   </Row>
   <Row>
    <Cell><Data ss:Type="Number">507862492</Data></Cell>
    <Cell><Data ss:Type="Number">81233342</Data></Cell>
   </Row>
   <Row>
    <Cell><Data ss:Type="Number">9849248</Data></Cell>
    <Cell><Data ss:Type="Number">1540546</Data></Cell>
   </Row>
   <Row>
    <Cell><Data ss:Type="Number">32677934</Data></Cell>
    <Cell><Data ss:Type="Number">4335056</Data></Cell>
   </Row>
   <Row>
    <Cell><Data ss:Type="Number">603486106</Data></Cell>
    <Cell><Data ss:Type="Number">8329840</Data></Cell>
   </Row>
   <Row>
    <Cell><Data ss:Type="Number">11320056</Data></Cell>
    <Cell><Data ss:Type="Number">517611</Data></Cell>
   </Row>
   <Row>
    <Cell><Data ss:Type="Number">0</Data></Cell>
    <Cell><Data ss:Type="Number">0</Data></Cell>
   </Row>
   <Row>
    <Cell><Data ss:Type="Number">0</Data></Cell>
    <Cell><Data ss:Type="Number">1173493</Data></Cell>
   </Row>
   <Row>
    <Cell><Data ss:Type="Number">0</Data></Cell>
    <Cell><Data ss:Type="Number">1266067</Data></Cell>
   </Row>
   <Row>
    <Cell><Data ss:Type="Number">0</Data></Cell>
    <Cell><Data ss:Type="Number">16124430</Data></Cell>
   </Row>
   <Row>
    <Cell><Data ss:Type="Number">0</Data></Cell>
    <Cell><Data ss:Type="Number">304720</Data></Cell>
   </Row>
   <Row>
    <Cell><Data ss:Type="Number">0</Data></Cell>
    <Cell><Data ss:Type="Number">708848</Data></Cell>
   </Row>
   <Row>
    <Cell><Data ss:Type="Number">0</Data></Cell>
    <Cell><Data ss:Type="Number">3146049</Data></Cell>
   </Row>
   <Row>
    <Cell><Data ss:Type="Number">0</Data></Cell>
    <Cell><Data ss:Type="Number">692033</Data></Cell>
   </Row>
   <Row>
    <Cell><Data ss:Type="Number">0</Data></Cell>
    <Cell><Data ss:Type="Number">0</Data></Cell>
   </Row>
   <Row>
    <Cell><Data ss:Type="Number">1577723</Data></Cell>
    <Cell><Data ss:Type="Number">35827</Data></Cell>
   </Row>
   <Row>
    <Cell><Data ss:Type="Number">372329</Data></Cell>
    <Cell><Data ss:Type="Number">8750</Data></Cell>
   </Row>
   <Row>
    <Cell><Data ss:Type="Number">5096836</Data></Cell>
    <Cell><Data ss:Type="Number">810116</Data></Cell>
   </Row>
   <Row>
    <Cell><Data ss:Type="Number">125720276</Data></Cell>
    <Cell><Data ss:Type="Number">41326</Data></Cell>
   </Row>
   <Row>
    <Cell><Data ss:Type="Number">45382</Data></Cell>
    <Cell><Data ss:Type="Number">7352</Data></Cell>
   </Row>
   <Row>
    <Cell><Data ss:Type="Number">425660</Data></Cell>
    <Cell><Data ss:Type="Number">10216</Data></Cell>
   </Row>
   <Row>
    <Cell><Data ss:Type="Number">1642911</Data></Cell>
    <Cell><Data ss:Type="Number">258823</Data></Cell>
   </Row>
   <Row>
    <Cell><Data ss:Type="Number">0</Data></Cell>
    <Cell><Data ss:Type="Number">0</Data></Cell>
   </Row>
   <Row>
    <Cell><Data ss:Type="Number">1851249</Data></Cell>
    <Cell><Data ss:Type="Number">32523</Data></Cell>
   </Row>
   <Row>
    <Cell><Data ss:Type="Number">455016</Data></Cell>
    <Cell><Data ss:Type="Number">10587</Data></Cell>
   </Row>
   <Row>
    <Cell><Data ss:Type="Number">181710578</Data></Cell>
    <Cell><Data ss:Type="Number">888500</Data></Cell>
   </Row>
   <Row>
    <Cell><Data ss:Type="Number">35952</Data></Cell>
    <Cell><Data ss:Type="Number">5426</Data></Cell>
   </Row>
   <Row>
    <Cell><Data ss:Type="Number">46484</Data></Cell>
    <Cell><Data ss:Type="Number">7178</Data></Cell>
   </Row>
   <Row>
    <Cell><Data ss:Type="Number">216818</Data></Cell>
    <Cell><Data ss:Type="Number">10633</Data></Cell>
   </Row>
   <Row>
    <Cell><Data ss:Type="Number">1549229</Data></Cell>
    <Cell><Data ss:Type="Number">244618</Data></Cell>
   </Row>
   <Row>
    <Cell><Data ss:Type="Number">2043591180</Data></Cell>
    <Cell><Data ss:Type="Number">134732739</Data></Cell>
   </Row>
  </Table>
  <WorksheetOptions xmlns="urn:schemas-microsoft-com:office:excel">
   <Visible>SheetHidden</Visible>
   <Panes>
    <Pane>
     <Number>3</Number>
     <ActiveCol>1</ActiveCol>
    </Pane>
   </Panes>
   <ProtectObjects>False</ProtectObjects>
   <ProtectScenarios>False</ProtectScenarios>
  </WorksheetOptions>
 </Worksheet>
</Workbook>
