<?xml version="1.0"?>
<?mso-application progid="Excel.Sheet"?>
<Workbook xmlns="urn:schemas-microsoft-com:office:spreadsheet"
 xmlns:o="urn:schemas-microsoft-com:office:office"
 xmlns:x="urn:schemas-microsoft-com:office:excel"
 xmlns:ss="urn:schemas-microsoft-com:office:spreadsheet"
 xmlns:html="http://www.w3.org/TR/REC-html40">
 <DocumentProperties xmlns="urn:schemas-microsoft-com:office:office">
  <Author>Kravchenko</Author>
  <LastAuthor>balmaster</LastAuthor>
  <LastPrinted>2009-03-25T12:21:04Z</LastPrinted>
  <Created>2007-01-29T14:19:41Z</Created>
  <LastSaved>2010-03-22T10:15:50Z</LastSaved>
  <Company>GNIVC FNS RU</Company>
  <Version>12.00</Version>
 </DocumentProperties>
 <ExcelWorkbook xmlns="urn:schemas-microsoft-com:office:excel">
  <WindowHeight>9120</WindowHeight>
  <WindowWidth>12120</WindowWidth>
  <WindowTopX>480</WindowTopX>
  <WindowTopY>45</WindowTopY>
  <ProtectStructure>False</ProtectStructure>
  <ProtectWindows>False</ProtectWindows>
 </ExcelWorkbook>
 <Styles>
  <Style ss:ID="Default" ss:Name="Normal">
   <Alignment ss:Vertical="Bottom"/>
   <Borders/>
   <Font ss:FontName="Arial Cyr" x:CharSet="204"/>
   <Interior/>
   <NumberFormat/>
   <Protection/>
  </Style>
  <Style ss:ID="s21">
   <Font ss:FontName="Arial" x:CharSet="204" x:Family="Swiss"/>
  </Style>
  <Style ss:ID="s22">
   <Alignment ss:Horizontal="Left" ss:Vertical="Center" ss:WrapText="1"/>
   <Borders>
    <Border ss:Position="Bottom" ss:LineStyle="Continuous" ss:Weight="1"/>
    <Border ss:Position="Left" ss:LineStyle="Continuous" ss:Weight="1"/>
    <Border ss:Position="Right" ss:LineStyle="Continuous" ss:Weight="1"/>
    <Border ss:Position="Top" ss:LineStyle="Continuous" ss:Weight="1"/>
   </Borders>
   <Font ss:FontName="Arial" x:CharSet="204" x:Family="Swiss" ss:Bold="1"/>
  </Style>
  <Style ss:ID="s23">
   <Alignment ss:Horizontal="Left" ss:Vertical="Center" ss:Indent="1"
    ss:WrapText="1"/>
   <Borders>
    <Border ss:Position="Bottom" ss:LineStyle="Continuous" ss:Weight="1"/>
    <Border ss:Position="Left" ss:LineStyle="Continuous" ss:Weight="1"/>
    <Border ss:Position="Right" ss:LineStyle="Continuous" ss:Weight="1"/>
    <Border ss:Position="Top" ss:LineStyle="Continuous" ss:Weight="1"/>
   </Borders>
   <Font ss:FontName="Arial" x:CharSet="204" x:Family="Swiss"/>
  </Style>
  <Style ss:ID="s24">
   <Alignment ss:Horizontal="Center" ss:Vertical="Center" ss:WrapText="1"/>
   <Borders>
    <Border ss:Position="Bottom" ss:LineStyle="Continuous" ss:Weight="1"/>
    <Border ss:Position="Left" ss:LineStyle="Continuous" ss:Weight="1"/>
    <Border ss:Position="Right" ss:LineStyle="Continuous" ss:Weight="1"/>
    <Border ss:Position="Top" ss:LineStyle="Continuous" ss:Weight="1"/>
   </Borders>
   <Font ss:FontName="Arial" x:CharSet="204" x:Family="Swiss"/>
  </Style>
  <Style ss:ID="s25">
   <Alignment ss:Horizontal="Center" ss:Vertical="Center" ss:WrapText="1"/>
   <Borders>
    <Border ss:Position="Bottom" ss:LineStyle="Continuous" ss:Weight="1"/>
    <Border ss:Position="Left" ss:LineStyle="Continuous" ss:Weight="1"/>
    <Border ss:Position="Right" ss:LineStyle="Continuous" ss:Weight="1"/>
    <Border ss:Position="Top" ss:LineStyle="Continuous" ss:Weight="1"/>
   </Borders>
   <Font ss:FontName="Arial" x:CharSet="204" x:Family="Swiss" ss:Bold="1"/>
  </Style>
  <Style ss:ID="s26">
   <Font ss:FontName="Arial" x:CharSet="204" x:Family="Swiss" ss:Bold="1"/>
  </Style>
  <Style ss:ID="s27">
   <Alignment ss:Horizontal="Center" ss:Vertical="Bottom" ss:WrapText="1"/>
   <Borders>
    <Border ss:Position="Bottom" ss:LineStyle="Continuous" ss:Weight="1"/>
    <Border ss:Position="Left" ss:LineStyle="Continuous" ss:Weight="1"/>
    <Border ss:Position="Right" ss:LineStyle="Continuous" ss:Weight="1"/>
    <Border ss:Position="Top" ss:LineStyle="Continuous" ss:Weight="1"/>
   </Borders>
   <Font ss:FontName="Arial" x:CharSet="204" x:Family="Swiss"/>
   <NumberFormat ss:Format="#,##0"/>
  </Style>
  <Style ss:ID="s28">
   <Alignment ss:Horizontal="Right" ss:Vertical="Bottom" ss:WrapText="1"/>
   <Borders>
    <Border ss:Position="Bottom" ss:LineStyle="Continuous" ss:Weight="1"/>
    <Border ss:Position="Left" ss:LineStyle="Continuous" ss:Weight="1"/>
    <Border ss:Position="Right" ss:LineStyle="Continuous" ss:Weight="1"/>
    <Border ss:Position="Top" ss:LineStyle="Continuous" ss:Weight="1"/>
   </Borders>
   <Font ss:FontName="Arial" x:CharSet="204" x:Family="Swiss"/>
   <NumberFormat ss:Format="#,##0"/>
  </Style>
  <Style ss:ID="s29">
   <Alignment ss:Horizontal="Right" ss:Vertical="Bottom" ss:WrapText="1"/>
   <Font ss:FontName="Arial" x:CharSet="204" x:Family="Swiss"/>
  </Style>
  <Style ss:ID="s30">
   <Alignment ss:Horizontal="Right" ss:Vertical="Bottom"/>
   <Font ss:FontName="Arial" x:CharSet="204" x:Family="Swiss"/>
  </Style>
  <Style ss:ID="s31">
   <Alignment ss:Horizontal="Center" ss:Vertical="Bottom" ss:WrapText="1"/>
   <Borders>
    <Border ss:Position="Bottom" ss:LineStyle="Continuous" ss:Weight="1"/>
    <Border ss:Position="Left" ss:LineStyle="Continuous" ss:Weight="1"/>
    <Border ss:Position="Right" ss:LineStyle="Continuous" ss:Weight="1"/>
    <Border ss:Position="Top" ss:LineStyle="Continuous" ss:Weight="1"/>
   </Borders>
   <Font ss:FontName="Arial" x:CharSet="204" x:Family="Swiss"/>
   <NumberFormat ss:Format="@"/>
  </Style>
  <Style ss:ID="s32">
   <Alignment ss:Horizontal="Center" ss:Vertical="Bottom" ss:WrapText="1"/>
   <Borders>
    <Border ss:Position="Bottom" ss:LineStyle="Continuous" ss:Weight="1"/>
    <Border ss:Position="Left" ss:LineStyle="Continuous" ss:Weight="1"/>
    <Border ss:Position="Right" ss:LineStyle="Continuous" ss:Weight="1"/>
    <Border ss:Position="Top" ss:LineStyle="Continuous" ss:Weight="1"/>
   </Borders>
   <Font ss:FontName="Arial" x:CharSet="204" x:Family="Swiss"/>
   <NumberFormat ss:Format="@"/>
   <Protection ss:Protected="0"/>
  </Style>
  <Style ss:ID="s33">
   <Alignment ss:Horizontal="Left" ss:Vertical="Bottom"/>
   <Font ss:FontName="Arial" x:CharSet="204" x:Family="Swiss"/>
  </Style>
  <Style ss:ID="s36">
   <Alignment ss:Horizontal="Center" ss:Vertical="Center" ss:WrapText="1"/>
   <Font ss:FontName="Arial" x:CharSet="204" x:Family="Swiss" ss:Size="12"
    ss:Bold="1"/>
  </Style>
  <Style ss:ID="s37">
   <Alignment ss:Horizontal="Center" ss:Vertical="Center"/>
   <Font ss:FontName="Arial" x:CharSet="204" x:Family="Swiss" ss:Size="11"
    ss:Bold="1"/>
  </Style>
 </Styles>
 <Worksheet ss:Name="5-АМ">
  <Table ss:ExpandedColumnCount="6" ss:ExpandedRowCount="21" x:FullColumns="1"
   x:FullRows="1" ss:StyleID="s21">
   <Column ss:StyleID="s21" ss:AutoFitWidth="0" ss:Width="348.75"/>
   <Column ss:StyleID="s21" ss:AutoFitWidth="0" ss:Width="37.5"/>
   <Column ss:StyleID="s21" ss:AutoFitWidth="0" ss:Width="53.25"/>
   <Column ss:StyleID="s21" ss:AutoFitWidth="0" ss:Width="79.5" ss:Span="1"/>
   <Column ss:Index="6" ss:StyleID="s21" ss:AutoFitWidth="0" ss:Width="81"/>
   <Row ss:AutoFitHeight="0" ss:Height="24.75">
    <Cell ss:Index="6" ss:StyleID="s29"><Data ss:Type="String">Форма № 5-АМ&#10;годовая</Data></Cell>
   </Row>
   <Row ss:AutoFitHeight="0" ss:Height="30">
    <Cell ss:MergeAcross="5" ss:StyleID="s36"><Data ss:Type="String">ОТЧЕТ&#10;О НАЛОГОВОЙ БАЗЕ И СТРУКТУРЕ НАЧИСЛЕНИЙ ПО АКЦИЗАМ НА АВТОМОБИЛИ ЛЕГКОВЫЕ И МОТОЦИКЛЫ</Data></Cell>
   </Row>
   <Row ss:Height="15">
    <Cell ss:MergeAcross="5" ss:StyleID="s37"><Data ss:Type="String">по состоянию на 01.01.2009 г.</Data></Cell>
   </Row>
   <Row>
    <Cell ss:StyleID="s26"><Data ss:Type="String">Всего по России                                         </Data></Cell>
   </Row>
   <Row ss:Height="51">
    <Cell ss:StyleID="s24"><Data ss:Type="String">Показатели</Data></Cell>
    <Cell ss:StyleID="s24"><Data ss:Type="String">Код строки </Data></Cell>
    <Cell ss:StyleID="s24"><Data ss:Type="String">Код вида продукции</Data></Cell>
    <Cell ss:StyleID="s24"><Data ss:Type="String">Количество автомобилей и мотоциклов&#10;(шт)</Data></Cell>
    <Cell ss:StyleID="s24"><Data ss:Type="String">Значение показателей&#10;(л.с.)</Data></Cell>
    <Cell ss:StyleID="s24"><Data ss:Type="String">Сумма акциза&#10;(тыс.руб.)</Data></Cell>
   </Row>
   <Row>
    <Cell ss:StyleID="s25"><Data ss:Type="String">А</Data></Cell>
    <Cell ss:StyleID="s25"><Data ss:Type="String">Б</Data></Cell>
    <Cell ss:StyleID="s25"><Data ss:Type="String">В</Data></Cell>
    <Cell ss:StyleID="s25"><Data ss:Type="Number">1</Data></Cell>
    <Cell ss:StyleID="s25"><Data ss:Type="Number">2</Data></Cell>
    <Cell ss:StyleID="s25"><Data ss:Type="Number">3</Data></Cell>
   </Row>
   <Row ss:AutoFitHeight="0" ss:Height="14.25">
    <Cell ss:StyleID="s22"><Data ss:Type="String">Операции, подлежащие налогообложению акцизами</Data></Cell>
    <Cell ss:StyleID="s31"><Data ss:Type="String">010</Data></Cell>
    <Cell ss:StyleID="s27"><Data ss:Type="String">Х</Data></Cell>
    <Cell ss:StyleID="s28"><Data ss:Type="String">Х</Data></Cell>
    <Cell ss:StyleID="s28"><Data ss:Type="String">Х</Data></Cell>
    <Cell ss:StyleID="s28"><Data ss:Type="Number">3177520</Data></Cell>
   </Row>
   <Row ss:Height="25.5">
    <Cell ss:StyleID="s23"><Data ss:Type="String">автомобили легковые с мощностью двигателя до 67,5 кВт (90 л.с.) включительно</Data></Cell>
    <Cell ss:StyleID="s31"><Data ss:Type="String">020</Data></Cell>
    <Cell ss:StyleID="s27"><Data ss:Type="Number">510</Data></Cell>
    <Cell ss:StyleID="s28"><Data ss:Type="Number">775109</Data></Cell>
    <Cell ss:StyleID="s28"><Data ss:Type="Number">59778817</Data></Cell>
    <Cell ss:StyleID="s28"><Data ss:Type="String">Х</Data></Cell>
   </Row>
   <Row ss:Height="25.5">
    <Cell ss:StyleID="s23"><Data ss:Type="String">автомобили легковые с мощностью двигателя свыше 67,5 кВт (90 л.с.) и до 112,5 кВт (150 л.с.) включительно</Data></Cell>
    <Cell ss:StyleID="s31"><Data ss:Type="String">030</Data></Cell>
    <Cell ss:StyleID="s27"><Data ss:Type="Number">520</Data></Cell>
    <Cell ss:StyleID="s28"><Data ss:Type="Number">576742</Data></Cell>
    <Cell ss:StyleID="s28"><Data ss:Type="Number">62360313</Data></Cell>
    <Cell ss:StyleID="s28"><Data ss:Type="Number">1195153</Data></Cell>
   </Row>
   <Row ss:AutoFitHeight="0" ss:Height="17.25">
    <Cell ss:StyleID="s23"><Data ss:Type="String">автомобили легковые с мощностью двигателя свыше 112,5 кВт (150 л.с.)</Data></Cell>
    <Cell ss:StyleID="s31"><Data ss:Type="String">040</Data></Cell>
    <Cell ss:StyleID="s27"><Data ss:Type="Number">531</Data></Cell>
    <Cell ss:StyleID="s28"><Data ss:Type="Number">51086</Data></Cell>
    <Cell ss:StyleID="s28"><Data ss:Type="Number">10253284</Data></Cell>
    <Cell ss:StyleID="s28"><Data ss:Type="Number">1982367</Data></Cell>
   </Row>
   <Row>
    <Cell ss:StyleID="s23"><Data ss:Type="String">мотоциклы с мощностью двигателя свыше 112,5 кВт (150 л.с.) </Data></Cell>
    <Cell ss:StyleID="s32"><Data ss:Type="String">050</Data></Cell>
    <Cell ss:StyleID="s27"><Data ss:Type="Number">532</Data></Cell>
    <Cell ss:StyleID="s28"><Data ss:Type="Number">0</Data></Cell>
    <Cell ss:StyleID="s28"><Data ss:Type="Number">0</Data></Cell>
    <Cell ss:StyleID="s28"><Data ss:Type="Number">0</Data></Cell>
   </Row>
   <Row ss:AutoFitHeight="0" ss:Height="42">
    <Cell ss:StyleID="s22"><Data ss:Type="String">Сумма акциза, предъявленная к возмещению, по автомобилям легковым и мотоциклам, факт экспорта которых документально подтвержден (за исключением экспорта в Республику Беларусь)</Data></Cell>
    <Cell ss:StyleID="s31"><Data ss:Type="String">060</Data></Cell>
    <Cell ss:StyleID="s27"><Data ss:Type="String">Х</Data></Cell>
    <Cell ss:StyleID="s28"><Data ss:Type="String">Х</Data></Cell>
    <Cell ss:StyleID="s28"><Data ss:Type="String">Х</Data></Cell>
    <Cell ss:StyleID="s28"><Data ss:Type="Number">45447</Data></Cell>
   </Row>
   <Row ss:Height="25.5">
    <Cell ss:StyleID="s23"><Data ss:Type="String">автомобили легковые с мощностью двигателя до 67,5 кВт (90 л.с.) включительно</Data></Cell>
    <Cell ss:StyleID="s31"><Data ss:Type="String">070</Data></Cell>
    <Cell ss:StyleID="s27"><Data ss:Type="Number">510</Data></Cell>
    <Cell ss:StyleID="s28"><Data ss:Type="String">Х</Data></Cell>
    <Cell ss:StyleID="s28"><Data ss:Type="Number">157045</Data></Cell>
    <Cell ss:StyleID="s28"><Data ss:Type="String">Х</Data></Cell>
   </Row>
   <Row ss:Height="25.5">
    <Cell ss:StyleID="s23"><Data ss:Type="String">автомобили легковые с мощностью двигателя свыше 67,5 кВт (90 л.с.) и до 112,5 кВт (150 л.с.) включительно</Data></Cell>
    <Cell ss:StyleID="s31"><Data ss:Type="String">080</Data></Cell>
    <Cell ss:StyleID="s27"><Data ss:Type="Number">520</Data></Cell>
    <Cell ss:StyleID="s28"><Data ss:Type="String">Х</Data></Cell>
    <Cell ss:StyleID="s28"><Data ss:Type="Number">2497305</Data></Cell>
    <Cell ss:StyleID="s28"><Data ss:Type="Number">45206</Data></Cell>
   </Row>
   <Row ss:AutoFitHeight="0" ss:Height="17.25">
    <Cell ss:StyleID="s23"><Data ss:Type="String">автомобили легковые с мощностью двигателя свыше 112,5 кВт (150 л.с.)</Data></Cell>
    <Cell ss:StyleID="s31"><Data ss:Type="String">090</Data></Cell>
    <Cell ss:StyleID="s27"><Data ss:Type="Number">531</Data></Cell>
    <Cell ss:StyleID="s28"><Data ss:Type="String">Х</Data></Cell>
    <Cell ss:StyleID="s28"><Data ss:Type="Number">1332</Data></Cell>
    <Cell ss:StyleID="s28"><Data ss:Type="Number">241</Data></Cell>
   </Row>
   <Row ss:AutoFitHeight="0" ss:Height="16.5">
    <Cell ss:StyleID="s23"><Data ss:Type="String">мотоциклы с мощностью двигателя свыше 112,5 кВт (150 л.с.) </Data></Cell>
    <Cell ss:StyleID="s31"><Data ss:Type="Number">100</Data></Cell>
    <Cell ss:StyleID="s27"><Data ss:Type="Number">532</Data></Cell>
    <Cell ss:StyleID="s28"><Data ss:Type="String">Х</Data></Cell>
    <Cell ss:StyleID="s28"><Data ss:Type="Number">0</Data></Cell>
    <Cell ss:StyleID="s28"><Data ss:Type="Number">0</Data></Cell>
   </Row>
   <Row ss:Index="20">
    <Cell ss:StyleID="s33"/>
    <Cell ss:Index="6" ss:StyleID="s30"/>
   </Row>
   <Row>
    <Cell ss:StyleID="s30"/>
   </Row>
  </Table>
  <WorksheetOptions xmlns="urn:schemas-microsoft-com:office:excel">
   <PageSetup>
    <Layout x:Orientation="Landscape"/>
   </PageSetup>
   <Print>
    <ValidPrinterInfo/>
    <PaperSizeIndex>9</PaperSizeIndex>
    <HorizontalResolution>600</HorizontalResolution>
    <VerticalResolution>600</VerticalResolution>
   </Print>
   <Selected/>
   <Panes>
    <Pane>
     <Number>3</Number>
     <ActiveRow>4</ActiveRow>
    </Pane>
   </Panes>
   <ProtectObjects>False</ProtectObjects>
   <ProtectScenarios>False</ProtectScenarios>
  </WorksheetOptions>
 </Worksheet>
 <Worksheet ss:Name="hidden1">
  <Table ss:ExpandedColumnCount="3" ss:ExpandedRowCount="11" x:FullColumns="1"
   x:FullRows="1">
   <Row>
    <Cell><Data ss:Type="Number">0</Data></Cell>
    <Cell><Data ss:Type="Number">0</Data></Cell>
    <Cell><Data ss:Type="Number">3177520</Data></Cell>
   </Row>
   <Row>
    <Cell><Data ss:Type="Number">775109</Data></Cell>
    <Cell><Data ss:Type="Number">59778817</Data></Cell>
    <Cell><Data ss:Type="Number">0</Data></Cell>
   </Row>
   <Row>
    <Cell><Data ss:Type="Number">576742</Data></Cell>
    <Cell><Data ss:Type="Number">62360313</Data></Cell>
    <Cell><Data ss:Type="Number">1195153</Data></Cell>
   </Row>
   <Row>
    <Cell><Data ss:Type="Number">51086</Data></Cell>
    <Cell><Data ss:Type="Number">10253284</Data></Cell>
    <Cell><Data ss:Type="Number">1982367</Data></Cell>
   </Row>
   <Row>
    <Cell><Data ss:Type="Number">0</Data></Cell>
    <Cell><Data ss:Type="Number">0</Data></Cell>
    <Cell><Data ss:Type="Number">0</Data></Cell>
   </Row>
   <Row>
    <Cell><Data ss:Type="Number">0</Data></Cell>
    <Cell><Data ss:Type="Number">0</Data></Cell>
    <Cell><Data ss:Type="Number">45447</Data></Cell>
   </Row>
   <Row>
    <Cell><Data ss:Type="Number">0</Data></Cell>
    <Cell><Data ss:Type="Number">157045</Data></Cell>
    <Cell><Data ss:Type="Number">0</Data></Cell>
   </Row>
   <Row>
    <Cell><Data ss:Type="Number">0</Data></Cell>
    <Cell><Data ss:Type="Number">2497305</Data></Cell>
    <Cell><Data ss:Type="Number">45206</Data></Cell>
   </Row>
   <Row>
    <Cell><Data ss:Type="Number">0</Data></Cell>
    <Cell><Data ss:Type="Number">1332</Data></Cell>
    <Cell><Data ss:Type="Number">241</Data></Cell>
   </Row>
   <Row>
    <Cell><Data ss:Type="Number">0</Data></Cell>
    <Cell><Data ss:Type="Number">0</Data></Cell>
    <Cell><Data ss:Type="Number">0</Data></Cell>
   </Row>
   <Row>
    <Cell><Data ss:Type="Number">1402937</Data></Cell>
    <Cell><Data ss:Type="Number">135048096</Data></Cell>
    <Cell><Data ss:Type="Number">6445934</Data></Cell>
   </Row>
  </Table>
  <WorksheetOptions xmlns="urn:schemas-microsoft-com:office:excel">
   <Visible>SheetHidden</Visible>
   <ProtectObjects>False</ProtectObjects>
   <ProtectScenarios>False</ProtectScenarios>
  </WorksheetOptions>
 </Worksheet>
 <Worksheet ss:Name="hidden2">
  <Table ss:ExpandedColumnCount="2" ss:ExpandedRowCount="38" x:FullColumns="1"
   x:FullRows="1">
   <Row>
    <Cell><Data ss:Type="String">на 01.01.2009 г.</Data></Cell>
    <Cell><Data ss:Type="Number">1</Data></Cell>
   </Row>
   <Row>
    <Cell><Data ss:Type="String">на 01.12.2008 г.</Data></Cell>
    <Cell><Data ss:Type="Number">2</Data></Cell>
   </Row>
   <Row>
    <Cell><Data ss:Type="String">на 01.10.2008 г.</Data></Cell>
    <Cell><Data ss:Type="Number">3</Data></Cell>
   </Row>
   <Row>
    <Cell><Data ss:Type="String">на 01.01.2008 г.</Data></Cell>
    <Cell><Data ss:Type="Number">4</Data></Cell>
   </Row>
   <Row>
    <Cell><Data ss:Type="String">на 01 января 2009 года</Data></Cell>
    <Cell><Data ss:Type="Number">5</Data></Cell>
   </Row>
   <Row>
    <Cell><Data ss:Type="String">на 01 декабря 2008 года</Data></Cell>
    <Cell><Data ss:Type="Number">6</Data></Cell>
   </Row>
   <Row>
    <Cell><Data ss:Type="String">на 01 октября 2008 года</Data></Cell>
    <Cell><Data ss:Type="Number">7</Data></Cell>
   </Row>
   <Row>
    <Cell><Data ss:Type="String">на 01 января 2008 года</Data></Cell>
    <Cell><Data ss:Type="Number">8</Data></Cell>
   </Row>
   <Row>
    <Cell><Data ss:Type="String">по состоянию на 01.01.2009 г.</Data></Cell>
    <Cell><Data ss:Type="Number">9</Data></Cell>
   </Row>
   <Row>
    <Cell><Data ss:Type="String">по состоянию на 01.12.2008 г.</Data></Cell>
    <Cell><Data ss:Type="Number">10</Data></Cell>
   </Row>
   <Row>
    <Cell><Data ss:Type="String">по состоянию на 01.10.2008 г.</Data></Cell>
    <Cell><Data ss:Type="Number">11</Data></Cell>
   </Row>
   <Row>
    <Cell><Data ss:Type="String">по состоянию на 01.01.2008 г.</Data></Cell>
    <Cell><Data ss:Type="Number">12</Data></Cell>
   </Row>
   <Row>
    <Cell><Data ss:Type="String">по состоянию на 01 января 2009 года</Data></Cell>
    <Cell><Data ss:Type="Number">13</Data></Cell>
   </Row>
   <Row>
    <Cell><Data ss:Type="String">по состоянию на 01 декабря 2008 года</Data></Cell>
    <Cell><Data ss:Type="Number">14</Data></Cell>
   </Row>
   <Row>
    <Cell><Data ss:Type="String">по состоянию на 01 октября 2008 года</Data></Cell>
    <Cell><Data ss:Type="Number">15</Data></Cell>
   </Row>
   <Row>
    <Cell><Data ss:Type="String">по состоянию на 01 января 2008 года</Data></Cell>
    <Cell><Data ss:Type="Number">16</Data></Cell>
   </Row>
   <Row>
    <Cell><Data ss:Type="String">в  январe 2009 года</Data></Cell>
    <Cell><Data ss:Type="Number">17</Data></Cell>
   </Row>
   <Row>
    <Cell><Data ss:Type="String">на январь</Data></Cell>
    <Cell><Data ss:Type="Number">18</Data></Cell>
   </Row>
   <Row>
    <Cell><Data ss:Type="String">за январь</Data></Cell>
    <Cell><Data ss:Type="Number">19</Data></Cell>
   </Row>
   <Row>
    <Cell><Data ss:Type="String">в январе</Data></Cell>
    <Cell><Data ss:Type="Number">20</Data></Cell>
   </Row>
   <Row>
    <Cell><Data ss:Type="String">на январь 2009 г.</Data></Cell>
    <Cell><Data ss:Type="Number">21</Data></Cell>
   </Row>
   <Row>
    <Cell><Data ss:Type="String">за январь  2009 г.</Data></Cell>
    <Cell><Data ss:Type="Number">22</Data></Cell>
   </Row>
   <Row>
    <Cell><Data ss:Type="String">за январь  2009 г.</Data></Cell>
    <Cell><Data ss:Type="Number">23</Data></Cell>
   </Row>
   <Row>
    <Cell><Data ss:Type="String">на январь 2008 г.</Data></Cell>
    <Cell><Data ss:Type="Number">24</Data></Cell>
   </Row>
   <Row>
    <Cell><Data ss:Type="String">за январь  2008 г.</Data></Cell>
    <Cell><Data ss:Type="Number">25</Data></Cell>
   </Row>
   <Row>
    <Cell><Data ss:Type="String">в январе  2008 г.</Data></Cell>
    <Cell><Data ss:Type="Number">26</Data></Cell>
   </Row>
   <Row>
    <Cell><Data ss:Type="String">12 мес.</Data></Cell>
    <Cell><Data ss:Type="Number">27</Data></Cell>
   </Row>
   <Row>
    <Cell><Data ss:Type="String">за 12 мес.</Data></Cell>
    <Cell><Data ss:Type="Number">28</Data></Cell>
   </Row>
   <Row>
    <Cell><Data ss:Type="String">12 месяцев</Data></Cell>
    <Cell><Data ss:Type="Number">29</Data></Cell>
   </Row>
   <Row>
    <Cell><Data ss:Type="String">за 12 месяцев</Data></Cell>
    <Cell><Data ss:Type="Number">30</Data></Cell>
   </Row>
   <Row>
    <Cell><Data ss:Type="String">декабрь</Data></Cell>
    <Cell><Data ss:Type="Number">31</Data></Cell>
   </Row>
   <Row>
    <Cell><Data ss:Type="String">ноябрь</Data></Cell>
    <Cell><Data ss:Type="Number">32</Data></Cell>
   </Row>
   <Row>
    <Cell><Data ss:Type="String">октябрь</Data></Cell>
    <Cell><Data ss:Type="Number">33</Data></Cell>
   </Row>
   <Row>
    <Cell><Data ss:Type="String">Поступило         01.01.2009 г.        12 мес.</Data></Cell>
    <Cell><Data ss:Type="Number">34</Data></Cell>
   </Row>
   <Row>
    <Cell><Data ss:Type="String">в  декабрe 2008 года</Data></Cell>
    <Cell><Data ss:Type="Number">35</Data></Cell>
   </Row>
   <Row>
    <Cell><Data ss:Type="String">на 01.07.2008 г.</Data></Cell>
    <Cell><Data ss:Type="Number">36</Data></Cell>
   </Row>
   <Row>
    <Cell><Data ss:Type="String"> январь</Data></Cell>
    <Cell><Data ss:Type="Number">37</Data></Cell>
   </Row>
   <Row>
    <Cell><Data ss:Type="String">январь</Data></Cell>
    <Cell><Data ss:Type="Number">37</Data></Cell>
   </Row>
  </Table>
  <WorksheetOptions xmlns="urn:schemas-microsoft-com:office:excel">
   <Visible>SheetHidden</Visible>
   <ProtectObjects>False</ProtectObjects>
   <ProtectScenarios>False</ProtectScenarios>
  </WorksheetOptions>
 </Worksheet>
</Workbook>
