<?xml version="1.0"?>
<?mso-application progid="Excel.Sheet"?>
<Workbook xmlns="urn:schemas-microsoft-com:office:spreadsheet"
 xmlns:o="urn:schemas-microsoft-com:office:office"
 xmlns:x="urn:schemas-microsoft-com:office:excel"
 xmlns:ss="urn:schemas-microsoft-com:office:spreadsheet"
 xmlns:html="http://www.w3.org/TR/REC-html40">
 <DocumentProperties xmlns="urn:schemas-microsoft-com:office:office">
  <Author>STYRAN</Author>
  <LastAuthor>balmaster</LastAuthor>
  <LastPrinted>2007-03-19T08:28:00Z</LastPrinted>
  <Created>2007-03-19T07:44:50Z</Created>
  <LastSaved>2010-03-23T13:34:59Z</LastSaved>
  <Company>GNIVC FNS RU</Company>
  <Version>12.00</Version>
 </DocumentProperties>
 <ExcelWorkbook xmlns="urn:schemas-microsoft-com:office:excel">
  <WindowHeight>9120</WindowHeight>
  <WindowWidth>12120</WindowWidth>
  <WindowTopX>15</WindowTopX>
  <WindowTopY>375</WindowTopY>
  <ProtectStructure>False</ProtectStructure>
  <ProtectWindows>False</ProtectWindows>
 </ExcelWorkbook>
 <Styles>
  <Style ss:ID="Default" ss:Name="Normal">
   <Alignment ss:Vertical="Bottom"/>
   <Borders/>
   <Font ss:FontName="Arial Cyr" x:CharSet="204"/>
   <Interior/>
   <NumberFormat/>
   <Protection/>
  </Style>
  <Style ss:ID="s23">
   <Alignment ss:Horizontal="Right" ss:Vertical="Bottom"/>
   <Font ss:FontName="Arial Cyr" x:CharSet="204" x:Family="Swiss" ss:Size="11"/>
  </Style>
  <Style ss:ID="s24">
   <Font ss:FontName="Arial CYR" x:CharSet="204" x:Family="Swiss"/>
  </Style>
  <Style ss:ID="s25">
   <Alignment ss:Horizontal="Center" ss:Vertical="Center" ss:WrapText="1"/>
   <Borders>
    <Border ss:Position="Bottom" ss:LineStyle="Continuous" ss:Weight="1"/>
    <Border ss:Position="Left" ss:LineStyle="Continuous" ss:Weight="1"/>
    <Border ss:Position="Right" ss:LineStyle="Continuous" ss:Weight="1"/>
    <Border ss:Position="Top" ss:LineStyle="Continuous" ss:Weight="1"/>
   </Borders>
   <Font ss:FontName="Arial CYR" x:CharSet="204" x:Family="Swiss" ss:Size="12"/>
  </Style>
  <Style ss:ID="s26">
   <Alignment ss:Horizontal="Center" ss:Vertical="Center" ss:WrapText="1"/>
   <Borders>
    <Border ss:Position="Right" ss:LineStyle="Continuous" ss:Weight="1"/>
    <Border ss:Position="Top" ss:LineStyle="Continuous" ss:Weight="1"/>
   </Borders>
   <Font ss:FontName="Arial CYR" x:CharSet="204" x:Family="Swiss" ss:Size="12"/>
  </Style>
  <Style ss:ID="s27">
   <Alignment ss:Horizontal="Center" ss:Vertical="Center"/>
   <Borders>
    <Border ss:Position="Bottom" ss:LineStyle="Continuous" ss:Weight="1"/>
    <Border ss:Position="Left" ss:LineStyle="Continuous" ss:Weight="1"/>
    <Border ss:Position="Right" ss:LineStyle="Continuous" ss:Weight="1"/>
    <Border ss:Position="Top" ss:LineStyle="Continuous" ss:Weight="1"/>
   </Borders>
   <Font ss:FontName="Arial CYR" x:CharSet="204" x:Family="Swiss"/>
  </Style>
  <Style ss:ID="s28">
   <Alignment ss:Horizontal="Center" ss:Vertical="Center"/>
   <Borders>
    <Border ss:Position="Bottom" ss:LineStyle="Continuous" ss:Weight="1"/>
    <Border ss:Position="Top" ss:LineStyle="Continuous" ss:Weight="1"/>
   </Borders>
   <Font ss:FontName="Arial CYR" x:CharSet="204" x:Family="Swiss"/>
  </Style>
  <Style ss:ID="s29">
   <Alignment ss:Horizontal="Center" ss:Vertical="Bottom"/>
   <Borders>
    <Border ss:Position="Bottom" ss:LineStyle="Continuous" ss:Weight="1"/>
    <Border ss:Position="Left" ss:LineStyle="Continuous" ss:Weight="1"/>
    <Border ss:Position="Right" ss:LineStyle="Continuous" ss:Weight="1"/>
    <Border ss:Position="Top" ss:LineStyle="Continuous" ss:Weight="1"/>
   </Borders>
   <Font ss:FontName="Arial CYR" x:CharSet="204" x:Family="Swiss"/>
  </Style>
  <Style ss:ID="s30">
   <Alignment ss:Horizontal="Left" ss:Vertical="Bottom" ss:WrapText="1"/>
   <Borders>
    <Border ss:Position="Bottom" ss:LineStyle="Continuous" ss:Weight="1"/>
    <Border ss:Position="Left" ss:LineStyle="Continuous" ss:Weight="1"/>
    <Border ss:Position="Right" ss:LineStyle="Continuous" ss:Weight="1"/>
    <Border ss:Position="Top" ss:LineStyle="Continuous" ss:Weight="1"/>
   </Borders>
   <Font ss:FontName="Arial CYR" x:CharSet="204" x:Family="Swiss" ss:Size="12"/>
  </Style>
  <Style ss:ID="s31">
   <Alignment ss:Vertical="Bottom" ss:WrapText="1"/>
   <Borders>
    <Border ss:Position="Bottom" ss:LineStyle="Continuous" ss:Weight="1"/>
    <Border ss:Position="Left" ss:LineStyle="Continuous" ss:Weight="1"/>
    <Border ss:Position="Right" ss:LineStyle="Continuous" ss:Weight="1"/>
    <Border ss:Position="Top" ss:LineStyle="Continuous" ss:Weight="1"/>
   </Borders>
   <Font ss:FontName="Arial CYR" x:CharSet="204" x:Family="Swiss" ss:Size="12"/>
  </Style>
  <Style ss:ID="s32">
   <Alignment ss:Horizontal="Center" ss:Vertical="Bottom"/>
   <Borders>
    <Border ss:Position="Bottom" ss:LineStyle="Continuous" ss:Weight="1"/>
    <Border ss:Position="Left" ss:LineStyle="Continuous" ss:Weight="1"/>
    <Border ss:Position="Right" ss:LineStyle="Continuous" ss:Weight="1"/>
    <Border ss:Position="Top" ss:LineStyle="Continuous" ss:Weight="1"/>
   </Borders>
   <Font ss:FontName="Arial CYR" x:CharSet="204" x:Family="Swiss" ss:Size="12"/>
  </Style>
  <Style ss:ID="s33">
   <Alignment ss:Vertical="Bottom"/>
   <Borders>
    <Border ss:Position="Bottom" ss:LineStyle="Continuous" ss:Weight="1"/>
    <Border ss:Position="Left" ss:LineStyle="Continuous" ss:Weight="1"/>
    <Border ss:Position="Right" ss:LineStyle="Continuous" ss:Weight="1"/>
    <Border ss:Position="Top" ss:LineStyle="Continuous" ss:Weight="1"/>
   </Borders>
   <Font ss:FontName="Arial CYR" x:CharSet="204" x:Family="Swiss" ss:Size="12"/>
   <NumberFormat ss:Format="#,##0"/>
  </Style>
  <Style ss:ID="s34">
   <Font ss:FontName="Arial CYR" x:CharSet="204" x:Family="Swiss" ss:Size="12"/>
  </Style>
  <Style ss:ID="s35">
   <Font ss:FontName="Arial CYR" x:CharSet="204" x:Family="Swiss" ss:Size="12"/>
   <NumberFormat ss:Format="@"/>
  </Style>
  <Style ss:ID="s36">
   <Alignment ss:Vertical="Bottom" ss:WrapText="1"/>
   <Font ss:FontName="Arial CYR" x:CharSet="204" x:Family="Swiss" ss:Size="12"/>
  </Style>
  <Style ss:ID="s37">
   <Alignment ss:Horizontal="Right" ss:Vertical="Bottom"/>
   <Font ss:FontName="Arial CYR" x:CharSet="204" x:Family="Swiss" ss:Size="12"/>
  </Style>
  <Style ss:ID="s43">
   <Alignment ss:Horizontal="Center" ss:Vertical="Center" ss:WrapText="1"/>
   <Font ss:FontName="Arial CYR" x:CharSet="204" x:Family="Swiss" ss:Size="14"
    ss:Bold="1"/>
  </Style>
  <Style ss:ID="s45">
   <Alignment ss:Horizontal="Center" ss:Vertical="Center" ss:WrapText="1"/>
   <Font ss:FontName="Arial CYR" x:CharSet="204" x:Family="Swiss" ss:Size="12"
    ss:Bold="1"/>
  </Style>
  <Style ss:ID="s47">
   <Alignment ss:Horizontal="Left" ss:Vertical="Bottom"/>
   <Borders>
    <Border ss:Position="Bottom" ss:LineStyle="Continuous" ss:Weight="1"/>
   </Borders>
   <Font ss:FontName="Arial CYR" x:CharSet="204" x:Family="Swiss" ss:Size="12"
    ss:Bold="1"/>
  </Style>
 </Styles>
 <Worksheet ss:Name="Отчет 5-ЕНВД">
  <Table ss:ExpandedColumnCount="31" ss:ExpandedRowCount="14" x:FullColumns="1"
   x:FullRows="1" ss:StyleID="s24">
   <Column ss:StyleID="s24" ss:AutoFitWidth="0" ss:Width="291.75"/>
   <Column ss:StyleID="s24" ss:AutoFitWidth="0" ss:Width="62.25"/>
   <Column ss:StyleID="s24" ss:AutoFitWidth="0" ss:Width="148.5"/>
   <Column ss:StyleID="s24" ss:AutoFitWidth="0" ss:Width="51" ss:Span="27"/>
   <Row>
    <Cell ss:Index="3"><Data ss:Type="String">Форма № 5-ЕНВД</Data></Cell>
   </Row>
   <Row ss:AutoFitHeight="0" ss:Height="77.25">
    <Cell ss:MergeAcross="2" ss:StyleID="s43"><Data ss:Type="String">Отчет&#10;о налоговой базе и структуре начислений по единому налогу на вмененный доход для отдельных видов деятельности</Data></Cell>
   </Row>
   <Row ss:Height="15.75">
    <Cell ss:MergeAcross="2" ss:StyleID="s45"><Data ss:Type="String">по итогам  2006 года</Data></Cell>
   </Row>
   <Row ss:AutoFitHeight="0" ss:Height="23.25">
    <Cell ss:MergeAcross="1" ss:StyleID="s47"><Data ss:Type="String">Всего по России</Data></Cell>
    <Cell ss:StyleID="s23"><Data ss:Type="String">тыс. руб.</Data></Cell>
   </Row>
   <Row ss:AutoFitHeight="0" ss:Height="46.5">
    <Cell ss:StyleID="s25"><Data ss:Type="String">Наименование показателей</Data></Cell>
    <Cell ss:StyleID="s26"><Data ss:Type="String">Код строки</Data></Cell>
    <Cell ss:StyleID="s26"><Data ss:Type="String">Значения показателей</Data></Cell>
   </Row>
   <Row>
    <Cell ss:StyleID="s27"><Data ss:Type="String">А</Data></Cell>
    <Cell ss:StyleID="s28"><Data ss:Type="String">Б</Data></Cell>
    <Cell ss:StyleID="s29"><Data ss:Type="Number">1</Data></Cell>
   </Row>
   <Row ss:AutoFitHeight="0" ss:Height="38.25">
    <Cell ss:StyleID="s30"><Data ss:Type="String">Налоговая база (сумма исчисленного вмененного дохода)</Data></Cell>
    <Cell ss:StyleID="s32"><Data ss:Type="String" x:Ticked="1">010</Data></Cell>
    <Cell ss:StyleID="s33"><Data ss:Type="Number">474550151</Data></Cell>
   </Row>
   <Row ss:AutoFitHeight="0" ss:Height="31.5">
    <Cell ss:StyleID="s31"><Data ss:Type="String">Сумма исчисленного единого налога на вмененный доход</Data></Cell>
    <Cell ss:StyleID="s32"><Data ss:Type="String" x:Ticked="1">020</Data></Cell>
    <Cell ss:StyleID="s33"><Data ss:Type="Number">71225449</Data></Cell>
   </Row>
   <Row ss:AutoFitHeight="0" ss:Height="48.75">
    <Cell ss:StyleID="s31"><Data ss:Type="String">Сумма единого налога на вмененный доход, подлежащая уплате в местные бюджеты и бюджеты государственных внебюджетных фондов</Data></Cell>
    <Cell ss:StyleID="s32"><Data ss:Type="String" x:Ticked="1">030</Data></Cell>
    <Cell ss:StyleID="s33"><Data ss:Type="Number">52729763</Data></Cell>
   </Row>
   <Row ss:Index="14" ss:Height="15" ss:StyleID="s34">
    <Cell ss:StyleID="s36"/>
    <Cell ss:StyleID="s35"/>
    <Cell ss:StyleID="s37"/>
    <Cell ss:StyleID="s37"/>
   </Row>
  </Table>
  <WorksheetOptions xmlns="urn:schemas-microsoft-com:office:excel">
   <PageSetup>
    <Layout x:CenterHorizontal="1"/>
    <Header x:Margin="0.51181102362204722"/>
    <Footer x:Margin="0.51181102362204722"/>
    <PageMargins x:Bottom="0.98425196850393704" x:Left="0.19685039370078741"
     x:Right="0.19685039370078741" x:Top="0.78740157480314965"/>
   </PageSetup>
   <FitToPage/>
   <Print>
    <ValidPrinterInfo/>
    <PaperSizeIndex>9</PaperSizeIndex>
    <HorizontalResolution>600</HorizontalResolution>
    <VerticalResolution>600</VerticalResolution>
   </Print>
   <Zoom>75</Zoom>
   <PageBreakZoom>60</PageBreakZoom>
   <Selected/>
   <Panes>
    <Pane>
     <Number>3</Number>
     <ActiveRow>8</ActiveRow>
    </Pane>
   </Panes>
   <ProtectObjects>False</ProtectObjects>
   <ProtectScenarios>False</ProtectScenarios>
  </WorksheetOptions>
 </Worksheet>
 <Worksheet ss:Name="hidden1">
  <Table ss:ExpandedColumnCount="1" ss:ExpandedRowCount="4" x:FullColumns="1"
   x:FullRows="1">
   <Row>
    <Cell><Data ss:Type="Number">474550151</Data></Cell>
   </Row>
   <Row>
    <Cell><Data ss:Type="Number">71225449</Data></Cell>
   </Row>
   <Row>
    <Cell><Data ss:Type="Number">52729763</Data></Cell>
   </Row>
   <Row>
    <Cell><Data ss:Type="Number">598505363</Data></Cell>
   </Row>
  </Table>
  <WorksheetOptions xmlns="urn:schemas-microsoft-com:office:excel">
   <Visible>SheetHidden</Visible>
   <ProtectObjects>False</ProtectObjects>
   <ProtectScenarios>False</ProtectScenarios>
  </WorksheetOptions>
 </Worksheet>
 <Worksheet ss:Name="hidden2">
  <Table ss:ExpandedColumnCount="3" ss:ExpandedRowCount="2" x:FullColumns="1"
   x:FullRows="1">
   <Row>
    <Cell><Data ss:Type="String">за  4  квартал  2007 года</Data></Cell>
    <Cell><Data ss:Type="Number">1</Data></Cell>
    <Cell><Data ss:Type="Number">1</Data></Cell>
   </Row>
   <Row>
    <Cell><Data ss:Type="String">по итогам  2006 года</Data></Cell>
    <Cell><Data ss:Type="Number">1</Data></Cell>
    <Cell><Data ss:Type="Number">2</Data></Cell>
   </Row>
  </Table>
  <WorksheetOptions xmlns="urn:schemas-microsoft-com:office:excel">
   <Visible>SheetHidden</Visible>
   <ProtectObjects>False</ProtectObjects>
   <ProtectScenarios>False</ProtectScenarios>
  </WorksheetOptions>
 </Worksheet>
</Workbook>
