<?xml version="1.0"?>
<?mso-application progid="Excel.Sheet"?>
<Workbook xmlns="urn:schemas-microsoft-com:office:spreadsheet"
 xmlns:o="urn:schemas-microsoft-com:office:office"
 xmlns:x="urn:schemas-microsoft-com:office:excel"
 xmlns:ss="urn:schemas-microsoft-com:office:spreadsheet"
 xmlns:html="http://www.w3.org/TR/REC-html40">
 <DocumentProperties xmlns="urn:schemas-microsoft-com:office:office">
  <Author>Bistrova</Author>
  <LastAuthor>balmaster</LastAuthor>
  <LastPrinted>2008-02-13T14:27:34Z</LastPrinted>
  <Created>2003-08-05T11:42:41Z</Created>
  <LastSaved>2010-03-23T13:21:33Z</LastSaved>
  <Company>valut</Company>
  <Version>12.00</Version>
 </DocumentProperties>
 <ExcelWorkbook xmlns="urn:schemas-microsoft-com:office:excel">
  <WindowHeight>9120</WindowHeight>
  <WindowWidth>7680</WindowWidth>
  <WindowTopX>-15</WindowTopX>
  <WindowTopY>-15</WindowTopY>
  <ProtectStructure>False</ProtectStructure>
  <ProtectWindows>False</ProtectWindows>
 </ExcelWorkbook>
 <Styles>
  <Style ss:ID="Default" ss:Name="Normal">
   <Alignment ss:Vertical="Bottom"/>
   <Borders/>
   <Font ss:FontName="Arial Cyr" x:CharSet="204"/>
   <Interior/>
   <NumberFormat/>
   <Protection/>
  </Style>
  <Style ss:ID="m61799548">
   <Alignment ss:Horizontal="Center" ss:Vertical="Center" ss:WrapText="1"/>
   <Borders>
    <Border ss:Position="Bottom" ss:LineStyle="Continuous" ss:Weight="1"/>
    <Border ss:Position="Left" ss:LineStyle="Continuous" ss:Weight="1"/>
    <Border ss:Position="Right" ss:LineStyle="Continuous" ss:Weight="1"/>
    <Border ss:Position="Top" ss:LineStyle="Continuous" ss:Weight="1"/>
   </Borders>
   <Font ss:FontName="Arial Cyr" x:CharSet="204" x:Family="Swiss"/>
  </Style>
  <Style ss:ID="m61799568">
   <Alignment ss:Horizontal="Center" ss:Vertical="Center" ss:WrapText="1"/>
   <Borders>
    <Border ss:Position="Bottom" ss:LineStyle="Continuous" ss:Weight="1"/>
    <Border ss:Position="Left" ss:LineStyle="Continuous" ss:Weight="1"/>
    <Border ss:Position="Right" ss:LineStyle="Continuous" ss:Weight="1"/>
    <Border ss:Position="Top" ss:LineStyle="Continuous" ss:Weight="1"/>
   </Borders>
   <Font ss:FontName="Arial Cyr" x:CharSet="204" x:Family="Swiss"/>
  </Style>
  <Style ss:ID="m61799588">
   <Alignment ss:Horizontal="Center" ss:Vertical="Center" ss:WrapText="1"/>
   <Borders>
    <Border ss:Position="Bottom" ss:LineStyle="Continuous" ss:Weight="1"/>
    <Border ss:Position="Left" ss:LineStyle="Continuous" ss:Weight="1"/>
    <Border ss:Position="Right" ss:LineStyle="Continuous" ss:Weight="1"/>
    <Border ss:Position="Top" ss:LineStyle="Continuous" ss:Weight="1"/>
   </Borders>
   <Font ss:FontName="Arial Cyr" x:CharSet="204" x:Family="Swiss"/>
  </Style>
  <Style ss:ID="m61799608">
   <Alignment ss:Horizontal="Center" ss:Vertical="Center" ss:WrapText="1"/>
   <Borders>
    <Border ss:Position="Bottom" ss:LineStyle="Continuous" ss:Weight="1"/>
    <Border ss:Position="Left" ss:LineStyle="Continuous" ss:Weight="1"/>
    <Border ss:Position="Right" ss:LineStyle="Continuous" ss:Weight="1"/>
    <Border ss:Position="Top" ss:LineStyle="Continuous" ss:Weight="1"/>
   </Borders>
   <Font ss:FontName="Arial Cyr" x:CharSet="204" x:Family="Swiss"/>
  </Style>
  <Style ss:ID="m61799628">
   <Alignment ss:Horizontal="Center" ss:Vertical="Center" ss:WrapText="1"/>
   <Borders>
    <Border ss:Position="Bottom" ss:LineStyle="Continuous" ss:Weight="1"/>
    <Border ss:Position="Left" ss:LineStyle="Continuous" ss:Weight="1"/>
    <Border ss:Position="Right" ss:LineStyle="Continuous" ss:Weight="1"/>
    <Border ss:Position="Top" ss:LineStyle="Continuous" ss:Weight="1"/>
   </Borders>
   <Font ss:FontName="Arial Cyr" x:CharSet="204" x:Family="Swiss"/>
  </Style>
  <Style ss:ID="s23">
   <Font ss:FontName="Arial Cyr" x:CharSet="204" x:Family="Swiss"/>
  </Style>
  <Style ss:ID="s24">
   <Alignment ss:Horizontal="Center" ss:Vertical="Center"/>
   <Font ss:FontName="Arial CYR" x:CharSet="204" x:Family="Swiss" ss:Size="11"/>
  </Style>
  <Style ss:ID="s25">
   <Alignment ss:Horizontal="Center" ss:Vertical="Center"/>
   <Font ss:FontName="Arial CYR" x:CharSet="204" x:Family="Swiss" ss:Size="14"/>
  </Style>
  <Style ss:ID="s26">
   <Alignment ss:Horizontal="Left" ss:Vertical="Center"/>
   <Font ss:FontName="Arial CYR" x:CharSet="204" x:Family="Swiss" ss:Size="11"/>
  </Style>
  <Style ss:ID="s27">
   <Font ss:FontName="Arial Cyr" x:CharSet="204" x:Family="Swiss"/>
   <Interior/>
  </Style>
  <Style ss:ID="s28">
   <Borders/>
   <Font ss:FontName="Arial Cyr" x:CharSet="204" x:Family="Swiss"/>
  </Style>
  <Style ss:ID="s29">
   <Alignment ss:Horizontal="Center" ss:Vertical="Bottom"/>
   <Font ss:FontName="Arial CYR" x:CharSet="204" x:Family="Swiss" ss:Size="9"/>
  </Style>
  <Style ss:ID="s30">
   <Alignment ss:Vertical="Bottom"/>
   <Font ss:FontName="Arial CYR" x:CharSet="204" x:Family="Swiss" ss:Size="11"/>
  </Style>
  <Style ss:ID="s31">
   <Font ss:FontName="Arial CYR" x:CharSet="204" x:Family="Swiss"
    ss:Color="#0000FF"/>
   <Interior/>
  </Style>
  <Style ss:ID="s32">
   <Alignment ss:Horizontal="Center" ss:Vertical="Center" ss:WrapText="1"/>
   <Borders>
    <Border ss:Position="Bottom" ss:LineStyle="Continuous" ss:Weight="1"/>
    <Border ss:Position="Left" ss:LineStyle="Continuous" ss:Weight="1"/>
    <Border ss:Position="Right" ss:LineStyle="Continuous" ss:Weight="1"/>
    <Border ss:Position="Top" ss:LineStyle="Continuous" ss:Weight="1"/>
   </Borders>
   <Font ss:FontName="Arial Cyr" x:CharSet="204" x:Family="Swiss"/>
  </Style>
  <Style ss:ID="s33">
   <Alignment ss:Horizontal="Center" ss:Vertical="Center"/>
   <Borders>
    <Border ss:Position="Bottom" ss:LineStyle="Continuous" ss:Weight="1"/>
    <Border ss:Position="Left" ss:LineStyle="Continuous" ss:Weight="1"/>
    <Border ss:Position="Right" ss:LineStyle="Continuous" ss:Weight="1"/>
    <Border ss:Position="Top" ss:LineStyle="Continuous" ss:Weight="1"/>
   </Borders>
   <Font ss:FontName="Arial Cyr" x:CharSet="204" x:Family="Swiss"/>
  </Style>
  <Style ss:ID="s34">
   <Alignment ss:Horizontal="Center" ss:Vertical="Center"/>
   <Borders>
    <Border ss:Position="Bottom" ss:LineStyle="Continuous" ss:Weight="1"/>
    <Border ss:Position="Top" ss:LineStyle="Continuous" ss:Weight="1"/>
   </Borders>
   <Font ss:FontName="Arial Cyr" x:CharSet="204" x:Family="Swiss"/>
  </Style>
  <Style ss:ID="s35">
   <Alignment ss:Horizontal="Center" ss:Vertical="Bottom"/>
   <Borders>
    <Border ss:Position="Bottom" ss:LineStyle="Continuous" ss:Weight="1"/>
    <Border ss:Position="Left" ss:LineStyle="Continuous" ss:Weight="1"/>
    <Border ss:Position="Right" ss:LineStyle="Continuous" ss:Weight="1"/>
    <Border ss:Position="Top" ss:LineStyle="Continuous" ss:Weight="1"/>
   </Borders>
   <Font ss:FontName="Arial Cyr" x:CharSet="204" x:Family="Swiss"/>
  </Style>
  <Style ss:ID="s36">
   <Alignment ss:Horizontal="Left" ss:Vertical="Center" ss:WrapText="1"/>
   <Borders>
    <Border ss:Position="Left" ss:LineStyle="Continuous" ss:Weight="1"/>
    <Border ss:Position="Right" ss:LineStyle="Continuous" ss:Weight="1"/>
   </Borders>
   <Font ss:FontName="Arial Cyr" x:CharSet="204" x:Family="Swiss"/>
  </Style>
  <Style ss:ID="s37">
   <Alignment ss:Vertical="Top" ss:WrapText="1"/>
   <Borders>
    <Border ss:Position="Bottom" ss:LineStyle="Continuous" ss:Weight="1"/>
    <Border ss:Position="Left" ss:LineStyle="Continuous" ss:Weight="1"/>
    <Border ss:Position="Right" ss:LineStyle="Continuous" ss:Weight="1"/>
    <Border ss:Position="Top" ss:LineStyle="Continuous" ss:Weight="1"/>
   </Borders>
   <Font ss:FontName="Arial Cyr" x:CharSet="204" x:Family="Swiss"/>
  </Style>
  <Style ss:ID="s38">
   <Alignment ss:Horizontal="Center" ss:Vertical="Center"/>
   <Borders/>
   <Font ss:FontName="Arial Cyr" x:CharSet="204" x:Family="Swiss"/>
   <Interior/>
  </Style>
  <Style ss:ID="s39">
   <Alignment ss:Horizontal="Left" ss:Vertical="Center" ss:WrapText="1"/>
   <Borders>
    <Border ss:Position="Bottom" ss:LineStyle="Continuous" ss:Weight="1"/>
    <Border ss:Position="Left" ss:LineStyle="Continuous" ss:Weight="1"/>
    <Border ss:Position="Right" ss:LineStyle="Continuous" ss:Weight="1"/>
    <Border ss:Position="Top" ss:LineStyle="Continuous" ss:Weight="1"/>
   </Borders>
   <Font ss:FontName="Arial Cyr" x:CharSet="204" x:Family="Swiss"/>
  </Style>
  <Style ss:ID="s40">
   <Alignment ss:Horizontal="Left" ss:Vertical="Center" ss:WrapText="1"/>
   <Borders/>
   <Font ss:FontName="Arial Cyr" x:CharSet="204" x:Family="Swiss"/>
  </Style>
  <Style ss:ID="s41">
   <Alignment ss:Horizontal="Right" ss:Vertical="Bottom"/>
   <Font ss:FontName="Arial Cyr" x:CharSet="204" x:Family="Swiss"/>
  </Style>
  <Style ss:ID="s42">
   <Alignment ss:Horizontal="Center" ss:Vertical="Bottom"/>
   <Borders>
    <Border ss:Position="Bottom" ss:LineStyle="Continuous" ss:Weight="1"/>
    <Border ss:Position="Left" ss:LineStyle="Continuous" ss:Weight="1"/>
    <Border ss:Position="Top" ss:LineStyle="Continuous" ss:Weight="1"/>
   </Borders>
   <Font ss:FontName="Arial Cyr" x:CharSet="204" x:Family="Swiss"/>
   <Interior/>
  </Style>
  <Style ss:ID="s43">
   <Alignment ss:Horizontal="Center" ss:Vertical="Bottom"/>
   <Borders>
    <Border ss:Position="Bottom" ss:LineStyle="Continuous" ss:Weight="1"/>
   </Borders>
   <Font ss:FontName="Arial Cyr" x:CharSet="204" x:Family="Swiss"/>
   <Interior/>
  </Style>
  <Style ss:ID="s44">
   <Alignment ss:Horizontal="Center" ss:Vertical="Bottom"/>
   <Borders/>
   <Font ss:FontName="Arial Cyr" x:CharSet="204" x:Family="Swiss"/>
   <Interior/>
  </Style>
  <Style ss:ID="s45">
   <Alignment ss:Horizontal="Center" ss:Vertical="Bottom"/>
   <Borders>
    <Border ss:Position="Bottom" ss:LineStyle="Continuous" ss:Weight="1"/>
    <Border ss:Position="Left" ss:LineStyle="Continuous" ss:Weight="1"/>
    <Border ss:Position="Right" ss:LineStyle="Continuous" ss:Weight="1"/>
    <Border ss:Position="Top" ss:LineStyle="Continuous" ss:Weight="1"/>
   </Borders>
   <Font ss:FontName="Arial Cyr" x:CharSet="204" x:Family="Swiss"/>
   <Interior/>
  </Style>
  <Style ss:ID="s46">
   <Borders>
    <Border ss:Position="Bottom" ss:LineStyle="Continuous" ss:Weight="1"/>
    <Border ss:Position="Left" ss:LineStyle="Continuous" ss:Weight="1"/>
    <Border ss:Position="Right" ss:LineStyle="Continuous" ss:Weight="1"/>
    <Border ss:Position="Top" ss:LineStyle="Continuous" ss:Weight="1"/>
   </Borders>
   <Font ss:FontName="Arial Cyr" x:CharSet="204" x:Family="Swiss"/>
   <NumberFormat ss:Format="#,##0"/>
  </Style>
  <Style ss:ID="s58">
   <Alignment ss:Horizontal="Center" ss:Vertical="Center" ss:WrapText="1"/>
   <Font ss:FontName="Arial Cyr" x:CharSet="204" x:Family="Swiss" ss:Size="12"
    ss:Bold="1"/>
  </Style>
  <Style ss:ID="s62">
   <Alignment ss:Horizontal="Center" ss:Vertical="Bottom"/>
   <Borders/>
   <Font ss:FontName="Arial CYR" x:CharSet="204" x:Family="Swiss" ss:Size="8"/>
  </Style>
 </Styles>
 <Worksheet ss:Name="Отчет 5-ЕНВД">
  <Table ss:ExpandedColumnCount="31" ss:ExpandedRowCount="27" x:FullColumns="1"
   x:FullRows="1" ss:StyleID="s23">
   <Column ss:StyleID="s23" ss:AutoFitWidth="0" ss:Width="224.25"/>
   <Column ss:StyleID="s23" ss:AutoFitWidth="0" ss:Width="44.25"/>
   <Column ss:StyleID="s23" ss:AutoFitWidth="0" ss:Width="57"/>
   <Column ss:StyleID="s23" ss:AutoFitWidth="0" ss:Width="60.75"/>
   <Column ss:StyleID="s23" ss:AutoFitWidth="0" ss:Width="90"/>
   <Column ss:StyleID="s23" ss:AutoFitWidth="0" ss:Width="51" ss:Span="25"/>
   <Row>
    <Cell ss:Index="5"><Data ss:Type="String">Форма №5-ЕНВД</Data></Cell>
   </Row>
   <Row ss:AutoFitHeight="0" ss:Height="21.75">
    <Cell ss:MergeAcross="4" ss:StyleID="s58"><Data ss:Type="String">Отчет</Data></Cell>
   </Row>
   <Row ss:AutoFitHeight="0" ss:Height="39">
    <Cell ss:MergeAcross="4" ss:StyleID="s58"><Data ss:Type="String">о налоговой базе и структуре начислений по единому налогу на вмененный доход для отдельных видов деятельности</Data></Cell>
   </Row>
   <Row ss:Height="15.75">
    <Cell ss:MergeAcross="4" ss:StyleID="s58"><Data ss:Type="String">по итогам  2007 года</Data></Cell>
   </Row>
   <Row ss:Height="18">
    <Cell ss:StyleID="s24"/>
    <Cell ss:StyleID="s25"/>
   </Row>
   <Row ss:Height="14.25">
    <Cell ss:StyleID="s26"><Data ss:Type="String">Всего по  России</Data></Cell>
   </Row>
   <Row ss:AutoFitHeight="0" ss:Height="29.25">
    <Cell ss:MergeDown="2" ss:StyleID="m61799568"><Data ss:Type="String">Наименование показателей</Data></Cell>
    <Cell ss:MergeDown="2" ss:StyleID="m61799588"><Data ss:Type="String">Код строки</Data></Cell>
    <Cell ss:MergeAcross="2" ss:StyleID="m61799548"><Data ss:Type="String">Значения показателей</Data></Cell>
   </Row>
   <Row ss:AutoFitHeight="0" ss:Height="15">
    <Cell ss:Index="3" ss:MergeDown="1" ss:StyleID="m61799608"><Data
      ss:Type="String">Всего</Data></Cell>
    <Cell ss:MergeAcross="1" ss:StyleID="m61799628"><Data ss:Type="String">в том числе:</Data></Cell>
   </Row>
   <Row ss:AutoFitHeight="0" ss:Height="39">
    <Cell ss:Index="4" ss:StyleID="s32"><Data ss:Type="String">организации</Data></Cell>
    <Cell ss:StyleID="s32"><Data ss:Type="String">индивидуальные предприниматели</Data></Cell>
   </Row>
   <Row>
    <Cell ss:StyleID="s33"><Data ss:Type="String">А</Data></Cell>
    <Cell ss:StyleID="s34"><Data ss:Type="String">Б</Data></Cell>
    <Cell ss:StyleID="s35"><Data ss:Type="Number">1</Data></Cell>
    <Cell ss:StyleID="s35"><Data ss:Type="Number">2</Data></Cell>
    <Cell ss:StyleID="s35"><Data ss:Type="Number">3</Data></Cell>
   </Row>
   <Row ss:AutoFitHeight="0" ss:Height="33">
    <Cell ss:StyleID="s36"><Data ss:Type="String">Налоговая база (сумма исчисленного вмененного дохода)  (тыс. руб.)</Data></Cell>
    <Cell ss:StyleID="s42"><Data ss:Type="String" x:Ticked="1">010</Data></Cell>
    <Cell ss:StyleID="s46"><Data ss:Type="Number">524582773</Data></Cell>
    <Cell ss:StyleID="s46"><Data ss:Type="Number">248890513</Data></Cell>
    <Cell ss:StyleID="s46"><Data ss:Type="Number">275692260</Data></Cell>
   </Row>
   <Row ss:AutoFitHeight="0" ss:Height="27.75">
    <Cell ss:StyleID="s37"><Data ss:Type="String">Сумма исчисленного единого налога на вмененный доход  (тыс. руб.)</Data></Cell>
    <Cell ss:StyleID="s43"><Data ss:Type="String" x:Ticked="1">020</Data></Cell>
    <Cell ss:StyleID="s46"><Data ss:Type="Number">78689447</Data></Cell>
    <Cell ss:StyleID="s46"><Data ss:Type="Number">37334097</Data></Cell>
    <Cell ss:StyleID="s46"><Data ss:Type="Number">41355350</Data></Cell>
   </Row>
   <Row ss:AutoFitHeight="0" ss:Height="54.75">
    <Cell ss:StyleID="s37"><Data ss:Type="String">Сумма единого налога на вмененный доход, подлежащая уплате в местные бюджеты и бюджеты государственных внебюджетных фондов (тыс. руб.)                                                </Data></Cell>
    <Cell ss:StyleID="s44"><Data ss:Type="String" x:Ticked="1">030</Data></Cell>
    <Cell ss:StyleID="s46"><Data ss:Type="Number">55258776</Data></Cell>
    <Cell ss:StyleID="s46"><Data ss:Type="Number">23512611</Data></Cell>
    <Cell ss:StyleID="s46"><Data ss:Type="Number">31746165</Data></Cell>
    <Cell ss:Index="9" ss:StyleID="s27"/>
   </Row>
   <Row ss:AutoFitHeight="0" ss:Height="56.25">
    <Cell ss:StyleID="s39"><Data ss:Type="String">Количество налогоплательщиков, представивших налоговые декларации по  единому налогу на вмененный доход  для отдельных видов деятельности (ед./чел.) </Data></Cell>
    <Cell ss:StyleID="s45"><Data ss:Type="String" x:Ticked="1">040</Data></Cell>
    <Cell ss:StyleID="s46"><Data ss:Type="Number">2553781</Data></Cell>
    <Cell ss:StyleID="s46"><Data ss:Type="Number">419725</Data></Cell>
    <Cell ss:StyleID="s46"><Data ss:Type="Number">2134056</Data></Cell>
   </Row>
   <Row ss:AutoFitHeight="0" ss:Height="18">
    <Cell ss:StyleID="s40"/>
    <Cell ss:StyleID="s38"/>
    <Cell ss:StyleID="s28"/>
    <Cell ss:StyleID="s28"/>
    <Cell ss:StyleID="s28"/>
   </Row>
   <Row ss:Index="18">
    <Cell ss:StyleID="s41"/>
   </Row>
   <Row>
    <Cell ss:Index="2" ss:StyleID="s28"/>
    <Cell ss:Index="4" ss:StyleID="s28"/>
    <Cell ss:StyleID="s28"/>
   </Row>
   <Row>
    <Cell ss:Index="2" ss:StyleID="s29"/>
    <Cell ss:Index="4" ss:StyleID="s29"/>
   </Row>
   <Row ss:Height="14.25">
    <Cell ss:StyleID="s30"/>
    <Cell ss:Index="4" ss:StyleID="s29"/>
    <Cell ss:StyleID="s29"/>
   </Row>
   <Row ss:Height="14.25">
    <Cell ss:StyleID="s30"/>
    <Cell ss:Index="4" ss:StyleID="s29"/>
    <Cell ss:StyleID="s29"/>
   </Row>
   <Row>
    <Cell ss:Index="4" ss:StyleID="s29"/>
    <Cell ss:StyleID="s29"/>
   </Row>
   <Row>
    <Cell ss:StyleID="s28"/>
    <Cell ss:StyleID="s28"/>
    <Cell ss:StyleID="s28"/>
   </Row>
   <Row>
    <Cell ss:MergeAcross="1" ss:StyleID="s62"/>
    <Cell ss:Index="8" ss:StyleID="s28"/>
   </Row>
   <Row ss:Index="27">
    <Cell ss:StyleID="s31"/>
    <Cell ss:StyleID="s31"/>
    <Cell ss:StyleID="s31"/>
    <Cell ss:StyleID="s31"/>
    <Cell ss:StyleID="s31"/>
   </Row>
  </Table>
  <WorksheetOptions xmlns="urn:schemas-microsoft-com:office:excel">
   <PageSetup>
    <Layout x:CenterHorizontal="1"/>
    <Header x:Margin="0.51181102362204722"/>
    <Footer x:Margin="0.51181102362204722"/>
    <PageMargins x:Bottom="0.98425196850393704" x:Left="0.39370078740157483"
     x:Right="0.19685039370078741" x:Top="0.65"/>
   </PageSetup>
   <FitToPage/>
   <Print>
    <ValidPrinterInfo/>
    <PaperSizeIndex>9</PaperSizeIndex>
    <HorizontalResolution>600</HorizontalResolution>
    <VerticalResolution>600</VerticalResolution>
   </Print>
   <PageBreakZoom>60</PageBreakZoom>
   <Selected/>
   <Panes>
    <Pane>
     <Number>3</Number>
     <ActiveRow>17</ActiveRow>
     <ActiveCol>4</ActiveCol>
    </Pane>
   </Panes>
   <ProtectObjects>False</ProtectObjects>
   <ProtectScenarios>False</ProtectScenarios>
  </WorksheetOptions>
 </Worksheet>
 <Worksheet ss:Name="hidden1">
  <Table ss:ExpandedColumnCount="3" ss:ExpandedRowCount="5" x:FullColumns="1"
   x:FullRows="1">
   <Row>
    <Cell><Data ss:Type="Number">524582773</Data></Cell>
    <Cell><Data ss:Type="Number">248890513</Data></Cell>
    <Cell><Data ss:Type="Number">275692260</Data></Cell>
   </Row>
   <Row>
    <Cell><Data ss:Type="Number">78689447</Data></Cell>
    <Cell><Data ss:Type="Number">37334097</Data></Cell>
    <Cell><Data ss:Type="Number">41355350</Data></Cell>
   </Row>
   <Row>
    <Cell><Data ss:Type="Number">55258776</Data></Cell>
    <Cell><Data ss:Type="Number">23512611</Data></Cell>
    <Cell><Data ss:Type="Number">31746165</Data></Cell>
   </Row>
   <Row>
    <Cell><Data ss:Type="Number">2553781</Data></Cell>
    <Cell><Data ss:Type="Number">419725</Data></Cell>
    <Cell><Data ss:Type="Number">2134056</Data></Cell>
   </Row>
   <Row>
    <Cell><Data ss:Type="Number">661084777</Data></Cell>
    <Cell><Data ss:Type="Number">310156946</Data></Cell>
    <Cell><Data ss:Type="Number">350927831</Data></Cell>
   </Row>
  </Table>
  <WorksheetOptions xmlns="urn:schemas-microsoft-com:office:excel">
   <Visible>SheetHidden</Visible>
   <ProtectObjects>False</ProtectObjects>
   <ProtectScenarios>False</ProtectScenarios>
  </WorksheetOptions>
 </Worksheet>
</Workbook>
