<?xml version="1.0"?>
<?mso-application progid="Excel.Sheet"?>
<Workbook xmlns="urn:schemas-microsoft-com:office:spreadsheet"
 xmlns:o="urn:schemas-microsoft-com:office:office"
 xmlns:x="urn:schemas-microsoft-com:office:excel"
 xmlns:ss="urn:schemas-microsoft-com:office:spreadsheet"
 xmlns:html="http://www.w3.org/TR/REC-html40">
 <DocumentProperties xmlns="urn:schemas-microsoft-com:office:office">
  <Author>user</Author>
  <LastAuthor>balmaster</LastAuthor>
  <LastPrinted>2007-08-02T07:00:16Z</LastPrinted>
  <Created>2003-09-10T13:58:44Z</Created>
  <LastSaved>2010-03-23T12:59:22Z</LastSaved>
  <Company>мнс</Company>
  <Version>12.00</Version>
 </DocumentProperties>
 <ExcelWorkbook xmlns="urn:schemas-microsoft-com:office:excel">
  <WindowHeight>4875</WindowHeight>
  <WindowWidth>9405</WindowWidth>
  <WindowTopX>90</WindowTopX>
  <WindowTopY>30</WindowTopY>
  <ProtectStructure>False</ProtectStructure>
  <ProtectWindows>False</ProtectWindows>
 </ExcelWorkbook>
 <Styles>
  <Style ss:ID="Default" ss:Name="Normal">
   <Alignment ss:Vertical="Bottom"/>
   <Borders/>
   <Font ss:FontName="Arial Cyr" x:CharSet="204"/>
   <Interior/>
   <NumberFormat/>
   <Protection/>
  </Style>
  <Style ss:ID="m61799264">
   <Alignment ss:Horizontal="Center" ss:Vertical="Center" ss:WrapText="1"/>
   <Borders>
    <Border ss:Position="Bottom" ss:LineStyle="Continuous" ss:Weight="1"/>
    <Border ss:Position="Left" ss:LineStyle="Continuous" ss:Weight="1"/>
    <Border ss:Position="Right" ss:LineStyle="Continuous" ss:Weight="1"/>
    <Border ss:Position="Top" ss:LineStyle="Continuous" ss:Weight="1"/>
   </Borders>
   <Font ss:FontName="Arial Cyr" x:CharSet="204" x:Family="Swiss"/>
  </Style>
  <Style ss:ID="m61799284">
   <Alignment ss:Horizontal="Center" ss:Vertical="Center" ss:WrapText="1"/>
   <Borders>
    <Border ss:Position="Bottom" ss:LineStyle="Continuous" ss:Weight="1"/>
    <Border ss:Position="Left" ss:LineStyle="Continuous" ss:Weight="1"/>
    <Border ss:Position="Right" ss:LineStyle="Continuous" ss:Weight="1"/>
    <Border ss:Position="Top" ss:LineStyle="Continuous" ss:Weight="1"/>
   </Borders>
   <Font ss:FontName="Arial Cyr" x:CharSet="204" x:Family="Swiss"/>
  </Style>
  <Style ss:ID="m61799304">
   <Alignment ss:Horizontal="Center" ss:Vertical="Center" ss:WrapText="1"/>
   <Borders>
    <Border ss:Position="Bottom" ss:LineStyle="Continuous" ss:Weight="1"/>
    <Border ss:Position="Left" ss:LineStyle="Continuous" ss:Weight="1"/>
    <Border ss:Position="Right" ss:LineStyle="Continuous" ss:Weight="1"/>
    <Border ss:Position="Top" ss:LineStyle="Continuous" ss:Weight="1"/>
   </Borders>
   <Font ss:FontName="Arial Cyr" x:CharSet="204" x:Family="Swiss"/>
  </Style>
  <Style ss:ID="m61799324">
   <Alignment ss:Horizontal="Center" ss:Vertical="Center" ss:WrapText="1"/>
   <Borders>
    <Border ss:Position="Bottom" ss:LineStyle="Continuous" ss:Weight="1"/>
    <Border ss:Position="Left" ss:LineStyle="Continuous" ss:Weight="1"/>
    <Border ss:Position="Right" ss:LineStyle="Continuous" ss:Weight="1"/>
    <Border ss:Position="Top" ss:LineStyle="Continuous" ss:Weight="1"/>
   </Borders>
   <Font ss:FontName="Arial Cyr" x:CharSet="204" x:Family="Swiss"/>
  </Style>
  <Style ss:ID="m61799488">
   <Alignment ss:Horizontal="Center" ss:Vertical="Center" ss:WrapText="1"/>
   <Borders>
    <Border ss:Position="Bottom" ss:LineStyle="Continuous" ss:Weight="1"/>
    <Border ss:Position="Left" ss:LineStyle="Continuous" ss:Weight="1"/>
    <Border ss:Position="Right" ss:LineStyle="Continuous" ss:Weight="1"/>
    <Border ss:Position="Top" ss:LineStyle="Continuous" ss:Weight="1"/>
   </Borders>
   <Font ss:FontName="Arial Cyr" x:CharSet="204" x:Family="Swiss"/>
  </Style>
  <Style ss:ID="m61799528">
   <Alignment ss:Horizontal="Center" ss:Vertical="Center" ss:WrapText="1"/>
   <Borders>
    <Border ss:Position="Bottom" ss:LineStyle="Continuous" ss:Weight="1"/>
    <Border ss:Position="Left" ss:LineStyle="Continuous" ss:Weight="1"/>
    <Border ss:Position="Right" ss:LineStyle="Continuous" ss:Weight="1"/>
    <Border ss:Position="Top" ss:LineStyle="Continuous" ss:Weight="1"/>
   </Borders>
   <Font ss:FontName="Arial Cyr" x:CharSet="204" x:Family="Swiss"/>
  </Style>
  <Style ss:ID="m61799548">
   <Alignment ss:Horizontal="Center" ss:Vertical="Center" ss:WrapText="1"/>
   <Borders>
    <Border ss:Position="Bottom" ss:LineStyle="Continuous" ss:Weight="1"/>
    <Border ss:Position="Left" ss:LineStyle="Continuous" ss:Weight="1"/>
    <Border ss:Position="Right" ss:LineStyle="Continuous" ss:Weight="1"/>
    <Border ss:Position="Top" ss:LineStyle="Continuous" ss:Weight="1"/>
   </Borders>
   <Font ss:FontName="Arial Cyr" x:CharSet="204" x:Family="Swiss"/>
  </Style>
  <Style ss:ID="m61799568">
   <Alignment ss:Horizontal="Center" ss:Vertical="Center" ss:WrapText="1"/>
   <Borders>
    <Border ss:Position="Bottom" ss:LineStyle="Continuous" ss:Weight="1"/>
    <Border ss:Position="Left" ss:LineStyle="Continuous" ss:Weight="1"/>
    <Border ss:Position="Right" ss:LineStyle="Continuous" ss:Weight="1"/>
    <Border ss:Position="Top" ss:LineStyle="Continuous" ss:Weight="1"/>
   </Borders>
   <Font ss:FontName="Arial Cyr" x:CharSet="204" x:Family="Swiss"/>
  </Style>
  <Style ss:ID="m61799608">
   <Alignment ss:Horizontal="Center" ss:Vertical="Center" ss:WrapText="1"/>
   <Borders>
    <Border ss:Position="Bottom" ss:LineStyle="Continuous" ss:Weight="1"/>
    <Border ss:Position="Left" ss:LineStyle="Continuous" ss:Weight="1"/>
    <Border ss:Position="Right" ss:LineStyle="Continuous" ss:Weight="1"/>
    <Border ss:Position="Top" ss:LineStyle="Continuous" ss:Weight="1"/>
   </Borders>
   <Font ss:FontName="Arial Cyr" x:CharSet="204" x:Family="Swiss"/>
  </Style>
  <Style ss:ID="m61799628">
   <Alignment ss:Horizontal="Center" ss:Vertical="Center" ss:WrapText="1"/>
   <Borders>
    <Border ss:Position="Bottom" ss:LineStyle="Continuous" ss:Weight="1"/>
    <Border ss:Position="Left" ss:LineStyle="Continuous" ss:Weight="1"/>
    <Border ss:Position="Right" ss:LineStyle="Continuous" ss:Weight="1"/>
    <Border ss:Position="Top" ss:LineStyle="Continuous" ss:Weight="1"/>
   </Borders>
   <Font ss:FontName="Arial Cyr" x:CharSet="204" x:Family="Swiss"/>
  </Style>
  <Style ss:ID="m61799648">
   <Alignment ss:Horizontal="Center" ss:Vertical="Center" ss:WrapText="1"/>
   <Borders>
    <Border ss:Position="Bottom" ss:LineStyle="Continuous" ss:Weight="1"/>
    <Border ss:Position="Left" ss:LineStyle="Continuous" ss:Weight="1"/>
    <Border ss:Position="Right" ss:LineStyle="Continuous" ss:Weight="1"/>
    <Border ss:Position="Top" ss:LineStyle="Continuous" ss:Weight="1"/>
   </Borders>
   <Font ss:FontName="Arial Cyr" x:CharSet="204" x:Family="Swiss"/>
  </Style>
  <Style ss:ID="m61799668">
   <Alignment ss:Horizontal="Center" ss:Vertical="Center" ss:WrapText="1"/>
   <Borders>
    <Border ss:Position="Bottom" ss:LineStyle="Continuous" ss:Weight="1"/>
    <Border ss:Position="Left" ss:LineStyle="Continuous" ss:Weight="1"/>
    <Border ss:Position="Right" ss:LineStyle="Continuous" ss:Weight="1"/>
    <Border ss:Position="Top" ss:LineStyle="Continuous" ss:Weight="1"/>
   </Borders>
   <Font ss:FontName="Arial Cyr" x:CharSet="204" x:Family="Swiss"/>
  </Style>
  <Style ss:ID="m61797920">
   <Alignment ss:Horizontal="Center" ss:Vertical="Center" ss:WrapText="1"/>
   <Borders>
    <Border ss:Position="Bottom" ss:LineStyle="Continuous" ss:Weight="1"/>
    <Border ss:Position="Left" ss:LineStyle="Continuous" ss:Weight="1"/>
    <Border ss:Position="Right" ss:LineStyle="Continuous" ss:Weight="1"/>
    <Border ss:Position="Top" ss:LineStyle="Continuous" ss:Weight="1"/>
   </Borders>
   <Font ss:FontName="Arial Cyr" x:CharSet="204" x:Family="Swiss"/>
  </Style>
  <Style ss:ID="m61797940">
   <Alignment ss:Horizontal="Center" ss:Vertical="Center" ss:WrapText="1"/>
   <Borders>
    <Border ss:Position="Bottom" ss:LineStyle="Continuous" ss:Weight="1"/>
    <Border ss:Position="Left" ss:LineStyle="Continuous" ss:Weight="1"/>
    <Border ss:Position="Right" ss:LineStyle="Continuous" ss:Weight="1"/>
    <Border ss:Position="Top" ss:LineStyle="Continuous" ss:Weight="1"/>
   </Borders>
   <Font ss:FontName="Arial Cyr" x:CharSet="204" x:Family="Swiss"/>
  </Style>
  <Style ss:ID="m61797960">
   <Alignment ss:Horizontal="Center" ss:Vertical="Center" ss:WrapText="1"/>
   <Borders>
    <Border ss:Position="Bottom" ss:LineStyle="Continuous" ss:Weight="1"/>
    <Border ss:Position="Left" ss:LineStyle="Continuous" ss:Weight="1"/>
    <Border ss:Position="Right" ss:LineStyle="Continuous" ss:Weight="1"/>
    <Border ss:Position="Top" ss:LineStyle="Continuous" ss:Weight="1"/>
   </Borders>
   <Font ss:FontName="Arial Cyr" x:CharSet="204" x:Family="Swiss"/>
  </Style>
  <Style ss:ID="m61797980">
   <Alignment ss:Horizontal="Center" ss:Vertical="Center" ss:WrapText="1"/>
   <Borders>
    <Border ss:Position="Bottom" ss:LineStyle="Continuous" ss:Weight="1"/>
    <Border ss:Position="Left" ss:LineStyle="Continuous" ss:Weight="1"/>
    <Border ss:Position="Right" ss:LineStyle="Continuous" ss:Weight="1"/>
    <Border ss:Position="Top" ss:LineStyle="Continuous" ss:Weight="1"/>
   </Borders>
   <Font ss:FontName="Arial Cyr" x:CharSet="204" x:Family="Swiss"/>
  </Style>
  <Style ss:ID="m61798816">
   <Alignment ss:Horizontal="Center" ss:Vertical="Center" ss:WrapText="1"/>
   <Borders>
    <Border ss:Position="Bottom" ss:LineStyle="Continuous" ss:Weight="1"/>
    <Border ss:Position="Left" ss:LineStyle="Continuous" ss:Weight="1"/>
    <Border ss:Position="Right" ss:LineStyle="Continuous" ss:Weight="1"/>
    <Border ss:Position="Top" ss:LineStyle="Continuous" ss:Weight="1"/>
   </Borders>
   <Font ss:FontName="Arial Cyr" x:CharSet="204" x:Family="Swiss"/>
  </Style>
  <Style ss:ID="m61798836">
   <Alignment ss:Horizontal="Center" ss:Vertical="Center" ss:WrapText="1"/>
   <Borders>
    <Border ss:Position="Bottom" ss:LineStyle="Continuous" ss:Weight="1"/>
    <Border ss:Position="Left" ss:LineStyle="Continuous" ss:Weight="1"/>
    <Border ss:Position="Right" ss:LineStyle="Continuous" ss:Weight="1"/>
    <Border ss:Position="Top" ss:LineStyle="Continuous" ss:Weight="1"/>
   </Borders>
   <Font ss:FontName="Arial Cyr" x:CharSet="204" x:Family="Swiss"/>
  </Style>
  <Style ss:ID="m61798856">
   <Alignment ss:Horizontal="Center" ss:Vertical="Center" ss:WrapText="1"/>
   <Borders>
    <Border ss:Position="Bottom" ss:LineStyle="Continuous" ss:Weight="1"/>
    <Border ss:Position="Left" ss:LineStyle="Continuous" ss:Weight="1"/>
    <Border ss:Position="Right" ss:LineStyle="Continuous" ss:Weight="1"/>
    <Border ss:Position="Top" ss:LineStyle="Continuous" ss:Weight="1"/>
   </Borders>
   <Font ss:FontName="Arial Cyr" x:CharSet="204" x:Family="Swiss"/>
  </Style>
  <Style ss:ID="m61798896">
   <Alignment ss:Horizontal="Center" ss:Vertical="Center" ss:WrapText="1"/>
   <Borders>
    <Border ss:Position="Bottom" ss:LineStyle="Continuous" ss:Weight="1"/>
    <Border ss:Position="Left" ss:LineStyle="Continuous" ss:Weight="1"/>
    <Border ss:Position="Right" ss:LineStyle="Continuous" ss:Weight="1"/>
    <Border ss:Position="Top" ss:LineStyle="Continuous" ss:Weight="1"/>
   </Borders>
   <Font ss:FontName="Arial Cyr" x:CharSet="204" x:Family="Swiss"/>
  </Style>
  <Style ss:ID="m61798916">
   <Alignment ss:Horizontal="Center" ss:Vertical="Center" ss:WrapText="1"/>
   <Borders>
    <Border ss:Position="Bottom" ss:LineStyle="Continuous" ss:Weight="1"/>
    <Border ss:Position="Left" ss:LineStyle="Continuous" ss:Weight="1"/>
    <Border ss:Position="Right" ss:LineStyle="Continuous" ss:Weight="1"/>
    <Border ss:Position="Top" ss:LineStyle="Continuous" ss:Weight="1"/>
   </Borders>
   <Font ss:FontName="Arial Cyr" x:CharSet="204" x:Family="Swiss" ss:Bold="1"
    ss:Italic="1"/>
  </Style>
  <Style ss:ID="m61798936">
   <Alignment ss:Horizontal="Center" ss:Vertical="Center" ss:WrapText="1"/>
   <Borders>
    <Border ss:Position="Bottom" ss:LineStyle="Continuous" ss:Weight="1"/>
    <Border ss:Position="Left" ss:LineStyle="Continuous" ss:Weight="1"/>
    <Border ss:Position="Right" ss:LineStyle="Continuous" ss:Weight="1"/>
    <Border ss:Position="Top" ss:LineStyle="Continuous" ss:Weight="1"/>
   </Borders>
   <Font ss:FontName="Arial Cyr" x:CharSet="204" x:Family="Swiss"/>
  </Style>
  <Style ss:ID="m61799040">
   <Alignment ss:Horizontal="Center" ss:Vertical="Center" ss:WrapText="1"/>
   <Borders>
    <Border ss:Position="Bottom" ss:LineStyle="Continuous" ss:Weight="1"/>
    <Border ss:Position="Left" ss:LineStyle="Continuous" ss:Weight="1"/>
    <Border ss:Position="Right" ss:LineStyle="Continuous" ss:Weight="1"/>
    <Border ss:Position="Top" ss:LineStyle="Continuous" ss:Weight="1"/>
   </Borders>
   <Font ss:FontName="Arial Cyr" x:CharSet="204" x:Family="Swiss"/>
  </Style>
  <Style ss:ID="m61799060">
   <Alignment ss:Horizontal="Center" ss:Vertical="Center" ss:WrapText="1"/>
   <Borders>
    <Border ss:Position="Bottom" ss:LineStyle="Continuous" ss:Weight="1"/>
    <Border ss:Position="Left" ss:LineStyle="Continuous" ss:Weight="1"/>
    <Border ss:Position="Right" ss:LineStyle="Continuous" ss:Weight="1"/>
    <Border ss:Position="Top" ss:LineStyle="Continuous" ss:Weight="1"/>
   </Borders>
   <Font ss:FontName="Arial Cyr" x:CharSet="204" x:Family="Swiss"/>
  </Style>
  <Style ss:ID="m61799080">
   <Alignment ss:Horizontal="Center" ss:Vertical="Center" ss:WrapText="1"/>
   <Borders>
    <Border ss:Position="Bottom" ss:LineStyle="Continuous" ss:Weight="1"/>
    <Border ss:Position="Left" ss:LineStyle="Continuous" ss:Weight="1"/>
    <Border ss:Position="Right" ss:LineStyle="Continuous" ss:Weight="1"/>
    <Border ss:Position="Top" ss:LineStyle="Continuous" ss:Weight="1"/>
   </Borders>
   <Font ss:FontName="Arial Cyr" x:CharSet="204" x:Family="Swiss"/>
  </Style>
  <Style ss:ID="m61799100">
   <Alignment ss:Horizontal="Center" ss:Vertical="Center" ss:WrapText="1"/>
   <Borders>
    <Border ss:Position="Bottom" ss:LineStyle="Continuous" ss:Weight="1"/>
    <Border ss:Position="Left" ss:LineStyle="Continuous" ss:Weight="1"/>
    <Border ss:Position="Right" ss:LineStyle="Continuous" ss:Weight="1"/>
    <Border ss:Position="Top" ss:LineStyle="Continuous" ss:Weight="1"/>
   </Borders>
   <Font ss:FontName="Arial Cyr" x:CharSet="204" x:Family="Swiss"/>
  </Style>
  <Style ss:ID="m61799120">
   <Alignment ss:Horizontal="Center" ss:Vertical="Center" ss:WrapText="1"/>
   <Borders>
    <Border ss:Position="Bottom" ss:LineStyle="Continuous" ss:Weight="1"/>
    <Border ss:Position="Left" ss:LineStyle="Continuous" ss:Weight="1"/>
    <Border ss:Position="Right" ss:LineStyle="Continuous" ss:Weight="1"/>
    <Border ss:Position="Top" ss:LineStyle="Continuous" ss:Weight="1"/>
   </Borders>
   <Font ss:FontName="Arial Cyr" x:CharSet="204" x:Family="Swiss"/>
  </Style>
  <Style ss:ID="m61798592">
   <Alignment ss:Horizontal="Center" ss:Vertical="Top" ss:WrapText="1"/>
   <Borders>
    <Border ss:Position="Bottom" ss:LineStyle="Continuous" ss:Weight="1"/>
    <Border ss:Position="Left" ss:LineStyle="Continuous" ss:Weight="1"/>
    <Border ss:Position="Right" ss:LineStyle="Continuous" ss:Weight="1"/>
    <Border ss:Position="Top" ss:LineStyle="Continuous" ss:Weight="1"/>
   </Borders>
   <Font ss:FontName="Arial Cyr" x:CharSet="204" x:Family="Swiss" ss:Bold="1"
    ss:Italic="1"/>
  </Style>
  <Style ss:ID="m61798612">
   <Alignment ss:Horizontal="Right" ss:Vertical="Bottom" ss:WrapText="1"/>
   <Borders>
    <Border ss:Position="Bottom" ss:LineStyle="Continuous" ss:Weight="1"/>
    <Border ss:Position="Left" ss:LineStyle="Continuous" ss:Weight="1"/>
    <Border ss:Position="Right" ss:LineStyle="Continuous" ss:Weight="1"/>
    <Border ss:Position="Top" ss:LineStyle="Continuous" ss:Weight="1"/>
   </Borders>
   <Font ss:FontName="Arial Cyr" x:CharSet="204" x:Family="Swiss"/>
   <NumberFormat ss:Format="#,##0"/>
  </Style>
  <Style ss:ID="m61798632">
   <Alignment ss:Horizontal="Right" ss:Vertical="Bottom" ss:WrapText="1"/>
   <Borders>
    <Border ss:Position="Bottom" ss:LineStyle="Continuous" ss:Weight="1"/>
    <Border ss:Position="Left" ss:LineStyle="Continuous" ss:Weight="1"/>
    <Border ss:Position="Right" ss:LineStyle="Continuous" ss:Weight="1"/>
    <Border ss:Position="Top" ss:LineStyle="Continuous" ss:Weight="1"/>
   </Borders>
   <Font ss:FontName="Arial Cyr" x:CharSet="204" x:Family="Swiss"/>
   <NumberFormat ss:Format="#,##0"/>
  </Style>
  <Style ss:ID="m61798672">
   <Alignment ss:Horizontal="Center" ss:Vertical="Center" ss:WrapText="1"/>
   <Borders>
    <Border ss:Position="Bottom" ss:LineStyle="Continuous" ss:Weight="1"/>
    <Border ss:Position="Left" ss:LineStyle="Continuous" ss:Weight="1"/>
    <Border ss:Position="Right" ss:LineStyle="Continuous" ss:Weight="1"/>
    <Border ss:Position="Top" ss:LineStyle="Continuous" ss:Weight="1"/>
   </Borders>
   <Font ss:FontName="Arial Cyr" x:CharSet="204" x:Family="Swiss"/>
  </Style>
  <Style ss:ID="m61798692">
   <Alignment ss:Horizontal="Center" ss:Vertical="Center" ss:WrapText="1"/>
   <Borders>
    <Border ss:Position="Bottom" ss:LineStyle="Continuous" ss:Weight="1"/>
    <Border ss:Position="Left" ss:LineStyle="Continuous" ss:Weight="1"/>
    <Border ss:Position="Right" ss:LineStyle="Continuous" ss:Weight="1"/>
    <Border ss:Position="Top" ss:LineStyle="Continuous" ss:Weight="1"/>
   </Borders>
   <Font ss:FontName="Arial Cyr" x:CharSet="204" x:Family="Swiss"/>
  </Style>
  <Style ss:ID="m61798712">
   <Alignment ss:Horizontal="Center" ss:Vertical="Center" ss:WrapText="1"/>
   <Borders>
    <Border ss:Position="Bottom" ss:LineStyle="Continuous" ss:Weight="1"/>
    <Border ss:Position="Left" ss:LineStyle="Continuous" ss:Weight="1"/>
    <Border ss:Position="Right" ss:LineStyle="Continuous" ss:Weight="1"/>
    <Border ss:Position="Top" ss:LineStyle="Continuous" ss:Weight="1"/>
   </Borders>
   <Font ss:FontName="Arial Cyr" x:CharSet="204" x:Family="Swiss"/>
  </Style>
  <Style ss:ID="m61798732">
   <Alignment ss:Horizontal="Center" ss:Vertical="Center" ss:WrapText="1"/>
   <Borders>
    <Border ss:Position="Bottom" ss:LineStyle="Continuous" ss:Weight="1"/>
    <Border ss:Position="Left" ss:LineStyle="Continuous" ss:Weight="1"/>
    <Border ss:Position="Right" ss:LineStyle="Continuous" ss:Weight="1"/>
    <Border ss:Position="Top" ss:LineStyle="Continuous" ss:Weight="1"/>
   </Borders>
   <Font ss:FontName="Arial Cyr" x:CharSet="204" x:Family="Swiss"/>
  </Style>
  <Style ss:ID="s23">
   <Alignment ss:Vertical="Bottom"/>
   <Font ss:FontName="Arial Cyr" x:CharSet="204" x:Family="Swiss"/>
  </Style>
  <Style ss:ID="s24">
   <Alignment ss:Horizontal="Right" ss:Vertical="Bottom"/>
   <Borders/>
   <Font ss:FontName="Arial Cyr" x:CharSet="204" x:Family="Swiss" ss:Bold="1"
    ss:Italic="1"/>
  </Style>
  <Style ss:ID="s25">
   <Alignment ss:Horizontal="Justify" ss:Vertical="Bottom"/>
   <Font ss:FontName="Times New Roman" x:Family="Roman" ss:Size="11"/>
  </Style>
  <Style ss:ID="s26">
   <Font ss:FontName="Arial Cyr" x:CharSet="204" x:Family="Swiss"/>
  </Style>
  <Style ss:ID="s27">
   <Alignment ss:Horizontal="Center" ss:Vertical="Top" ss:WrapText="1"/>
   <Font ss:FontName="Arial Cyr" x:CharSet="204" x:Family="Swiss"/>
  </Style>
  <Style ss:ID="s28">
   <Alignment ss:Horizontal="Center" ss:Vertical="Center" ss:WrapText="1"/>
   <Font ss:FontName="Arial Cyr" x:CharSet="204" x:Family="Swiss" ss:Bold="1"/>
  </Style>
  <Style ss:ID="s29">
   <Alignment ss:Horizontal="Center" ss:Vertical="Top"/>
   <Font ss:FontName="Arial Cyr" x:CharSet="204" x:Family="Swiss" ss:Size="12"/>
  </Style>
  <Style ss:ID="s30">
   <Alignment ss:Horizontal="Left" ss:Vertical="Top" ss:WrapText="1"/>
   <Font ss:FontName="Arial Cyr" x:CharSet="204" ss:Size="14" ss:Bold="1"/>
  </Style>
  <Style ss:ID="s31">
   <Alignment ss:Horizontal="Center" ss:Vertical="Top"/>
   <Font ss:FontName="Arial Cyr" x:CharSet="204" ss:Size="12" ss:Bold="1"/>
  </Style>
  <Style ss:ID="s32">
   <Alignment ss:Vertical="Bottom"/>
   <Font ss:FontName="Arial Cyr" x:CharSet="204" x:Family="Swiss" ss:Size="12"/>
  </Style>
  <Style ss:ID="s33">
   <Font ss:FontName="Arial Cyr" x:CharSet="204" x:Family="Swiss" ss:Size="12"/>
  </Style>
  <Style ss:ID="s34">
   <Alignment ss:Horizontal="Right" ss:Vertical="Bottom"/>
   <Font ss:FontName="Arial Cyr" x:CharSet="204" x:Family="Swiss"/>
  </Style>
  <Style ss:ID="s35">
   <Font ss:FontName="Arial Cyr" x:CharSet="204" ss:Bold="1"/>
  </Style>
  <Style ss:ID="s36">
   <Alignment ss:Vertical="Bottom"/>
   <Font ss:FontName="Arial Cyr" x:CharSet="204" x:Family="Swiss" ss:Bold="1"/>
  </Style>
  <Style ss:ID="s37">
   <Alignment ss:Horizontal="Center" ss:Vertical="Top" ss:WrapText="1"/>
   <Borders>
    <Border ss:Position="Bottom" ss:LineStyle="Continuous" ss:Weight="1"/>
    <Border ss:Position="Left" ss:LineStyle="Continuous" ss:Weight="1"/>
    <Border ss:Position="Right" ss:LineStyle="Continuous" ss:Weight="1"/>
   </Borders>
   <Font ss:FontName="Arial Cyr" x:CharSet="204" x:Family="Swiss" ss:Bold="1"
    ss:Italic="1"/>
  </Style>
  <Style ss:ID="s38">
   <Alignment ss:Horizontal="Center" ss:Vertical="Top" ss:WrapText="1"/>
   <Borders>
    <Border ss:Position="Bottom" ss:LineStyle="Continuous" ss:Weight="1"/>
    <Border ss:Position="Right" ss:LineStyle="Continuous" ss:Weight="1"/>
   </Borders>
   <Font ss:FontName="Arial Cyr" x:CharSet="204" x:Family="Swiss" ss:Bold="1"
    ss:Italic="1"/>
  </Style>
  <Style ss:ID="s39">
   <Alignment ss:Horizontal="Left" ss:Vertical="Center" ss:WrapText="1"/>
   <Borders>
    <Border ss:Position="Bottom" ss:LineStyle="Continuous" ss:Weight="1"/>
    <Border ss:Position="Left" ss:LineStyle="Continuous" ss:Weight="1"/>
    <Border ss:Position="Right" ss:LineStyle="Continuous" ss:Weight="1"/>
   </Borders>
   <Font ss:FontName="Arial Cyr" x:CharSet="204" x:Family="Swiss"/>
  </Style>
  <Style ss:ID="s40">
   <Alignment ss:Horizontal="Center" ss:Vertical="Bottom" ss:WrapText="1"/>
   <Borders>
    <Border ss:Position="Bottom" ss:LineStyle="Continuous" ss:Weight="1"/>
    <Border ss:Position="Right" ss:LineStyle="Continuous" ss:Weight="1"/>
   </Borders>
   <Font ss:FontName="Arial Cyr" x:CharSet="204" x:Family="Swiss"/>
  </Style>
  <Style ss:ID="s41">
   <Alignment ss:Horizontal="Right" ss:Vertical="Bottom" ss:WrapText="1"/>
   <Borders>
    <Border ss:Position="Bottom" ss:LineStyle="Continuous" ss:Weight="1"/>
    <Border ss:Position="Right" ss:LineStyle="Continuous" ss:Weight="1"/>
   </Borders>
   <Font ss:FontName="Arial Cyr" x:CharSet="204" x:Family="Swiss"/>
   <NumberFormat ss:Format="#,##0"/>
  </Style>
  <Style ss:ID="s42">
   <Alignment ss:Horizontal="Left" ss:Vertical="Center" ss:WrapText="1"/>
   <Borders>
    <Border ss:Position="Bottom" ss:LineStyle="Continuous" ss:Weight="1"/>
    <Border ss:Position="Left" ss:LineStyle="Continuous" ss:Weight="1"/>
    <Border ss:Position="Right" ss:LineStyle="Continuous" ss:Weight="1"/>
    <Border ss:Position="Top" ss:LineStyle="Continuous" ss:Weight="1"/>
   </Borders>
   <Font ss:FontName="Arial Cyr" x:CharSet="204" x:Family="Swiss"/>
  </Style>
  <Style ss:ID="s43">
   <Alignment ss:Horizontal="Center" ss:Vertical="Bottom" ss:WrapText="1"/>
   <Borders>
    <Border ss:Position="Bottom" ss:LineStyle="Continuous" ss:Weight="1"/>
    <Border ss:Position="Left" ss:LineStyle="Continuous" ss:Weight="1"/>
    <Border ss:Position="Right" ss:LineStyle="Continuous" ss:Weight="1"/>
    <Border ss:Position="Top" ss:LineStyle="Continuous" ss:Weight="1"/>
   </Borders>
   <Font ss:FontName="Arial Cyr" x:CharSet="204" x:Family="Swiss"/>
  </Style>
  <Style ss:ID="s44">
   <Alignment ss:Horizontal="Justify" ss:Vertical="Top" ss:WrapText="1"/>
   <Borders>
    <Border ss:Position="Bottom" ss:LineStyle="Continuous" ss:Weight="1"/>
    <Border ss:Position="Left" ss:LineStyle="Continuous" ss:Weight="1"/>
    <Border ss:Position="Right" ss:LineStyle="Continuous" ss:Weight="1"/>
   </Borders>
   <Font ss:FontName="Arial Cyr" x:CharSet="204" x:Family="Swiss"/>
  </Style>
  <Style ss:ID="s45">
   <Alignment ss:Horizontal="Right" ss:Vertical="Bottom"/>
   <Borders/>
   <Font ss:FontName="Arial Cyr" x:CharSet="204" x:Family="Swiss" ss:Bold="1"/>
  </Style>
  <Style ss:ID="s46">
   <Alignment ss:Horizontal="Center" ss:Vertical="Center" ss:WrapText="1"/>
   <Borders>
    <Border ss:Position="Bottom" ss:LineStyle="Continuous" ss:Weight="1"/>
    <Border ss:Position="Right" ss:LineStyle="Continuous" ss:Weight="1"/>
   </Borders>
   <Font ss:FontName="Arial Cyr" x:CharSet="204" x:Family="Swiss"/>
  </Style>
  <Style ss:ID="s47">
   <Borders/>
   <Font ss:FontName="Arial Cyr" x:CharSet="204" x:Family="Swiss"/>
  </Style>
  <Style ss:ID="s48">
   <Alignment ss:Horizontal="Left" ss:Vertical="Top" ss:WrapText="1"/>
   <Font ss:FontName="Arial Cyr" x:CharSet="204" x:Family="Swiss" ss:Bold="1"/>
  </Style>
  <Style ss:ID="s49">
   <Alignment ss:Horizontal="Justify" ss:Vertical="Center" ss:WrapText="1"/>
   <Borders>
    <Border ss:Position="Bottom" ss:LineStyle="Continuous" ss:Weight="1"/>
    <Border ss:Position="Left" ss:LineStyle="Continuous" ss:Weight="1"/>
    <Border ss:Position="Right" ss:LineStyle="Continuous" ss:Weight="1"/>
   </Borders>
   <Font ss:FontName="Arial Cyr" x:CharSet="204" x:Family="Swiss"/>
  </Style>
  <Style ss:ID="s50">
   <Font ss:FontName="Arial Cyr" x:CharSet="204" x:Family="Swiss" ss:Bold="1"/>
  </Style>
  <Style ss:ID="s51">
   <Alignment ss:Horizontal="Left" ss:Vertical="Top" ss:WrapText="1"/>
   <Font ss:FontName="Arial Cyr" x:CharSet="204" ss:Bold="1"/>
  </Style>
  <Style ss:ID="s52">
   <Alignment ss:Horizontal="Right" ss:Vertical="Bottom"/>
   <Font ss:FontName="Arial Cyr" x:CharSet="204"/>
  </Style>
  <Style ss:ID="s53">
   <Alignment ss:Horizontal="Left" ss:Vertical="Bottom"/>
   <Font ss:FontName="Arial Cyr" x:CharSet="204" ss:Size="12" ss:Bold="1"/>
  </Style>
  <Style ss:ID="s87">
   <Alignment ss:Horizontal="Center" ss:Vertical="Center" ss:WrapText="1"/>
   <Font ss:FontName="Arial Cyr" x:CharSet="204" x:Family="Swiss" ss:Bold="1"
    ss:Italic="1"/>
  </Style>
  <Style ss:ID="s94">
   <Alignment ss:Horizontal="Left" ss:Vertical="Bottom"/>
   <Borders>
    <Border ss:Position="Bottom" ss:LineStyle="Continuous" ss:Weight="1"/>
   </Borders>
   <Font ss:FontName="Arial Cyr" x:CharSet="204" x:Family="Swiss" ss:Bold="1"/>
  </Style>
  <Style ss:ID="s97">
   <Alignment ss:Horizontal="Center" ss:Vertical="Top"/>
   <Font ss:FontName="Arial Cyr" x:CharSet="204"/>
  </Style>
 </Styles>
 <Worksheet ss:Name="Подр.1">
  <Names>
   <NamedRange ss:Name="Print_Titles" ss:RefersTo="=Подр.1!R7:R13"/>
  </Names>
  <Table ss:ExpandedColumnCount="20" ss:ExpandedRowCount="41" x:FullColumns="1"
   x:FullRows="1">
   <Column ss:AutoFitWidth="0" ss:Width="229.5"/>
   <Column ss:AutoFitWidth="0" ss:Width="44.25"/>
   <Column ss:AutoFitWidth="0" ss:Width="93.75"/>
   <Column ss:AutoFitWidth="0" ss:Width="99"/>
   <Column ss:AutoFitWidth="0" ss:Width="89.25"/>
   <Column ss:AutoFitWidth="0" ss:Width="90.75"/>
   <Column ss:AutoFitWidth="0" ss:Width="93.75"/>
   <Column ss:AutoFitWidth="0" ss:Width="89.25"/>
   <Column ss:AutoFitWidth="0" ss:Width="93"/>
   <Column ss:AutoFitWidth="0" ss:Width="83.25"/>
   <Row>
    <Cell ss:MergeAcross="9" ss:StyleID="s52"><Data ss:Type="String">Форма № 5-ЕСН</Data></Cell>
   </Row>
   <Row ss:Height="15.75" ss:StyleID="s53"/>
   <Row ss:AutoFitHeight="0" ss:Height="15">
    <Cell ss:MergeAcross="9" ss:StyleID="s28"><Data ss:Type="String">ОТЧЕТ О НАЛОГОВОЙ БАЗЕ И СТРУКТУРЕ НАЧИСЛЕНИЙ ПО  ЕДИНОМУ СОЦИАЛЬНОМУ НАЛОГУ И СТРАХОВЫМ ВЗНОСАМ  НА ОБЯЗАТЕЛЬНОЕ ПЕНСИОННОЕ СТРАХОВАНИЕ</Data></Cell>
   </Row>
   <Row ss:AutoFitHeight="0" ss:Height="15.75">
    <Cell ss:MergeAcross="9" ss:StyleID="s28"><Data ss:Type="String">Единый социальный налог и страховые взносы на обязательное пенсионное страхование</Data></Cell>
   </Row>
   <Row ss:AutoFitHeight="0" ss:Height="34.5">
    <Cell ss:MergeAcross="9" ss:StyleID="s87"><ss:Data ss:Type="String"
      xmlns="http://www.w3.org/TR/REC-html40"><B><I> </I></B><I>По организациям, производящим выплаты физическим лицам (за исключением выступающих в качестве работодателей сельскохозяйственных товаропроизводителей и родовых, семейных общин малочисленных народов Севера, занимающихся традиционными отраслями хозяйствования)</I></ss:Data></Cell>
   </Row>
   <Row ss:AutoFitHeight="0" ss:Height="31.5">
    <Cell ss:MergeAcross="9" ss:StyleID="s27"><Data ss:Type="String">(заполняется на основании показателей Разделов 00002 и 00021 декларации по единому социальному налогу и показателей Разделов 00002 и 00022 декларации по страховым взносам, прошедших камеральную налоговую проверку ( по данным налогового органа))</Data></Cell>
   </Row>
   <Row ss:Height="18">
    <Cell ss:StyleID="s30"><NamedCell ss:Name="Print_Titles"/></Cell>
    <Cell ss:StyleID="s27"><NamedCell ss:Name="Print_Titles"/></Cell>
    <Cell ss:MergeAcross="4" ss:StyleID="s97"><Data ss:Type="String">по состоянию на 01.01.2007 г.</Data><NamedCell
      ss:Name="Print_Titles"/></Cell>
    <Cell ss:StyleID="s27"><NamedCell ss:Name="Print_Titles"/></Cell>
    <Cell ss:StyleID="s27"><NamedCell ss:Name="Print_Titles"/></Cell>
    <Cell ss:StyleID="s27"><NamedCell ss:Name="Print_Titles"/></Cell>
   </Row>
   <Row ss:Height="15">
    <Cell ss:StyleID="s51"><Data ss:Type="String">Подраздел 1</Data><NamedCell
      ss:Name="Print_Titles"/></Cell>
    <Cell ss:StyleID="s27"><NamedCell ss:Name="Print_Titles"/></Cell>
    <Cell ss:StyleID="s29"><NamedCell ss:Name="Print_Titles"/></Cell>
    <Cell ss:StyleID="s29"><NamedCell ss:Name="Print_Titles"/></Cell>
    <Cell ss:StyleID="s29"><NamedCell ss:Name="Print_Titles"/></Cell>
    <Cell ss:StyleID="s29"><NamedCell ss:Name="Print_Titles"/></Cell>
    <Cell ss:StyleID="s29"><NamedCell ss:Name="Print_Titles"/></Cell>
    <Cell ss:StyleID="s27"><NamedCell ss:Name="Print_Titles"/></Cell>
    <Cell ss:StyleID="s27"><NamedCell ss:Name="Print_Titles"/></Cell>
    <Cell ss:StyleID="s27"><NamedCell ss:Name="Print_Titles"/></Cell>
   </Row>
   <Row ss:AutoFitHeight="0" ss:Height="13.125">
    <Cell ss:MergeAcross="2" ss:StyleID="s94"><Data ss:Type="String">Всего по России</Data><NamedCell
      ss:Name="Print_Titles"/></Cell>
    <Cell ss:StyleID="s24"><NamedCell ss:Name="Print_Titles"/></Cell>
    <Cell ss:StyleID="s24"><NamedCell ss:Name="Print_Titles"/></Cell>
    <Cell ss:StyleID="s24"><NamedCell ss:Name="Print_Titles"/></Cell>
    <Cell ss:StyleID="s24"><NamedCell ss:Name="Print_Titles"/></Cell>
    <Cell ss:StyleID="s24"><NamedCell ss:Name="Print_Titles"/></Cell>
    <Cell ss:StyleID="s24"><NamedCell ss:Name="Print_Titles"/></Cell>
    <Cell ss:StyleID="s36"><Data ss:Type="String">тыс. рублей</Data><NamedCell
      ss:Name="Print_Titles"/></Cell>
    <Cell ss:Index="20" ss:StyleID="s25"><NamedCell ss:Name="Print_Titles"/></Cell>
   </Row>
   <Row ss:AutoFitHeight="0" ss:Height="35.25">
    <Cell ss:MergeDown="2" ss:StyleID="m61799528"><NamedCell ss:Name="Print_Titles"/></Cell>
    <Cell ss:MergeDown="2" ss:StyleID="m61799548"><Data ss:Type="String">Код строки</Data><NamedCell
      ss:Name="Print_Titles"/></Cell>
    <Cell ss:MergeAcross="3" ss:StyleID="m61799628"><Data ss:Type="String">Налоговая база для исчисления налога (база для начисления страховых взносов)</Data><NamedCell
      ss:Name="Print_Titles"/></Cell>
    <Cell ss:MergeAcross="3" ss:StyleID="m61799608"><Data ss:Type="String">Численность (чел.)</Data><NamedCell
      ss:Name="Print_Titles"/></Cell>
   </Row>
   <Row ss:AutoFitHeight="0" ss:Height="13.125">
    <Cell ss:Index="3" ss:MergeDown="1" ss:StyleID="m61799488"><Data
      ss:Type="String">Федеральный бюджет</Data><NamedCell ss:Name="Print_Titles"/></Cell>
    <Cell ss:MergeDown="1" ss:StyleID="m61799568"><Data ss:Type="String">Страховые взносы на обязательное пенсионное страхование</Data><NamedCell
      ss:Name="Print_Titles"/></Cell>
    <Cell ss:MergeDown="1" ss:StyleID="m61799648"><Data ss:Type="String">ФСС</Data><NamedCell
      ss:Name="Print_Titles"/></Cell>
    <Cell ss:MergeDown="1" ss:StyleID="m61799668"><Data ss:Type="String">ФФОМС                                        ТФОМС</Data><NamedCell
      ss:Name="Print_Titles"/></Cell>
    <Cell ss:MergeDown="1" ss:StyleID="m61799264"><Data ss:Type="String">Федеральный бюджет</Data><NamedCell
      ss:Name="Print_Titles"/></Cell>
    <Cell ss:MergeDown="1" ss:StyleID="m61799284"><Data ss:Type="String">Страховые взносы на обязательное пенсионное страхование</Data><NamedCell
      ss:Name="Print_Titles"/></Cell>
    <Cell ss:MergeDown="1" ss:StyleID="m61799304"><Data ss:Type="String">ФСС</Data><NamedCell
      ss:Name="Print_Titles"/></Cell>
    <Cell ss:MergeDown="1" ss:StyleID="m61799324"><Data ss:Type="String">ФФОМС                                        ТФОМС</Data><NamedCell
      ss:Name="Print_Titles"/></Cell>
   </Row>
   <Row ss:AutoFitHeight="0" ss:Height="66.75"/>
   <Row>
    <Cell ss:StyleID="s37"><Data ss:Type="String">А</Data><NamedCell
      ss:Name="Print_Titles"/></Cell>
    <Cell ss:StyleID="s38"><Data ss:Type="String">Б</Data><NamedCell
      ss:Name="Print_Titles"/></Cell>
    <Cell ss:StyleID="s38"><Data ss:Type="Number">1</Data><NamedCell
      ss:Name="Print_Titles"/></Cell>
    <Cell ss:StyleID="s38"><Data ss:Type="Number">2</Data><NamedCell
      ss:Name="Print_Titles"/></Cell>
    <Cell ss:StyleID="s38"><Data ss:Type="Number">3</Data><NamedCell
      ss:Name="Print_Titles"/></Cell>
    <Cell ss:StyleID="s38"><Data ss:Type="Number">4</Data><NamedCell
      ss:Name="Print_Titles"/></Cell>
    <Cell ss:StyleID="s38"><Data ss:Type="Number">5</Data><NamedCell
      ss:Name="Print_Titles"/></Cell>
    <Cell ss:StyleID="s38"><Data ss:Type="Number">6</Data><NamedCell
      ss:Name="Print_Titles"/></Cell>
    <Cell ss:StyleID="s38"><Data ss:Type="Number">7</Data><NamedCell
      ss:Name="Print_Titles"/></Cell>
    <Cell ss:StyleID="s38"><Data ss:Type="Number">8</Data><NamedCell
      ss:Name="Print_Titles"/></Cell>
   </Row>
   <Row>
    <Cell ss:StyleID="s39"><Data ss:Type="String">До 280 000 рублей</Data></Cell>
    <Cell ss:StyleID="s40"><Data ss:Type="Number">11001</Data></Cell>
    <Cell ss:StyleID="s41"><Data ss:Type="Number">3916263397</Data></Cell>
    <Cell ss:StyleID="s41"><Data ss:Type="Number">4400048123</Data></Cell>
    <Cell ss:StyleID="s41"><Data ss:Type="Number">3846435778</Data></Cell>
    <Cell ss:StyleID="s41"><Data ss:Type="Number">3921615856</Data></Cell>
    <Cell ss:StyleID="s41"><Data ss:Type="Number">59529250</Data></Cell>
    <Cell ss:StyleID="s41"><Data ss:Type="Number">71375243</Data></Cell>
    <Cell ss:StyleID="s41"><Data ss:Type="Number">57040815</Data></Cell>
    <Cell ss:StyleID="s41"><Data ss:Type="Number">59673468</Data></Cell>
   </Row>
   <Row ss:Height="25.5">
    <Cell ss:StyleID="s42"><Data ss:Type="String">От 280 001 рублей  до  600 000 рублей,                                                в том числе:</Data></Cell>
    <Cell ss:StyleID="s40"><Data ss:Type="Number">11002</Data></Cell>
    <Cell ss:StyleID="s41"><Data ss:Type="Number">908478821</Data></Cell>
    <Cell ss:StyleID="s41"><Data ss:Type="Number">942811486</Data></Cell>
    <Cell ss:StyleID="s41"><Data ss:Type="Number">906908566</Data></Cell>
    <Cell ss:StyleID="s41"><Data ss:Type="Number">921707830</Data></Cell>
    <Cell ss:StyleID="s41"><Data ss:Type="Number">2417018</Data></Cell>
    <Cell ss:StyleID="s41"><Data ss:Type="Number">2508219</Data></Cell>
    <Cell ss:StyleID="s41"><Data ss:Type="Number">2406109</Data></Cell>
    <Cell ss:StyleID="s41"><Data ss:Type="Number">2443408</Data></Cell>
   </Row>
   <Row>
    <Cell ss:StyleID="s39"><Data ss:Type="String">280 000 рублей</Data></Cell>
    <Cell ss:StyleID="s43"><Data ss:Type="Number">11003</Data></Cell>
    <Cell ss:StyleID="s41"><Data ss:Type="Number">656614473</Data></Cell>
    <Cell ss:StyleID="s41"><Data ss:Type="Number">683024285</Data></Cell>
    <Cell ss:StyleID="s41"><Data ss:Type="Number">652657119</Data></Cell>
    <Cell ss:StyleID="s41"><Data ss:Type="Number">664504443</Data></Cell>
    <Cell ss:StyleID="s41"><Data ss:Type="Number">2331486</Data></Cell>
    <Cell ss:StyleID="s41"><Data ss:Type="Number">2391314</Data></Cell>
    <Cell ss:StyleID="s41"><Data ss:Type="Number">2315240</Data></Cell>
    <Cell ss:StyleID="s41"><Data ss:Type="Number">2358516</Data></Cell>
   </Row>
   <Row ss:Height="25.5">
    <Cell ss:StyleID="s42"><Data ss:Type="String">Свыше  600 000 рублей,                                                в том числе:</Data></Cell>
    <Cell ss:StyleID="s43"><Data ss:Type="Number">11004</Data></Cell>
    <Cell ss:StyleID="s41"><Data ss:Type="Number">727240752</Data></Cell>
    <Cell ss:StyleID="s41"><Data ss:Type="Number">719679033</Data></Cell>
    <Cell ss:StyleID="s41"><Data ss:Type="Number">735594972</Data></Cell>
    <Cell ss:StyleID="s41"><Data ss:Type="Number">747248339</Data></Cell>
    <Cell ss:StyleID="s41"><Data ss:Type="Number">556759</Data></Cell>
    <Cell ss:StyleID="s41"><Data ss:Type="Number">578140</Data></Cell>
    <Cell ss:StyleID="s41"><Data ss:Type="Number">567259</Data></Cell>
    <Cell ss:StyleID="s41"><Data ss:Type="Number">579759</Data></Cell>
   </Row>
   <Row>
    <Cell ss:StyleID="s39"><Data ss:Type="String">600 000 рублей</Data></Cell>
    <Cell ss:StyleID="s40"><Data ss:Type="Number">11005</Data></Cell>
    <Cell ss:StyleID="s41"><Data ss:Type="Number">329695948</Data></Cell>
    <Cell ss:StyleID="s41"><Data ss:Type="String">Х</Data></Cell>
    <Cell ss:StyleID="s41"><Data ss:Type="Number">335571735</Data></Cell>
    <Cell ss:StyleID="s41"><Data ss:Type="Number">343620688</Data></Cell>
    <Cell ss:StyleID="s41"><Data ss:Type="Number">543175</Data></Cell>
    <Cell ss:StyleID="s41"><Data ss:Type="String">Х</Data></Cell>
    <Cell ss:StyleID="s41"><Data ss:Type="Number">553947</Data></Cell>
    <Cell ss:StyleID="s41"><Data ss:Type="Number">567519</Data></Cell>
   </Row>
   <Row ss:Height="25.5">
    <Cell ss:StyleID="s44"><Data ss:Type="String">ИТОГО:                                                   (11001+11002+11004)                                       </Data></Cell>
    <Cell ss:StyleID="s40"><Data ss:Type="Number">11006</Data></Cell>
    <Cell ss:StyleID="s41"><Data ss:Type="Number">5551982970</Data></Cell>
    <Cell ss:StyleID="s41"><Data ss:Type="Number">6062538642</Data></Cell>
    <Cell ss:StyleID="s41"><Data ss:Type="Number">5488939316</Data></Cell>
    <Cell ss:StyleID="s41"><Data ss:Type="Number">5590572025</Data></Cell>
    <Cell ss:StyleID="s41"><Data ss:Type="Number">62503027</Data></Cell>
    <Cell ss:StyleID="s41"><Data ss:Type="Number">74461602</Data></Cell>
    <Cell ss:StyleID="s41"><Data ss:Type="Number">60014183</Data></Cell>
    <Cell ss:StyleID="s41"><Data ss:Type="Number">62696635</Data></Cell>
   </Row>
   <Row ss:Height="15">
    <Cell ss:StyleID="s32"/>
    <Cell ss:StyleID="s33"/>
    <Cell ss:StyleID="s33"/>
    <Cell ss:StyleID="s33"/>
    <Cell ss:StyleID="s33"/>
    <Cell ss:StyleID="s33"/>
    <Cell ss:StyleID="s33"/>
    <Cell ss:StyleID="s33"/>
    <Cell ss:StyleID="s33"/>
    <Cell ss:StyleID="s33"/>
   </Row>
   <Row>
    <Cell ss:StyleID="s23"/>
    <Cell ss:StyleID="s26"/>
    <Cell ss:StyleID="s26"/>
    <Cell ss:StyleID="s26"/>
    <Cell ss:StyleID="s26"/>
    <Cell ss:StyleID="s26"/>
    <Cell ss:StyleID="s26"/>
    <Cell ss:StyleID="s26"/>
    <Cell ss:StyleID="s26"/>
   </Row>
   <Row>
    <Cell ss:StyleID="s23"/>
    <Cell ss:StyleID="s26"/>
    <Cell ss:StyleID="s26"/>
    <Cell ss:StyleID="s26"/>
    <Cell ss:StyleID="s26"/>
    <Cell ss:StyleID="s26"/>
    <Cell ss:StyleID="s26"/>
    <Cell ss:StyleID="s26"/>
    <Cell ss:StyleID="s26"/>
   </Row>
   <Row>
    <Cell ss:StyleID="s23"/>
    <Cell ss:StyleID="s26"/>
    <Cell ss:StyleID="s26"/>
    <Cell ss:StyleID="s26"/>
    <Cell ss:StyleID="s26"/>
    <Cell ss:StyleID="s26"/>
    <Cell ss:StyleID="s26"/>
    <Cell ss:StyleID="s26"/>
    <Cell ss:StyleID="s26"/>
   </Row>
   <Row>
    <Cell ss:StyleID="s23"/>
    <Cell ss:StyleID="s26"/>
    <Cell ss:StyleID="s26"/>
    <Cell ss:StyleID="s26"/>
    <Cell ss:StyleID="s26"/>
    <Cell ss:StyleID="s26"/>
    <Cell ss:StyleID="s26"/>
    <Cell ss:StyleID="s26"/>
    <Cell ss:StyleID="s26"/>
   </Row>
   <Row>
    <Cell ss:StyleID="s23"/>
    <Cell ss:StyleID="s26"/>
    <Cell ss:StyleID="s26"/>
    <Cell ss:StyleID="s26"/>
    <Cell ss:StyleID="s26"/>
    <Cell ss:StyleID="s26"/>
    <Cell ss:StyleID="s26"/>
    <Cell ss:StyleID="s26"/>
    <Cell ss:StyleID="s26"/>
   </Row>
   <Row>
    <Cell ss:StyleID="s23"/>
    <Cell ss:StyleID="s26"/>
    <Cell ss:StyleID="s26"/>
    <Cell ss:StyleID="s26"/>
    <Cell ss:StyleID="s26"/>
    <Cell ss:StyleID="s26"/>
    <Cell ss:StyleID="s26"/>
    <Cell ss:StyleID="s26"/>
    <Cell ss:StyleID="s26"/>
   </Row>
   <Row>
    <Cell ss:StyleID="s23"/>
    <Cell ss:StyleID="s26"/>
    <Cell ss:StyleID="s26"/>
    <Cell ss:StyleID="s26"/>
    <Cell ss:StyleID="s26"/>
    <Cell ss:StyleID="s26"/>
    <Cell ss:StyleID="s26"/>
    <Cell ss:StyleID="s26"/>
    <Cell ss:StyleID="s26"/>
   </Row>
   <Row>
    <Cell ss:StyleID="s23"/>
    <Cell ss:StyleID="s26"/>
    <Cell ss:StyleID="s26"/>
    <Cell ss:StyleID="s26"/>
    <Cell ss:StyleID="s26"/>
    <Cell ss:StyleID="s26"/>
    <Cell ss:StyleID="s26"/>
    <Cell ss:StyleID="s26"/>
    <Cell ss:StyleID="s26"/>
   </Row>
   <Row>
    <Cell ss:StyleID="s23"/>
    <Cell ss:StyleID="s26"/>
    <Cell ss:StyleID="s26"/>
    <Cell ss:StyleID="s26"/>
    <Cell ss:StyleID="s26"/>
    <Cell ss:StyleID="s26"/>
    <Cell ss:StyleID="s26"/>
    <Cell ss:StyleID="s26"/>
    <Cell ss:StyleID="s26"/>
   </Row>
   <Row>
    <Cell ss:StyleID="s23"/>
    <Cell ss:StyleID="s26"/>
    <Cell ss:StyleID="s26"/>
    <Cell ss:StyleID="s26"/>
    <Cell ss:StyleID="s26"/>
    <Cell ss:StyleID="s26"/>
    <Cell ss:StyleID="s26"/>
    <Cell ss:StyleID="s26"/>
    <Cell ss:StyleID="s26"/>
   </Row>
   <Row>
    <Cell ss:StyleID="s23"/>
    <Cell ss:StyleID="s26"/>
    <Cell ss:StyleID="s26"/>
    <Cell ss:StyleID="s26"/>
    <Cell ss:StyleID="s26"/>
    <Cell ss:StyleID="s26"/>
    <Cell ss:StyleID="s26"/>
    <Cell ss:StyleID="s26"/>
    <Cell ss:StyleID="s26"/>
   </Row>
   <Row>
    <Cell ss:StyleID="s23"/>
    <Cell ss:StyleID="s26"/>
    <Cell ss:StyleID="s26"/>
    <Cell ss:StyleID="s26"/>
    <Cell ss:StyleID="s26"/>
    <Cell ss:StyleID="s26"/>
    <Cell ss:StyleID="s26"/>
    <Cell ss:StyleID="s26"/>
    <Cell ss:StyleID="s26"/>
   </Row>
   <Row>
    <Cell ss:StyleID="s23"/>
    <Cell ss:StyleID="s26"/>
    <Cell ss:StyleID="s26"/>
    <Cell ss:StyleID="s26"/>
    <Cell ss:StyleID="s26"/>
    <Cell ss:StyleID="s26"/>
    <Cell ss:StyleID="s26"/>
    <Cell ss:StyleID="s26"/>
    <Cell ss:StyleID="s26"/>
   </Row>
   <Row>
    <Cell ss:StyleID="s23"/>
    <Cell ss:StyleID="s26"/>
    <Cell ss:StyleID="s26"/>
    <Cell ss:StyleID="s26"/>
    <Cell ss:StyleID="s26"/>
    <Cell ss:StyleID="s26"/>
    <Cell ss:StyleID="s26"/>
    <Cell ss:StyleID="s26"/>
    <Cell ss:StyleID="s26"/>
   </Row>
   <Row>
    <Cell ss:StyleID="s23"/>
    <Cell ss:StyleID="s26"/>
    <Cell ss:StyleID="s26"/>
    <Cell ss:StyleID="s26"/>
    <Cell ss:StyleID="s26"/>
    <Cell ss:StyleID="s26"/>
    <Cell ss:StyleID="s26"/>
    <Cell ss:StyleID="s26"/>
    <Cell ss:StyleID="s26"/>
   </Row>
   <Row>
    <Cell ss:StyleID="s23"/>
    <Cell ss:StyleID="s26"/>
    <Cell ss:StyleID="s26"/>
    <Cell ss:StyleID="s26"/>
    <Cell ss:StyleID="s26"/>
    <Cell ss:StyleID="s26"/>
    <Cell ss:StyleID="s26"/>
    <Cell ss:StyleID="s26"/>
    <Cell ss:StyleID="s26"/>
   </Row>
   <Row>
    <Cell ss:StyleID="s23"/>
    <Cell ss:StyleID="s26"/>
    <Cell ss:StyleID="s26"/>
    <Cell ss:StyleID="s26"/>
    <Cell ss:StyleID="s26"/>
    <Cell ss:StyleID="s26"/>
    <Cell ss:StyleID="s26"/>
    <Cell ss:StyleID="s26"/>
    <Cell ss:StyleID="s26"/>
   </Row>
   <Row>
    <Cell ss:StyleID="s23"/>
    <Cell ss:StyleID="s26"/>
    <Cell ss:StyleID="s26"/>
    <Cell ss:StyleID="s26"/>
    <Cell ss:StyleID="s26"/>
    <Cell ss:StyleID="s26"/>
    <Cell ss:StyleID="s26"/>
    <Cell ss:StyleID="s26"/>
    <Cell ss:StyleID="s26"/>
   </Row>
   <Row>
    <Cell ss:StyleID="s26"/>
    <Cell ss:StyleID="s26"/>
    <Cell ss:StyleID="s26"/>
    <Cell ss:StyleID="s26"/>
    <Cell ss:StyleID="s26"/>
    <Cell ss:StyleID="s26"/>
    <Cell ss:StyleID="s26"/>
    <Cell ss:StyleID="s26"/>
    <Cell ss:StyleID="s26"/>
   </Row>
   <Row>
    <Cell ss:StyleID="s26"/>
    <Cell ss:StyleID="s26"/>
    <Cell ss:StyleID="s26"/>
    <Cell ss:StyleID="s26"/>
    <Cell ss:StyleID="s26"/>
    <Cell ss:StyleID="s26"/>
    <Cell ss:StyleID="s26"/>
    <Cell ss:StyleID="s26"/>
    <Cell ss:StyleID="s26"/>
   </Row>
   <Row>
    <Cell ss:StyleID="s26"/>
    <Cell ss:StyleID="s26"/>
    <Cell ss:StyleID="s26"/>
    <Cell ss:StyleID="s26"/>
    <Cell ss:StyleID="s26"/>
    <Cell ss:StyleID="s26"/>
    <Cell ss:StyleID="s26"/>
    <Cell ss:StyleID="s26"/>
    <Cell ss:StyleID="s26"/>
   </Row>
  </Table>
  <WorksheetOptions xmlns="urn:schemas-microsoft-com:office:excel">
   <PageSetup>
    <Layout x:Orientation="Landscape" x:CenterHorizontal="1"/>
    <Header x:Margin="0.15748031496062992"/>
    <Footer x:Margin="0.15748031496062992"/>
    <PageMargins x:Bottom="0.23622047244094491" x:Left="0.15748031496062992"
     x:Right="0.15748031496062992" x:Top="0.23622047244094491"/>
   </PageSetup>
   <Print>
    <ValidPrinterInfo/>
    <PaperSizeIndex>9</PaperSizeIndex>
    <Scale>70</Scale>
    <HorizontalResolution>600</HorizontalResolution>
    <VerticalResolution>300</VerticalResolution>
   </Print>
   <Zoom>75</Zoom>
   <Selected/>
   <LeftColumnVisible>1</LeftColumnVisible>
   <Panes>
    <Pane>
     <Number>3</Number>
     <ActiveRow>16</ActiveRow>
     <ActiveCol>3</ActiveCol>
    </Pane>
   </Panes>
   <ProtectObjects>False</ProtectObjects>
   <ProtectScenarios>False</ProtectScenarios>
  </WorksheetOptions>
 </Worksheet>
 <Worksheet ss:Name="Подр.2,3,4">
  <Table ss:ExpandedColumnCount="12" ss:ExpandedRowCount="32" x:FullColumns="1"
   x:FullRows="1">
   <Column ss:AutoFitWidth="0" ss:Width="267.75"/>
   <Column ss:AutoFitWidth="0" ss:Width="52.5"/>
   <Column ss:AutoFitWidth="0" ss:Width="141.75"/>
   <Column ss:AutoFitWidth="0" ss:Width="72.75"/>
   <Column ss:AutoFitWidth="0" ss:Width="65.25"/>
   <Column ss:AutoFitWidth="0" ss:Width="69.75"/>
   <Column ss:AutoFitWidth="0" ss:Width="72"/>
   <Column ss:AutoFitWidth="0" ss:Width="66.75"/>
   <Column ss:AutoFitWidth="0" ss:Width="72.75"/>
   <Column ss:AutoFitWidth="0" ss:Width="87"/>
   <Row>
    <Cell ss:Index="2" ss:StyleID="s34"/>
    <Cell ss:StyleID="s34"/>
    <Cell ss:StyleID="s34"/>
    <Cell ss:StyleID="s34"/>
    <Cell ss:StyleID="s34"/>
    <Cell ss:StyleID="s34"/>
    <Cell ss:StyleID="s34"/>
    <Cell ss:StyleID="s34"/>
    <Cell ss:StyleID="s52"><Data ss:Type="String">Форма № 5-ЕСН</Data></Cell>
   </Row>
   <Row ss:AutoFitHeight="0" ss:Height="14.4375">
    <Cell ss:StyleID="s28"/>
    <Cell ss:StyleID="s28"/>
    <Cell ss:MergeAcross="4" ss:StyleID="s97"><Data ss:Type="String">по состоянию на 01.01.2007 г.</Data></Cell>
    <Cell ss:StyleID="s28"/>
    <Cell ss:StyleID="s28"/>
    <Cell ss:StyleID="s28"/>
   </Row>
   <Row ss:AutoFitHeight="0" ss:Height="14.4375">
    <Cell ss:StyleID="s28"/>
    <Cell ss:StyleID="s28"/>
    <Cell ss:StyleID="s31"/>
    <Cell ss:StyleID="s31"/>
    <Cell ss:StyleID="s31"/>
    <Cell ss:StyleID="s31"/>
    <Cell ss:StyleID="s31"/>
    <Cell ss:StyleID="s28"/>
    <Cell ss:StyleID="s28"/>
    <Cell ss:StyleID="s28"/>
   </Row>
   <Row>
    <Cell ss:StyleID="s51"><Data ss:Type="String">Подраздел 2</Data></Cell>
    <Cell ss:StyleID="s28"/>
    <Cell ss:StyleID="s28"/>
    <Cell ss:StyleID="s28"/>
    <Cell ss:StyleID="s28"/>
    <Cell ss:StyleID="s28"/>
    <Cell ss:StyleID="s28"/>
    <Cell ss:StyleID="s28"/>
    <Cell ss:StyleID="s28"/>
    <Cell ss:StyleID="s28"/>
   </Row>
   <Row>
    <Cell ss:MergeAcross="2" ss:StyleID="s94"><Data ss:Type="String">Всего по России</Data></Cell>
    <Cell ss:StyleID="s24"/>
    <Cell ss:StyleID="s24"/>
    <Cell ss:StyleID="s24"/>
    <Cell ss:StyleID="s24"/>
    <Cell ss:StyleID="s24"/>
    <Cell ss:StyleID="s24"/>
    <Cell ss:StyleID="s45"><Data ss:Type="String">тыс. рублей</Data></Cell>
   </Row>
   <Row ss:AutoFitHeight="0" ss:Height="48">
    <Cell ss:MergeDown="2" ss:StyleID="m61798856"/>
    <Cell ss:MergeDown="2" ss:StyleID="m61798816"><Data ss:Type="String">Код строки</Data></Cell>
    <Cell ss:MergeDown="2" ss:StyleID="m61798836"><Data ss:Type="String">Федеральный бюджет</Data></Cell>
    <Cell ss:MergeAcross="2" ss:StyleID="m61797980"><Data ss:Type="String">Страховые взносы на обязательное пенсионное страхование</Data></Cell>
    <Cell ss:MergeDown="2" ss:StyleID="m61798936"><Data ss:Type="String">ФСС </Data></Cell>
    <Cell ss:MergeDown="2" ss:StyleID="m61797920"><Data ss:Type="String">ФФОМС</Data></Cell>
    <Cell ss:MergeDown="2" ss:StyleID="m61797940"><Data ss:Type="String">ТФОМС</Data></Cell>
    <Cell ss:MergeDown="2" ss:StyleID="m61797960"><Data ss:Type="String">Всего (8=1+2+5+6+7)</Data></Cell>
   </Row>
   <Row ss:AutoFitHeight="0" ss:Height="13.125">
    <Cell ss:Index="4" ss:MergeDown="1" ss:StyleID="m61798896"><Data
      ss:Type="String">всего</Data></Cell>
    <Cell ss:MergeAcross="1" ss:StyleID="m61798916"><Data ss:Type="String">в том числе:</Data></Cell>
   </Row>
   <Row ss:AutoFitHeight="0" ss:Height="79.5">
    <Cell ss:Index="5" ss:StyleID="s46"><Data ss:Type="String">на страховую часть трудовой пенсии</Data></Cell>
    <Cell ss:StyleID="s46"><Data ss:Type="String">на накопи-тельную часть трудовой пенсии</Data></Cell>
   </Row>
   <Row>
    <Cell ss:StyleID="s37"><Data ss:Type="String">А</Data></Cell>
    <Cell ss:StyleID="s38"><Data ss:Type="String">Б</Data></Cell>
    <Cell ss:StyleID="s38"><Data ss:Type="Number">1</Data></Cell>
    <Cell ss:StyleID="s38"><Data ss:Type="Number">2</Data></Cell>
    <Cell ss:StyleID="s38"><Data ss:Type="Number">3</Data></Cell>
    <Cell ss:StyleID="s38"><Data ss:Type="Number">4</Data></Cell>
    <Cell ss:StyleID="s38"><Data ss:Type="Number">5</Data></Cell>
    <Cell ss:StyleID="s38"><Data ss:Type="Number">6</Data></Cell>
    <Cell ss:StyleID="s38"><Data ss:Type="Number">7</Data></Cell>
    <Cell ss:StyleID="s38"><Data ss:Type="Number">8</Data></Cell>
   </Row>
   <Row>
    <Cell ss:StyleID="s44"><Data ss:Type="String">Сумма начисленного   налога  и страховых взносов</Data></Cell>
    <Cell ss:StyleID="s40"><Data ss:Type="Number">11008</Data></Cell>
    <Cell ss:StyleID="s41"><Data ss:Type="Number">305181547</Data></Cell>
    <Cell ss:StyleID="s41"><Data ss:Type="Number">760144782</Data></Cell>
    <Cell ss:StyleID="s41"><Data ss:Type="Number">659589201</Data></Cell>
    <Cell ss:StyleID="s41"><Data ss:Type="Number">100555581</Data></Cell>
    <Cell ss:StyleID="s41"><Data ss:Type="Number">53464424</Data></Cell>
    <Cell ss:StyleID="s41"><Data ss:Type="Number">54316321</Data></Cell>
    <Cell ss:StyleID="s41"><Data ss:Type="Number">97362970</Data></Cell>
    <Cell ss:StyleID="s41"><Data ss:Type="Number">1270470044</Data></Cell>
   </Row>
   <Row>
    <Cell ss:StyleID="s47"/>
    <Cell ss:StyleID="s47"/>
    <Cell ss:StyleID="s47"/>
    <Cell ss:StyleID="s47"/>
    <Cell ss:StyleID="s47"/>
    <Cell ss:StyleID="s47"/>
    <Cell ss:StyleID="s47"/>
    <Cell ss:StyleID="s47"/>
    <Cell ss:StyleID="s47"/>
    <Cell ss:StyleID="s47"/>
   </Row>
   <Row>
    <Cell ss:StyleID="s48"><Data ss:Type="String">Подраздел 3</Data></Cell>
    <Cell ss:StyleID="s28"/>
    <Cell ss:StyleID="s28"/>
    <Cell ss:StyleID="s28"/>
    <Cell ss:StyleID="s28"/>
    <Cell ss:StyleID="s28"/>
    <Cell ss:StyleID="s28"/>
    <Cell ss:StyleID="s28"/>
    <Cell ss:StyleID="s28"/>
    <Cell ss:StyleID="s28"/>
   </Row>
   <Row>
    <Cell ss:MergeAcross="2" ss:StyleID="s94"><Data ss:Type="String">Всего по России</Data></Cell>
    <Cell ss:StyleID="s24"/>
    <Cell ss:StyleID="s24"/>
    <Cell ss:StyleID="s45"><Data ss:Type="String">тыс. рублей</Data></Cell>
    <Cell ss:StyleID="s24"/>
    <Cell ss:StyleID="s24"/>
    <Cell ss:StyleID="s24"/>
    <Cell ss:StyleID="s45"/>
   </Row>
   <Row ss:AutoFitHeight="0">
    <Cell ss:MergeDown="2" ss:StyleID="m61799040"/>
    <Cell ss:MergeDown="2" ss:StyleID="m61799060"><Data ss:Type="String">Код строки</Data></Cell>
    <Cell ss:MergeDown="2" ss:StyleID="m61799080"><Data ss:Type="String">Федеральный бюджет,                                                         ФФОМС, ТФОМС</Data></Cell>
    <Cell ss:MergeDown="2" ss:StyleID="m61799120"><Data ss:Type="String">ФСС </Data></Cell>
    <Cell ss:MergeAcross="1" ss:MergeDown="2" ss:StyleID="m61799100"><Data
      ss:Type="String">Страховые взносы                              на обязательное пенсионное страхование</Data></Cell>
    <Cell ss:StyleID="s26"/>
    <Cell ss:StyleID="s26"/>
    <Cell ss:StyleID="s26"/>
    <Cell ss:StyleID="s26"/>
   </Row>
   <Row ss:AutoFitHeight="0">
    <Cell ss:Index="7" ss:StyleID="s26"/>
    <Cell ss:StyleID="s26"/>
    <Cell ss:StyleID="s26"/>
    <Cell ss:StyleID="s26"/>
   </Row>
   <Row ss:AutoFitHeight="0" ss:Height="32.25">
    <Cell ss:Index="7" ss:StyleID="s26"/>
    <Cell ss:StyleID="s26"/>
    <Cell ss:StyleID="s26"/>
    <Cell ss:StyleID="s26"/>
   </Row>
   <Row>
    <Cell ss:StyleID="s37"><Data ss:Type="String">А</Data></Cell>
    <Cell ss:StyleID="s38"><Data ss:Type="String">Б</Data></Cell>
    <Cell ss:StyleID="s38"><Data ss:Type="Number">1</Data></Cell>
    <Cell ss:StyleID="s38"><Data ss:Type="Number">2</Data></Cell>
    <Cell ss:MergeAcross="1" ss:StyleID="m61798592"><Data ss:Type="Number">3</Data></Cell>
    <Cell ss:StyleID="s26"/>
    <Cell ss:StyleID="s26"/>
    <Cell ss:StyleID="s26"/>
    <Cell ss:StyleID="s26"/>
   </Row>
   <Row>
    <Cell ss:StyleID="s39"><Data ss:Type="String">Сумма налоговых льгот (ст.239 НК РФ)</Data></Cell>
    <Cell ss:StyleID="s40"><Data ss:Type="Number">11010</Data></Cell>
    <Cell ss:StyleID="s41"><Data ss:Type="Number">31207060</Data></Cell>
    <Cell ss:StyleID="s41"><Data ss:Type="Number">30883339</Data></Cell>
    <Cell ss:MergeAcross="1" ss:StyleID="m61798612"><Data ss:Type="String">Х</Data></Cell>
    <Cell ss:StyleID="s26"/>
    <Cell ss:StyleID="s26"/>
    <Cell ss:StyleID="s26"/>
    <Cell ss:StyleID="s26"/>
   </Row>
   <Row ss:AutoFitHeight="0" ss:Height="53.25">
    <Cell ss:StyleID="s49"><Data ss:Type="String">Выплаты, не отнесенные к расходам, уменьшающим налоговую базу по налогу на прибыль организаций (п. 3 ст. 236 НК РФ )</Data></Cell>
    <Cell ss:StyleID="s40"><Data ss:Type="Number">11011</Data></Cell>
    <Cell ss:StyleID="s41"><Data ss:Type="Number">172472682</Data></Cell>
    <Cell ss:StyleID="s41"><Data ss:Type="Number">171669842</Data></Cell>
    <Cell ss:MergeAcross="1" ss:StyleID="m61798632"><Data ss:Type="Number">172472682</Data></Cell>
    <Cell ss:StyleID="s26"/>
    <Cell ss:StyleID="s26"/>
    <Cell ss:StyleID="s26"/>
    <Cell ss:StyleID="s26"/>
   </Row>
   <Row>
    <Cell ss:StyleID="s26"/>
    <Cell ss:StyleID="s26"/>
    <Cell ss:StyleID="s26"/>
    <Cell ss:StyleID="s26"/>
    <Cell ss:StyleID="s26"/>
    <Cell ss:StyleID="s26"/>
    <Cell ss:StyleID="s26"/>
    <Cell ss:StyleID="s26"/>
    <Cell ss:StyleID="s26"/>
    <Cell ss:StyleID="s26"/>
   </Row>
   <Row>
    <Cell ss:StyleID="s48"><Data ss:Type="String">Подраздел 4</Data></Cell>
    <Cell ss:StyleID="s28"/>
    <Cell ss:StyleID="s28"/>
    <Cell ss:StyleID="s28"/>
    <Cell ss:StyleID="s28"/>
    <Cell ss:StyleID="s28"/>
    <Cell ss:StyleID="s26"/>
    <Cell ss:StyleID="s26"/>
    <Cell ss:StyleID="s26"/>
    <Cell ss:StyleID="s26"/>
   </Row>
   <Row>
    <Cell ss:MergeAcross="2" ss:StyleID="s94"><Data ss:Type="String">Всего по России</Data></Cell>
    <Cell ss:StyleID="s45"><Data ss:Type="String">тыс. рублей</Data></Cell>
    <Cell ss:StyleID="s26"/>
    <Cell ss:StyleID="s26"/>
    <Cell ss:StyleID="s26"/>
    <Cell ss:StyleID="s26"/>
    <Cell ss:StyleID="s26"/>
    <Cell ss:StyleID="s26"/>
   </Row>
   <Row ss:AutoFitHeight="0">
    <Cell ss:MergeDown="2" ss:StyleID="m61798672"/>
    <Cell ss:MergeDown="2" ss:StyleID="m61798692"><Data ss:Type="String">Код строки</Data></Cell>
    <Cell ss:MergeDown="2" ss:StyleID="m61798712"><Data ss:Type="String">Федеральный бюджет,  страховые взносы на обязательное пенсионное страхование,                        ФФОМС, ТФОМС</Data></Cell>
    <Cell ss:MergeDown="2" ss:StyleID="m61798732"><Data ss:Type="String">ФСС </Data></Cell>
    <Cell ss:StyleID="s26"/>
    <Cell ss:StyleID="s26"/>
    <Cell ss:StyleID="s26"/>
    <Cell ss:StyleID="s26"/>
    <Cell ss:StyleID="s26"/>
    <Cell ss:StyleID="s26"/>
   </Row>
   <Row>
    <Cell ss:Index="5" ss:StyleID="s26"/>
    <Cell ss:StyleID="s26"/>
    <Cell ss:StyleID="s26"/>
    <Cell ss:StyleID="s26"/>
    <Cell ss:StyleID="s26"/>
    <Cell ss:StyleID="s26"/>
   </Row>
   <Row ss:AutoFitHeight="0" ss:Height="53.25">
    <Cell ss:Index="5" ss:StyleID="s26"/>
    <Cell ss:StyleID="s26"/>
    <Cell ss:StyleID="s26"/>
    <Cell ss:StyleID="s26"/>
    <Cell ss:StyleID="s26"/>
    <Cell ss:StyleID="s26"/>
   </Row>
   <Row>
    <Cell ss:StyleID="s37"><Data ss:Type="String">А</Data></Cell>
    <Cell ss:StyleID="s38"><Data ss:Type="String">Б</Data></Cell>
    <Cell ss:StyleID="s38"><Data ss:Type="Number">1</Data></Cell>
    <Cell ss:StyleID="s38"><Data ss:Type="Number">2</Data></Cell>
    <Cell ss:StyleID="s26"/>
    <Cell ss:StyleID="s26"/>
    <Cell ss:StyleID="s26"/>
    <Cell ss:StyleID="s26"/>
    <Cell ss:StyleID="s26"/>
    <Cell ss:StyleID="s26"/>
   </Row>
   <Row ss:AutoFitHeight="0" ss:Height="27.75">
    <Cell ss:StyleID="s39"><Data ss:Type="String">Суммы, не подлежащие налогообложению  (ст.238 НК РФ)</Data></Cell>
    <Cell ss:StyleID="s40"><Data ss:Type="Number">11013</Data></Cell>
    <Cell ss:StyleID="s41"><Data ss:Type="Number">245148833</Data></Cell>
    <Cell ss:StyleID="s41"><Data ss:Type="Number">346351671</Data></Cell>
    <Cell ss:StyleID="s26"/>
    <Cell ss:StyleID="s26"/>
    <Cell ss:StyleID="s26"/>
    <Cell ss:StyleID="s26"/>
    <Cell ss:StyleID="s26"/>
    <Cell ss:StyleID="s26"/>
   </Row>
   <Row>
    <Cell ss:StyleID="s26"/>
    <Cell ss:StyleID="s26"/>
    <Cell ss:StyleID="s26"/>
    <Cell ss:StyleID="s26"/>
    <Cell ss:StyleID="s26"/>
    <Cell ss:StyleID="s26"/>
    <Cell ss:StyleID="s26"/>
    <Cell ss:StyleID="s26"/>
    <Cell ss:StyleID="s26"/>
    <Cell ss:StyleID="s26"/>
   </Row>
   <Row>
    <Cell ss:StyleID="s26"/>
    <Cell ss:StyleID="s26"/>
    <Cell ss:StyleID="s26"/>
    <Cell ss:StyleID="s26"/>
    <Cell ss:StyleID="s26"/>
    <Cell ss:StyleID="s26"/>
    <Cell ss:StyleID="s26"/>
    <Cell ss:StyleID="s26"/>
    <Cell ss:StyleID="s26"/>
    <Cell ss:StyleID="s26"/>
    <Cell ss:Index="12"><Data ss:Type="String">,</Data></Cell>
   </Row>
   <Row>
    <Cell ss:StyleID="s26"/>
    <Cell ss:StyleID="s26"/>
    <Cell ss:StyleID="s26"/>
    <Cell ss:StyleID="s26"/>
    <Cell ss:StyleID="s26"/>
    <Cell ss:StyleID="s26"/>
    <Cell ss:StyleID="s26"/>
    <Cell ss:StyleID="s26"/>
    <Cell ss:StyleID="s26"/>
    <Cell ss:StyleID="s26"/>
   </Row>
   <Row>
    <Cell ss:StyleID="s50"/>
    <Cell ss:StyleID="s50"/>
    <Cell ss:StyleID="s50"/>
    <Cell ss:StyleID="s50"/>
    <Cell ss:StyleID="s50"/>
    <Cell ss:StyleID="s50"/>
    <Cell ss:StyleID="s26"/>
    <Cell ss:StyleID="s26"/>
    <Cell ss:StyleID="s26"/>
    <Cell ss:StyleID="s26"/>
   </Row>
   <Row>
    <Cell ss:StyleID="s35"/>
    <Cell ss:StyleID="s35"/>
    <Cell ss:StyleID="s35"/>
    <Cell ss:StyleID="s35"/>
    <Cell ss:StyleID="s35"/>
    <Cell ss:StyleID="s35"/>
   </Row>
  </Table>
  <WorksheetOptions xmlns="urn:schemas-microsoft-com:office:excel">
   <PageSetup>
    <Layout x:Orientation="Landscape" x:CenterHorizontal="1"/>
    <Header x:Margin="0.15748031496062992"/>
    <Footer x:Margin="0.15748031496062992"/>
    <PageMargins x:Bottom="0.23622047244094491" x:Left="0.15748031496062992"
     x:Right="0.15748031496062992" x:Top="0.27559055118110237"/>
   </PageSetup>
   <Print>
    <ValidPrinterInfo/>
    <PaperSizeIndex>9</PaperSizeIndex>
    <Scale>70</Scale>
    <HorizontalResolution>600</HorizontalResolution>
    <VerticalResolution>300</VerticalResolution>
   </Print>
   <Zoom>75</Zoom>
   <PageBreakZoom>60</PageBreakZoom>
   <Panes>
    <Pane>
     <Number>3</Number>
     <ActiveRow>18</ActiveRow>
     <ActiveCol>2</ActiveCol>
    </Pane>
   </Panes>
   <ProtectObjects>False</ProtectObjects>
   <ProtectScenarios>False</ProtectScenarios>
  </WorksheetOptions>
 </Worksheet>
 <Worksheet ss:Name="hidden1">
  <Table ss:ExpandedColumnCount="8" ss:ExpandedRowCount="7" x:FullColumns="1"
   x:FullRows="1">
   <Row>
    <Cell><Data ss:Type="Number">3916263397</Data></Cell>
    <Cell><Data ss:Type="Number">4400048123</Data></Cell>
    <Cell><Data ss:Type="Number">3846435778</Data></Cell>
    <Cell><Data ss:Type="Number">3921615856</Data></Cell>
    <Cell><Data ss:Type="Number">59529250</Data></Cell>
    <Cell><Data ss:Type="Number">71375243</Data></Cell>
    <Cell><Data ss:Type="Number">57040815</Data></Cell>
    <Cell><Data ss:Type="Number">59673468</Data></Cell>
   </Row>
   <Row>
    <Cell><Data ss:Type="Number">908478821</Data></Cell>
    <Cell><Data ss:Type="Number">942811486</Data></Cell>
    <Cell><Data ss:Type="Number">906908566</Data></Cell>
    <Cell><Data ss:Type="Number">921707830</Data></Cell>
    <Cell><Data ss:Type="Number">2417018</Data></Cell>
    <Cell><Data ss:Type="Number">2508219</Data></Cell>
    <Cell><Data ss:Type="Number">2406109</Data></Cell>
    <Cell><Data ss:Type="Number">2443408</Data></Cell>
   </Row>
   <Row>
    <Cell><Data ss:Type="Number">656614473</Data></Cell>
    <Cell><Data ss:Type="Number">683024285</Data></Cell>
    <Cell><Data ss:Type="Number">652657119</Data></Cell>
    <Cell><Data ss:Type="Number">664504443</Data></Cell>
    <Cell><Data ss:Type="Number">2331486</Data></Cell>
    <Cell><Data ss:Type="Number">2391314</Data></Cell>
    <Cell><Data ss:Type="Number">2315240</Data></Cell>
    <Cell><Data ss:Type="Number">2358516</Data></Cell>
   </Row>
   <Row>
    <Cell><Data ss:Type="Number">727240752</Data></Cell>
    <Cell><Data ss:Type="Number">719679033</Data></Cell>
    <Cell><Data ss:Type="Number">735594972</Data></Cell>
    <Cell><Data ss:Type="Number">747248339</Data></Cell>
    <Cell><Data ss:Type="Number">556759</Data></Cell>
    <Cell><Data ss:Type="Number">578140</Data></Cell>
    <Cell><Data ss:Type="Number">567259</Data></Cell>
    <Cell><Data ss:Type="Number">579759</Data></Cell>
   </Row>
   <Row>
    <Cell><Data ss:Type="Number">329695948</Data></Cell>
    <Cell><Data ss:Type="Number">0</Data></Cell>
    <Cell><Data ss:Type="Number">335571735</Data></Cell>
    <Cell><Data ss:Type="Number">343620688</Data></Cell>
    <Cell><Data ss:Type="Number">543175</Data></Cell>
    <Cell><Data ss:Type="Number">0</Data></Cell>
    <Cell><Data ss:Type="Number">553947</Data></Cell>
    <Cell><Data ss:Type="Number">567519</Data></Cell>
   </Row>
   <Row>
    <Cell><Data ss:Type="Number">5551982970</Data></Cell>
    <Cell><Data ss:Type="Number">6062538642</Data></Cell>
    <Cell><Data ss:Type="Number">5488939316</Data></Cell>
    <Cell><Data ss:Type="Number">5590572025</Data></Cell>
    <Cell><Data ss:Type="Number">62503027</Data></Cell>
    <Cell><Data ss:Type="Number">74461602</Data></Cell>
    <Cell><Data ss:Type="Number">60014183</Data></Cell>
    <Cell><Data ss:Type="Number">62696635</Data></Cell>
   </Row>
   <Row>
    <Cell><Data ss:Type="Number">12090276361</Data></Cell>
    <Cell><Data ss:Type="Number">12808101569</Data></Cell>
    <Cell><Data ss:Type="Number">11966107486</Data></Cell>
    <Cell><Data ss:Type="Number">12189269181</Data></Cell>
    <Cell><Data ss:Type="Number">127880715</Data></Cell>
    <Cell><Data ss:Type="Number">151314518</Data></Cell>
    <Cell><Data ss:Type="Number">122897553</Data></Cell>
    <Cell><Data ss:Type="Number">128319305</Data></Cell>
   </Row>
  </Table>
  <WorksheetOptions xmlns="urn:schemas-microsoft-com:office:excel">
   <Visible>SheetHidden</Visible>
   <ProtectObjects>False</ProtectObjects>
   <ProtectScenarios>False</ProtectScenarios>
  </WorksheetOptions>
 </Worksheet>
 <Worksheet ss:Name="hidden2">
  <Table ss:ExpandedColumnCount="8" ss:ExpandedRowCount="2" x:FullColumns="1"
   x:FullRows="1">
   <Row>
    <Cell><Data ss:Type="Number">305181547</Data></Cell>
    <Cell><Data ss:Type="Number">760144782</Data></Cell>
    <Cell><Data ss:Type="Number">659589201</Data></Cell>
    <Cell><Data ss:Type="Number">100555581</Data></Cell>
    <Cell><Data ss:Type="Number">53464424</Data></Cell>
    <Cell><Data ss:Type="Number">54316321</Data></Cell>
    <Cell><Data ss:Type="Number">97362970</Data></Cell>
    <Cell><Data ss:Type="Number">1270470044</Data></Cell>
   </Row>
   <Row>
    <Cell><Data ss:Type="Number">305181547</Data></Cell>
    <Cell><Data ss:Type="Number">760144782</Data></Cell>
    <Cell><Data ss:Type="Number">659589201</Data></Cell>
    <Cell><Data ss:Type="Number">100555581</Data></Cell>
    <Cell><Data ss:Type="Number">53464424</Data></Cell>
    <Cell><Data ss:Type="Number">54316321</Data></Cell>
    <Cell><Data ss:Type="Number">97362970</Data></Cell>
    <Cell><Data ss:Type="Number">1270470044</Data></Cell>
   </Row>
  </Table>
  <WorksheetOptions xmlns="urn:schemas-microsoft-com:office:excel">
   <Visible>SheetHidden</Visible>
   <ProtectObjects>False</ProtectObjects>
   <ProtectScenarios>False</ProtectScenarios>
  </WorksheetOptions>
 </Worksheet>
 <Worksheet ss:Name="hidden3">
  <Table ss:ExpandedColumnCount="3" ss:ExpandedRowCount="3" x:FullColumns="1"
   x:FullRows="1">
   <Column ss:Index="3" ss:Hidden="1" ss:AutoFitWidth="0"/>
   <Row>
    <Cell><Data ss:Type="Number">31207060</Data></Cell>
    <Cell><Data ss:Type="Number">30883339</Data></Cell>
    <Cell><Data ss:Type="Number">0</Data></Cell>
   </Row>
   <Row>
    <Cell><Data ss:Type="Number">172472682</Data></Cell>
    <Cell><Data ss:Type="Number">171669842</Data></Cell>
    <Cell><Data ss:Type="Number">172472682</Data></Cell>
   </Row>
   <Row>
    <Cell><Data ss:Type="Number">203679742</Data></Cell>
    <Cell><Data ss:Type="Number">202553181</Data></Cell>
    <Cell><Data ss:Type="Number">172472682</Data></Cell>
   </Row>
  </Table>
  <WorksheetOptions xmlns="urn:schemas-microsoft-com:office:excel">
   <Visible>SheetHidden</Visible>
   <ProtectObjects>False</ProtectObjects>
   <ProtectScenarios>False</ProtectScenarios>
  </WorksheetOptions>
 </Worksheet>
 <Worksheet ss:Name="hidden4">
  <Table ss:ExpandedColumnCount="2" ss:ExpandedRowCount="2" x:FullColumns="1"
   x:FullRows="1">
   <Row>
    <Cell><Data ss:Type="Number">245148833</Data></Cell>
    <Cell><Data ss:Type="Number">346351671</Data></Cell>
   </Row>
   <Row>
    <Cell><Data ss:Type="Number">245148833</Data></Cell>
    <Cell><Data ss:Type="Number">346351671</Data></Cell>
   </Row>
  </Table>
  <WorksheetOptions xmlns="urn:schemas-microsoft-com:office:excel">
   <Visible>SheetHidden</Visible>
   <ProtectObjects>False</ProtectObjects>
   <ProtectScenarios>False</ProtectScenarios>
  </WorksheetOptions>
 </Worksheet>
 <Worksheet ss:Name="hidden5">
  <Table ss:ExpandedColumnCount="2" ss:ExpandedRowCount="38" x:FullColumns="1"
   x:FullRows="1">
   <Row>
    <Cell><Data ss:Type="String">на 01.01.2007 г.</Data></Cell>
    <Cell><Data ss:Type="Number">1</Data></Cell>
   </Row>
   <Row>
    <Cell><Data ss:Type="String">на 01.12.2006 г.</Data></Cell>
    <Cell><Data ss:Type="Number">2</Data></Cell>
   </Row>
   <Row>
    <Cell><Data ss:Type="String">на 01.10.2006 г.</Data></Cell>
    <Cell><Data ss:Type="Number">3</Data></Cell>
   </Row>
   <Row>
    <Cell><Data ss:Type="String">на 01.01.2006 г.</Data></Cell>
    <Cell><Data ss:Type="Number">4</Data></Cell>
   </Row>
   <Row>
    <Cell><Data ss:Type="String">на 01 января 2007 года</Data></Cell>
    <Cell><Data ss:Type="Number">5</Data></Cell>
   </Row>
   <Row>
    <Cell><Data ss:Type="String">на 01 декабря 2006 года</Data></Cell>
    <Cell><Data ss:Type="Number">6</Data></Cell>
   </Row>
   <Row>
    <Cell><Data ss:Type="String">на 01 октября 2006 года</Data></Cell>
    <Cell><Data ss:Type="Number">7</Data></Cell>
   </Row>
   <Row>
    <Cell><Data ss:Type="String">на 01 января 2006 года</Data></Cell>
    <Cell><Data ss:Type="Number">8</Data></Cell>
   </Row>
   <Row>
    <Cell><Data ss:Type="String">по состоянию на 01.01.2007 г.</Data></Cell>
    <Cell><Data ss:Type="Number">9</Data></Cell>
   </Row>
   <Row>
    <Cell><Data ss:Type="String">по состоянию на 01.12.2006 г.</Data></Cell>
    <Cell><Data ss:Type="Number">10</Data></Cell>
   </Row>
   <Row>
    <Cell><Data ss:Type="String">по состоянию на 01.10.2006 г.</Data></Cell>
    <Cell><Data ss:Type="Number">11</Data></Cell>
   </Row>
   <Row>
    <Cell><Data ss:Type="String">по состоянию на 01.01.2006 г.</Data></Cell>
    <Cell><Data ss:Type="Number">12</Data></Cell>
   </Row>
   <Row>
    <Cell><Data ss:Type="String">по состоянию на 01 января 2007 года</Data></Cell>
    <Cell><Data ss:Type="Number">13</Data></Cell>
   </Row>
   <Row>
    <Cell><Data ss:Type="String">по состоянию на 01 декабря 2006 года</Data></Cell>
    <Cell><Data ss:Type="Number">14</Data></Cell>
   </Row>
   <Row>
    <Cell><Data ss:Type="String">по состоянию на 01 октября 2006 года</Data></Cell>
    <Cell><Data ss:Type="Number">15</Data></Cell>
   </Row>
   <Row>
    <Cell><Data ss:Type="String">по состоянию на 01 января 2006 года</Data></Cell>
    <Cell><Data ss:Type="Number">16</Data></Cell>
   </Row>
   <Row>
    <Cell><Data ss:Type="String">в  январe 2007 года</Data></Cell>
    <Cell><Data ss:Type="Number">17</Data></Cell>
   </Row>
   <Row>
    <Cell><Data ss:Type="String">на январь</Data></Cell>
    <Cell><Data ss:Type="Number">18</Data></Cell>
   </Row>
   <Row>
    <Cell><Data ss:Type="String">за январь</Data></Cell>
    <Cell><Data ss:Type="Number">19</Data></Cell>
   </Row>
   <Row>
    <Cell><Data ss:Type="String">в январе</Data></Cell>
    <Cell><Data ss:Type="Number">20</Data></Cell>
   </Row>
   <Row>
    <Cell><Data ss:Type="String">на январь 2007 г.</Data></Cell>
    <Cell><Data ss:Type="Number">21</Data></Cell>
   </Row>
   <Row>
    <Cell><Data ss:Type="String">за январь  2007 г.</Data></Cell>
    <Cell><Data ss:Type="Number">22</Data></Cell>
   </Row>
   <Row>
    <Cell><Data ss:Type="String">за январь  2007 г.</Data></Cell>
    <Cell><Data ss:Type="Number">23</Data></Cell>
   </Row>
   <Row>
    <Cell><Data ss:Type="String">на январь 2006 г.</Data></Cell>
    <Cell><Data ss:Type="Number">24</Data></Cell>
   </Row>
   <Row>
    <Cell><Data ss:Type="String">за январь  2006 г.</Data></Cell>
    <Cell><Data ss:Type="Number">25</Data></Cell>
   </Row>
   <Row>
    <Cell><Data ss:Type="String">в январе  2006 г.</Data></Cell>
    <Cell><Data ss:Type="Number">26</Data></Cell>
   </Row>
   <Row>
    <Cell><Data ss:Type="String">12 мес.</Data></Cell>
    <Cell><Data ss:Type="Number">27</Data></Cell>
   </Row>
   <Row>
    <Cell><Data ss:Type="String">за 12 мес.</Data></Cell>
    <Cell><Data ss:Type="Number">28</Data></Cell>
   </Row>
   <Row>
    <Cell><Data ss:Type="String">12 месяцев</Data></Cell>
    <Cell><Data ss:Type="Number">29</Data></Cell>
   </Row>
   <Row>
    <Cell><Data ss:Type="String">за 12 месяцев</Data></Cell>
    <Cell><Data ss:Type="Number">30</Data></Cell>
   </Row>
   <Row>
    <Cell><Data ss:Type="String">декабрь</Data></Cell>
    <Cell><Data ss:Type="Number">31</Data></Cell>
   </Row>
   <Row>
    <Cell><Data ss:Type="String">ноябрь</Data></Cell>
    <Cell><Data ss:Type="Number">32</Data></Cell>
   </Row>
   <Row>
    <Cell><Data ss:Type="String">октябрь</Data></Cell>
    <Cell><Data ss:Type="Number">33</Data></Cell>
   </Row>
   <Row>
    <Cell><Data ss:Type="String">Поступило         01.01.2007 г.        12 мес.</Data></Cell>
    <Cell><Data ss:Type="Number">34</Data></Cell>
   </Row>
   <Row>
    <Cell><Data ss:Type="String">в  декабрe 2006 года</Data></Cell>
    <Cell><Data ss:Type="Number">35</Data></Cell>
   </Row>
   <Row>
    <Cell><Data ss:Type="String">на 01.07.2006 г.</Data></Cell>
    <Cell><Data ss:Type="Number">36</Data></Cell>
   </Row>
   <Row>
    <Cell><Data ss:Type="String"> январь</Data></Cell>
    <Cell><Data ss:Type="Number">37</Data></Cell>
   </Row>
   <Row>
    <Cell><Data ss:Type="String">январь</Data></Cell>
    <Cell><Data ss:Type="Number">37</Data></Cell>
   </Row>
  </Table>
  <WorksheetOptions xmlns="urn:schemas-microsoft-com:office:excel">
   <Visible>SheetHidden</Visible>
   <ProtectObjects>False</ProtectObjects>
   <ProtectScenarios>False</ProtectScenarios>
  </WorksheetOptions>
 </Worksheet>
</Workbook>
