<?xml version="1.0"?>
<?mso-application progid="Excel.Sheet"?>
<Workbook xmlns="urn:schemas-microsoft-com:office:spreadsheet"
 xmlns:o="urn:schemas-microsoft-com:office:office"
 xmlns:x="urn:schemas-microsoft-com:office:excel"
 xmlns:ss="urn:schemas-microsoft-com:office:spreadsheet"
 xmlns:html="http://www.w3.org/TR/REC-html40">
 <DocumentProperties xmlns="urn:schemas-microsoft-com:office:office">
  <Author>user</Author>
  <LastAuthor>balmaster</LastAuthor>
  <LastPrinted>2008-08-14T11:32:56Z</LastPrinted>
  <Created>2003-09-10T13:58:44Z</Created>
  <LastSaved>2010-03-23T13:22:27Z</LastSaved>
  <Company>мнс</Company>
  <Version>12.00</Version>
 </DocumentProperties>
 <ExcelWorkbook xmlns="urn:schemas-microsoft-com:office:excel">
  <WindowHeight>9120</WindowHeight>
  <WindowWidth>9570</WindowWidth>
  <WindowTopX>9585</WindowTopX>
  <WindowTopY>-15</WindowTopY>
  <ProtectStructure>False</ProtectStructure>
  <ProtectWindows>False</ProtectWindows>
 </ExcelWorkbook>
 <Styles>
  <Style ss:ID="Default" ss:Name="Normal">
   <Alignment ss:Vertical="Bottom"/>
   <Borders/>
   <Font ss:FontName="Arial Cyr" x:CharSet="204"/>
   <Interior/>
   <NumberFormat/>
   <Protection/>
  </Style>
  <Style ss:ID="m37735488">
   <Alignment ss:Horizontal="Center" ss:Vertical="Center" ss:WrapText="1"/>
   <Borders>
    <Border ss:Position="Bottom" ss:LineStyle="Continuous" ss:Weight="1"/>
    <Border ss:Position="Left" ss:LineStyle="Continuous" ss:Weight="1"/>
    <Border ss:Position="Right" ss:LineStyle="Continuous" ss:Weight="1"/>
    <Border ss:Position="Top" ss:LineStyle="Continuous" ss:Weight="1"/>
   </Borders>
   <Font ss:FontName="Arial Cyr" x:CharSet="204" x:Family="Swiss" ss:Size="12"/>
  </Style>
  <Style ss:ID="m37735508">
   <Alignment ss:Horizontal="Center" ss:Vertical="Center" ss:WrapText="1"/>
   <Borders>
    <Border ss:Position="Bottom" ss:LineStyle="Continuous" ss:Weight="1"/>
    <Border ss:Position="Left" ss:LineStyle="Continuous" ss:Weight="1"/>
    <Border ss:Position="Right" ss:LineStyle="Continuous" ss:Weight="1"/>
    <Border ss:Position="Top" ss:LineStyle="Continuous" ss:Weight="1"/>
   </Borders>
   <Font ss:FontName="Arial Cyr" x:CharSet="204" x:Family="Swiss" ss:Size="12"/>
  </Style>
  <Style ss:ID="m37735528">
   <Alignment ss:Horizontal="Center" ss:Vertical="Center" ss:WrapText="1"/>
   <Borders>
    <Border ss:Position="Bottom" ss:LineStyle="Continuous" ss:Weight="1"/>
    <Border ss:Position="Left" ss:LineStyle="Continuous" ss:Weight="1"/>
    <Border ss:Position="Right" ss:LineStyle="Continuous" ss:Weight="1"/>
    <Border ss:Position="Top" ss:LineStyle="Continuous" ss:Weight="1"/>
   </Borders>
   <Font ss:FontName="Arial Cyr" x:CharSet="204" x:Family="Swiss" ss:Size="12"/>
  </Style>
  <Style ss:ID="m37735548">
   <Alignment ss:Horizontal="Center" ss:Vertical="Center" ss:WrapText="1"/>
   <Borders>
    <Border ss:Position="Bottom" ss:LineStyle="Continuous" ss:Weight="1"/>
    <Border ss:Position="Left" ss:LineStyle="Continuous" ss:Weight="1"/>
    <Border ss:Position="Right" ss:LineStyle="Continuous" ss:Weight="1"/>
    <Border ss:Position="Top" ss:LineStyle="Continuous" ss:Weight="1"/>
   </Borders>
   <Font ss:FontName="Arial Cyr" x:CharSet="204" x:Family="Swiss" ss:Size="12"/>
  </Style>
  <Style ss:ID="m37735264">
   <Alignment ss:Horizontal="Center" ss:Vertical="Center" ss:WrapText="1"/>
   <Borders>
    <Border ss:Position="Bottom" ss:LineStyle="Continuous" ss:Weight="1"/>
    <Border ss:Position="Left" ss:LineStyle="Continuous" ss:Weight="1"/>
    <Border ss:Position="Right" ss:LineStyle="Continuous" ss:Weight="1"/>
    <Border ss:Position="Top" ss:LineStyle="Continuous" ss:Weight="1"/>
   </Borders>
   <Font ss:FontName="Arial Cyr" x:CharSet="204" x:Family="Swiss" ss:Size="12"/>
  </Style>
  <Style ss:ID="m37735304">
   <Alignment ss:Horizontal="Center" ss:Vertical="Center" ss:WrapText="1"/>
   <Borders>
    <Border ss:Position="Bottom" ss:LineStyle="Continuous" ss:Weight="1"/>
    <Border ss:Position="Left" ss:LineStyle="Continuous" ss:Weight="1"/>
    <Border ss:Position="Right" ss:LineStyle="Continuous" ss:Weight="1"/>
    <Border ss:Position="Top" ss:LineStyle="Continuous" ss:Weight="1"/>
   </Borders>
   <Font ss:FontName="Arial Cyr" x:CharSet="204" x:Family="Swiss" ss:Size="12"/>
  </Style>
  <Style ss:ID="m37735324">
   <Alignment ss:Horizontal="Center" ss:Vertical="Center" ss:WrapText="1"/>
   <Borders>
    <Border ss:Position="Bottom" ss:LineStyle="Continuous" ss:Weight="1"/>
    <Border ss:Position="Left" ss:LineStyle="Continuous" ss:Weight="1"/>
    <Border ss:Position="Right" ss:LineStyle="Continuous" ss:Weight="1"/>
    <Border ss:Position="Top" ss:LineStyle="Continuous" ss:Weight="1"/>
   </Borders>
   <Font ss:FontName="Arial Cyr" x:CharSet="204" x:Family="Swiss" ss:Size="12"/>
  </Style>
  <Style ss:ID="m37735344">
   <Alignment ss:Horizontal="Center" ss:Vertical="Center" ss:WrapText="1"/>
   <Borders>
    <Border ss:Position="Bottom" ss:LineStyle="Continuous" ss:Weight="1"/>
    <Border ss:Position="Left" ss:LineStyle="Continuous" ss:Weight="1"/>
    <Border ss:Position="Right" ss:LineStyle="Continuous" ss:Weight="1"/>
    <Border ss:Position="Top" ss:LineStyle="Continuous" ss:Weight="1"/>
   </Borders>
   <Font ss:FontName="Arial Cyr" x:CharSet="204" x:Family="Swiss" ss:Size="12"/>
  </Style>
  <Style ss:ID="m37735384">
   <Alignment ss:Horizontal="Center" ss:Vertical="Center" ss:WrapText="1"/>
   <Borders>
    <Border ss:Position="Bottom" ss:LineStyle="Continuous" ss:Weight="1"/>
    <Border ss:Position="Left" ss:LineStyle="Continuous" ss:Weight="1"/>
    <Border ss:Position="Right" ss:LineStyle="Continuous" ss:Weight="1"/>
    <Border ss:Position="Top" ss:LineStyle="Continuous" ss:Weight="1"/>
   </Borders>
   <Font ss:FontName="Arial Cyr" x:CharSet="204" x:Family="Swiss" ss:Size="12"/>
  </Style>
  <Style ss:ID="m37735404">
   <Alignment ss:Horizontal="Center" ss:Vertical="Center" ss:WrapText="1"/>
   <Borders>
    <Border ss:Position="Bottom" ss:LineStyle="Continuous" ss:Weight="1"/>
    <Border ss:Position="Left" ss:LineStyle="Continuous" ss:Weight="1"/>
    <Border ss:Position="Right" ss:LineStyle="Continuous" ss:Weight="1"/>
    <Border ss:Position="Top" ss:LineStyle="Continuous" ss:Weight="1"/>
   </Borders>
   <Font ss:FontName="Arial Cyr" x:CharSet="204" x:Family="Swiss" ss:Size="12"/>
  </Style>
  <Style ss:ID="m37735424">
   <Alignment ss:Horizontal="Center" ss:Vertical="Center" ss:WrapText="1"/>
   <Borders>
    <Border ss:Position="Bottom" ss:LineStyle="Continuous" ss:Weight="1"/>
    <Border ss:Position="Left" ss:LineStyle="Continuous" ss:Weight="1"/>
    <Border ss:Position="Right" ss:LineStyle="Continuous" ss:Weight="1"/>
    <Border ss:Position="Top" ss:LineStyle="Continuous" ss:Weight="1"/>
   </Borders>
   <Font ss:FontName="Arial Cyr" x:CharSet="204" x:Family="Swiss" ss:Size="12"/>
  </Style>
  <Style ss:ID="m37735444">
   <Alignment ss:Horizontal="Center" ss:Vertical="Center" ss:WrapText="1"/>
   <Borders>
    <Border ss:Position="Bottom" ss:LineStyle="Continuous" ss:Weight="1"/>
    <Border ss:Position="Left" ss:LineStyle="Continuous" ss:Weight="1"/>
    <Border ss:Position="Right" ss:LineStyle="Continuous" ss:Weight="1"/>
    <Border ss:Position="Top" ss:LineStyle="Continuous" ss:Weight="1"/>
   </Borders>
   <Font ss:FontName="Arial Cyr" x:CharSet="204" x:Family="Swiss" ss:Size="12"/>
  </Style>
  <Style ss:ID="m37737832">
   <Alignment ss:Horizontal="Center" ss:Vertical="Center" ss:WrapText="1"/>
   <Borders>
    <Border ss:Position="Bottom" ss:LineStyle="Continuous" ss:Weight="1"/>
    <Border ss:Position="Left" ss:LineStyle="Continuous" ss:Weight="1"/>
    <Border ss:Position="Right" ss:LineStyle="Continuous" ss:Weight="1"/>
    <Border ss:Position="Top" ss:LineStyle="Continuous" ss:Weight="1"/>
   </Borders>
   <Font ss:FontName="Arial Cyr" x:CharSet="204" x:Family="Swiss" ss:Size="12"/>
  </Style>
  <Style ss:ID="m37737852">
   <Alignment ss:Horizontal="Center" ss:Vertical="Center" ss:WrapText="1"/>
   <Borders>
    <Border ss:Position="Bottom" ss:LineStyle="Continuous" ss:Weight="1"/>
    <Border ss:Position="Left" ss:LineStyle="Continuous" ss:Weight="1"/>
    <Border ss:Position="Right" ss:LineStyle="Continuous" ss:Weight="1"/>
    <Border ss:Position="Top" ss:LineStyle="Continuous" ss:Weight="1"/>
   </Borders>
   <Font ss:FontName="Arial Cyr" x:CharSet="204" x:Family="Swiss" ss:Size="12"
    ss:Bold="1" ss:Italic="1"/>
  </Style>
  <Style ss:ID="m37737872">
   <Alignment ss:Horizontal="Center" ss:Vertical="Center" ss:WrapText="1"/>
   <Borders>
    <Border ss:Position="Bottom" ss:LineStyle="Continuous" ss:Weight="1"/>
    <Border ss:Position="Left" ss:LineStyle="Continuous" ss:Weight="1"/>
    <Border ss:Position="Right" ss:LineStyle="Continuous" ss:Weight="1"/>
    <Border ss:Position="Top" ss:LineStyle="Continuous" ss:Weight="1"/>
   </Borders>
   <Font ss:FontName="Arial Cyr" x:CharSet="204" x:Family="Swiss" ss:Size="12"/>
  </Style>
  <Style ss:ID="m37737892">
   <Alignment ss:Horizontal="Center" ss:Vertical="Center" ss:WrapText="1"/>
   <Borders>
    <Border ss:Position="Bottom" ss:LineStyle="Continuous" ss:Weight="1"/>
    <Border ss:Position="Left" ss:LineStyle="Continuous" ss:Weight="1"/>
    <Border ss:Position="Right" ss:LineStyle="Continuous" ss:Weight="1"/>
    <Border ss:Position="Top" ss:LineStyle="Continuous" ss:Weight="1"/>
   </Borders>
   <Font ss:FontName="Arial Cyr" x:CharSet="204" x:Family="Swiss" ss:Size="12"/>
  </Style>
  <Style ss:ID="m37737912">
   <Alignment ss:Horizontal="Center" ss:Vertical="Center" ss:WrapText="1"/>
   <Borders>
    <Border ss:Position="Bottom" ss:LineStyle="Continuous" ss:Weight="1"/>
    <Border ss:Position="Left" ss:LineStyle="Continuous" ss:Weight="1"/>
    <Border ss:Position="Right" ss:LineStyle="Continuous" ss:Weight="1"/>
    <Border ss:Position="Top" ss:LineStyle="Continuous" ss:Weight="1"/>
   </Borders>
   <Font ss:FontName="Arial Cyr" x:CharSet="204" x:Family="Swiss" ss:Size="12"/>
  </Style>
  <Style ss:ID="m37737932">
   <Alignment ss:Horizontal="Center" ss:Vertical="Center" ss:WrapText="1"/>
   <Borders>
    <Border ss:Position="Bottom" ss:LineStyle="Continuous" ss:Weight="1"/>
    <Border ss:Position="Left" ss:LineStyle="Continuous" ss:Weight="1"/>
    <Border ss:Position="Right" ss:LineStyle="Continuous" ss:Weight="1"/>
    <Border ss:Position="Top" ss:LineStyle="Continuous" ss:Weight="1"/>
   </Borders>
   <Font ss:FontName="Arial Cyr" x:CharSet="204" x:Family="Swiss" ss:Size="12"/>
  </Style>
  <Style ss:ID="m37737952">
   <Alignment ss:Horizontal="Center" ss:Vertical="Center" ss:WrapText="1"/>
   <Borders>
    <Border ss:Position="Bottom" ss:LineStyle="Continuous" ss:Weight="1"/>
    <Border ss:Position="Left" ss:LineStyle="Continuous" ss:Weight="1"/>
    <Border ss:Position="Right" ss:LineStyle="Continuous" ss:Weight="1"/>
    <Border ss:Position="Top" ss:LineStyle="Continuous" ss:Weight="1"/>
   </Borders>
   <Font ss:FontName="Arial Cyr" x:CharSet="204" x:Family="Swiss" ss:Size="12"/>
  </Style>
  <Style ss:ID="m37737972">
   <Alignment ss:Horizontal="Center" ss:Vertical="Center" ss:WrapText="1"/>
   <Borders>
    <Border ss:Position="Bottom" ss:LineStyle="Continuous" ss:Weight="1"/>
    <Border ss:Position="Left" ss:LineStyle="Continuous" ss:Weight="1"/>
    <Border ss:Position="Right" ss:LineStyle="Continuous" ss:Weight="1"/>
    <Border ss:Position="Top" ss:LineStyle="Continuous" ss:Weight="1"/>
   </Borders>
   <Font ss:FontName="Arial Cyr" x:CharSet="204" x:Family="Swiss" ss:Size="12"/>
  </Style>
  <Style ss:ID="m37737120">
   <Alignment ss:Horizontal="Center" ss:Vertical="Center" ss:WrapText="1"/>
   <Borders>
    <Border ss:Position="Bottom" ss:LineStyle="Continuous" ss:Weight="1"/>
    <Border ss:Position="Left" ss:LineStyle="Continuous" ss:Weight="1"/>
    <Border ss:Position="Right" ss:LineStyle="Continuous" ss:Weight="1"/>
    <Border ss:Position="Top" ss:LineStyle="Continuous" ss:Weight="1"/>
   </Borders>
   <Font ss:FontName="Arial Cyr" x:CharSet="204" x:Family="Swiss" ss:Size="12"/>
  </Style>
  <Style ss:ID="m37737140">
   <Alignment ss:Horizontal="Center" ss:Vertical="Center" ss:WrapText="1"/>
   <Borders>
    <Border ss:Position="Bottom" ss:LineStyle="Continuous" ss:Weight="1"/>
    <Border ss:Position="Left" ss:LineStyle="Continuous" ss:Weight="1"/>
    <Border ss:Position="Right" ss:LineStyle="Continuous" ss:Weight="1"/>
    <Border ss:Position="Top" ss:LineStyle="Continuous" ss:Weight="1"/>
   </Borders>
   <Font ss:FontName="Arial Cyr" x:CharSet="204" x:Family="Swiss" ss:Size="12"/>
  </Style>
  <Style ss:ID="m37737160">
   <Alignment ss:Horizontal="Center" ss:Vertical="Center" ss:WrapText="1"/>
   <Borders>
    <Border ss:Position="Bottom" ss:LineStyle="Continuous" ss:Weight="1"/>
    <Border ss:Position="Left" ss:LineStyle="Continuous" ss:Weight="1"/>
    <Border ss:Position="Right" ss:LineStyle="Continuous" ss:Weight="1"/>
    <Border ss:Position="Top" ss:LineStyle="Continuous" ss:Weight="1"/>
   </Borders>
   <Font ss:FontName="Arial Cyr" x:CharSet="204" x:Family="Swiss" ss:Size="12"/>
  </Style>
  <Style ss:ID="m37737180">
   <Alignment ss:Horizontal="Center" ss:Vertical="Center" ss:WrapText="1"/>
   <Borders>
    <Border ss:Position="Bottom" ss:LineStyle="Continuous" ss:Weight="1"/>
    <Border ss:Position="Left" ss:LineStyle="Continuous" ss:Weight="1"/>
    <Border ss:Position="Right" ss:LineStyle="Continuous" ss:Weight="1"/>
    <Border ss:Position="Top" ss:LineStyle="Continuous" ss:Weight="1"/>
   </Borders>
   <Font ss:FontName="Arial Cyr" x:CharSet="204" x:Family="Swiss" ss:Size="12"/>
  </Style>
  <Style ss:ID="m37737200">
   <Alignment ss:Horizontal="Center" ss:Vertical="Center" ss:WrapText="1"/>
   <Borders>
    <Border ss:Position="Bottom" ss:LineStyle="Continuous" ss:Weight="1"/>
    <Border ss:Position="Left" ss:LineStyle="Continuous" ss:Weight="1"/>
    <Border ss:Position="Right" ss:LineStyle="Continuous" ss:Weight="1"/>
    <Border ss:Position="Top" ss:LineStyle="Continuous" ss:Weight="1"/>
   </Borders>
   <Font ss:FontName="Arial Cyr" x:CharSet="204" x:Family="Swiss" ss:Size="12"/>
  </Style>
  <Style ss:ID="m37737260">
   <Alignment ss:Horizontal="Center" ss:Vertical="Center" ss:WrapText="1"/>
   <Borders>
    <Border ss:Position="Bottom" ss:LineStyle="Continuous" ss:Weight="1"/>
    <Border ss:Position="Left" ss:LineStyle="Continuous" ss:Weight="1"/>
    <Border ss:Position="Right" ss:LineStyle="Continuous" ss:Weight="1"/>
    <Border ss:Position="Top" ss:LineStyle="Continuous" ss:Weight="1"/>
   </Borders>
   <Font ss:FontName="Arial Cyr" x:CharSet="204" x:Family="Swiss" ss:Size="12"/>
  </Style>
  <Style ss:ID="m37737280">
   <Alignment ss:Horizontal="Center" ss:Vertical="Center" ss:WrapText="1"/>
   <Borders>
    <Border ss:Position="Bottom" ss:LineStyle="Continuous" ss:Weight="1"/>
    <Border ss:Position="Left" ss:LineStyle="Continuous" ss:Weight="1"/>
    <Border ss:Position="Right" ss:LineStyle="Continuous" ss:Weight="1"/>
    <Border ss:Position="Top" ss:LineStyle="Continuous" ss:Weight="1"/>
   </Borders>
   <Font ss:FontName="Arial Cyr" x:CharSet="204" x:Family="Swiss" ss:Size="12"/>
  </Style>
  <Style ss:ID="m37736896">
   <Alignment ss:Horizontal="Center" ss:Vertical="Top" ss:WrapText="1"/>
   <Borders>
    <Border ss:Position="Bottom" ss:LineStyle="Continuous" ss:Weight="1"/>
    <Border ss:Position="Left" ss:LineStyle="Continuous" ss:Weight="1"/>
    <Border ss:Position="Right" ss:LineStyle="Continuous" ss:Weight="1"/>
    <Border ss:Position="Top" ss:LineStyle="Continuous" ss:Weight="1"/>
   </Borders>
   <Font ss:FontName="Arial Cyr" x:CharSet="204" x:Family="Swiss" ss:Size="12"
    ss:Bold="1" ss:Italic="1"/>
  </Style>
  <Style ss:ID="m37736916">
   <Alignment ss:Horizontal="Center" ss:Vertical="Center" ss:WrapText="1"/>
   <Borders>
    <Border ss:Position="Bottom" ss:LineStyle="Continuous" ss:Weight="1"/>
    <Border ss:Position="Left" ss:LineStyle="Continuous" ss:Weight="1"/>
    <Border ss:Position="Right" ss:LineStyle="Continuous" ss:Weight="1"/>
    <Border ss:Position="Top" ss:LineStyle="Continuous" ss:Weight="1"/>
   </Borders>
   <Font ss:FontName="Arial Cyr" x:CharSet="204" x:Family="Swiss" ss:Size="12"/>
   <NumberFormat ss:Format="#,##0"/>
  </Style>
  <Style ss:ID="m37736936">
   <Alignment ss:Horizontal="Right" ss:Vertical="Bottom" ss:WrapText="1"/>
   <Borders>
    <Border ss:Position="Bottom" ss:LineStyle="Continuous" ss:Weight="1"/>
    <Border ss:Position="Left" ss:LineStyle="Continuous" ss:Weight="1"/>
    <Border ss:Position="Right" ss:LineStyle="Continuous" ss:Weight="1"/>
    <Border ss:Position="Top" ss:LineStyle="Continuous" ss:Weight="1"/>
   </Borders>
   <Font ss:FontName="Arial Cyr" x:CharSet="204" x:Family="Swiss" ss:Size="12"/>
   <NumberFormat ss:Format="#,##0"/>
  </Style>
  <Style ss:ID="m37736976">
   <Alignment ss:Horizontal="Center" ss:Vertical="Center" ss:WrapText="1"/>
   <Borders>
    <Border ss:Position="Bottom" ss:LineStyle="Continuous" ss:Weight="1"/>
    <Border ss:Position="Left" ss:LineStyle="Continuous" ss:Weight="1"/>
    <Border ss:Position="Right" ss:LineStyle="Continuous" ss:Weight="1"/>
    <Border ss:Position="Top" ss:LineStyle="Continuous" ss:Weight="1"/>
   </Borders>
   <Font ss:FontName="Arial Cyr" x:CharSet="204" x:Family="Swiss" ss:Size="12"/>
  </Style>
  <Style ss:ID="m37736996">
   <Alignment ss:Horizontal="Center" ss:Vertical="Center" ss:WrapText="1"/>
   <Borders>
    <Border ss:Position="Bottom" ss:LineStyle="Continuous" ss:Weight="1"/>
    <Border ss:Position="Left" ss:LineStyle="Continuous" ss:Weight="1"/>
    <Border ss:Position="Right" ss:LineStyle="Continuous" ss:Weight="1"/>
    <Border ss:Position="Top" ss:LineStyle="Continuous" ss:Weight="1"/>
   </Borders>
   <Font ss:FontName="Arial Cyr" x:CharSet="204" x:Family="Swiss" ss:Size="12"/>
  </Style>
  <Style ss:ID="m37737016">
   <Alignment ss:Horizontal="Center" ss:Vertical="Center" ss:WrapText="1"/>
   <Borders>
    <Border ss:Position="Bottom" ss:LineStyle="Continuous" ss:Weight="1"/>
    <Border ss:Position="Left" ss:LineStyle="Continuous" ss:Weight="1"/>
    <Border ss:Position="Right" ss:LineStyle="Continuous" ss:Weight="1"/>
    <Border ss:Position="Top" ss:LineStyle="Continuous" ss:Weight="1"/>
   </Borders>
   <Font ss:FontName="Arial Cyr" x:CharSet="204" x:Family="Swiss" ss:Size="12"/>
  </Style>
  <Style ss:ID="m37737036">
   <Alignment ss:Horizontal="Center" ss:Vertical="Center" ss:WrapText="1"/>
   <Borders>
    <Border ss:Position="Bottom" ss:LineStyle="Continuous" ss:Weight="1"/>
    <Border ss:Position="Left" ss:LineStyle="Continuous" ss:Weight="1"/>
    <Border ss:Position="Right" ss:LineStyle="Continuous" ss:Weight="1"/>
    <Border ss:Position="Top" ss:LineStyle="Continuous" ss:Weight="1"/>
   </Borders>
   <Font ss:FontName="Arial Cyr" x:CharSet="204" x:Family="Swiss" ss:Size="12"/>
  </Style>
  <Style ss:ID="s23">
   <Alignment ss:Vertical="Bottom"/>
   <Font ss:FontName="Arial Cyr" x:CharSet="204" x:Family="Swiss"/>
  </Style>
  <Style ss:ID="s24">
   <Alignment ss:Horizontal="Right" ss:Vertical="Bottom"/>
   <Borders/>
   <Font ss:FontName="Arial Cyr" x:CharSet="204" x:Family="Swiss" ss:Bold="1"
    ss:Italic="1"/>
  </Style>
  <Style ss:ID="s25">
   <Alignment ss:Horizontal="Justify" ss:Vertical="Bottom"/>
   <Font ss:FontName="Times New Roman" x:Family="Roman" ss:Size="11"/>
  </Style>
  <Style ss:ID="s26">
   <Font ss:FontName="Arial Cyr" x:CharSet="204" x:Family="Swiss"/>
  </Style>
  <Style ss:ID="s27">
   <Borders/>
  </Style>
  <Style ss:ID="s28">
   <Alignment ss:Horizontal="Center" ss:Vertical="Top" ss:WrapText="1"/>
   <Font ss:FontName="Arial Cyr" x:CharSet="204" x:Family="Swiss"/>
  </Style>
  <Style ss:ID="s29">
   <Alignment ss:Horizontal="Center" ss:Vertical="Center" ss:WrapText="1"/>
   <Font ss:FontName="Arial Cyr" x:CharSet="204" x:Family="Swiss" ss:Bold="1"/>
  </Style>
  <Style ss:ID="s30">
   <Alignment ss:Horizontal="Right" ss:Vertical="Bottom"/>
   <Borders/>
   <Font ss:FontName="Arial Cyr" x:CharSet="204" ss:Bold="1"/>
  </Style>
  <Style ss:ID="s31">
   <Alignment ss:Horizontal="Center" ss:Vertical="Top"/>
   <Font ss:FontName="Arial Cyr" x:CharSet="204" x:Family="Swiss" ss:Size="12"/>
  </Style>
  <Style ss:ID="s32">
   <Alignment ss:Horizontal="Left" ss:Vertical="Top" ss:WrapText="1"/>
   <Font ss:FontName="Arial Cyr" x:CharSet="204" ss:Size="14" ss:Bold="1"/>
  </Style>
  <Style ss:ID="s33">
   <Alignment ss:Horizontal="Center" ss:Vertical="Top"/>
   <Font ss:FontName="Arial Cyr" x:CharSet="204" ss:Size="12" ss:Bold="1"/>
  </Style>
  <Style ss:ID="s34">
   <Font ss:FontName="Arial Cyr" x:CharSet="204" ss:Size="12" ss:Bold="1"/>
  </Style>
  <Style ss:ID="s35">
   <Alignment ss:Horizontal="Right" ss:Vertical="Bottom"/>
   <Borders/>
   <Font ss:FontName="Arial Cyr" x:CharSet="204" x:Family="Swiss" ss:Size="12"
    ss:Bold="1" ss:Italic="1"/>
  </Style>
  <Style ss:ID="s36">
   <Alignment ss:Vertical="Bottom"/>
   <Font ss:FontName="Arial Cyr" x:CharSet="204" x:Family="Swiss" ss:Size="12"
    ss:Bold="1"/>
  </Style>
  <Style ss:ID="s37">
   <Alignment ss:Horizontal="Center" ss:Vertical="Top" ss:WrapText="1"/>
   <Borders>
    <Border ss:Position="Bottom" ss:LineStyle="Continuous" ss:Weight="1"/>
    <Border ss:Position="Left" ss:LineStyle="Continuous" ss:Weight="1"/>
    <Border ss:Position="Right" ss:LineStyle="Continuous" ss:Weight="1"/>
   </Borders>
   <Font ss:FontName="Arial Cyr" x:CharSet="204" x:Family="Swiss" ss:Size="12"
    ss:Bold="1" ss:Italic="1"/>
  </Style>
  <Style ss:ID="s38">
   <Alignment ss:Horizontal="Center" ss:Vertical="Top" ss:WrapText="1"/>
   <Borders>
    <Border ss:Position="Bottom" ss:LineStyle="Continuous" ss:Weight="1"/>
    <Border ss:Position="Right" ss:LineStyle="Continuous" ss:Weight="1"/>
   </Borders>
   <Font ss:FontName="Arial Cyr" x:CharSet="204" x:Family="Swiss" ss:Size="12"
    ss:Bold="1" ss:Italic="1"/>
  </Style>
  <Style ss:ID="s39">
   <Alignment ss:Horizontal="Left" ss:Vertical="Center" ss:WrapText="1"/>
   <Borders>
    <Border ss:Position="Bottom" ss:LineStyle="Continuous" ss:Weight="1"/>
    <Border ss:Position="Left" ss:LineStyle="Continuous" ss:Weight="1"/>
    <Border ss:Position="Right" ss:LineStyle="Continuous" ss:Weight="1"/>
   </Borders>
   <Font ss:FontName="Arial Cyr" x:CharSet="204" x:Family="Swiss" ss:Size="12"/>
  </Style>
  <Style ss:ID="s40">
   <Alignment ss:Horizontal="Center" ss:Vertical="Bottom" ss:WrapText="1"/>
   <Borders>
    <Border ss:Position="Bottom" ss:LineStyle="Continuous" ss:Weight="1"/>
    <Border ss:Position="Right" ss:LineStyle="Continuous" ss:Weight="1"/>
   </Borders>
   <Font ss:FontName="Arial Cyr" x:CharSet="204" x:Family="Swiss" ss:Size="12"/>
  </Style>
  <Style ss:ID="s41">
   <Alignment ss:Horizontal="Right" ss:Vertical="Bottom" ss:WrapText="1"/>
   <Borders>
    <Border ss:Position="Bottom" ss:LineStyle="Continuous" ss:Weight="1"/>
    <Border ss:Position="Right" ss:LineStyle="Continuous" ss:Weight="1"/>
   </Borders>
   <Font ss:FontName="Arial Cyr" x:CharSet="204" x:Family="Swiss" ss:Size="12"/>
   <NumberFormat ss:Format="#,##0"/>
  </Style>
  <Style ss:ID="s42">
   <Alignment ss:Horizontal="Left" ss:Vertical="Center" ss:WrapText="1"/>
   <Borders>
    <Border ss:Position="Bottom" ss:LineStyle="Continuous" ss:Weight="1"/>
    <Border ss:Position="Left" ss:LineStyle="Continuous" ss:Weight="1"/>
    <Border ss:Position="Right" ss:LineStyle="Continuous" ss:Weight="1"/>
    <Border ss:Position="Top" ss:LineStyle="Continuous" ss:Weight="1"/>
   </Borders>
   <Font ss:FontName="Arial Cyr" x:CharSet="204" x:Family="Swiss" ss:Size="12"/>
  </Style>
  <Style ss:ID="s43">
   <Alignment ss:Horizontal="Center" ss:Vertical="Bottom" ss:WrapText="1"/>
   <Borders>
    <Border ss:Position="Bottom" ss:LineStyle="Continuous" ss:Weight="1"/>
    <Border ss:Position="Left" ss:LineStyle="Continuous" ss:Weight="1"/>
    <Border ss:Position="Right" ss:LineStyle="Continuous" ss:Weight="1"/>
    <Border ss:Position="Top" ss:LineStyle="Continuous" ss:Weight="1"/>
   </Borders>
   <Font ss:FontName="Arial Cyr" x:CharSet="204" x:Family="Swiss" ss:Size="12"/>
  </Style>
  <Style ss:ID="s44">
   <Alignment ss:Horizontal="Center" ss:Vertical="Center" ss:WrapText="1"/>
   <Borders>
    <Border ss:Position="Bottom" ss:LineStyle="Continuous" ss:Weight="1"/>
    <Border ss:Position="Right" ss:LineStyle="Continuous" ss:Weight="1"/>
   </Borders>
   <Font ss:FontName="Arial Cyr" x:CharSet="204" x:Family="Swiss" ss:Size="12"/>
   <NumberFormat ss:Format="#,##0"/>
  </Style>
  <Style ss:ID="s45">
   <Alignment ss:Horizontal="Justify" ss:Vertical="Top" ss:WrapText="1"/>
   <Borders>
    <Border ss:Position="Bottom" ss:LineStyle="Continuous" ss:Weight="1"/>
    <Border ss:Position="Left" ss:LineStyle="Continuous" ss:Weight="1"/>
    <Border ss:Position="Right" ss:LineStyle="Continuous" ss:Weight="1"/>
   </Borders>
   <Font ss:FontName="Arial Cyr" x:CharSet="204" x:Family="Swiss" ss:Size="12"/>
  </Style>
  <Style ss:ID="s46">
   <Alignment ss:Vertical="Bottom"/>
   <Font ss:FontName="Arial Cyr" x:CharSet="204" x:Family="Swiss" ss:Size="12"/>
  </Style>
  <Style ss:ID="s47">
   <Font ss:FontName="Arial Cyr" x:CharSet="204" x:Family="Swiss" ss:Size="12"/>
  </Style>
  <Style ss:ID="s48">
   <Alignment ss:Horizontal="Right" ss:Vertical="Bottom"/>
   <Borders/>
   <Font ss:FontName="Arial Cyr" x:CharSet="204" x:Family="Swiss" ss:Size="12"
    ss:Bold="1"/>
  </Style>
  <Style ss:ID="s49">
   <Alignment ss:Horizontal="Center" ss:Vertical="Center" ss:WrapText="1"/>
   <Borders>
    <Border ss:Position="Bottom" ss:LineStyle="Continuous" ss:Weight="1"/>
    <Border ss:Position="Right" ss:LineStyle="Continuous" ss:Weight="1"/>
   </Borders>
   <Font ss:FontName="Arial Cyr" x:CharSet="204" x:Family="Swiss" ss:Size="12"/>
  </Style>
  <Style ss:ID="s50">
   <Alignment ss:Horizontal="Justify" ss:Vertical="Center" ss:WrapText="1"/>
   <Borders>
    <Border ss:Position="Bottom" ss:LineStyle="Continuous" ss:Weight="1"/>
    <Border ss:Position="Left" ss:LineStyle="Continuous" ss:Weight="1"/>
    <Border ss:Position="Right" ss:LineStyle="Continuous" ss:Weight="1"/>
   </Borders>
   <Font ss:FontName="Arial Cyr" x:CharSet="204" x:Family="Swiss" ss:Size="12"/>
  </Style>
  <Style ss:ID="s86">
   <Alignment ss:Horizontal="Right" ss:Vertical="Bottom"/>
   <Font ss:FontName="Arial Cyr" x:CharSet="204" x:Family="Swiss" ss:Bold="1"/>
  </Style>
  <Style ss:ID="s92">
   <Alignment ss:Horizontal="Center" ss:Vertical="Center" ss:WrapText="1"/>
   <Font ss:FontName="Arial Cyr" x:CharSet="204" x:Family="Swiss" ss:Size="12"
    ss:Bold="1" ss:Italic="1"/>
  </Style>
  <Style ss:ID="s97">
   <Alignment ss:Horizontal="Right" ss:Vertical="Bottom" ss:WrapText="1"/>
  </Style>
  <Style ss:ID="s98">
   <Alignment ss:Horizontal="Center" ss:Vertical="Center" ss:WrapText="1"/>
   <Font ss:FontName="Arial Cyr" x:CharSet="204" x:Family="Swiss" ss:Size="12"
    ss:Bold="1"/>
  </Style>
  <Style ss:ID="s101">
   <Alignment ss:Horizontal="Left" ss:Vertical="Bottom"/>
   <Borders>
    <Border ss:Position="Bottom" ss:LineStyle="Continuous" ss:Weight="1"/>
   </Borders>
   <Font ss:FontName="Arial Cyr" x:CharSet="204" x:Family="Swiss" ss:Size="12"
    ss:Bold="1"/>
  </Style>
  <Style ss:ID="s103">
   <Alignment ss:Horizontal="Center" ss:Vertical="Top" ss:WrapText="1"/>
   <Font ss:FontName="Arial Cyr" x:CharSet="204" ss:Size="12"/>
  </Style>
 </Styles>
 <Worksheet ss:Name="Подр.1">
  <Names>
   <NamedRange ss:Name="Print_Titles" ss:RefersTo="=Подр.1!R10:R14"/>
  </Names>
  <Table ss:ExpandedColumnCount="20" ss:ExpandedRowCount="42" x:FullColumns="1"
   x:FullRows="1">
   <Column ss:AutoFitWidth="0" ss:Width="229.5"/>
   <Column ss:AutoFitWidth="0" ss:Width="52.5"/>
   <Column ss:AutoFitWidth="0" ss:Width="93.75"/>
   <Column ss:AutoFitWidth="0" ss:Width="99"/>
   <Column ss:AutoFitWidth="0" ss:Width="86.25"/>
   <Column ss:AutoFitWidth="0" ss:Width="97.5"/>
   <Column ss:AutoFitWidth="0" ss:Width="93.75"/>
   <Column ss:AutoFitWidth="0" ss:Width="89.25"/>
   <Column ss:AutoFitWidth="0" ss:Width="76.5"/>
   <Column ss:AutoFitWidth="0" ss:Width="83.25"/>
   <Row>
    <Cell ss:Index="7" ss:MergeAcross="3" ss:StyleID="s97"/>
   </Row>
   <Row>
    <Cell ss:MergeAcross="9" ss:StyleID="s86"><Data ss:Type="String">Форма № 5-ЕСН</Data></Cell>
   </Row>
   <Row ss:AutoFitHeight="0" ss:Height="37.875">
    <Cell ss:MergeAcross="9" ss:StyleID="s98"><Data ss:Type="String">ОТЧЕТ О НАЛОГОВОЙ БАЗЕ И СТРУКТУРЕ НАЧИСЛЕНИЙ ПО  ЕДИНОМУ СОЦИАЛЬНОМУ НАЛОГУ И СТРАХОВЫМ ВЗНОСАМ  НА ОБЯЗАТЕЛЬНОЕ ПЕНСИОННОЕ СТРАХОВАНИЕ</Data></Cell>
   </Row>
   <Row ss:AutoFitHeight="0" ss:Height="22.5">
    <Cell ss:MergeAcross="9" ss:StyleID="s98"><Data ss:Type="String">Единый социальный налог и страховые взносы на обязательное пенсионное страхование</Data></Cell>
   </Row>
   <Row ss:AutoFitHeight="0" ss:Height="45">
    <Cell ss:MergeAcross="9" ss:StyleID="s92"><ss:Data ss:Type="String"
      xmlns="http://www.w3.org/TR/REC-html40"><B><I> </I></B><I>По организациям, производящим выплаты физическим лицам (за исключением выступающих в качестве работодателей сельскохозяйственных товаропроизводителей и родовых, семейных общин малочисленных народов Севера, занимающихся традиционными отраслями хозяйствования)</I></ss:Data></Cell>
   </Row>
   <Row ss:AutoFitHeight="0" ss:Height="37.5">
    <Cell ss:MergeAcross="9" ss:StyleID="s103"><Data ss:Type="String">(заполняется на основании показателей Разделов 00002 и 00021 декларации по единому социальному налогу и показателей Разделов 00002 и 00022 декларации по страховым взносам, прошедших камеральную налоговую проверку ( по данным налогового органа))</Data></Cell>
   </Row>
   <Row ss:AutoFitHeight="0" ss:Height="19.5">
    <Cell ss:StyleID="s32"/>
    <Cell ss:StyleID="s28"/>
    <Cell ss:MergeAcross="4" ss:StyleID="s33"><Data ss:Type="String">по итогам за 2007 год</Data></Cell>
    <Cell ss:StyleID="s28"/>
    <Cell ss:StyleID="s28"/>
    <Cell ss:StyleID="s28"/>
   </Row>
   <Row ss:AutoFitHeight="0" ss:Height="19.5">
    <Cell ss:StyleID="s32"><Data ss:Type="String">Подраздел 1</Data></Cell>
    <Cell ss:StyleID="s28"/>
    <Cell ss:StyleID="s31"/>
    <Cell ss:StyleID="s31"/>
    <Cell ss:StyleID="s31"/>
    <Cell ss:StyleID="s31"/>
    <Cell ss:StyleID="s31"/>
    <Cell ss:StyleID="s28"/>
    <Cell ss:StyleID="s28"/>
    <Cell ss:StyleID="s28"/>
   </Row>
   <Row ss:AutoFitHeight="0" ss:Height="19.5">
    <Cell ss:StyleID="s32"/>
    <Cell ss:StyleID="s28"/>
    <Cell ss:StyleID="s31"/>
    <Cell ss:StyleID="s31"/>
    <Cell ss:StyleID="s31"/>
    <Cell ss:StyleID="s31"/>
    <Cell ss:StyleID="s31"/>
    <Cell ss:StyleID="s28"/>
    <Cell ss:StyleID="s28"/>
    <Cell ss:StyleID="s28"/>
   </Row>
   <Row ss:AutoFitHeight="0" ss:Height="13.125">
    <Cell ss:MergeAcross="2" ss:StyleID="s101"><Data ss:Type="String">Всего по России</Data><NamedCell
      ss:Name="Print_Titles"/></Cell>
    <Cell ss:StyleID="s35"><NamedCell ss:Name="Print_Titles"/></Cell>
    <Cell ss:StyleID="s35"><NamedCell ss:Name="Print_Titles"/></Cell>
    <Cell ss:StyleID="s35"><NamedCell ss:Name="Print_Titles"/></Cell>
    <Cell ss:StyleID="s35"><NamedCell ss:Name="Print_Titles"/></Cell>
    <Cell ss:StyleID="s35"><NamedCell ss:Name="Print_Titles"/></Cell>
    <Cell ss:StyleID="s35"><NamedCell ss:Name="Print_Titles"/></Cell>
    <Cell ss:StyleID="s36"><Data ss:Type="String">тыс. рублей</Data><NamedCell
      ss:Name="Print_Titles"/></Cell>
    <Cell ss:Index="20" ss:StyleID="s25"><NamedCell ss:Name="Print_Titles"/></Cell>
   </Row>
   <Row ss:AutoFitHeight="0" ss:Height="41.25">
    <Cell ss:MergeDown="2" ss:StyleID="m37735304"><NamedCell ss:Name="Print_Titles"/></Cell>
    <Cell ss:MergeDown="2" ss:StyleID="m37735324"><Data ss:Type="String">Код строки</Data><NamedCell
      ss:Name="Print_Titles"/></Cell>
    <Cell ss:MergeAcross="3" ss:StyleID="m37735404"><Data ss:Type="String">Налоговая база для исчисления налога (база для начисления страховых взносов)</Data><NamedCell
      ss:Name="Print_Titles"/></Cell>
    <Cell ss:MergeAcross="3" ss:StyleID="m37735384"><Data ss:Type="String">Численность (чел.)</Data><NamedCell
      ss:Name="Print_Titles"/></Cell>
   </Row>
   <Row ss:AutoFitHeight="0" ss:Height="13.125">
    <Cell ss:Index="3" ss:MergeDown="1" ss:StyleID="m37735264"><Data
      ss:Type="String">Федеральный бюджет</Data><NamedCell ss:Name="Print_Titles"/></Cell>
    <Cell ss:MergeDown="1" ss:StyleID="m37735344"><Data ss:Type="String">Страховые взносы на обязательное пенсионное страхование</Data><NamedCell
      ss:Name="Print_Titles"/></Cell>
    <Cell ss:MergeDown="1" ss:StyleID="m37735424"><Data ss:Type="String">ФСС</Data><NamedCell
      ss:Name="Print_Titles"/></Cell>
    <Cell ss:MergeDown="1" ss:StyleID="m37735444"><Data ss:Type="String">ФФОМС                                        ТФОМС</Data><NamedCell
      ss:Name="Print_Titles"/></Cell>
    <Cell ss:MergeDown="1" ss:StyleID="m37735488"><Data ss:Type="String">Федеральный бюджет</Data><NamedCell
      ss:Name="Print_Titles"/></Cell>
    <Cell ss:MergeDown="1" ss:StyleID="m37735508"><Data ss:Type="String">Страховые взносы на обязательное пенсионное страхование</Data><NamedCell
      ss:Name="Print_Titles"/></Cell>
    <Cell ss:MergeDown="1" ss:StyleID="m37735528"><Data ss:Type="String">ФСС</Data><NamedCell
      ss:Name="Print_Titles"/></Cell>
    <Cell ss:MergeDown="1" ss:StyleID="m37735548"><Data ss:Type="String">ФФОМС                                        ТФОМС</Data><NamedCell
      ss:Name="Print_Titles"/></Cell>
   </Row>
   <Row ss:AutoFitHeight="0" ss:Height="81"/>
   <Row ss:Height="15">
    <Cell ss:StyleID="s37"><Data ss:Type="String">А</Data><NamedCell
      ss:Name="Print_Titles"/></Cell>
    <Cell ss:StyleID="s38"><Data ss:Type="String">Б</Data><NamedCell
      ss:Name="Print_Titles"/></Cell>
    <Cell ss:StyleID="s38"><Data ss:Type="Number">1</Data><NamedCell
      ss:Name="Print_Titles"/></Cell>
    <Cell ss:StyleID="s38"><Data ss:Type="Number">2</Data><NamedCell
      ss:Name="Print_Titles"/></Cell>
    <Cell ss:StyleID="s38"><Data ss:Type="Number">3</Data><NamedCell
      ss:Name="Print_Titles"/></Cell>
    <Cell ss:StyleID="s38"><Data ss:Type="Number">4</Data><NamedCell
      ss:Name="Print_Titles"/></Cell>
    <Cell ss:StyleID="s38"><Data ss:Type="Number">5</Data><NamedCell
      ss:Name="Print_Titles"/></Cell>
    <Cell ss:StyleID="s38"><Data ss:Type="Number">6</Data><NamedCell
      ss:Name="Print_Titles"/></Cell>
    <Cell ss:StyleID="s38"><Data ss:Type="Number">7</Data><NamedCell
      ss:Name="Print_Titles"/></Cell>
    <Cell ss:StyleID="s38"><Data ss:Type="Number">8</Data><NamedCell
      ss:Name="Print_Titles"/></Cell>
   </Row>
   <Row ss:AutoFitHeight="0" ss:Height="24.75">
    <Cell ss:StyleID="s39"><Data ss:Type="String">До 280 000 рублей</Data></Cell>
    <Cell ss:StyleID="s40"><Data ss:Type="Number">11001</Data></Cell>
    <Cell ss:StyleID="s41"><Data ss:Type="Number">4445906529</Data></Cell>
    <Cell ss:StyleID="s41"><Data ss:Type="Number">5078934422</Data></Cell>
    <Cell ss:StyleID="s41"><Data ss:Type="Number">4369402739</Data></Cell>
    <Cell ss:StyleID="s41"><Data ss:Type="Number">4452718261</Data></Cell>
    <Cell ss:StyleID="s41"><Data ss:Type="Number">57341780</Data></Cell>
    <Cell ss:StyleID="s41"><Data ss:Type="Number">72335910</Data></Cell>
    <Cell ss:StyleID="s41"><Data ss:Type="Number">54641728</Data></Cell>
    <Cell ss:StyleID="s41"><Data ss:Type="Number">57494963</Data></Cell>
   </Row>
   <Row ss:AutoFitHeight="0" ss:Height="37.5">
    <Cell ss:StyleID="s42"><Data ss:Type="String">От 280 001 рубля  до  600 000 рублей,                                                в том числе:</Data></Cell>
    <Cell ss:StyleID="s40"><Data ss:Type="Number">11002</Data></Cell>
    <Cell ss:StyleID="s41"><Data ss:Type="Number">1520568569</Data></Cell>
    <Cell ss:StyleID="s41"><Data ss:Type="Number">1601547874</Data></Cell>
    <Cell ss:StyleID="s41"><Data ss:Type="Number">1512744824</Data></Cell>
    <Cell ss:StyleID="s41"><Data ss:Type="Number">1532527496</Data></Cell>
    <Cell ss:StyleID="s41"><Data ss:Type="Number">3968085</Data></Cell>
    <Cell ss:StyleID="s41"><Data ss:Type="Number">4176852</Data></Cell>
    <Cell ss:StyleID="s41"><Data ss:Type="Number">3939846</Data></Cell>
    <Cell ss:StyleID="s41"><Data ss:Type="Number">3992633</Data></Cell>
   </Row>
   <Row ss:AutoFitHeight="0" ss:Height="31.5">
    <Cell ss:StyleID="s39"><Data ss:Type="String">280 000 рублей</Data></Cell>
    <Cell ss:StyleID="s43"><Data ss:Type="Number">11003</Data></Cell>
    <Cell ss:StyleID="s41"><Data ss:Type="Number">1090522970</Data></Cell>
    <Cell ss:StyleID="s41"><Data ss:Type="Number">1147339311</Data></Cell>
    <Cell ss:StyleID="s41"><Data ss:Type="Number">1075675415</Data></Cell>
    <Cell ss:StyleID="s41"><Data ss:Type="Number">1096551861</Data></Cell>
    <Cell ss:StyleID="s41"><Data ss:Type="Number">3845588</Data></Cell>
    <Cell ss:StyleID="s41"><Data ss:Type="Number">4079433</Data></Cell>
    <Cell ss:StyleID="s41"><Data ss:Type="Number">3815986</Data></Cell>
    <Cell ss:StyleID="s41"><Data ss:Type="Number">6494267</Data></Cell>
   </Row>
   <Row ss:AutoFitHeight="0" ss:Height="30.75">
    <Cell ss:StyleID="s42"><Data ss:Type="String">Свыше  600 000 рублей,                                                в том числе:</Data></Cell>
    <Cell ss:StyleID="s43"><Data ss:Type="Number">11004</Data></Cell>
    <Cell ss:StyleID="s41"><Data ss:Type="Number">1253347812</Data></Cell>
    <Cell ss:StyleID="s41"><Data ss:Type="Number">1242017018</Data></Cell>
    <Cell ss:StyleID="s41"><Data ss:Type="Number">1265005522</Data></Cell>
    <Cell ss:StyleID="s41"><Data ss:Type="Number">1285146811</Data></Cell>
    <Cell ss:StyleID="s41"><Data ss:Type="Number">963407</Data></Cell>
    <Cell ss:StyleID="s41"><Data ss:Type="Number">1019464</Data></Cell>
    <Cell ss:StyleID="s41"><Data ss:Type="Number">980832</Data></Cell>
    <Cell ss:StyleID="s41"><Data ss:Type="Number">996569</Data></Cell>
   </Row>
   <Row ss:AutoFitHeight="0" ss:Height="27">
    <Cell ss:StyleID="s39"><Data ss:Type="String">600 000 рублей</Data></Cell>
    <Cell ss:StyleID="s40"><Data ss:Type="Number">11005</Data></Cell>
    <Cell ss:StyleID="s41"><Data ss:Type="Number">572578791</Data></Cell>
    <Cell ss:StyleID="s44"><Data ss:Type="String">Х</Data></Cell>
    <Cell ss:StyleID="s41"><Data ss:Type="Number">583091787</Data></Cell>
    <Cell ss:StyleID="s41"><Data ss:Type="Number">592642911</Data></Cell>
    <Cell ss:StyleID="s41"><Data ss:Type="Number">950578</Data></Cell>
    <Cell ss:StyleID="s44"><Data ss:Type="String">Х</Data></Cell>
    <Cell ss:StyleID="s41"><Data ss:Type="Number">963817</Data></Cell>
    <Cell ss:StyleID="s41"><Data ss:Type="Number">979746</Data></Cell>
   </Row>
   <Row ss:AutoFitHeight="0" ss:Height="32.25">
    <Cell ss:StyleID="s45"><Data ss:Type="String">ИТОГО:                                                   (11001+11002+11004)                                       </Data></Cell>
    <Cell ss:StyleID="s40"><Data ss:Type="Number">11006</Data></Cell>
    <Cell ss:StyleID="s41"><Data ss:Type="Number">7219822910</Data></Cell>
    <Cell ss:StyleID="s41"><Data ss:Type="Number">7922499314</Data></Cell>
    <Cell ss:StyleID="s41"><Data ss:Type="Number">7147153085</Data></Cell>
    <Cell ss:StyleID="s41"><Data ss:Type="Number">7270392568</Data></Cell>
    <Cell ss:StyleID="s41"><Data ss:Type="Number">62273272</Data></Cell>
    <Cell ss:StyleID="s41"><Data ss:Type="Number">77532226</Data></Cell>
    <Cell ss:StyleID="s41"><Data ss:Type="Number">59562406</Data></Cell>
    <Cell ss:StyleID="s41"><Data ss:Type="Number">62484165</Data></Cell>
   </Row>
   <Row ss:Height="15">
    <Cell ss:StyleID="s46"/>
    <Cell ss:StyleID="s47"/>
    <Cell ss:StyleID="s47"/>
    <Cell ss:StyleID="s47"/>
    <Cell ss:StyleID="s47"/>
    <Cell ss:StyleID="s47"/>
    <Cell ss:StyleID="s47"/>
    <Cell ss:StyleID="s47"/>
    <Cell ss:StyleID="s47"/>
    <Cell ss:StyleID="s47"/>
   </Row>
   <Row>
    <Cell ss:StyleID="s23"/>
    <Cell ss:StyleID="s26"/>
    <Cell ss:StyleID="s26"/>
    <Cell ss:StyleID="s26"/>
    <Cell ss:StyleID="s26"/>
    <Cell ss:StyleID="s26"/>
    <Cell ss:StyleID="s26"/>
    <Cell ss:StyleID="s26"/>
    <Cell ss:StyleID="s26"/>
   </Row>
   <Row>
    <Cell ss:StyleID="s23"/>
    <Cell ss:StyleID="s26"/>
    <Cell ss:StyleID="s26"/>
    <Cell ss:StyleID="s26"/>
    <Cell ss:StyleID="s26"/>
    <Cell ss:StyleID="s26"/>
    <Cell ss:StyleID="s26"/>
    <Cell ss:StyleID="s26"/>
    <Cell ss:StyleID="s26"/>
   </Row>
   <Row>
    <Cell ss:StyleID="s23"/>
    <Cell ss:StyleID="s26"/>
    <Cell ss:StyleID="s26"/>
    <Cell ss:StyleID="s26"/>
    <Cell ss:StyleID="s26"/>
    <Cell ss:StyleID="s26"/>
    <Cell ss:StyleID="s26"/>
    <Cell ss:StyleID="s26"/>
    <Cell ss:StyleID="s26"/>
   </Row>
   <Row>
    <Cell ss:StyleID="s23"/>
    <Cell ss:StyleID="s26"/>
    <Cell ss:StyleID="s26"/>
    <Cell ss:StyleID="s26"/>
    <Cell ss:StyleID="s26"/>
    <Cell ss:StyleID="s26"/>
    <Cell ss:StyleID="s26"/>
    <Cell ss:StyleID="s26"/>
    <Cell ss:StyleID="s26"/>
   </Row>
   <Row>
    <Cell ss:StyleID="s23"/>
    <Cell ss:StyleID="s26"/>
    <Cell ss:StyleID="s26"/>
    <Cell ss:StyleID="s26"/>
    <Cell ss:StyleID="s26"/>
    <Cell ss:StyleID="s26"/>
    <Cell ss:StyleID="s26"/>
    <Cell ss:StyleID="s26"/>
    <Cell ss:StyleID="s26"/>
   </Row>
   <Row>
    <Cell ss:StyleID="s23"/>
    <Cell ss:StyleID="s26"/>
    <Cell ss:StyleID="s26"/>
    <Cell ss:StyleID="s26"/>
    <Cell ss:StyleID="s26"/>
    <Cell ss:StyleID="s26"/>
    <Cell ss:StyleID="s26"/>
    <Cell ss:StyleID="s26"/>
    <Cell ss:StyleID="s26"/>
   </Row>
   <Row>
    <Cell ss:StyleID="s23"/>
    <Cell ss:StyleID="s26"/>
    <Cell ss:StyleID="s26"/>
    <Cell ss:StyleID="s26"/>
    <Cell ss:StyleID="s26"/>
    <Cell ss:StyleID="s26"/>
    <Cell ss:StyleID="s26"/>
    <Cell ss:StyleID="s26"/>
    <Cell ss:StyleID="s26"/>
   </Row>
   <Row>
    <Cell ss:StyleID="s23"/>
    <Cell ss:StyleID="s26"/>
    <Cell ss:StyleID="s26"/>
    <Cell ss:StyleID="s26"/>
    <Cell ss:StyleID="s26"/>
    <Cell ss:StyleID="s26"/>
    <Cell ss:StyleID="s26"/>
    <Cell ss:StyleID="s26"/>
    <Cell ss:StyleID="s26"/>
   </Row>
   <Row>
    <Cell ss:StyleID="s23"/>
    <Cell ss:StyleID="s26"/>
    <Cell ss:StyleID="s26"/>
    <Cell ss:StyleID="s26"/>
    <Cell ss:StyleID="s26"/>
    <Cell ss:StyleID="s26"/>
    <Cell ss:StyleID="s26"/>
    <Cell ss:StyleID="s26"/>
    <Cell ss:StyleID="s26"/>
   </Row>
   <Row>
    <Cell ss:StyleID="s23"/>
    <Cell ss:StyleID="s26"/>
    <Cell ss:StyleID="s26"/>
    <Cell ss:StyleID="s26"/>
    <Cell ss:StyleID="s26"/>
    <Cell ss:StyleID="s26"/>
    <Cell ss:StyleID="s26"/>
    <Cell ss:StyleID="s26"/>
    <Cell ss:StyleID="s26"/>
   </Row>
   <Row>
    <Cell ss:StyleID="s23"/>
    <Cell ss:StyleID="s26"/>
    <Cell ss:StyleID="s26"/>
    <Cell ss:StyleID="s26"/>
    <Cell ss:StyleID="s26"/>
    <Cell ss:StyleID="s26"/>
    <Cell ss:StyleID="s26"/>
    <Cell ss:StyleID="s26"/>
    <Cell ss:StyleID="s26"/>
   </Row>
   <Row>
    <Cell ss:StyleID="s23"/>
    <Cell ss:StyleID="s26"/>
    <Cell ss:StyleID="s26"/>
    <Cell ss:StyleID="s26"/>
    <Cell ss:StyleID="s26"/>
    <Cell ss:StyleID="s26"/>
    <Cell ss:StyleID="s26"/>
    <Cell ss:StyleID="s26"/>
    <Cell ss:StyleID="s26"/>
   </Row>
   <Row>
    <Cell ss:StyleID="s23"/>
    <Cell ss:StyleID="s26"/>
    <Cell ss:StyleID="s26"/>
    <Cell ss:StyleID="s26"/>
    <Cell ss:StyleID="s26"/>
    <Cell ss:StyleID="s26"/>
    <Cell ss:StyleID="s26"/>
    <Cell ss:StyleID="s26"/>
    <Cell ss:StyleID="s26"/>
   </Row>
   <Row>
    <Cell ss:StyleID="s23"/>
    <Cell ss:StyleID="s26"/>
    <Cell ss:StyleID="s26"/>
    <Cell ss:StyleID="s26"/>
    <Cell ss:StyleID="s26"/>
    <Cell ss:StyleID="s26"/>
    <Cell ss:StyleID="s26"/>
    <Cell ss:StyleID="s26"/>
    <Cell ss:StyleID="s26"/>
   </Row>
   <Row>
    <Cell ss:StyleID="s23"/>
    <Cell ss:StyleID="s26"/>
    <Cell ss:StyleID="s26"/>
    <Cell ss:StyleID="s26"/>
    <Cell ss:StyleID="s26"/>
    <Cell ss:StyleID="s26"/>
    <Cell ss:StyleID="s26"/>
    <Cell ss:StyleID="s26"/>
    <Cell ss:StyleID="s26"/>
   </Row>
   <Row>
    <Cell ss:StyleID="s23"/>
    <Cell ss:StyleID="s26"/>
    <Cell ss:StyleID="s26"/>
    <Cell ss:StyleID="s26"/>
    <Cell ss:StyleID="s26"/>
    <Cell ss:StyleID="s26"/>
    <Cell ss:StyleID="s26"/>
    <Cell ss:StyleID="s26"/>
    <Cell ss:StyleID="s26"/>
   </Row>
   <Row>
    <Cell ss:StyleID="s23"/>
    <Cell ss:StyleID="s26"/>
    <Cell ss:StyleID="s26"/>
    <Cell ss:StyleID="s26"/>
    <Cell ss:StyleID="s26"/>
    <Cell ss:StyleID="s26"/>
    <Cell ss:StyleID="s26"/>
    <Cell ss:StyleID="s26"/>
    <Cell ss:StyleID="s26"/>
   </Row>
   <Row>
    <Cell ss:StyleID="s23"/>
    <Cell ss:StyleID="s26"/>
    <Cell ss:StyleID="s26"/>
    <Cell ss:StyleID="s26"/>
    <Cell ss:StyleID="s26"/>
    <Cell ss:StyleID="s26"/>
    <Cell ss:StyleID="s26"/>
    <Cell ss:StyleID="s26"/>
    <Cell ss:StyleID="s26"/>
   </Row>
   <Row>
    <Cell ss:StyleID="s26"/>
    <Cell ss:StyleID="s26"/>
    <Cell ss:StyleID="s26"/>
    <Cell ss:StyleID="s26"/>
    <Cell ss:StyleID="s26"/>
    <Cell ss:StyleID="s26"/>
    <Cell ss:StyleID="s26"/>
    <Cell ss:StyleID="s26"/>
    <Cell ss:StyleID="s26"/>
   </Row>
   <Row>
    <Cell ss:StyleID="s26"/>
    <Cell ss:StyleID="s26"/>
    <Cell ss:StyleID="s26"/>
    <Cell ss:StyleID="s26"/>
    <Cell ss:StyleID="s26"/>
    <Cell ss:StyleID="s26"/>
    <Cell ss:StyleID="s26"/>
    <Cell ss:StyleID="s26"/>
    <Cell ss:StyleID="s26"/>
   </Row>
   <Row>
    <Cell ss:StyleID="s26"/>
    <Cell ss:StyleID="s26"/>
    <Cell ss:StyleID="s26"/>
    <Cell ss:StyleID="s26"/>
    <Cell ss:StyleID="s26"/>
    <Cell ss:StyleID="s26"/>
    <Cell ss:StyleID="s26"/>
    <Cell ss:StyleID="s26"/>
    <Cell ss:StyleID="s26"/>
   </Row>
  </Table>
  <WorksheetOptions xmlns="urn:schemas-microsoft-com:office:excel">
   <PageSetup>
    <Layout x:Orientation="Landscape" x:CenterHorizontal="1"/>
    <Header x:Margin="0.15748031496062992"/>
    <Footer x:Margin="0.15748031496062992"/>
    <PageMargins x:Bottom="0.23622047244094491" x:Left="0.15748031496062992"
     x:Right="0.15748031496062992" x:Top="0.23622047244094491"/>
   </PageSetup>
   <Print>
    <ValidPrinterInfo/>
    <PaperSizeIndex>9</PaperSizeIndex>
    <Scale>70</Scale>
    <HorizontalResolution>600</HorizontalResolution>
    <VerticalResolution>300</VerticalResolution>
   </Print>
   <Zoom>75</Zoom>
   <Selected/>
   <LeftColumnVisible>2</LeftColumnVisible>
   <Panes>
    <Pane>
     <Number>3</Number>
     <ActiveRow>14</ActiveRow>
     <ActiveCol>3</ActiveCol>
    </Pane>
   </Panes>
   <ProtectObjects>False</ProtectObjects>
   <ProtectScenarios>False</ProtectScenarios>
  </WorksheetOptions>
 </Worksheet>
 <Worksheet ss:Name="Подр.2,3,4">
  <Names>
   <NamedRange ss:Name="Print_Titles" ss:RefersTo="='Подр.2,3,4'!R2:R9"/>
  </Names>
  <Table ss:ExpandedColumnCount="12" ss:ExpandedRowCount="31" x:FullColumns="1"
   x:FullRows="1">
   <Column ss:AutoFitWidth="0" ss:Width="267.75"/>
   <Column ss:AutoFitWidth="0" ss:Width="52.5"/>
   <Column ss:AutoFitWidth="0" ss:Width="141.75"/>
   <Column ss:AutoFitWidth="0" ss:Width="87"/>
   <Column ss:AutoFitWidth="0" ss:Width="86.25"/>
   <Column ss:AutoFitWidth="0" ss:Width="81.75"/>
   <Column ss:AutoFitWidth="0" ss:Width="72"/>
   <Column ss:AutoFitWidth="0" ss:Width="66.75"/>
   <Column ss:AutoFitWidth="0" ss:Width="72.75"/>
   <Column ss:AutoFitWidth="0" ss:Width="96.75"/>
   <Row>
    <Cell ss:MergeAcross="9" ss:StyleID="s86"><Data ss:Type="String">Форма № 5-ЕСН</Data></Cell>
   </Row>
   <Row ss:AutoFitHeight="0" ss:Height="14.4375">
    <Cell ss:StyleID="s29"><NamedCell ss:Name="Print_Titles"/></Cell>
    <Cell ss:StyleID="s29"><NamedCell ss:Name="Print_Titles"/></Cell>
    <Cell ss:MergeAcross="4" ss:StyleID="s33"><Data ss:Type="String">по итогам за 2007 год</Data><NamedCell
      ss:Name="Print_Titles"/></Cell>
    <Cell ss:StyleID="s29"><NamedCell ss:Name="Print_Titles"/></Cell>
    <Cell ss:StyleID="s29"><NamedCell ss:Name="Print_Titles"/></Cell>
    <Cell ss:StyleID="s29"><NamedCell ss:Name="Print_Titles"/></Cell>
   </Row>
   <Row ss:AutoFitHeight="0" ss:Height="14.4375">
    <Cell ss:StyleID="s29"><NamedCell ss:Name="Print_Titles"/></Cell>
    <Cell ss:StyleID="s29"><NamedCell ss:Name="Print_Titles"/></Cell>
    <Cell ss:StyleID="s33"><NamedCell ss:Name="Print_Titles"/></Cell>
    <Cell ss:StyleID="s33"><NamedCell ss:Name="Print_Titles"/></Cell>
    <Cell ss:StyleID="s33"><NamedCell ss:Name="Print_Titles"/></Cell>
    <Cell ss:StyleID="s33"><NamedCell ss:Name="Print_Titles"/></Cell>
    <Cell ss:StyleID="s33"><NamedCell ss:Name="Print_Titles"/></Cell>
    <Cell ss:StyleID="s29"><NamedCell ss:Name="Print_Titles"/></Cell>
    <Cell ss:StyleID="s29"><NamedCell ss:Name="Print_Titles"/></Cell>
    <Cell ss:StyleID="s29"><NamedCell ss:Name="Print_Titles"/></Cell>
   </Row>
   <Row ss:AutoFitHeight="0" ss:Height="23.25">
    <Cell ss:StyleID="s32"><Data ss:Type="String">Подраздел 2</Data><NamedCell
      ss:Name="Print_Titles"/></Cell>
    <Cell ss:StyleID="s29"><NamedCell ss:Name="Print_Titles"/></Cell>
    <Cell ss:StyleID="s29"><NamedCell ss:Name="Print_Titles"/></Cell>
    <Cell ss:StyleID="s29"><NamedCell ss:Name="Print_Titles"/></Cell>
    <Cell ss:StyleID="s29"><NamedCell ss:Name="Print_Titles"/></Cell>
    <Cell ss:StyleID="s29"><NamedCell ss:Name="Print_Titles"/></Cell>
    <Cell ss:StyleID="s29"><NamedCell ss:Name="Print_Titles"/></Cell>
    <Cell ss:StyleID="s29"><NamedCell ss:Name="Print_Titles"/></Cell>
    <Cell ss:StyleID="s29"><NamedCell ss:Name="Print_Titles"/></Cell>
    <Cell ss:StyleID="s29"><NamedCell ss:Name="Print_Titles"/></Cell>
   </Row>
   <Row ss:Height="15.75">
    <Cell ss:MergeAcross="2" ss:StyleID="s101"><Data ss:Type="String">Всего по России</Data><NamedCell
      ss:Name="Print_Titles"/></Cell>
    <Cell ss:StyleID="s35"><NamedCell ss:Name="Print_Titles"/></Cell>
    <Cell ss:StyleID="s35"><NamedCell ss:Name="Print_Titles"/></Cell>
    <Cell ss:StyleID="s35"><NamedCell ss:Name="Print_Titles"/></Cell>
    <Cell ss:StyleID="s35"><NamedCell ss:Name="Print_Titles"/></Cell>
    <Cell ss:StyleID="s35"><NamedCell ss:Name="Print_Titles"/></Cell>
    <Cell ss:StyleID="s35"><NamedCell ss:Name="Print_Titles"/></Cell>
    <Cell ss:StyleID="s48"><Data ss:Type="String">тыс. рублей</Data><NamedCell
      ss:Name="Print_Titles"/></Cell>
   </Row>
   <Row ss:AutoFitHeight="0" ss:Height="48">
    <Cell ss:MergeDown="2" ss:StyleID="m37737972"><NamedCell ss:Name="Print_Titles"/></Cell>
    <Cell ss:MergeDown="2" ss:StyleID="m37737260"><Data ss:Type="String">Код строки</Data><NamedCell
      ss:Name="Print_Titles"/></Cell>
    <Cell ss:MergeDown="2" ss:StyleID="m37737280"><Data ss:Type="String">Федеральный бюджет</Data><NamedCell
      ss:Name="Print_Titles"/></Cell>
    <Cell ss:MergeAcross="2" ss:StyleID="m37737952"><Data ss:Type="String">Страховые взносы на обязательное пенсионное страхование</Data><NamedCell
      ss:Name="Print_Titles"/></Cell>
    <Cell ss:MergeDown="2" ss:StyleID="m37737872"><Data ss:Type="String">ФСС </Data><NamedCell
      ss:Name="Print_Titles"/></Cell>
    <Cell ss:MergeDown="2" ss:StyleID="m37737892"><Data ss:Type="String">ФФОМС</Data><NamedCell
      ss:Name="Print_Titles"/></Cell>
    <Cell ss:MergeDown="2" ss:StyleID="m37737912"><Data ss:Type="String">ТФОМС</Data><NamedCell
      ss:Name="Print_Titles"/></Cell>
    <Cell ss:MergeDown="2" ss:StyleID="m37737932"><Data ss:Type="String">Всего (8=1+2+5+6+7)</Data><NamedCell
      ss:Name="Print_Titles"/></Cell>
   </Row>
   <Row ss:AutoFitHeight="0" ss:Height="13.125">
    <Cell ss:Index="4" ss:MergeDown="1" ss:StyleID="m37737832"><Data
      ss:Type="String">всего</Data><NamedCell ss:Name="Print_Titles"/></Cell>
    <Cell ss:MergeAcross="1" ss:StyleID="m37737852"><Data ss:Type="String">в том числе:</Data><NamedCell
      ss:Name="Print_Titles"/></Cell>
   </Row>
   <Row ss:AutoFitHeight="0" ss:Height="79.5">
    <Cell ss:Index="5" ss:StyleID="s49"><Data ss:Type="String">на страховую часть трудовой пенсии</Data><NamedCell
      ss:Name="Print_Titles"/></Cell>
    <Cell ss:StyleID="s49"><Data ss:Type="String">на накопи-тельную часть трудовой пенсии</Data><NamedCell
      ss:Name="Print_Titles"/></Cell>
   </Row>
   <Row ss:Height="15">
    <Cell ss:StyleID="s37"><Data ss:Type="String">А</Data><NamedCell
      ss:Name="Print_Titles"/></Cell>
    <Cell ss:StyleID="s38"><Data ss:Type="String">Б</Data><NamedCell
      ss:Name="Print_Titles"/></Cell>
    <Cell ss:StyleID="s38"><Data ss:Type="Number">1</Data><NamedCell
      ss:Name="Print_Titles"/></Cell>
    <Cell ss:StyleID="s38"><Data ss:Type="Number">2</Data><NamedCell
      ss:Name="Print_Titles"/></Cell>
    <Cell ss:StyleID="s38"><Data ss:Type="Number">3</Data><NamedCell
      ss:Name="Print_Titles"/></Cell>
    <Cell ss:StyleID="s38"><Data ss:Type="Number">4</Data><NamedCell
      ss:Name="Print_Titles"/></Cell>
    <Cell ss:StyleID="s38"><Data ss:Type="Number">5</Data><NamedCell
      ss:Name="Print_Titles"/></Cell>
    <Cell ss:StyleID="s38"><Data ss:Type="Number">6</Data><NamedCell
      ss:Name="Print_Titles"/></Cell>
    <Cell ss:StyleID="s38"><Data ss:Type="Number">7</Data><NamedCell
      ss:Name="Print_Titles"/></Cell>
    <Cell ss:StyleID="s38"><Data ss:Type="Number">8</Data><NamedCell
      ss:Name="Print_Titles"/></Cell>
   </Row>
   <Row ss:AutoFitHeight="0" ss:Height="36">
    <Cell ss:StyleID="s45"><Data ss:Type="String">Сумма начисленного налога и страховых взносов</Data></Cell>
    <Cell ss:StyleID="s40"><Data ss:Type="Number">11008</Data></Cell>
    <Cell ss:StyleID="s41"><Data ss:Type="Number">385904411</Data></Cell>
    <Cell ss:StyleID="s41"><Data ss:Type="Number">964175249</Data></Cell>
    <Cell ss:StyleID="s41"><Data ss:Type="Number">832312562</Data></Cell>
    <Cell ss:StyleID="s41"><Data ss:Type="Number">131862687</Data></Cell>
    <Cell ss:StyleID="s41"><Data ss:Type="Number">54910489</Data></Cell>
    <Cell ss:StyleID="s41"><Data ss:Type="Number">68554276</Data></Cell>
    <Cell ss:StyleID="s41"><Data ss:Type="Number">121674331</Data></Cell>
    <Cell ss:StyleID="s41"><Data ss:Type="Number">1595218756</Data></Cell>
   </Row>
   <Row>
    <Cell ss:StyleID="s27"/>
    <Cell ss:StyleID="s27"/>
    <Cell ss:StyleID="s27"/>
    <Cell ss:StyleID="s27"/>
    <Cell ss:StyleID="s27"/>
    <Cell ss:StyleID="s27"/>
    <Cell ss:StyleID="s27"/>
    <Cell ss:StyleID="s27"/>
    <Cell ss:StyleID="s27"/>
    <Cell ss:StyleID="s27"/>
   </Row>
   <Row ss:AutoFitHeight="0" ss:Height="22.5">
    <Cell ss:StyleID="s32"><Data ss:Type="String">Подраздел 3</Data></Cell>
    <Cell ss:StyleID="s29"/>
    <Cell ss:StyleID="s29"/>
    <Cell ss:StyleID="s29"/>
    <Cell ss:StyleID="s29"/>
    <Cell ss:StyleID="s29"/>
    <Cell ss:StyleID="s29"/>
    <Cell ss:StyleID="s29"/>
    <Cell ss:StyleID="s29"/>
    <Cell ss:StyleID="s29"/>
   </Row>
   <Row ss:Height="15.75">
    <Cell ss:MergeAcross="2" ss:StyleID="s101"><Data ss:Type="String">Всего по России</Data></Cell>
    <Cell ss:StyleID="s35"/>
    <Cell ss:StyleID="s35"/>
    <Cell ss:StyleID="s48"><Data ss:Type="String">тыс. рублей</Data></Cell>
    <Cell ss:StyleID="s24"/>
    <Cell ss:StyleID="s24"/>
    <Cell ss:StyleID="s24"/>
    <Cell ss:StyleID="s30"/>
   </Row>
   <Row ss:AutoFitHeight="0">
    <Cell ss:MergeDown="2" ss:StyleID="m37737120"/>
    <Cell ss:MergeDown="2" ss:StyleID="m37737140"><Data ss:Type="String">Код строки</Data></Cell>
    <Cell ss:MergeDown="2" ss:StyleID="m37737160"><Data ss:Type="String">Федеральный бюджет,                                                         ФФОМС, ТФОМС</Data></Cell>
    <Cell ss:MergeDown="2" ss:StyleID="m37737200"><Data ss:Type="String">ФСС </Data></Cell>
    <Cell ss:MergeAcross="1" ss:MergeDown="2" ss:StyleID="m37737180"><Data
      ss:Type="String">Страховые взносы                              на обязательное пенсионное страхование</Data></Cell>
   </Row>
   <Row ss:AutoFitHeight="0"/>
   <Row ss:AutoFitHeight="0" ss:Height="44.25"/>
   <Row ss:Height="15">
    <Cell ss:StyleID="s37"><Data ss:Type="String">А</Data></Cell>
    <Cell ss:StyleID="s38"><Data ss:Type="String">Б</Data></Cell>
    <Cell ss:StyleID="s38"><Data ss:Type="Number">1</Data></Cell>
    <Cell ss:StyleID="s38"><Data ss:Type="Number">2</Data></Cell>
    <Cell ss:MergeAcross="1" ss:StyleID="m37736896"><Data ss:Type="Number">3</Data></Cell>
   </Row>
   <Row ss:AutoFitHeight="0" ss:Height="28.5">
    <Cell ss:StyleID="s39"><Data ss:Type="String">Сумма налоговых льгот (ст.239 НК РФ)</Data></Cell>
    <Cell ss:StyleID="s40"><Data ss:Type="Number">11010</Data></Cell>
    <Cell ss:StyleID="s41"><Data ss:Type="Number">32814392</Data></Cell>
    <Cell ss:StyleID="s41"><Data ss:Type="Number">32431606</Data></Cell>
    <Cell ss:MergeAcross="1" ss:StyleID="m37736916"><Data ss:Type="String">Х</Data></Cell>
   </Row>
   <Row ss:AutoFitHeight="0" ss:Height="66.75">
    <Cell ss:StyleID="s50"><Data ss:Type="String">Выплаты, не отнесенные к расходам, уменьшающим налоговую базу по налогу на прибыль организаций (п. 3 ст. 236 НК РФ )</Data></Cell>
    <Cell ss:StyleID="s40"><Data ss:Type="Number">11011</Data></Cell>
    <Cell ss:StyleID="s41"><Data ss:Type="Number">221059164</Data></Cell>
    <Cell ss:StyleID="s41"><Data ss:Type="Number">220290823</Data></Cell>
    <Cell ss:MergeAcross="1" ss:StyleID="m37736936"><Data ss:Type="Number">221059164</Data></Cell>
   </Row>
   <Row ss:Index="21" ss:AutoFitHeight="0" ss:Height="24.75">
    <Cell ss:StyleID="s32"><Data ss:Type="String">Подраздел 4</Data></Cell>
    <Cell ss:StyleID="s29"/>
    <Cell ss:StyleID="s29"/>
    <Cell ss:StyleID="s29"/>
    <Cell ss:StyleID="s29"/>
    <Cell ss:StyleID="s29"/>
   </Row>
   <Row ss:Height="15.75">
    <Cell ss:MergeAcross="2" ss:StyleID="s101"><Data ss:Type="String">Всего по России</Data></Cell>
    <Cell ss:StyleID="s48"><Data ss:Type="String">тыс. рублей</Data></Cell>
    <Cell ss:StyleID="s47"/>
   </Row>
   <Row ss:AutoFitHeight="0">
    <Cell ss:MergeDown="2" ss:StyleID="m37736976"/>
    <Cell ss:MergeDown="2" ss:StyleID="m37736996"><Data ss:Type="String">Код строки</Data></Cell>
    <Cell ss:MergeDown="2" ss:StyleID="m37737016"><Data ss:Type="String">Федеральный бюджет,  страховые взносы на обязательное пенсионное страхование,                        ФФОМС, ТФОМС</Data></Cell>
    <Cell ss:MergeDown="2" ss:StyleID="m37737036"><Data ss:Type="String">ФСС </Data></Cell>
    <Cell ss:StyleID="s47"/>
   </Row>
   <Row ss:Height="15">
    <Cell ss:Index="5" ss:StyleID="s47"/>
   </Row>
   <Row ss:AutoFitHeight="0" ss:Height="66.75">
    <Cell ss:Index="5" ss:StyleID="s47"/>
   </Row>
   <Row ss:Height="15">
    <Cell ss:StyleID="s37"><Data ss:Type="String">А</Data></Cell>
    <Cell ss:StyleID="s38"><Data ss:Type="String">Б</Data></Cell>
    <Cell ss:StyleID="s38"><Data ss:Type="Number">1</Data></Cell>
    <Cell ss:StyleID="s38"><Data ss:Type="Number">2</Data></Cell>
    <Cell ss:StyleID="s47"/>
   </Row>
   <Row ss:AutoFitHeight="0" ss:Height="33">
    <Cell ss:StyleID="s39"><Data ss:Type="String">Суммы, не подлежащие налогообложению  (ст.238 НК РФ)</Data></Cell>
    <Cell ss:StyleID="s40"><Data ss:Type="Number">11013</Data></Cell>
    <Cell ss:StyleID="s41"><Data ss:Type="Number">316428576</Data></Cell>
    <Cell ss:StyleID="s41"><Data ss:Type="Number">439667917</Data></Cell>
    <Cell ss:StyleID="s47"/>
   </Row>
   <Row ss:Index="29">
    <Cell ss:Index="12"><Data ss:Type="String">,</Data></Cell>
   </Row>
   <Row ss:Index="31" ss:Height="15.75">
    <Cell ss:StyleID="s34"/>
    <Cell ss:StyleID="s34"/>
    <Cell ss:StyleID="s34"/>
    <Cell ss:StyleID="s34"/>
    <Cell ss:StyleID="s34"/>
    <Cell ss:StyleID="s34"/>
   </Row>
  </Table>
  <WorksheetOptions xmlns="urn:schemas-microsoft-com:office:excel">
   <PageSetup>
    <Layout x:Orientation="Landscape" x:CenterHorizontal="1"/>
    <Header x:Margin="0.15748031496062992"/>
    <Footer x:Margin="0.15748031496062992"/>
    <PageMargins x:Bottom="0.23622047244094491" x:Left="0.15748031496062992"
     x:Right="0.15748031496062992" x:Top="0.27559055118110237"/>
   </PageSetup>
   <Print>
    <ValidPrinterInfo/>
    <PaperSizeIndex>9</PaperSizeIndex>
    <Scale>70</Scale>
    <HorizontalResolution>600</HorizontalResolution>
    <VerticalResolution>300</VerticalResolution>
   </Print>
   <Zoom>75</Zoom>
   <PageBreakZoom>60</PageBreakZoom>
   <TopRowVisible>12</TopRowVisible>
   <Panes>
    <Pane>
     <Number>3</Number>
     <ActiveRow>26</ActiveRow>
     <ActiveCol>1</ActiveCol>
    </Pane>
   </Panes>
   <ProtectObjects>False</ProtectObjects>
   <ProtectScenarios>False</ProtectScenarios>
  </WorksheetOptions>
 </Worksheet>
 <Worksheet ss:Name="hidden1">
  <Table ss:ExpandedColumnCount="8" ss:ExpandedRowCount="7" x:FullColumns="1"
   x:FullRows="1">
   <Row>
    <Cell><Data ss:Type="Number">4445906529</Data></Cell>
    <Cell><Data ss:Type="Number">5078934422</Data></Cell>
    <Cell><Data ss:Type="Number">4369402739</Data></Cell>
    <Cell><Data ss:Type="Number">4452718261</Data></Cell>
    <Cell><Data ss:Type="Number">57341780</Data></Cell>
    <Cell><Data ss:Type="Number">72335910</Data></Cell>
    <Cell><Data ss:Type="Number">54641728</Data></Cell>
    <Cell><Data ss:Type="Number">57494963</Data></Cell>
   </Row>
   <Row>
    <Cell><Data ss:Type="Number">1520568569</Data></Cell>
    <Cell><Data ss:Type="Number">1601547874</Data></Cell>
    <Cell><Data ss:Type="Number">1512744824</Data></Cell>
    <Cell><Data ss:Type="Number">1532527496</Data></Cell>
    <Cell><Data ss:Type="Number">3968085</Data></Cell>
    <Cell><Data ss:Type="Number">4176852</Data></Cell>
    <Cell><Data ss:Type="Number">3939846</Data></Cell>
    <Cell><Data ss:Type="Number">3992633</Data></Cell>
   </Row>
   <Row>
    <Cell><Data ss:Type="Number">1090522970</Data></Cell>
    <Cell><Data ss:Type="Number">1147339311</Data></Cell>
    <Cell><Data ss:Type="Number">1075675415</Data></Cell>
    <Cell><Data ss:Type="Number">1096551861</Data></Cell>
    <Cell><Data ss:Type="Number">3845588</Data></Cell>
    <Cell><Data ss:Type="Number">4079433</Data></Cell>
    <Cell><Data ss:Type="Number">3815986</Data></Cell>
    <Cell><Data ss:Type="Number">6494267</Data></Cell>
   </Row>
   <Row>
    <Cell><Data ss:Type="Number">1253347812</Data></Cell>
    <Cell><Data ss:Type="Number">1242017018</Data></Cell>
    <Cell><Data ss:Type="Number">1265005522</Data></Cell>
    <Cell><Data ss:Type="Number">1285146811</Data></Cell>
    <Cell><Data ss:Type="Number">963407</Data></Cell>
    <Cell><Data ss:Type="Number">1019464</Data></Cell>
    <Cell><Data ss:Type="Number">980832</Data></Cell>
    <Cell><Data ss:Type="Number">996569</Data></Cell>
   </Row>
   <Row>
    <Cell><Data ss:Type="Number">572578791</Data></Cell>
    <Cell><Data ss:Type="Number">0</Data></Cell>
    <Cell><Data ss:Type="Number">583091787</Data></Cell>
    <Cell><Data ss:Type="Number">592642911</Data></Cell>
    <Cell><Data ss:Type="Number">950578</Data></Cell>
    <Cell><Data ss:Type="Number">0</Data></Cell>
    <Cell><Data ss:Type="Number">963817</Data></Cell>
    <Cell><Data ss:Type="Number">979746</Data></Cell>
   </Row>
   <Row>
    <Cell><Data ss:Type="Number">7219822910</Data></Cell>
    <Cell><Data ss:Type="Number">7922499314</Data></Cell>
    <Cell><Data ss:Type="Number">7147153085</Data></Cell>
    <Cell><Data ss:Type="Number">7270392568</Data></Cell>
    <Cell><Data ss:Type="Number">62273272</Data></Cell>
    <Cell><Data ss:Type="Number">77532226</Data></Cell>
    <Cell><Data ss:Type="Number">59562406</Data></Cell>
    <Cell><Data ss:Type="Number">62484165</Data></Cell>
   </Row>
   <Row>
    <Cell><Data ss:Type="Number">16102747581</Data></Cell>
    <Cell><Data ss:Type="Number">16992337939</Data></Cell>
    <Cell><Data ss:Type="Number">15953073372</Data></Cell>
    <Cell><Data ss:Type="Number">16229979908</Data></Cell>
    <Cell><Data ss:Type="Number">129342710</Data></Cell>
    <Cell><Data ss:Type="Number">159143885</Data></Cell>
    <Cell><Data ss:Type="Number">123904615</Data></Cell>
    <Cell><Data ss:Type="Number">132442343</Data></Cell>
   </Row>
  </Table>
  <WorksheetOptions xmlns="urn:schemas-microsoft-com:office:excel">
   <Visible>SheetHidden</Visible>
   <ProtectObjects>False</ProtectObjects>
   <ProtectScenarios>False</ProtectScenarios>
  </WorksheetOptions>
 </Worksheet>
 <Worksheet ss:Name="hidden2">
  <Table ss:ExpandedColumnCount="8" ss:ExpandedRowCount="2" x:FullColumns="1"
   x:FullRows="1">
   <Row>
    <Cell><Data ss:Type="Number">385904411</Data></Cell>
    <Cell><Data ss:Type="Number">964175249</Data></Cell>
    <Cell><Data ss:Type="Number">832312562</Data></Cell>
    <Cell><Data ss:Type="Number">131862687</Data></Cell>
    <Cell><Data ss:Type="Number">54910489</Data></Cell>
    <Cell><Data ss:Type="Number">68554276</Data></Cell>
    <Cell><Data ss:Type="Number">121674331</Data></Cell>
    <Cell><Data ss:Type="Number">1595218756</Data></Cell>
   </Row>
   <Row>
    <Cell><Data ss:Type="Number">385904411</Data></Cell>
    <Cell><Data ss:Type="Number">964175249</Data></Cell>
    <Cell><Data ss:Type="Number">832312562</Data></Cell>
    <Cell><Data ss:Type="Number">131862687</Data></Cell>
    <Cell><Data ss:Type="Number">54910489</Data></Cell>
    <Cell><Data ss:Type="Number">68554276</Data></Cell>
    <Cell><Data ss:Type="Number">121674331</Data></Cell>
    <Cell><Data ss:Type="Number">1595218756</Data></Cell>
   </Row>
  </Table>
  <WorksheetOptions xmlns="urn:schemas-microsoft-com:office:excel">
   <Visible>SheetHidden</Visible>
   <ProtectObjects>False</ProtectObjects>
   <ProtectScenarios>False</ProtectScenarios>
  </WorksheetOptions>
 </Worksheet>
 <Worksheet ss:Name="hidden3">
  <Table ss:ExpandedColumnCount="3" ss:ExpandedRowCount="3" x:FullColumns="1"
   x:FullRows="1">
   <Row>
    <Cell><Data ss:Type="Number">32814392</Data></Cell>
    <Cell><Data ss:Type="Number">32431606</Data></Cell>
    <Cell><Data ss:Type="Number">0</Data></Cell>
   </Row>
   <Row>
    <Cell><Data ss:Type="Number">221059164</Data></Cell>
    <Cell><Data ss:Type="Number">220290823</Data></Cell>
    <Cell><Data ss:Type="Number">221059164</Data></Cell>
   </Row>
   <Row>
    <Cell><Data ss:Type="Number">253873556</Data></Cell>
    <Cell><Data ss:Type="Number">252722429</Data></Cell>
    <Cell><Data ss:Type="Number">221059164</Data></Cell>
   </Row>
  </Table>
  <WorksheetOptions xmlns="urn:schemas-microsoft-com:office:excel">
   <Visible>SheetHidden</Visible>
   <ProtectObjects>False</ProtectObjects>
   <ProtectScenarios>False</ProtectScenarios>
  </WorksheetOptions>
 </Worksheet>
 <Worksheet ss:Name="hidden4">
  <Table ss:ExpandedColumnCount="2" ss:ExpandedRowCount="2" x:FullColumns="1"
   x:FullRows="1">
   <Row>
    <Cell><Data ss:Type="Number">316428576</Data></Cell>
    <Cell><Data ss:Type="Number">439667917</Data></Cell>
   </Row>
   <Row>
    <Cell><Data ss:Type="Number">316428576</Data></Cell>
    <Cell><Data ss:Type="Number">439667917</Data></Cell>
   </Row>
  </Table>
  <WorksheetOptions xmlns="urn:schemas-microsoft-com:office:excel">
   <Visible>SheetHidden</Visible>
   <ProtectObjects>False</ProtectObjects>
   <ProtectScenarios>False</ProtectScenarios>
  </WorksheetOptions>
 </Worksheet>
</Workbook>
