<?xml version="1.0"?>
<?mso-application progid="Excel.Sheet"?>
<Workbook xmlns="urn:schemas-microsoft-com:office:spreadsheet"
 xmlns:o="urn:schemas-microsoft-com:office:office"
 xmlns:x="urn:schemas-microsoft-com:office:excel"
 xmlns:ss="urn:schemas-microsoft-com:office:spreadsheet"
 xmlns:html="http://www.w3.org/TR/REC-html40">
 <DocumentProperties xmlns="urn:schemas-microsoft-com:office:office">
  <Author>userpc</Author>
  <LastAuthor>balmaster</LastAuthor>
  <LastPrinted>2010-07-28T12:51:36Z</LastPrinted>
  <Created>2008-12-08T11:01:39Z</Created>
  <LastSaved>2010-07-29T05:22:33Z</LastSaved>
  <Company>fns</Company>
  <Version>12.00</Version>
 </DocumentProperties>
 <ExcelWorkbook xmlns="urn:schemas-microsoft-com:office:excel">
  <WindowHeight>8835</WindowHeight>
  <WindowWidth>11340</WindowWidth>
  <WindowTopX>2370</WindowTopX>
  <WindowTopY>750</WindowTopY>
  <ProtectStructure>False</ProtectStructure>
  <ProtectWindows>False</ProtectWindows>
 </ExcelWorkbook>
 <Styles>
  <Style ss:ID="Default" ss:Name="Normal">
   <Alignment ss:Vertical="Bottom"/>
   <Borders/>
   <Font ss:FontName="Arial Cyr" x:CharSet="204"/>
   <Interior/>
   <NumberFormat/>
   <Protection/>
  </Style>
  <Style ss:ID="m37736976">
   <Alignment ss:Horizontal="Center" ss:Vertical="Center" ss:WrapText="1"/>
   <Borders>
    <Border ss:Position="Bottom" ss:LineStyle="Continuous" ss:Weight="1"/>
    <Border ss:Position="Left" ss:LineStyle="Continuous" ss:Weight="1"/>
    <Border ss:Position="Right" ss:LineStyle="Continuous" ss:Weight="1"/>
    <Border ss:Position="Top" ss:LineStyle="Continuous" ss:Weight="1"/>
   </Borders>
   <Font ss:FontName="Arial CYR" x:CharSet="204" x:Family="Swiss" ss:Size="11"/>
  </Style>
  <Style ss:ID="m37738524">
   <Alignment ss:Horizontal="Center" ss:Vertical="Center" ss:WrapText="1"/>
   <Borders>
    <Border ss:Position="Bottom" ss:LineStyle="Continuous" ss:Weight="1"/>
    <Border ss:Position="Left" ss:LineStyle="Continuous" ss:Weight="1"/>
    <Border ss:Position="Right" ss:LineStyle="Continuous" ss:Weight="1"/>
    <Border ss:Position="Top" ss:LineStyle="Continuous" ss:Weight="1"/>
   </Borders>
   <Font ss:FontName="Arial CYR" x:CharSet="204" x:Family="Swiss" ss:Size="11"/>
  </Style>
  <Style ss:ID="s21">
   <Font ss:FontName="Arial CYR" x:CharSet="204" x:Family="Swiss"/>
  </Style>
  <Style ss:ID="s22">
   <Alignment ss:Vertical="Bottom" ss:WrapText="1"/>
   <Borders/>
   <Font ss:FontName="Arial CYR" x:CharSet="204" x:Family="Swiss" ss:Size="11"/>
  </Style>
  <Style ss:ID="s23">
   <Alignment ss:Horizontal="Center" ss:Vertical="Bottom" ss:WrapText="1"/>
   <Borders/>
   <Font ss:FontName="Arial CYR" x:CharSet="204" x:Family="Swiss" ss:Size="11"/>
  </Style>
  <Style ss:ID="s24">
   <Borders/>
   <Font ss:FontName="Arial CYR" x:CharSet="204" x:Family="Swiss"/>
  </Style>
  <Style ss:ID="s25">
   <Alignment ss:Horizontal="Center" ss:Vertical="Top" ss:WrapText="1"/>
   <Borders/>
   <Font ss:FontName="Arial CYR" x:CharSet="204" x:Family="Swiss" ss:Size="11"/>
  </Style>
  <Style ss:ID="s26">
   <Alignment ss:Horizontal="Left" ss:Vertical="Bottom" ss:Indent="2"/>
   <Font ss:FontName="Arial CYR" x:CharSet="204" x:Family="Swiss" ss:Size="12"
    ss:Bold="1"/>
  </Style>
  <Style ss:ID="s27">
   <Alignment ss:Horizontal="Center" ss:Vertical="Bottom" ss:WrapText="1"/>
   <Borders>
    <Border ss:Position="Bottom" ss:LineStyle="Continuous" ss:Weight="1"/>
    <Border ss:Position="Left" ss:LineStyle="Continuous" ss:Weight="1"/>
    <Border ss:Position="Right" ss:LineStyle="Continuous" ss:Weight="1"/>
    <Border ss:Position="Top" ss:LineStyle="Continuous" ss:Weight="1"/>
   </Borders>
   <Font ss:FontName="Arial CYR" x:CharSet="204" x:Family="Swiss" ss:Size="11"/>
  </Style>
  <Style ss:ID="s28">
   <Alignment ss:Horizontal="Right" ss:Vertical="Bottom" ss:WrapText="1"/>
   <Borders>
    <Border ss:Position="Bottom" ss:LineStyle="Continuous" ss:Weight="1"/>
    <Border ss:Position="Left" ss:LineStyle="Continuous" ss:Weight="1"/>
    <Border ss:Position="Right" ss:LineStyle="Continuous" ss:Weight="1"/>
    <Border ss:Position="Top" ss:LineStyle="Continuous" ss:Weight="1"/>
   </Borders>
   <Font ss:FontName="Arial CYR" x:CharSet="204" x:Family="Swiss" ss:Size="11"/>
   <NumberFormat ss:Format="#,##0"/>
  </Style>
  <Style ss:ID="s29">
   <Alignment ss:Horizontal="Right" ss:Vertical="Bottom" ss:WrapText="1"/>
   <Borders>
    <Border ss:Position="Bottom" ss:LineStyle="Continuous" ss:Weight="1"/>
    <Border ss:Position="Left" ss:LineStyle="Continuous" ss:Weight="1"/>
    <Border ss:Position="Right" ss:LineStyle="Continuous" ss:Weight="1"/>
    <Border ss:Position="Top" ss:LineStyle="Continuous" ss:Weight="1"/>
   </Borders>
   <Font ss:FontName="Arial CYR" x:CharSet="204" x:Family="Swiss"/>
   <NumberFormat ss:Format="#,##0"/>
  </Style>
  <Style ss:ID="s30">
   <Alignment ss:Horizontal="Center" ss:Vertical="Top" ss:WrapText="1"/>
   <Borders>
    <Border ss:Position="Bottom" ss:LineStyle="Continuous" ss:Weight="1"/>
    <Border ss:Position="Left" ss:LineStyle="Continuous" ss:Weight="1"/>
    <Border ss:Position="Right" ss:LineStyle="Continuous" ss:Weight="1"/>
    <Border ss:Position="Top" ss:LineStyle="Continuous" ss:Weight="1"/>
   </Borders>
   <Font ss:FontName="Arial CYR" x:CharSet="204" x:Family="Swiss" ss:Size="11"/>
  </Style>
  <Style ss:ID="s31">
   <Alignment ss:Horizontal="Justify" ss:Vertical="Top" ss:WrapText="1"/>
   <Borders>
    <Border ss:Position="Bottom" ss:LineStyle="Continuous" ss:Weight="1"/>
    <Border ss:Position="Left" ss:LineStyle="Continuous" ss:Weight="1"/>
    <Border ss:Position="Right" ss:LineStyle="Continuous" ss:Weight="1"/>
    <Border ss:Position="Top" ss:LineStyle="Continuous" ss:Weight="1"/>
   </Borders>
   <Font ss:FontName="Arial CYR" x:CharSet="204" x:Family="Swiss" ss:Size="11"/>
  </Style>
  <Style ss:ID="s54">
   <Alignment ss:Horizontal="Center" ss:Vertical="Center" ss:WrapText="1"/>
   <Font ss:FontName="Arial CYR" x:CharSet="204" x:Family="Swiss" ss:Size="11"
    ss:Bold="1"/>
  </Style>
  <Style ss:ID="s55">
   <Alignment ss:Horizontal="Right" ss:Vertical="Bottom" ss:WrapText="1"/>
   <Font ss:FontName="Arial CYR" x:CharSet="204" x:Family="Swiss" ss:Size="9"/>
  </Style>
  <Style ss:ID="s56">
   <Alignment ss:Horizontal="Center" ss:Vertical="Center" ss:WrapText="1"/>
   <Borders>
    <Border ss:Position="Bottom" ss:LineStyle="Continuous" ss:Weight="1"/>
    <Border ss:Position="Left" ss:LineStyle="Continuous" ss:Weight="1"/>
    <Border ss:Position="Right" ss:LineStyle="Continuous" ss:Weight="1"/>
    <Border ss:Position="Top" ss:LineStyle="Continuous" ss:Weight="1"/>
   </Borders>
   <Font ss:FontName="Arial CYR" x:CharSet="204" x:Family="Swiss" ss:Size="11"/>
  </Style>
  <Style ss:ID="s57">
   <Alignment ss:Horizontal="Center" ss:Vertical="Center" ss:WrapText="1"/>
   <Borders>
    <Border ss:Position="Bottom" ss:LineStyle="Continuous" ss:Weight="1"/>
    <Border ss:Position="Left" ss:LineStyle="Continuous" ss:Weight="1"/>
    <Border ss:Position="Right" ss:LineStyle="Continuous" ss:Weight="1"/>
    <Border ss:Position="Top" ss:LineStyle="Continuous" ss:Weight="1"/>
   </Borders>
   <Font ss:FontName="Arial CYR" x:CharSet="204" x:Family="Swiss"/>
  </Style>
  <Style ss:ID="s59">
   <Alignment ss:Horizontal="Center" ss:Vertical="Center" ss:WrapText="1"/>
   <Font ss:FontName="Arial CYR" x:CharSet="204" x:Family="Swiss" ss:Size="14"
    ss:Bold="1"/>
  </Style>
  <Style ss:ID="s61">
   <Alignment ss:Horizontal="Center" ss:Vertical="Center" ss:WrapText="1"/>
   <Font ss:FontName="Arial CYR" x:CharSet="204" x:Family="Swiss" ss:Size="12"/>
  </Style>
  <Style ss:ID="s62">
   <Alignment ss:Horizontal="Left" ss:Vertical="Bottom" ss:WrapText="1"/>
   <Font ss:FontName="Arial CYR" x:CharSet="204" x:Family="Swiss" ss:Size="11"/>
  </Style>
  <Style ss:ID="s67">
   <Alignment ss:Horizontal="Right" ss:Vertical="Bottom"/>
   <Font ss:FontName="Arial CYR" x:CharSet="204" x:Family="Swiss" ss:Size="11"/>
  </Style>
  <Style ss:ID="s68">
   <Alignment ss:Horizontal="Center" ss:Vertical="Center" ss:WrapText="1"/>
   <Font ss:FontName="Arial CYR" x:CharSet="204" x:Family="Swiss" ss:Size="13"
    ss:Italic="1"/>
  </Style>
  <Style ss:ID="s69">
   <Alignment ss:Horizontal="Center" ss:Vertical="Bottom" ss:WrapText="1"/>
   <Borders>
    <Border ss:Position="Bottom" ss:LineStyle="Continuous" ss:Weight="1"/>
    <Border ss:Position="Left" ss:LineStyle="Continuous" ss:Weight="1"/>
    <Border ss:Position="Right" ss:LineStyle="Continuous" ss:Weight="1"/>
    <Border ss:Position="Top" ss:LineStyle="Continuous" ss:Weight="1"/>
   </Borders>
   <Font ss:FontName="Arial CYR" x:CharSet="204" x:Family="Swiss"/>
  </Style>
  <Style ss:ID="s70">
   <Alignment ss:Horizontal="Right" ss:Vertical="Bottom" ss:WrapText="1"/>
   <Borders/>
   <Font ss:FontName="Arial CYR" x:CharSet="204" x:Family="Swiss"/>
  </Style>
  <Style ss:ID="s71">
   <Alignment ss:Horizontal="Left" ss:Vertical="Bottom"/>
   <Borders/>
   <Font ss:FontName="Arial CYR" x:CharSet="204" x:Family="Swiss" ss:Size="12"
    ss:Bold="1"/>
  </Style>
  <Style ss:ID="s73">
   <Alignment ss:Vertical="Bottom" ss:WrapText="1"/>
   <Borders>
    <Border ss:Position="Bottom" ss:LineStyle="Continuous" ss:Weight="1"/>
    <Border ss:Position="Left" ss:LineStyle="Continuous" ss:Weight="1"/>
    <Border ss:Position="Right" ss:LineStyle="Continuous" ss:Weight="1"/>
    <Border ss:Position="Top" ss:LineStyle="Continuous" ss:Weight="1"/>
   </Borders>
   <Font ss:FontName="Arial CYR" x:CharSet="204" x:Family="Swiss" ss:Size="11"/>
  </Style>
  <Style ss:ID="s76">
   <Alignment ss:Vertical="Bottom"/>
   <Borders/>
   <Font ss:FontName="Arial CYR" x:CharSet="204" x:Family="Swiss"/>
  </Style>
  <Style ss:ID="s79">
   <Alignment ss:Horizontal="Right" ss:Vertical="Bottom"/>
   <Borders/>
   <Font ss:FontName="Arial CYR" x:CharSet="204" x:Family="Swiss"/>
  </Style>
 </Styles>
 <Worksheet ss:Name="Подразд1-2 ">
  <Table ss:ExpandedColumnCount="10" ss:ExpandedRowCount="29" x:FullColumns="1"
   x:FullRows="1" ss:StyleID="s21">
   <Column ss:StyleID="s21" ss:AutoFitWidth="0" ss:Width="245.25"/>
   <Column ss:Index="3" ss:StyleID="s21" ss:AutoFitWidth="0" ss:Width="76.5"/>
   <Column ss:StyleID="s21" ss:AutoFitWidth="0" ss:Width="91.5"/>
   <Column ss:StyleID="s21" ss:AutoFitWidth="0" ss:Width="81.75"/>
   <Column ss:StyleID="s21" ss:AutoFitWidth="0" ss:Width="97.5"/>
   <Column ss:StyleID="s21" ss:AutoFitWidth="0" ss:Width="66.75" ss:Span="1"/>
   <Column ss:Index="9" ss:StyleID="s21" ss:AutoFitWidth="0" ss:Width="73.5"/>
   <Column ss:StyleID="s21" ss:AutoFitWidth="0" ss:Width="89.25"/>
   <Row>
    <Cell ss:Index="9" ss:MergeAcross="1" ss:StyleID="s55"><Data ss:Type="String">Форма №5-ЕСН</Data></Cell>
   </Row>
   <Row>
    <Cell ss:Index="8" ss:MergeAcross="2" ss:StyleID="s55"/>
   </Row>
   <Row ss:AutoFitHeight="0" ss:Height="45.75">
    <Cell ss:MergeAcross="9" ss:StyleID="s54"><Data ss:Type="String">ОТЧЕТ О НАЛОГОВОЙ БАЗЕ И СТРУКТУРЕ НАЧИСЛЕНИЙ  ПО ЕДИНОМУ СОЦИАЛЬНОМУ НАЛОГУ И СТРАХОВЫМ ВЗНОСАМ НА ОБЯЗАТЕЛЬНОЕ ПЕНСИОННОЕ СТРАХОВАНИЕ</Data></Cell>
   </Row>
   <Row ss:AutoFitHeight="0" ss:Height="18">
    <Cell ss:MergeAcross="9" ss:StyleID="s59"><Data ss:Type="String">Единый социальный налог и страховые взносы на обязательное пенсионное страхование</Data></Cell>
   </Row>
   <Row ss:AutoFitHeight="0" ss:Height="33">
    <Cell ss:MergeAcross="9" ss:StyleID="s61"><Data ss:Type="String">(заполняется на основании показателей Разделов 00002 деклараций по единому социальному налогу и показателей Разделов 00002 деклараций по страховым взносам, прошедших камеральную налоговую проверку (по данным налогового органа))</Data></Cell>
   </Row>
   <Row ss:AutoFitHeight="0" ss:Height="117.75">
    <Cell ss:MergeAcross="9" ss:StyleID="s68"><Data ss:Type="String">По организациям, производящим выплаты физическим лицам (за исключением выступающих в качестве работодателей налогоплательщиков - организаций и индивидуальных предпринимателей, имеющих статус резидента технико-внедренческой особой экономической зоны и производящих выплаты физическим лицам, работающим на территории технико-внедренческой особой экономической зоны, сельскохозяйственных товаропроизводителей, отвечающих критериям, указанным в пункте 2 статьи 346.2 Налогового кодекса Российской Федерации, организаций народных художественных промыслов и родовых, семейных общин коренных малочисленных народов Севера, занимающихся традиционными отраслями хозяйствования, а также налогоплательщиков-организаций, осуществляющих деятельность в области информационных технологий)</Data></Cell>
   </Row>
   <Row ss:AutoFitHeight="0" ss:Height="17.25">
    <Cell ss:MergeAcross="9" ss:StyleID="s54"><Data ss:Type="String">по итогам  за  2009 год</Data></Cell>
   </Row>
   <Row ss:Height="15.75">
    <Cell ss:StyleID="s26"><Data ss:Type="String">Подраздел 1</Data></Cell>
   </Row>
   <Row ss:AutoFitHeight="0" ss:Height="25.5">
    <Cell ss:MergeAcross="3" ss:StyleID="s71"><Data ss:Type="String">Всего по России</Data></Cell>
    <Cell ss:Index="9" ss:MergeAcross="1" ss:StyleID="s70"><Data ss:Type="String">тыс. рублей</Data></Cell>
   </Row>
   <Row ss:AutoFitHeight="0" ss:Height="58.5">
    <Cell ss:MergeAcross="2" ss:MergeDown="1" ss:StyleID="s56"><Data
      ss:Type="String">Наименование показателей</Data></Cell>
    <Cell ss:MergeDown="1" ss:StyleID="s56"><Data ss:Type="String">Код строки</Data></Cell>
    <Cell ss:MergeDown="1" ss:StyleID="s56"><Data ss:Type="String">Федеральный бюджет</Data></Cell>
    <Cell ss:MergeDown="1" ss:StyleID="s27"><Data ss:Type="String">Страховые взносы на обязательное пенсионное страхование</Data></Cell>
    <Cell ss:MergeAcross="1" ss:MergeDown="1" ss:StyleID="s57"><Data
      ss:Type="String">ФСС</Data></Cell>
    <Cell ss:MergeAcross="1" ss:MergeDown="1" ss:StyleID="s56"><Data
      ss:Type="String">ФФОМС &#10;ТФОМС</Data></Cell>
   </Row>
   <Row ss:AutoFitHeight="0" ss:Height="13.5"/>
   <Row ss:Height="14.25">
    <Cell ss:MergeAcross="2" ss:StyleID="s27"><Data ss:Type="String">А</Data></Cell>
    <Cell ss:StyleID="s27"><Data ss:Type="String">Б</Data></Cell>
    <Cell ss:StyleID="s27"><Data ss:Type="Number">1</Data></Cell>
    <Cell ss:StyleID="s27"><Data ss:Type="Number">2</Data></Cell>
    <Cell ss:MergeAcross="1" ss:StyleID="s69"><Data ss:Type="Number">3</Data></Cell>
    <Cell ss:MergeAcross="1" ss:StyleID="s69"><Data ss:Type="Number">4</Data></Cell>
   </Row>
   <Row ss:AutoFitHeight="0" ss:Height="29.25">
    <Cell ss:MergeAcross="2" ss:StyleID="s73"><Data ss:Type="String">Налоговая база для исчисления налога (база для начисления страховых взносов)</Data></Cell>
    <Cell ss:StyleID="s27"><Data ss:Type="Number">11001</Data></Cell>
    <Cell ss:StyleID="s28"><Data ss:Type="Number">9738997814</Data></Cell>
    <Cell ss:StyleID="s28"><Data ss:Type="Number">10707666139</Data></Cell>
    <Cell ss:MergeAcross="1" ss:StyleID="s29"><Data ss:Type="Number">9656917447</Data></Cell>
    <Cell ss:MergeAcross="1" ss:StyleID="s29"><Data ss:Type="Number">9802810520</Data></Cell>
   </Row>
   <Row ss:AutoFitHeight="0" ss:Height="20.25">
    <Cell ss:MergeAcross="2" ss:StyleID="s73"><Data ss:Type="String">Сумма налоговых льгот (ст. 239  НК  РФ)</Data></Cell>
    <Cell ss:StyleID="s27"><Data ss:Type="Number">11002</Data></Cell>
    <Cell ss:StyleID="s28"><Data ss:Type="Number">32284457</Data></Cell>
    <Cell ss:StyleID="s28"><Data ss:Type="String">X</Data></Cell>
    <Cell ss:MergeAcross="1" ss:StyleID="s29"><Data ss:Type="Number">32034647</Data></Cell>
    <Cell ss:MergeAcross="1" ss:StyleID="s29"><Data ss:Type="Number">32284457</Data></Cell>
   </Row>
   <Row ss:AutoFitHeight="0" ss:Height="27">
    <Cell ss:MergeAcross="2" ss:StyleID="s73"><Data ss:Type="String">Выплаты, не отнесенные к расходам, уменьшающим налоговую базу по налогу на прибыль организаций (п. 3 ст. 236 НК РФ)</Data></Cell>
    <Cell ss:StyleID="s27"><Data ss:Type="Number">11003</Data></Cell>
    <Cell ss:StyleID="s28"><Data ss:Type="Number">257961549</Data></Cell>
    <Cell ss:StyleID="s28"><Data ss:Type="Number">257961549</Data></Cell>
    <Cell ss:MergeAcross="1" ss:StyleID="s29"><Data ss:Type="Number">256767873</Data></Cell>
    <Cell ss:MergeAcross="1" ss:StyleID="s29"><Data ss:Type="Number">257961549</Data></Cell>
   </Row>
   <Row ss:AutoFitHeight="0" ss:Height="17.25">
    <Cell ss:MergeAcross="2" ss:StyleID="s73"><Data ss:Type="String">Суммы, не подлежащие налогообложению (ст. 238 НК РФ)</Data></Cell>
    <Cell ss:StyleID="s27"><Data ss:Type="Number">11004</Data></Cell>
    <Cell ss:StyleID="s28"><Data ss:Type="Number">512813753</Data></Cell>
    <Cell ss:StyleID="s28"><Data ss:Type="Number">512813753</Data></Cell>
    <Cell ss:MergeAcross="1" ss:StyleID="s29"><Data ss:Type="Number">658270462</Data></Cell>
    <Cell ss:MergeAcross="1" ss:StyleID="s29"><Data ss:Type="Number">512813753</Data></Cell>
   </Row>
   <Row ss:AutoFitHeight="0" ss:Height="15">
    <Cell ss:MergeAcross="2" ss:StyleID="s22"/>
    <Cell ss:StyleID="s23"/>
    <Cell ss:StyleID="s23"/>
    <Cell ss:StyleID="s23"/>
    <Cell ss:MergeAcross="1" ss:StyleID="s76"/>
    <Cell ss:MergeAcross="1" ss:StyleID="s76"/>
   </Row>
   <Row ss:AutoFitHeight="0" ss:Height="16.5">
    <Cell ss:StyleID="s26"><Data ss:Type="String">Подраздел 2</Data></Cell>
    <Cell ss:Index="5" ss:StyleID="s24"/>
   </Row>
   <Row ss:AutoFitHeight="0" ss:Height="26.25">
    <Cell ss:MergeAcross="3" ss:StyleID="s71"><Data ss:Type="String">Всего по России</Data></Cell>
    <Cell ss:Index="9" ss:MergeAcross="1" ss:StyleID="s79"><Data ss:Type="String">тыс.рублей</Data></Cell>
   </Row>
   <Row ss:AutoFitHeight="0" ss:Height="29.25">
    <Cell ss:MergeDown="3" ss:StyleID="s56"><Data ss:Type="String">Наименование показателей</Data></Cell>
    <Cell ss:MergeDown="3" ss:StyleID="s30"><Data ss:Type="String">Код строки</Data></Cell>
    <Cell ss:MergeDown="3" ss:StyleID="m37738524"><Data ss:Type="String">Федеральный бюджет</Data></Cell>
    <Cell ss:MergeAcross="2" ss:MergeDown="1" ss:StyleID="s30"><Data
      ss:Type="String">Страховые взносы на обязательное пенсионное страхование</Data></Cell>
    <Cell ss:MergeDown="3" ss:StyleID="s56"><Data ss:Type="String">ФСС</Data></Cell>
    <Cell ss:MergeDown="3" ss:StyleID="s56"><Data ss:Type="String">ФФОМС</Data></Cell>
    <Cell ss:MergeDown="3" ss:StyleID="s56"><Data ss:Type="String">ТФОМС</Data></Cell>
    <Cell ss:MergeDown="3" ss:StyleID="m37736976"><Data ss:Type="String">Всего&#10;(8=1+2+5+6+7)</Data></Cell>
   </Row>
   <Row ss:AutoFitHeight="0"/>
   <Row ss:Height="14.25">
    <Cell ss:Index="4" ss:MergeDown="1" ss:StyleID="s30"><Data ss:Type="String">Всего</Data></Cell>
    <Cell ss:MergeAcross="1" ss:StyleID="s30"><Data ss:Type="String">в том числе:</Data></Cell>
   </Row>
   <Row ss:AutoFitHeight="0" ss:Height="45.75">
    <Cell ss:Index="5" ss:StyleID="s30"><Data ss:Type="String">На страховую часть трудовой пенсии</Data></Cell>
    <Cell ss:StyleID="s30"><Data ss:Type="String">На накопительную часть трудовой пенсии</Data></Cell>
   </Row>
   <Row ss:Height="14.25">
    <Cell ss:StyleID="s30"><Data ss:Type="String">А</Data></Cell>
    <Cell ss:StyleID="s27"><Data ss:Type="String">Б</Data></Cell>
    <Cell ss:StyleID="s30"><Data ss:Type="Number">1</Data></Cell>
    <Cell ss:StyleID="s30"><Data ss:Type="Number">2</Data></Cell>
    <Cell ss:StyleID="s30"><Data ss:Type="Number">3</Data></Cell>
    <Cell ss:StyleID="s30"><Data ss:Type="Number">4</Data></Cell>
    <Cell ss:StyleID="s30"><Data ss:Type="Number">5</Data></Cell>
    <Cell ss:StyleID="s30"><Data ss:Type="Number">6</Data></Cell>
    <Cell ss:StyleID="s30"><Data ss:Type="Number">7</Data></Cell>
    <Cell ss:StyleID="s30"><Data ss:Type="Number">8</Data></Cell>
   </Row>
   <Row ss:AutoFitHeight="0" ss:Height="27">
    <Cell ss:StyleID="s31"><Data ss:Type="String">Сумма начисленного налога и страховых взносов </Data></Cell>
    <Cell ss:StyleID="s27"><Data ss:Type="Number">11006</Data></Cell>
    <Cell ss:StyleID="s29"><Data ss:Type="Number">494516644</Data></Cell>
    <Cell ss:StyleID="s29"><Data ss:Type="Number">1217687866</Data></Cell>
    <Cell ss:StyleID="s29"><Data ss:Type="Number">955797496</Data></Cell>
    <Cell ss:StyleID="s29"><Data ss:Type="Number">261890370</Data></Cell>
    <Cell ss:StyleID="s29"><Data ss:Type="Number">50855363</Data></Cell>
    <Cell ss:StyleID="s29"><Data ss:Type="Number">87146626</Data></Cell>
    <Cell ss:StyleID="s29"><Data ss:Type="Number">150669837</Data></Cell>
    <Cell ss:StyleID="s29"><Data ss:Type="Number">2000876336</Data></Cell>
   </Row>
   <Row ss:AutoFitHeight="0" ss:Height="15">
    <Cell ss:StyleID="s22"/>
    <Cell ss:StyleID="s23"/>
    <Cell ss:StyleID="s25"/>
    <Cell ss:StyleID="s25"/>
    <Cell ss:StyleID="s25"/>
    <Cell ss:StyleID="s25"/>
    <Cell ss:StyleID="s25"/>
    <Cell ss:StyleID="s25"/>
    <Cell ss:StyleID="s25"/>
    <Cell ss:StyleID="s25"/>
   </Row>
   <Row ss:Index="29" ss:Height="14.25">
    <Cell ss:MergeAcross="1" ss:StyleID="s67"/>
    <Cell ss:Index="7" ss:MergeAcross="2" ss:StyleID="s62"/>
   </Row>
  </Table>
  <WorksheetOptions xmlns="urn:schemas-microsoft-com:office:excel">
   <PageSetup>
    <Layout x:Orientation="Landscape" x:CenterHorizontal="1"/>
    <Header x:Margin="0.28000000000000003"/>
    <Footer x:Margin="0.51181102362204722"/>
    <PageMargins x:Bottom="0.39370078740157483" x:Left="0.39370078740157483"
     x:Right="0.39370078740157483" x:Top="0.19685039370078741"/>
   </PageSetup>
   <Print>
    <ValidPrinterInfo/>
    <PaperSizeIndex>9</PaperSizeIndex>
    <Scale>75</Scale>
    <HorizontalResolution>600</HorizontalResolution>
    <VerticalResolution>600</VerticalResolution>
   </Print>
   <Zoom>75</Zoom>
   <PageBreakZoom>60</PageBreakZoom>
   <Selected/>
   <Panes>
    <Pane>
     <Number>3</Number>
     <ActiveRow>42</ActiveRow>
     <ActiveCol>3</ActiveCol>
    </Pane>
   </Panes>
   <ProtectObjects>False</ProtectObjects>
   <ProtectScenarios>False</ProtectScenarios>
  </WorksheetOptions>
  <PageBreaks xmlns="urn:schemas-microsoft-com:office:excel">
   <ColBreaks>
    <ColBreak>
     <Column>10</Column>
    </ColBreak>
   </ColBreaks>
  </PageBreaks>
 </Worksheet>
 <Worksheet ss:Name="hidden1">
  <Table ss:ExpandedColumnCount="4" ss:ExpandedRowCount="5" x:FullColumns="1"
   x:FullRows="1">
   <Row>
    <Cell><Data ss:Type="Number">9738997814</Data></Cell>
    <Cell><Data ss:Type="Number">10707666139</Data></Cell>
    <Cell><Data ss:Type="Number">9656917447</Data></Cell>
    <Cell><Data ss:Type="Number">9802810520</Data></Cell>
   </Row>
   <Row>
    <Cell><Data ss:Type="Number">32284457</Data></Cell>
    <Cell><Data ss:Type="Number">0</Data></Cell>
    <Cell><Data ss:Type="Number">32034647</Data></Cell>
    <Cell><Data ss:Type="Number">32284457</Data></Cell>
   </Row>
   <Row>
    <Cell><Data ss:Type="Number">257961549</Data></Cell>
    <Cell><Data ss:Type="Number">257961549</Data></Cell>
    <Cell><Data ss:Type="Number">256767873</Data></Cell>
    <Cell><Data ss:Type="Number">257961549</Data></Cell>
   </Row>
   <Row>
    <Cell><Data ss:Type="Number">512813753</Data></Cell>
    <Cell><Data ss:Type="Number">512813753</Data></Cell>
    <Cell><Data ss:Type="Number">658270462</Data></Cell>
    <Cell><Data ss:Type="Number">512813753</Data></Cell>
   </Row>
   <Row>
    <Cell><Data ss:Type="Number">10542057573</Data></Cell>
    <Cell><Data ss:Type="Number">11478441441</Data></Cell>
    <Cell><Data ss:Type="Number">10603990429</Data></Cell>
    <Cell><Data ss:Type="Number">10605870279</Data></Cell>
   </Row>
  </Table>
  <WorksheetOptions xmlns="urn:schemas-microsoft-com:office:excel">
   <Visible>SheetHidden</Visible>
   <ProtectObjects>False</ProtectObjects>
   <ProtectScenarios>False</ProtectScenarios>
  </WorksheetOptions>
 </Worksheet>
 <Worksheet ss:Name="hidden2">
  <Table ss:ExpandedColumnCount="8" ss:ExpandedRowCount="2" x:FullColumns="1"
   x:FullRows="1">
   <Row>
    <Cell><Data ss:Type="Number">494516644</Data></Cell>
    <Cell><Data ss:Type="Number">1217687866</Data></Cell>
    <Cell><Data ss:Type="Number">955797496</Data></Cell>
    <Cell><Data ss:Type="Number">261890370</Data></Cell>
    <Cell><Data ss:Type="Number">50855363</Data></Cell>
    <Cell><Data ss:Type="Number">87146626</Data></Cell>
    <Cell><Data ss:Type="Number">150669837</Data></Cell>
    <Cell><Data ss:Type="Number">2000876336</Data></Cell>
   </Row>
   <Row>
    <Cell><Data ss:Type="Number">494516644</Data></Cell>
    <Cell><Data ss:Type="Number">1217687866</Data></Cell>
    <Cell><Data ss:Type="Number">955797496</Data></Cell>
    <Cell><Data ss:Type="Number">261890370</Data></Cell>
    <Cell><Data ss:Type="Number">50855363</Data></Cell>
    <Cell><Data ss:Type="Number">87146626</Data></Cell>
    <Cell><Data ss:Type="Number">150669837</Data></Cell>
    <Cell><Data ss:Type="Number">2000876336</Data></Cell>
   </Row>
  </Table>
  <WorksheetOptions xmlns="urn:schemas-microsoft-com:office:excel">
   <Visible>SheetHidden</Visible>
   <ProtectObjects>False</ProtectObjects>
   <ProtectScenarios>False</ProtectScenarios>
  </WorksheetOptions>
 </Worksheet>
</Workbook>
