<?xml version="1.0"?>
<?mso-application progid="Excel.Sheet"?>
<Workbook xmlns="urn:schemas-microsoft-com:office:spreadsheet"
 xmlns:o="urn:schemas-microsoft-com:office:office"
 xmlns:x="urn:schemas-microsoft-com:office:excel"
 xmlns:ss="urn:schemas-microsoft-com:office:spreadsheet"
 xmlns:html="http://www.w3.org/TR/REC-html40">
 <DocumentProperties xmlns="urn:schemas-microsoft-com:office:office">
  <Author>STYRAN</Author>
  <LastAuthor>balmaster</LastAuthor>
  <LastPrinted>2007-02-14T08:06:54Z</LastPrinted>
  <Created>2007-02-12T13:34:30Z</Created>
  <LastSaved>2010-03-23T12:59:47Z</LastSaved>
  <Company>GNIVC FNS RU</Company>
  <Version>12.00</Version>
 </DocumentProperties>
 <ExcelWorkbook xmlns="urn:schemas-microsoft-com:office:excel">
  <WindowHeight>9120</WindowHeight>
  <WindowWidth>12120</WindowWidth>
  <WindowTopX>120</WindowTopX>
  <WindowTopY>105</WindowTopY>
  <ProtectStructure>False</ProtectStructure>
  <ProtectWindows>False</ProtectWindows>
 </ExcelWorkbook>
 <Styles>
  <Style ss:ID="Default" ss:Name="Normal">
   <Alignment ss:Vertical="Bottom"/>
   <Borders/>
   <Font ss:FontName="Arial Cyr" x:CharSet="204"/>
   <Interior/>
   <NumberFormat/>
   <Protection/>
  </Style>
  <Style ss:ID="s23">
   <Font ss:FontName="Arial CYR" x:CharSet="204" x:Family="Swiss"/>
  </Style>
  <Style ss:ID="s24">
   <Alignment ss:Horizontal="Center" ss:Vertical="Center"/>
   <Font ss:FontName="Arial CYR" x:CharSet="204" x:Family="Swiss" ss:Size="11"/>
  </Style>
  <Style ss:ID="s25">
   <Alignment ss:Horizontal="Center" ss:Vertical="Center"/>
   <Font ss:FontName="Arial CYR" x:CharSet="204" x:Family="Swiss" ss:Size="14"/>
  </Style>
  <Style ss:ID="s26">
   <Borders/>
   <Font ss:FontName="Arial CYR" x:CharSet="204" x:Family="Swiss"/>
  </Style>
  <Style ss:ID="s27">
   <Alignment ss:Vertical="Bottom"/>
   <Borders/>
   <Font ss:FontName="Arial CYR" x:CharSet="204" x:Family="Swiss"/>
  </Style>
  <Style ss:ID="s28">
   <Borders/>
   <Font ss:FontName="Arial CYR" x:CharSet="204" x:Family="Swiss" ss:Size="11"
    ss:Bold="1"/>
  </Style>
  <Style ss:ID="s29">
   <Alignment ss:Vertical="Bottom"/>
   <Borders/>
   <Font ss:FontName="Arial CYR" x:CharSet="204" x:Family="Swiss" ss:Size="11"
    ss:Bold="1"/>
  </Style>
  <Style ss:ID="s30">
   <Alignment ss:Horizontal="Right" ss:Vertical="Bottom"/>
   <Font ss:FontName="Arial CYR" x:CharSet="204" x:Family="Swiss"/>
  </Style>
  <Style ss:ID="s31">
   <Alignment ss:Vertical="Bottom"/>
   <Borders/>
   <Font ss:FontName="Arial CYR" x:CharSet="204" x:Family="Swiss" ss:Size="12"
    ss:Bold="1"/>
  </Style>
  <Style ss:ID="s32">
   <Alignment ss:Horizontal="Center" ss:Vertical="Center" ss:WrapText="1"/>
   <Borders>
    <Border ss:Position="Bottom" ss:LineStyle="Continuous" ss:Weight="1"/>
    <Border ss:Position="Left" ss:LineStyle="Continuous" ss:Weight="1"/>
    <Border ss:Position="Right" ss:LineStyle="Continuous" ss:Weight="1"/>
    <Border ss:Position="Top" ss:LineStyle="Continuous" ss:Weight="1"/>
   </Borders>
   <Font ss:FontName="Arial CYR" x:CharSet="204" x:Family="Swiss" ss:Size="11"/>
  </Style>
  <Style ss:ID="s33">
   <Alignment ss:Horizontal="Center" ss:Vertical="Center" ss:WrapText="1"/>
   <Borders>
    <Border ss:Position="Right" ss:LineStyle="Continuous" ss:Weight="1"/>
    <Border ss:Position="Top" ss:LineStyle="Continuous" ss:Weight="1"/>
   </Borders>
   <Font ss:FontName="Arial CYR" x:CharSet="204" x:Family="Swiss" ss:Size="11"/>
  </Style>
  <Style ss:ID="s34">
   <Alignment ss:Horizontal="Right" ss:Vertical="Bottom"/>
   <Font ss:FontName="Arial Cyr" x:CharSet="204" ss:Size="12"/>
  </Style>
  <Style ss:ID="s35">
   <Alignment ss:Horizontal="Center" ss:Vertical="Center"/>
   <Borders>
    <Border ss:Position="Bottom" ss:LineStyle="Continuous" ss:Weight="1"/>
    <Border ss:Position="Left" ss:LineStyle="Continuous" ss:Weight="1"/>
    <Border ss:Position="Right" ss:LineStyle="Continuous" ss:Weight="1"/>
    <Border ss:Position="Top" ss:LineStyle="Continuous" ss:Weight="1"/>
   </Borders>
   <Font ss:FontName="Arial CYR" x:CharSet="204" x:Family="Swiss" ss:Size="11"/>
  </Style>
  <Style ss:ID="s36">
   <Alignment ss:Horizontal="Center" ss:Vertical="Center"/>
   <Borders>
    <Border ss:Position="Bottom" ss:LineStyle="Continuous" ss:Weight="1"/>
    <Border ss:Position="Top" ss:LineStyle="Continuous" ss:Weight="1"/>
   </Borders>
   <Font ss:FontName="Arial CYR" x:CharSet="204" x:Family="Swiss" ss:Size="11"/>
  </Style>
  <Style ss:ID="s37">
   <Alignment ss:Horizontal="Center" ss:Vertical="Bottom"/>
   <Borders>
    <Border ss:Position="Bottom" ss:LineStyle="Continuous" ss:Weight="1"/>
    <Border ss:Position="Left" ss:LineStyle="Continuous" ss:Weight="1"/>
    <Border ss:Position="Right" ss:LineStyle="Continuous" ss:Weight="1"/>
    <Border ss:Position="Top" ss:LineStyle="Continuous" ss:Weight="1"/>
   </Borders>
   <Font ss:FontName="Arial CYR" x:CharSet="204" x:Family="Swiss" ss:Size="11"/>
  </Style>
  <Style ss:ID="s38">
   <Alignment ss:Horizontal="Left" ss:Vertical="Bottom"/>
   <Borders>
    <Border ss:Position="Bottom" ss:LineStyle="Continuous" ss:Weight="1"/>
    <Border ss:Position="Left" ss:LineStyle="Continuous" ss:Weight="1"/>
    <Border ss:Position="Right" ss:LineStyle="Continuous" ss:Weight="1"/>
    <Border ss:Position="Top" ss:LineStyle="Continuous" ss:Weight="1"/>
   </Borders>
   <Font ss:FontName="Arial CYR" x:CharSet="204" x:Family="Swiss" ss:Size="11"/>
  </Style>
  <Style ss:ID="s39">
   <Alignment ss:Horizontal="Center" ss:Vertical="Bottom"/>
   <Borders>
    <Border ss:Position="Bottom" ss:LineStyle="Continuous" ss:Weight="1"/>
    <Border ss:Position="Left" ss:LineStyle="Continuous" ss:Weight="1"/>
    <Border ss:Position="Top" ss:LineStyle="Continuous" ss:Weight="1"/>
   </Borders>
   <Font ss:FontName="Arial CYR" x:CharSet="204" x:Family="Swiss" ss:Size="11"/>
  </Style>
  <Style ss:ID="s40">
   <Alignment ss:Horizontal="Center" ss:Vertical="Bottom"/>
   <Borders>
    <Border ss:Position="Bottom" ss:LineStyle="Continuous" ss:Weight="1"/>
   </Borders>
   <Font ss:FontName="Arial CYR" x:CharSet="204" x:Family="Swiss" ss:Size="11"/>
  </Style>
  <Style ss:ID="s41">
   <Alignment ss:Horizontal="Left" ss:Vertical="Bottom" ss:WrapText="1"/>
   <Borders>
    <Border ss:Position="Left" ss:LineStyle="Continuous" ss:Weight="1"/>
    <Border ss:Position="Right" ss:LineStyle="Continuous" ss:Weight="1"/>
   </Borders>
   <Font ss:FontName="Arial CYR" x:CharSet="204" x:Family="Swiss" ss:Size="11"/>
  </Style>
  <Style ss:ID="s42">
   <Alignment ss:Vertical="Bottom" ss:WrapText="1"/>
   <Borders>
    <Border ss:Position="Bottom" ss:LineStyle="Continuous" ss:Weight="1"/>
    <Border ss:Position="Left" ss:LineStyle="Continuous" ss:Weight="1"/>
    <Border ss:Position="Right" ss:LineStyle="Continuous" ss:Weight="1"/>
    <Border ss:Position="Top" ss:LineStyle="Continuous" ss:Weight="1"/>
   </Borders>
   <Font ss:FontName="Arial CYR" x:CharSet="204" x:Family="Swiss" ss:Size="11"/>
  </Style>
  <Style ss:ID="s43">
   <Alignment ss:Vertical="Bottom" ss:WrapText="1"/>
   <Font ss:FontName="Arial CYR" x:CharSet="204" x:Family="Swiss" ss:Size="11"/>
  </Style>
  <Style ss:ID="s44">
   <Borders/>
   <Font ss:FontName="Arial CYR" x:CharSet="204" x:Family="Swiss" ss:Size="11"/>
  </Style>
  <Style ss:ID="s45">
   <Alignment ss:Horizontal="Right" ss:Vertical="Bottom"/>
   <Borders/>
   <Font ss:FontName="Arial CYR" x:CharSet="204" x:Family="Swiss" ss:Size="11"/>
  </Style>
  <Style ss:ID="s46">
   <Alignment ss:Horizontal="Left" ss:Vertical="Bottom"/>
   <Font ss:FontName="Arial CYR" x:CharSet="204" x:Family="Swiss" ss:Size="11"
    ss:Bold="1"/>
  </Style>
  <Style ss:ID="s47">
   <Alignment ss:Horizontal="Right" ss:Vertical="Bottom"/>
   <Borders>
    <Border ss:Position="Bottom" ss:LineStyle="Continuous" ss:Weight="1"/>
    <Border ss:Position="Left" ss:LineStyle="Continuous" ss:Weight="1"/>
    <Border ss:Position="Right" ss:LineStyle="Continuous" ss:Weight="1"/>
    <Border ss:Position="Top" ss:LineStyle="Continuous" ss:Weight="1"/>
   </Borders>
   <Font ss:FontName="Arial CYR" x:CharSet="204" x:Family="Swiss" ss:Size="11"/>
   <NumberFormat ss:Format="#,##0"/>
  </Style>
  <Style ss:ID="s56">
   <Alignment ss:Horizontal="Center" ss:Vertical="Center" ss:WrapText="1"/>
   <Font ss:FontName="Arial CYR" x:CharSet="204" x:Family="Swiss" ss:Size="14"
    ss:Bold="1"/>
  </Style>
  <Style ss:ID="s58">
   <Alignment ss:Horizontal="Center" ss:Vertical="Center" ss:WrapText="1"/>
   <Font ss:FontName="Arial CYR" x:CharSet="204" x:Family="Swiss" ss:Size="12"
    ss:Bold="1"/>
  </Style>
  <Style ss:ID="s60">
   <Alignment ss:Horizontal="Center" ss:Vertical="Center" ss:WrapText="1"/>
   <Font ss:FontName="Arial CYR" x:CharSet="204" x:Family="Swiss" ss:Size="11"
    ss:Bold="1"/>
  </Style>
 </Styles>
 <Worksheet ss:Name="Отчет">
  <Table ss:ExpandedColumnCount="7" ss:ExpandedRowCount="23" x:FullColumns="1"
   x:FullRows="1" ss:StyleID="s23">
   <Column ss:StyleID="s23" ss:AutoFitWidth="0" ss:Width="231.75"/>
   <Column ss:StyleID="s23" ss:AutoFitWidth="0" ss:Width="66.75"/>
   <Column ss:StyleID="s23" ss:AutoFitWidth="0" ss:Width="155.25"/>
   <Row>
    <Cell ss:Index="3" ss:StyleID="s30"><Data ss:Type="String">5-ЕСХН</Data></Cell>
   </Row>
   <Row ss:Height="18">
    <Cell ss:MergeAcross="2" ss:StyleID="s56"/>
   </Row>
   <Row ss:AutoFitHeight="0" ss:Height="45.75">
    <Cell ss:MergeAcross="2" ss:StyleID="s58"><Data ss:Type="String">Отчет&#10;о налоговой базе и структуре начислений по единому &#10;сельскохозяйственному налогу </Data></Cell>
   </Row>
   <Row ss:Height="15">
    <Cell ss:MergeAcross="2" ss:StyleID="s60"><Data ss:Type="String">по итогам  2006 г.</Data></Cell>
   </Row>
   <Row ss:Height="18">
    <Cell ss:StyleID="s24"/>
    <Cell ss:StyleID="s25"/>
   </Row>
   <Row ss:AutoFitHeight="0" ss:Height="24.75">
    <Cell ss:StyleID="s46"><Data ss:Type="String">Всего по России</Data></Cell>
    <Cell ss:Index="3" ss:StyleID="s34"><Data ss:Type="String">тыс. руб.</Data></Cell>
   </Row>
   <Row ss:AutoFitHeight="0" ss:Height="20.25">
    <Cell ss:StyleID="s32"><Data ss:Type="String">Наименование показателей</Data></Cell>
    <Cell ss:StyleID="s33"><Data ss:Type="String">Код строки</Data></Cell>
    <Cell ss:StyleID="s33"><Data ss:Type="String">Значения показателей</Data></Cell>
   </Row>
   <Row ss:Height="14.25">
    <Cell ss:StyleID="s35"><Data ss:Type="String">А</Data></Cell>
    <Cell ss:StyleID="s36"><Data ss:Type="String">Б</Data></Cell>
    <Cell ss:StyleID="s37"><Data ss:Type="Number">1</Data></Cell>
   </Row>
   <Row ss:AutoFitHeight="0" ss:Height="20.0625">
    <Cell ss:StyleID="s38"><Data ss:Type="String">Сумма доходов</Data></Cell>
    <Cell ss:StyleID="s39"><Data ss:Type="String" x:Ticked="1">010</Data></Cell>
    <Cell ss:StyleID="s47"><Data ss:Type="Number">398088678</Data></Cell>
   </Row>
   <Row ss:AutoFitHeight="0" ss:Height="20.0625">
    <Cell ss:StyleID="s38"><Data ss:Type="String">Сумма расходов</Data></Cell>
    <Cell ss:StyleID="s40"><Data ss:Type="String" x:Ticked="1">020</Data></Cell>
    <Cell ss:StyleID="s47"><Data ss:Type="Number">414410058</Data></Cell>
   </Row>
   <Row ss:AutoFitHeight="0" ss:Height="20.0625">
    <Cell ss:StyleID="s41"><Data ss:Type="String">Налоговая база</Data></Cell>
    <Cell ss:StyleID="s39"><Data ss:Type="String" x:Ticked="1">030</Data></Cell>
    <Cell ss:StyleID="s47"><Data ss:Type="Number">18616778</Data></Cell>
   </Row>
   <Row ss:AutoFitHeight="0" ss:Height="31.5">
    <Cell ss:StyleID="s42"><Data ss:Type="String">Сумма исчисленного единого сельскохозяйственного налога</Data></Cell>
    <Cell ss:StyleID="s40"><Data ss:Type="String" x:Ticked="1">040</Data></Cell>
    <Cell ss:StyleID="s47"><Data ss:Type="Number">1116973</Data></Cell>
   </Row>
   <Row ss:Index="14" ss:Height="15.75">
    <Cell ss:StyleID="s26"/>
    <Cell ss:StyleID="s26"/>
    <Cell ss:MergeAcross="1" ss:StyleID="s31"/>
    <Cell ss:StyleID="s26"/>
    <Cell ss:StyleID="s26"/>
    <Cell ss:StyleID="s26"/>
   </Row>
   <Row>
    <Cell ss:StyleID="s26"/>
    <Cell ss:StyleID="s26"/>
    <Cell ss:StyleID="s26"/>
    <Cell ss:StyleID="s26"/>
    <Cell ss:StyleID="s26"/>
    <Cell ss:StyleID="s26"/>
    <Cell ss:StyleID="s26"/>
   </Row>
   <Row ss:Height="14.25">
    <Cell ss:StyleID="s43"/>
    <Cell ss:StyleID="s44"/>
    <Cell ss:StyleID="s45"/>
    <Cell ss:StyleID="s26"/>
    <Cell ss:StyleID="s26"/>
    <Cell ss:StyleID="s26"/>
    <Cell ss:StyleID="s26"/>
   </Row>
   <Row ss:Height="14.25">
    <Cell ss:StyleID="s44"/>
    <Cell ss:StyleID="s44"/>
    <Cell ss:StyleID="s44"/>
    <Cell ss:StyleID="s26"/>
    <Cell ss:StyleID="s26"/>
    <Cell ss:StyleID="s26"/>
    <Cell ss:StyleID="s26"/>
   </Row>
   <Row ss:Height="15.75">
    <Cell ss:StyleID="s26"/>
    <Cell ss:StyleID="s26"/>
    <Cell ss:StyleID="s31"/>
    <Cell ss:StyleID="s27"/>
    <Cell ss:StyleID="s26"/>
    <Cell ss:StyleID="s28"/>
    <Cell ss:StyleID="s26"/>
   </Row>
   <Row>
    <Cell ss:StyleID="s26"/>
    <Cell ss:StyleID="s26"/>
    <Cell ss:StyleID="s26"/>
    <Cell ss:StyleID="s26"/>
    <Cell ss:StyleID="s26"/>
    <Cell ss:StyleID="s26"/>
    <Cell ss:StyleID="s26"/>
   </Row>
   <Row>
    <Cell ss:StyleID="s26"/>
    <Cell ss:StyleID="s26"/>
    <Cell ss:StyleID="s26"/>
    <Cell ss:StyleID="s26"/>
    <Cell ss:StyleID="s26"/>
    <Cell ss:StyleID="s26"/>
    <Cell ss:StyleID="s26"/>
   </Row>
   <Row ss:Height="15">
    <Cell ss:StyleID="s26"/>
    <Cell ss:StyleID="s26"/>
    <Cell ss:StyleID="s26"/>
    <Cell ss:StyleID="s29"/>
    <Cell ss:StyleID="s27"/>
    <Cell ss:StyleID="s26"/>
    <Cell ss:StyleID="s26"/>
   </Row>
   <Row>
    <Cell ss:StyleID="s26"/>
    <Cell ss:StyleID="s26"/>
    <Cell ss:StyleID="s26"/>
    <Cell ss:StyleID="s26"/>
    <Cell ss:StyleID="s26"/>
    <Cell ss:StyleID="s26"/>
    <Cell ss:StyleID="s26"/>
   </Row>
   <Row>
    <Cell ss:StyleID="s26"/>
    <Cell ss:StyleID="s26"/>
    <Cell ss:StyleID="s26"/>
    <Cell ss:StyleID="s26"/>
    <Cell ss:StyleID="s26"/>
    <Cell ss:StyleID="s26"/>
    <Cell ss:StyleID="s26"/>
   </Row>
  </Table>
  <WorksheetOptions xmlns="urn:schemas-microsoft-com:office:excel">
   <PageSetup>
    <Layout x:CenterHorizontal="1"/>
    <Header x:Margin="0.51181102362204722"/>
    <Footer x:Margin="0"/>
    <PageMargins x:Bottom="0.98425196850393704" x:Left="0" x:Right="0"
     x:Top="0.55118110236220474"/>
   </PageSetup>
   <Print>
    <ValidPrinterInfo/>
    <PaperSizeIndex>9</PaperSizeIndex>
    <HorizontalResolution>600</HorizontalResolution>
    <VerticalResolution>600</VerticalResolution>
   </Print>
   <Zoom>75</Zoom>
   <Selected/>
   <Panes>
    <Pane>
     <Number>3</Number>
     <ActiveRow>8</ActiveRow>
    </Pane>
   </Panes>
   <ProtectObjects>False</ProtectObjects>
   <ProtectScenarios>False</ProtectScenarios>
  </WorksheetOptions>
 </Worksheet>
 <Worksheet ss:Name="hidden1">
  <Table ss:ExpandedColumnCount="1" ss:ExpandedRowCount="5" x:FullColumns="1"
   x:FullRows="1">
   <Row>
    <Cell><Data ss:Type="Number">398088678</Data></Cell>
   </Row>
   <Row>
    <Cell><Data ss:Type="Number">414410058</Data></Cell>
   </Row>
   <Row>
    <Cell><Data ss:Type="Number">18616778</Data></Cell>
   </Row>
   <Row>
    <Cell><Data ss:Type="Number">1116973</Data></Cell>
   </Row>
   <Row>
    <Cell><Data ss:Type="Number">832232487</Data></Cell>
   </Row>
  </Table>
  <WorksheetOptions xmlns="urn:schemas-microsoft-com:office:excel">
   <Visible>SheetHidden</Visible>
   <ProtectObjects>False</ProtectObjects>
   <ProtectScenarios>False</ProtectScenarios>
  </WorksheetOptions>
 </Worksheet>
</Workbook>
