<?xml version="1.0"?>
<?mso-application progid="Excel.Sheet"?>
<Workbook xmlns="urn:schemas-microsoft-com:office:spreadsheet"
 xmlns:o="urn:schemas-microsoft-com:office:office"
 xmlns:x="urn:schemas-microsoft-com:office:excel"
 xmlns:ss="urn:schemas-microsoft-com:office:spreadsheet"
 xmlns:html="http://www.w3.org/TR/REC-html40">
 <DocumentProperties xmlns="urn:schemas-microsoft-com:office:office">
  <Author>STYRAN</Author>
  <LastAuthor>balmaster</LastAuthor>
  <LastPrinted>2009-03-31T11:31:07Z</LastPrinted>
  <Created>2007-02-12T13:34:30Z</Created>
  <LastSaved>2010-03-22T09:54:21Z</LastSaved>
  <Company>GNIVC FNS RU</Company>
  <Version>12.00</Version>
 </DocumentProperties>
 <ExcelWorkbook xmlns="urn:schemas-microsoft-com:office:excel">
  <WindowHeight>9120</WindowHeight>
  <WindowWidth>11310</WindowWidth>
  <WindowTopX>7545</WindowTopX>
  <WindowTopY>0</WindowTopY>
  <ProtectStructure>False</ProtectStructure>
  <ProtectWindows>False</ProtectWindows>
 </ExcelWorkbook>
 <Styles>
  <Style ss:ID="Default" ss:Name="Normal">
   <Alignment ss:Vertical="Bottom"/>
   <Borders/>
   <Font ss:FontName="Arial Cyr" x:CharSet="204"/>
   <Interior/>
   <NumberFormat/>
   <Protection/>
  </Style>
  <Style ss:ID="m37738728">
   <Alignment ss:Horizontal="Center" ss:Vertical="Center" ss:WrapText="1"/>
   <Borders>
    <Border ss:Position="Bottom" ss:LineStyle="Continuous" ss:Weight="1"/>
    <Border ss:Position="Left" ss:LineStyle="Continuous" ss:Weight="1"/>
    <Border ss:Position="Right" ss:LineStyle="Continuous" ss:Weight="1"/>
    <Border ss:Position="Top" ss:LineStyle="Continuous" ss:Weight="1"/>
   </Borders>
   <Font ss:FontName="Arial CYR" x:CharSet="204" x:Family="Swiss"/>
  </Style>
  <Style ss:ID="m37738748">
   <Alignment ss:Horizontal="Center" ss:Vertical="Center" ss:WrapText="1"/>
   <Borders>
    <Border ss:Position="Bottom" ss:LineStyle="Continuous" ss:Weight="1"/>
    <Border ss:Position="Left" ss:LineStyle="Continuous" ss:Weight="1"/>
    <Border ss:Position="Right" ss:LineStyle="Continuous" ss:Weight="1"/>
    <Border ss:Position="Top" ss:LineStyle="Continuous" ss:Weight="1"/>
   </Borders>
   <Font ss:FontName="Arial CYR" x:CharSet="204" x:Family="Swiss"/>
  </Style>
  <Style ss:ID="m37738768">
   <Alignment ss:Horizontal="Center" ss:Vertical="Center" ss:WrapText="1"/>
   <Borders>
    <Border ss:Position="Bottom" ss:LineStyle="Continuous" ss:Weight="1"/>
    <Border ss:Position="Left" ss:LineStyle="Continuous" ss:Weight="1"/>
    <Border ss:Position="Top" ss:LineStyle="Continuous" ss:Weight="1"/>
   </Borders>
   <Font ss:FontName="Arial CYR" x:CharSet="204" x:Family="Swiss"/>
  </Style>
  <Style ss:ID="s23">
   <Font ss:FontName="Arial CYR" x:CharSet="204" x:Family="Swiss"/>
  </Style>
  <Style ss:ID="s24">
   <Borders/>
   <Font ss:FontName="Arial CYR" x:CharSet="204" x:Family="Swiss"/>
  </Style>
  <Style ss:ID="s25">
   <Alignment ss:Horizontal="Right" ss:Vertical="Bottom"/>
   <Font ss:FontName="Arial CYR" x:CharSet="204" x:Family="Swiss"/>
  </Style>
  <Style ss:ID="s26">
   <Alignment ss:Horizontal="Center" ss:Vertical="Center" ss:WrapText="1"/>
   <Borders>
    <Border ss:Position="Bottom" ss:LineStyle="Continuous" ss:Weight="1"/>
    <Border ss:Position="Left" ss:LineStyle="Continuous" ss:Weight="1"/>
    <Border ss:Position="Right" ss:LineStyle="Continuous" ss:Weight="1"/>
    <Border ss:Position="Top" ss:LineStyle="Continuous" ss:Weight="1"/>
   </Borders>
   <Font ss:FontName="Arial CYR" x:CharSet="204" x:Family="Swiss"/>
  </Style>
  <Style ss:ID="s27">
   <Alignment ss:Horizontal="Center" ss:Vertical="Center"/>
   <Borders>
    <Border ss:Position="Bottom" ss:LineStyle="Continuous" ss:Weight="1"/>
    <Border ss:Position="Left" ss:LineStyle="Continuous" ss:Weight="1"/>
    <Border ss:Position="Right" ss:LineStyle="Continuous" ss:Weight="1"/>
    <Border ss:Position="Top" ss:LineStyle="Continuous" ss:Weight="1"/>
   </Borders>
   <Font ss:FontName="Arial CYR" x:CharSet="204" x:Family="Swiss"/>
  </Style>
  <Style ss:ID="s28">
   <Alignment ss:Horizontal="Center" ss:Vertical="Bottom"/>
   <Borders>
    <Border ss:Position="Bottom" ss:LineStyle="Continuous" ss:Weight="1"/>
    <Border ss:Position="Left" ss:LineStyle="Continuous" ss:Weight="1"/>
    <Border ss:Position="Right" ss:LineStyle="Continuous" ss:Weight="1"/>
    <Border ss:Position="Top" ss:LineStyle="Continuous" ss:Weight="1"/>
   </Borders>
   <Font ss:FontName="Arial CYR" x:CharSet="204" x:Family="Swiss"/>
  </Style>
  <Style ss:ID="s29">
   <Alignment ss:Horizontal="Left" ss:Vertical="Bottom"/>
   <Borders>
    <Border ss:Position="Bottom" ss:LineStyle="Continuous" ss:Weight="1"/>
    <Border ss:Position="Left" ss:LineStyle="Continuous" ss:Weight="1"/>
    <Border ss:Position="Right" ss:LineStyle="Continuous" ss:Weight="1"/>
    <Border ss:Position="Top" ss:LineStyle="Continuous" ss:Weight="1"/>
   </Borders>
   <Font ss:FontName="Arial CYR" x:CharSet="204" x:Family="Swiss"/>
  </Style>
  <Style ss:ID="s30">
   <Alignment ss:Vertical="Bottom" ss:WrapText="1"/>
   <Borders>
    <Border ss:Position="Bottom" ss:LineStyle="Continuous" ss:Weight="1"/>
    <Border ss:Position="Left" ss:LineStyle="Continuous" ss:Weight="1"/>
    <Border ss:Position="Right" ss:LineStyle="Continuous" ss:Weight="1"/>
    <Border ss:Position="Top" ss:LineStyle="Continuous" ss:Weight="1"/>
   </Borders>
   <Font ss:FontName="Arial CYR" x:CharSet="204" x:Family="Swiss"/>
  </Style>
  <Style ss:ID="s31">
   <Alignment ss:Vertical="Bottom"/>
   <Borders/>
   <Font ss:FontName="Arial CYR" x:CharSet="204" x:Family="Swiss" ss:Bold="1"/>
  </Style>
  <Style ss:ID="s32">
   <Alignment ss:Vertical="Bottom" ss:WrapText="1"/>
   <Font ss:FontName="Arial CYR" x:CharSet="204" x:Family="Swiss"/>
  </Style>
  <Style ss:ID="s33">
   <Alignment ss:Horizontal="Right" ss:Vertical="Bottom"/>
   <Borders/>
   <Font ss:FontName="Arial CYR" x:CharSet="204" x:Family="Swiss"/>
  </Style>
  <Style ss:ID="s35">
   <Alignment ss:Horizontal="Left" ss:Vertical="Bottom" ss:WrapText="1"/>
   <Borders>
    <Border ss:Position="Bottom" ss:LineStyle="Continuous" ss:Weight="1"/>
    <Border ss:Position="Left" ss:LineStyle="Continuous" ss:Weight="1"/>
    <Border ss:Position="Right" ss:LineStyle="Continuous" ss:Weight="1"/>
    <Border ss:Position="Top" ss:LineStyle="Continuous" ss:Weight="1"/>
   </Borders>
   <Font ss:FontName="Arial CYR" x:CharSet="204" x:Family="Swiss"/>
  </Style>
  <Style ss:ID="s36">
   <Alignment ss:Horizontal="Center" ss:Vertical="Bottom"/>
   <Borders>
    <Border ss:Position="Bottom" ss:LineStyle="Continuous" ss:Weight="1"/>
    <Border ss:Position="Left" ss:LineStyle="Continuous" ss:Weight="1"/>
    <Border ss:Position="Right" ss:LineStyle="Continuous" ss:Weight="1"/>
    <Border ss:Position="Top" ss:LineStyle="Continuous" ss:Weight="1"/>
   </Borders>
   <Font ss:FontName="Arial CYR" x:CharSet="204" x:Family="Swiss"/>
   <NumberFormat ss:Format="@"/>
  </Style>
  <Style ss:ID="s37">
   <Alignment ss:Horizontal="Right" ss:Vertical="Bottom"/>
   <Borders>
    <Border ss:Position="Bottom" ss:LineStyle="Continuous" ss:Weight="1"/>
    <Border ss:Position="Left" ss:LineStyle="Continuous" ss:Weight="1"/>
    <Border ss:Position="Right" ss:LineStyle="Continuous" ss:Weight="1"/>
    <Border ss:Position="Top" ss:LineStyle="Continuous" ss:Weight="1"/>
   </Borders>
   <Font ss:FontName="Arial CYR" x:CharSet="204" x:Family="Swiss"/>
   <NumberFormat ss:Format="#,##0"/>
  </Style>
  <Style ss:ID="s52">
   <Alignment ss:Horizontal="Center" ss:Vertical="Center" ss:WrapText="1"/>
   <Font ss:FontName="Arial CYR" x:CharSet="204" x:Family="Swiss" ss:Size="12"
    ss:Bold="1"/>
  </Style>
  <Style ss:ID="s54">
   <Alignment ss:Horizontal="Center" ss:Vertical="Center" ss:WrapText="1"/>
   <Font ss:FontName="Arial CYR" x:CharSet="204" x:Family="Swiss" ss:Bold="1"/>
  </Style>
  <Style ss:ID="s66">
   <Alignment ss:Horizontal="Left" ss:Vertical="Bottom"/>
   <Borders>
    <Border ss:Position="Bottom" ss:LineStyle="Continuous" ss:Weight="1"/>
   </Borders>
   <Font ss:FontName="Arial CYR" x:CharSet="204" x:Family="Swiss" ss:Bold="1"/>
  </Style>
 </Styles>
 <Worksheet ss:Name="Отчет">
  <Names>
   <NamedRange ss:Name="Print_Titles" ss:RefersTo="=Отчет!R3:R8"/>
  </Names>
  <Table ss:ExpandedColumnCount="5" ss:ExpandedRowCount="23" x:FullColumns="1"
   x:FullRows="1" ss:StyleID="s23">
   <Column ss:StyleID="s23" ss:AutoFitWidth="0" ss:Width="253.5"/>
   <Column ss:StyleID="s23" ss:AutoFitWidth="0" ss:Width="66.75"/>
   <Column ss:StyleID="s23" ss:AutoFitWidth="0" ss:Width="105" ss:Span="2"/>
   <Row>
    <Cell ss:Index="5" ss:StyleID="s25"><Data ss:Type="String">Форма № 5-ЕСХН</Data></Cell>
   </Row>
   <Row ss:AutoFitHeight="0" ss:Height="36.75">
    <Cell ss:MergeAcross="4" ss:StyleID="s52"><Data ss:Type="String">Отчет&#10;о налоговой базе и структуре начислений по единому сельскохозяйственному налогу </Data></Cell>
   </Row>
   <Row ss:AutoFitHeight="0" ss:Height="15">
    <Cell ss:MergeAcross="4" ss:StyleID="s54"><Data ss:Type="String">по состоянию на 01.01.2009 г.</Data><NamedCell
      ss:Name="Print_Titles"/></Cell>
   </Row>
   <Row ss:AutoFitHeight="0" ss:Height="15">
    <Cell ss:MergeAcross="2" ss:StyleID="s66"><Data ss:Type="String">Всего по России</Data><NamedCell
      ss:Name="Print_Titles"/></Cell>
    <Cell ss:Index="5" ss:StyleID="s25"><Data ss:Type="String">тыс. руб.</Data><NamedCell
      ss:Name="Print_Titles"/></Cell>
   </Row>
   <Row ss:AutoFitHeight="0" ss:Height="18">
    <Cell ss:MergeDown="2" ss:StyleID="m37738748"><Data ss:Type="String">Наименование показателей</Data><NamedCell
      ss:Name="Print_Titles"/></Cell>
    <Cell ss:MergeDown="2" ss:StyleID="m37738768"><Data ss:Type="String">Код строки</Data><NamedCell
      ss:Name="Print_Titles"/></Cell>
    <Cell ss:MergeAcross="2" ss:StyleID="m37738728"><Data ss:Type="String">Значения показателей</Data><NamedCell
      ss:Name="Print_Titles"/></Cell>
   </Row>
   <Row ss:AutoFitHeight="0" ss:Height="18">
    <Cell ss:Index="3" ss:MergeDown="1" ss:StyleID="s26"><Data ss:Type="String">Всего (гр.2+гр.3)</Data><NamedCell
      ss:Name="Print_Titles"/></Cell>
    <Cell ss:MergeAcross="1" ss:StyleID="s26"><Data ss:Type="String">в том числе</Data><NamedCell
      ss:Name="Print_Titles"/></Cell>
   </Row>
   <Row ss:AutoFitHeight="0" ss:Height="75">
    <Cell ss:Index="4" ss:StyleID="s26"><Data ss:Type="String">организации</Data><NamedCell
      ss:Name="Print_Titles"/></Cell>
    <Cell ss:StyleID="s26"><Data ss:Type="String">индивидуальные предприниматели и крестьянские (фермерские) хозяйства</Data><NamedCell
      ss:Name="Print_Titles"/></Cell>
   </Row>
   <Row>
    <Cell ss:StyleID="s27"><Data ss:Type="String">А</Data><NamedCell
      ss:Name="Print_Titles"/></Cell>
    <Cell ss:StyleID="s27"><Data ss:Type="String">Б</Data><NamedCell
      ss:Name="Print_Titles"/></Cell>
    <Cell ss:StyleID="s27"><Data ss:Type="Number">1</Data><NamedCell
      ss:Name="Print_Titles"/></Cell>
    <Cell ss:StyleID="s27"><Data ss:Type="Number">2</Data><NamedCell
      ss:Name="Print_Titles"/></Cell>
    <Cell ss:StyleID="s28"><Data ss:Type="Number">3</Data><NamedCell
      ss:Name="Print_Titles"/></Cell>
   </Row>
   <Row ss:AutoFitHeight="0" ss:Height="18">
    <Cell ss:StyleID="s29"><Data ss:Type="String">Сумма доходов</Data></Cell>
    <Cell ss:StyleID="s28"><Data ss:Type="String" x:Ticked="1">010</Data></Cell>
    <Cell ss:StyleID="s37"><Data ss:Type="Number">605511452</Data></Cell>
    <Cell ss:StyleID="s37"><Data ss:Type="Number">562519982</Data></Cell>
    <Cell ss:StyleID="s37"><Data ss:Type="Number">42991470</Data></Cell>
   </Row>
   <Row ss:AutoFitHeight="0" ss:Height="18">
    <Cell ss:StyleID="s29"><Data ss:Type="String">Сумма расходов</Data></Cell>
    <Cell ss:StyleID="s28"><Data ss:Type="String" x:Ticked="1">020</Data></Cell>
    <Cell ss:StyleID="s37"><Data ss:Type="Number">636067520</Data></Cell>
    <Cell ss:StyleID="s37"><Data ss:Type="Number">596940448</Data></Cell>
    <Cell ss:StyleID="s37"><Data ss:Type="Number">39127072</Data></Cell>
   </Row>
   <Row ss:AutoFitHeight="0" ss:Height="18">
    <Cell ss:StyleID="s35"><Data ss:Type="String">Налоговая база</Data></Cell>
    <Cell ss:StyleID="s28"><Data ss:Type="String" x:Ticked="1">030</Data></Cell>
    <Cell ss:StyleID="s37"><Data ss:Type="Number">29188059</Data></Cell>
    <Cell ss:StyleID="s37"><Data ss:Type="Number">22973272</Data></Cell>
    <Cell ss:StyleID="s37"><Data ss:Type="Number">6214787</Data></Cell>
   </Row>
   <Row ss:AutoFitHeight="0" ss:Height="27.75">
    <Cell ss:StyleID="s30"><Data ss:Type="String">Сумма исчисленного единого сельскохозяйственного налога</Data></Cell>
    <Cell ss:StyleID="s28"><Data ss:Type="String" x:Ticked="1">040</Data></Cell>
    <Cell ss:StyleID="s37"><Data ss:Type="Number">1751107</Data></Cell>
    <Cell ss:StyleID="s37"><Data ss:Type="Number">1378310</Data></Cell>
    <Cell ss:StyleID="s37"><Data ss:Type="Number">372797</Data></Cell>
   </Row>
   <Row ss:AutoFitHeight="0" ss:Height="39">
    <Cell ss:StyleID="s35"><Data ss:Type="String">Количество налогоплательщиков, представивших налоговые декларации по единому сельскохозяйственному налогу (ед./чел.)</Data></Cell>
    <Cell ss:StyleID="s36"><Data ss:Type="String">050</Data></Cell>
    <Cell ss:StyleID="s37"><Data ss:Type="Number">75626</Data></Cell>
    <Cell ss:StyleID="s37"><Data ss:Type="Number">33398</Data></Cell>
    <Cell ss:StyleID="s37"><Data ss:Type="Number">42228</Data></Cell>
   </Row>
   <Row>
    <Cell ss:StyleID="s24"/>
    <Cell ss:StyleID="s24"/>
    <Cell ss:StyleID="s24"/>
    <Cell ss:StyleID="s24"/>
    <Cell ss:StyleID="s31"/>
   </Row>
   <Row>
    <Cell ss:StyleID="s24"/>
    <Cell ss:StyleID="s24"/>
    <Cell ss:StyleID="s24"/>
    <Cell ss:StyleID="s24"/>
    <Cell ss:StyleID="s24"/>
   </Row>
   <Row ss:Index="17">
    <Cell ss:StyleID="s24"/>
    <Cell ss:StyleID="s24"/>
    <Cell ss:StyleID="s24"/>
    <Cell ss:StyleID="s24"/>
    <Cell ss:StyleID="s24"/>
   </Row>
   <Row>
    <Cell ss:StyleID="s24"/>
    <Cell ss:StyleID="s24"/>
    <Cell ss:StyleID="s24"/>
    <Cell ss:StyleID="s24"/>
    <Cell ss:StyleID="s31"/>
   </Row>
   <Row>
    <Cell ss:StyleID="s24"/>
    <Cell ss:StyleID="s24"/>
    <Cell ss:StyleID="s24"/>
    <Cell ss:StyleID="s24"/>
    <Cell ss:StyleID="s24"/>
   </Row>
   <Row>
    <Cell ss:StyleID="s24"/>
    <Cell ss:StyleID="s24"/>
    <Cell ss:StyleID="s24"/>
    <Cell ss:StyleID="s24"/>
    <Cell ss:StyleID="s24"/>
   </Row>
   <Row>
    <Cell ss:StyleID="s24"/>
    <Cell ss:StyleID="s24"/>
    <Cell ss:StyleID="s24"/>
    <Cell ss:StyleID="s24"/>
    <Cell ss:StyleID="s24"/>
   </Row>
   <Row>
    <Cell ss:StyleID="s24"/>
    <Cell ss:StyleID="s24"/>
    <Cell ss:StyleID="s24"/>
    <Cell ss:StyleID="s24"/>
    <Cell ss:StyleID="s24"/>
   </Row>
   <Row>
    <Cell ss:StyleID="s32"/>
    <Cell ss:StyleID="s24"/>
    <Cell ss:StyleID="s24"/>
    <Cell ss:StyleID="s24"/>
    <Cell ss:StyleID="s33"/>
   </Row>
  </Table>
  <WorksheetOptions xmlns="urn:schemas-microsoft-com:office:excel">
   <PageSetup>
    <Layout x:CenterHorizontal="1"/>
    <Header x:Margin="0.19685039370078741" x:Data="&amp;R&amp;P"/>
    <Footer x:Margin="0.19685039370078741"/>
    <PageMargins x:Bottom="0.39370078740157483" x:Left="0" x:Right="0"
     x:Top="0.39370078740157483"/>
   </PageSetup>
   <Print>
    <ValidPrinterInfo/>
    <PaperSizeIndex>9</PaperSizeIndex>
    <Scale>80</Scale>
    <HorizontalResolution>600</HorizontalResolution>
    <VerticalResolution>600</VerticalResolution>
   </Print>
   <Zoom>75</Zoom>
   <PageBreakZoom>60</PageBreakZoom>
   <Selected/>
   <Panes>
    <Pane>
     <Number>3</Number>
     <ActiveRow>4</ActiveRow>
     <RangeSelection>R5C1:R7C1</RangeSelection>
    </Pane>
   </Panes>
   <ProtectObjects>False</ProtectObjects>
   <ProtectScenarios>False</ProtectScenarios>
  </WorksheetOptions>
 </Worksheet>
 <Worksheet ss:Name="hidden1">
  <Table ss:ExpandedColumnCount="3" ss:ExpandedRowCount="6" x:FullColumns="1"
   x:FullRows="1">
   <Row>
    <Cell><Data ss:Type="Number">605511452</Data></Cell>
    <Cell><Data ss:Type="Number">562519982</Data></Cell>
    <Cell><Data ss:Type="Number">42991470</Data></Cell>
   </Row>
   <Row>
    <Cell><Data ss:Type="Number">636067520</Data></Cell>
    <Cell><Data ss:Type="Number">596940448</Data></Cell>
    <Cell><Data ss:Type="Number">39127072</Data></Cell>
   </Row>
   <Row>
    <Cell><Data ss:Type="Number">29188059</Data></Cell>
    <Cell><Data ss:Type="Number">22973272</Data></Cell>
    <Cell><Data ss:Type="Number">6214787</Data></Cell>
   </Row>
   <Row>
    <Cell><Data ss:Type="Number">1751107</Data></Cell>
    <Cell><Data ss:Type="Number">1378310</Data></Cell>
    <Cell><Data ss:Type="Number">372797</Data></Cell>
   </Row>
   <Row>
    <Cell><Data ss:Type="Number">75626</Data></Cell>
    <Cell><Data ss:Type="Number">33398</Data></Cell>
    <Cell><Data ss:Type="Number">42228</Data></Cell>
   </Row>
   <Row>
    <Cell><Data ss:Type="Number">1272593764</Data></Cell>
    <Cell><Data ss:Type="Number">1183845410</Data></Cell>
    <Cell><Data ss:Type="Number">88748354</Data></Cell>
   </Row>
  </Table>
  <WorksheetOptions xmlns="urn:schemas-microsoft-com:office:excel">
   <Visible>SheetHidden</Visible>
   <ProtectObjects>False</ProtectObjects>
   <ProtectScenarios>False</ProtectScenarios>
  </WorksheetOptions>
 </Worksheet>
 <Worksheet ss:Name="hidden2">
  <Table ss:ExpandedColumnCount="2" ss:ExpandedRowCount="38" x:FullColumns="1"
   x:FullRows="1">
   <Row>
    <Cell><Data ss:Type="String">на 01.01.2009 г.</Data></Cell>
    <Cell><Data ss:Type="Number">1</Data></Cell>
   </Row>
   <Row>
    <Cell><Data ss:Type="String">на 01.12.2008 г.</Data></Cell>
    <Cell><Data ss:Type="Number">2</Data></Cell>
   </Row>
   <Row>
    <Cell><Data ss:Type="String">на 01.10.2008 г.</Data></Cell>
    <Cell><Data ss:Type="Number">3</Data></Cell>
   </Row>
   <Row>
    <Cell><Data ss:Type="String">на 01.01.2008 г.</Data></Cell>
    <Cell><Data ss:Type="Number">4</Data></Cell>
   </Row>
   <Row>
    <Cell><Data ss:Type="String">на 01 января 2009 года</Data></Cell>
    <Cell><Data ss:Type="Number">5</Data></Cell>
   </Row>
   <Row>
    <Cell><Data ss:Type="String">на 01 декабря 2008 года</Data></Cell>
    <Cell><Data ss:Type="Number">6</Data></Cell>
   </Row>
   <Row>
    <Cell><Data ss:Type="String">на 01 октября 2008 года</Data></Cell>
    <Cell><Data ss:Type="Number">7</Data></Cell>
   </Row>
   <Row>
    <Cell><Data ss:Type="String">на 01 января 2008 года</Data></Cell>
    <Cell><Data ss:Type="Number">8</Data></Cell>
   </Row>
   <Row>
    <Cell><Data ss:Type="String">по состоянию на 01.01.2009 г.</Data></Cell>
    <Cell><Data ss:Type="Number">9</Data></Cell>
   </Row>
   <Row>
    <Cell><Data ss:Type="String">по состоянию на 01.12.2008 г.</Data></Cell>
    <Cell><Data ss:Type="Number">10</Data></Cell>
   </Row>
   <Row>
    <Cell><Data ss:Type="String">по состоянию на 01.10.2008 г.</Data></Cell>
    <Cell><Data ss:Type="Number">11</Data></Cell>
   </Row>
   <Row>
    <Cell><Data ss:Type="String">по состоянию на 01.01.2008 г.</Data></Cell>
    <Cell><Data ss:Type="Number">12</Data></Cell>
   </Row>
   <Row>
    <Cell><Data ss:Type="String">по состоянию на 01 января 2009 года</Data></Cell>
    <Cell><Data ss:Type="Number">13</Data></Cell>
   </Row>
   <Row>
    <Cell><Data ss:Type="String">по состоянию на 01 декабря 2008 года</Data></Cell>
    <Cell><Data ss:Type="Number">14</Data></Cell>
   </Row>
   <Row>
    <Cell><Data ss:Type="String">по состоянию на 01 октября 2008 года</Data></Cell>
    <Cell><Data ss:Type="Number">15</Data></Cell>
   </Row>
   <Row>
    <Cell><Data ss:Type="String">по состоянию на 01 января 2008 года</Data></Cell>
    <Cell><Data ss:Type="Number">16</Data></Cell>
   </Row>
   <Row>
    <Cell><Data ss:Type="String">в  январe 2009 года</Data></Cell>
    <Cell><Data ss:Type="Number">17</Data></Cell>
   </Row>
   <Row>
    <Cell><Data ss:Type="String">на январь</Data></Cell>
    <Cell><Data ss:Type="Number">18</Data></Cell>
   </Row>
   <Row>
    <Cell><Data ss:Type="String">за январь</Data></Cell>
    <Cell><Data ss:Type="Number">19</Data></Cell>
   </Row>
   <Row>
    <Cell><Data ss:Type="String">в январе</Data></Cell>
    <Cell><Data ss:Type="Number">20</Data></Cell>
   </Row>
   <Row>
    <Cell><Data ss:Type="String">на январь 2009 г.</Data></Cell>
    <Cell><Data ss:Type="Number">21</Data></Cell>
   </Row>
   <Row>
    <Cell><Data ss:Type="String">за январь  2009 г.</Data></Cell>
    <Cell><Data ss:Type="Number">22</Data></Cell>
   </Row>
   <Row>
    <Cell><Data ss:Type="String">за январь  2009 г.</Data></Cell>
    <Cell><Data ss:Type="Number">23</Data></Cell>
   </Row>
   <Row>
    <Cell><Data ss:Type="String">на январь 2008 г.</Data></Cell>
    <Cell><Data ss:Type="Number">24</Data></Cell>
   </Row>
   <Row>
    <Cell><Data ss:Type="String">за январь  2008 г.</Data></Cell>
    <Cell><Data ss:Type="Number">25</Data></Cell>
   </Row>
   <Row>
    <Cell><Data ss:Type="String">в январе  2008 г.</Data></Cell>
    <Cell><Data ss:Type="Number">26</Data></Cell>
   </Row>
   <Row>
    <Cell><Data ss:Type="String">12 мес.</Data></Cell>
    <Cell><Data ss:Type="Number">27</Data></Cell>
   </Row>
   <Row>
    <Cell><Data ss:Type="String">за 12 мес.</Data></Cell>
    <Cell><Data ss:Type="Number">28</Data></Cell>
   </Row>
   <Row>
    <Cell><Data ss:Type="String">12 месяцев</Data></Cell>
    <Cell><Data ss:Type="Number">29</Data></Cell>
   </Row>
   <Row>
    <Cell><Data ss:Type="String">за 12 месяцев</Data></Cell>
    <Cell><Data ss:Type="Number">30</Data></Cell>
   </Row>
   <Row>
    <Cell><Data ss:Type="String">декабрь</Data></Cell>
    <Cell><Data ss:Type="Number">31</Data></Cell>
   </Row>
   <Row>
    <Cell><Data ss:Type="String">ноябрь</Data></Cell>
    <Cell><Data ss:Type="Number">32</Data></Cell>
   </Row>
   <Row>
    <Cell><Data ss:Type="String">октябрь</Data></Cell>
    <Cell><Data ss:Type="Number">33</Data></Cell>
   </Row>
   <Row>
    <Cell><Data ss:Type="String">Поступило         01.01.2009 г.        12 мес.</Data></Cell>
    <Cell><Data ss:Type="Number">34</Data></Cell>
   </Row>
   <Row>
    <Cell><Data ss:Type="String">в  декабрe 2008 года</Data></Cell>
    <Cell><Data ss:Type="Number">35</Data></Cell>
   </Row>
   <Row>
    <Cell><Data ss:Type="String">на 01.07.2008 г.</Data></Cell>
    <Cell><Data ss:Type="Number">36</Data></Cell>
   </Row>
   <Row>
    <Cell><Data ss:Type="String"> январь</Data></Cell>
    <Cell><Data ss:Type="Number">37</Data></Cell>
   </Row>
   <Row>
    <Cell><Data ss:Type="String">январь</Data></Cell>
    <Cell><Data ss:Type="Number">37</Data></Cell>
   </Row>
  </Table>
  <WorksheetOptions xmlns="urn:schemas-microsoft-com:office:excel">
   <Visible>SheetHidden</Visible>
   <ProtectObjects>False</ProtectObjects>
   <ProtectScenarios>False</ProtectScenarios>
  </WorksheetOptions>
 </Worksheet>
</Workbook>
