<?xml version="1.0"?>
<?mso-application progid="Excel.Sheet"?>
<Workbook xmlns="urn:schemas-microsoft-com:office:spreadsheet"
 xmlns:o="urn:schemas-microsoft-com:office:office"
 xmlns:x="urn:schemas-microsoft-com:office:excel"
 xmlns:ss="urn:schemas-microsoft-com:office:spreadsheet"
 xmlns:html="http://www.w3.org/TR/REC-html40">
 <DocumentProperties xmlns="urn:schemas-microsoft-com:office:office">
  <Author>Bistrova</Author>
  <LastAuthor>balmaster</LastAuthor>
  <LastPrinted>2010-05-06T08:10:55Z</LastPrinted>
  <Created>2003-08-05T11:42:41Z</Created>
  <LastSaved>2010-05-19T07:20:35Z</LastSaved>
  <Company>valut</Company>
  <Version>12.00</Version>
 </DocumentProperties>
 <ExcelWorkbook xmlns="urn:schemas-microsoft-com:office:excel">
  <WindowHeight>11640</WindowHeight>
  <WindowWidth>9600</WindowWidth>
  <WindowTopX>-15</WindowTopX>
  <WindowTopY>-15</WindowTopY>
  <ProtectStructure>False</ProtectStructure>
  <ProtectWindows>False</ProtectWindows>
 </ExcelWorkbook>
 <Styles>
  <Style ss:ID="Default" ss:Name="Normal">
   <Alignment ss:Vertical="Bottom"/>
   <Borders/>
   <Font ss:FontName="Arial Cyr" x:CharSet="204"/>
   <Interior/>
   <NumberFormat/>
   <Protection/>
  </Style>
  <Style ss:ID="s23">
   <Font ss:FontName="Arial Cyr" x:CharSet="204" ss:Size="12"/>
  </Style>
  <Style ss:ID="s24">
   <Borders/>
  </Style>
  <Style ss:ID="s25">
   <Font ss:FontName="Arial" x:CharSet="204" x:Family="Swiss" ss:Size="12"/>
  </Style>
  <Style ss:ID="s26">
   <Alignment ss:Horizontal="Center" ss:Vertical="Center" ss:WrapText="1"/>
   <Borders>
    <Border ss:Position="Left" ss:LineStyle="Continuous" ss:Weight="1"/>
    <Border ss:Position="Right" ss:LineStyle="Continuous" ss:Weight="1"/>
    <Border ss:Position="Top" ss:LineStyle="Continuous" ss:Weight="1"/>
   </Borders>
   <Font ss:FontName="Arial Cyr" x:CharSet="204"/>
  </Style>
  <Style ss:ID="s27">
   <Alignment ss:Horizontal="Center" ss:Vertical="Center" ss:WrapText="1"/>
   <Borders>
    <Border ss:Position="Bottom" ss:LineStyle="Continuous" ss:Weight="1"/>
    <Border ss:Position="Left" ss:LineStyle="Continuous" ss:Weight="1"/>
    <Border ss:Position="Right" ss:LineStyle="Continuous" ss:Weight="1"/>
    <Border ss:Position="Top" ss:LineStyle="Continuous" ss:Weight="1"/>
   </Borders>
   <Font ss:FontName="Arial Cyr" x:CharSet="204"/>
  </Style>
  <Style ss:ID="s28">
   <Font ss:FontName="Arial" x:CharSet="204" x:Family="Swiss"/>
  </Style>
  <Style ss:ID="s29">
   <Alignment ss:Horizontal="Center" ss:Vertical="Bottom" ss:WrapText="1"/>
   <Borders>
    <Border ss:Position="Bottom" ss:LineStyle="Continuous" ss:Weight="1"/>
    <Border ss:Position="Left" ss:LineStyle="Continuous" ss:Weight="1"/>
    <Border ss:Position="Right" ss:LineStyle="Continuous" ss:Weight="1"/>
    <Border ss:Position="Top" ss:LineStyle="Continuous" ss:Weight="1"/>
   </Borders>
   <Font ss:FontName="Arial" x:CharSet="204" x:Family="Swiss"/>
   <NumberFormat ss:Format="@"/>
  </Style>
  <Style ss:ID="s30">
   <Alignment ss:Vertical="Bottom" ss:WrapText="1"/>
   <Borders>
    <Border ss:Position="Bottom" ss:LineStyle="Continuous" ss:Weight="1"/>
    <Border ss:Position="Left" ss:LineStyle="Continuous" ss:Weight="1"/>
    <Border ss:Position="Right" ss:LineStyle="Continuous" ss:Weight="1"/>
    <Border ss:Position="Top" ss:LineStyle="Continuous" ss:Weight="1"/>
   </Borders>
   <Font ss:FontName="Arial" x:CharSet="204" x:Family="Swiss"/>
  </Style>
  <Style ss:ID="s32">
   <Alignment ss:Horizontal="Center" ss:Vertical="Center" ss:WrapText="1"/>
   <Borders>
    <Border ss:Position="Bottom" ss:LineStyle="Continuous" ss:Weight="1"/>
    <Border ss:Position="Left" ss:LineStyle="Continuous" ss:Weight="1"/>
    <Border ss:Position="Top" ss:LineStyle="Continuous" ss:Weight="1"/>
   </Borders>
   <Font ss:FontName="Arial Cyr" x:CharSet="204"/>
  </Style>
  <Style ss:ID="s33">
   <Font ss:FontName="Arial Cyr" x:CharSet="204"/>
  </Style>
  <Style ss:ID="s34">
   <Alignment ss:Horizontal="Left" ss:Vertical="Bottom" ss:WrapText="1"/>
   <Borders>
    <Border ss:Position="Bottom" ss:LineStyle="Continuous" ss:Weight="1"/>
    <Border ss:Position="Left" ss:LineStyle="Continuous" ss:Weight="1"/>
    <Border ss:Position="Right" ss:LineStyle="Continuous" ss:Weight="1"/>
    <Border ss:Position="Top" ss:LineStyle="Continuous" ss:Weight="1"/>
   </Borders>
   <Font ss:FontName="Arial Cyr" x:CharSet="204"/>
  </Style>
  <Style ss:ID="s35">
   <Alignment ss:Horizontal="Center" ss:Vertical="Center" ss:WrapText="1"/>
   <Borders>
    <Border ss:Position="Top" ss:LineStyle="Continuous" ss:Weight="1"/>
   </Borders>
   <Font ss:FontName="Arial Cyr" x:CharSet="204"/>
   <NumberFormat ss:Format="@"/>
  </Style>
  <Style ss:ID="s36">
   <Alignment ss:Horizontal="Center" ss:Vertical="Center" ss:WrapText="1"/>
   <Borders>
    <Border ss:Position="Bottom" ss:LineStyle="Continuous" ss:Weight="1"/>
    <Border ss:Position="Left" ss:LineStyle="Continuous" ss:Weight="1"/>
    <Border ss:Position="Right" ss:LineStyle="Continuous" ss:Weight="1"/>
    <Border ss:Position="Top" ss:LineStyle="Continuous" ss:Weight="1"/>
   </Borders>
   <Font ss:FontName="Arial Cyr" x:CharSet="204"/>
   <NumberFormat ss:Format="@"/>
  </Style>
  <Style ss:ID="s37">
   <Alignment ss:Horizontal="Justify" ss:Vertical="Center" ss:WrapText="1"/>
   <Borders/>
   <Font ss:FontName="Times New Roman Cyr" x:CharSet="204" x:Family="Roman"/>
  </Style>
  <Style ss:ID="s39">
   <Alignment ss:Horizontal="Center" ss:Vertical="Center" ss:WrapText="1"/>
   <Borders/>
   <Font ss:FontName="Times New Roman Cyr" x:CharSet="204" x:Family="Roman"/>
  </Style>
  <Style ss:ID="s40">
   <Alignment ss:Horizontal="Left" ss:Vertical="Center" ss:WrapText="1"/>
   <Borders/>
   <Font ss:FontName="Arial" x:CharSet="204" x:Family="Swiss"/>
   <Interior/>
  </Style>
  <Style ss:ID="s41">
   <Alignment ss:Horizontal="Center" ss:Vertical="Center" ss:WrapText="1"/>
   <Borders/>
   <Font ss:FontName="Arial" x:CharSet="204" x:Family="Swiss"/>
  </Style>
  <Style ss:ID="s42">
   <Alignment ss:Vertical="Bottom" ss:WrapText="1"/>
   <Borders/>
   <Font ss:FontName="Arial Cyr" x:CharSet="204"/>
  </Style>
  <Style ss:ID="s43">
   <Alignment ss:Vertical="Bottom" ss:WrapText="1"/>
   <Font ss:FontName="Arial Cyr" x:CharSet="204"/>
  </Style>
  <Style ss:ID="s44">
   <Alignment ss:Horizontal="Right" ss:Vertical="Center" ss:WrapText="1"/>
   <Borders>
    <Border ss:Position="Bottom" ss:LineStyle="Continuous" ss:Weight="1"/>
    <Border ss:Position="Left" ss:LineStyle="Continuous" ss:Weight="1"/>
    <Border ss:Position="Right" ss:LineStyle="Continuous" ss:Weight="1"/>
    <Border ss:Position="Top" ss:LineStyle="Continuous" ss:Weight="1"/>
   </Borders>
   <Font ss:FontName="Arial Cyr" x:CharSet="204"/>
   <NumberFormat ss:Format="#,##0"/>
  </Style>
  <Style ss:ID="s45">
   <Alignment ss:Horizontal="Left" ss:Vertical="Bottom" ss:WrapText="1"/>
   <Borders/>
   <Font ss:FontName="Arial" x:CharSet="204" x:Family="Swiss"/>
   <Interior/>
  </Style>
  <Style ss:ID="s46">
   <Alignment ss:Horizontal="Left" ss:Vertical="Bottom"/>
   <Borders/>
   <Font ss:FontName="Arial" x:CharSet="204" x:Family="Swiss"/>
  </Style>
  <Style ss:ID="s47">
   <Alignment ss:Horizontal="Center" ss:Vertical="Top"/>
   <Font ss:FontName="Arial" x:CharSet="204" x:Family="Swiss"/>
  </Style>
  <Style ss:ID="s48">
   <Alignment ss:Horizontal="Right" ss:Vertical="Bottom"/>
   <Font ss:FontName="Arial" x:CharSet="204" x:Family="Swiss"/>
  </Style>
  <Style ss:ID="s49">
   <Alignment ss:Horizontal="Right" ss:Vertical="Bottom" ss:WrapText="1"/>
   <Borders>
    <Border ss:Position="Bottom" ss:LineStyle="Continuous" ss:Weight="1"/>
    <Border ss:Position="Left" ss:LineStyle="Continuous" ss:Weight="1"/>
    <Border ss:Position="Right" ss:LineStyle="Continuous" ss:Weight="1"/>
    <Border ss:Position="Top" ss:LineStyle="Continuous" ss:Weight="1"/>
   </Borders>
   <Font ss:FontName="Arial" x:CharSet="204" x:Family="Swiss"/>
   <NumberFormat ss:Format="#,##0"/>
  </Style>
  <Style ss:ID="s54">
   <Alignment ss:Horizontal="Left" ss:Vertical="Bottom"/>
  </Style>
  <Style ss:ID="s55">
   <Alignment ss:Horizontal="Left" ss:Vertical="Bottom"/>
   <Borders>
    <Border ss:Position="Bottom" ss:LineStyle="Continuous" ss:Weight="1"/>
   </Borders>
   <Font ss:FontName="Arial Cyr" x:CharSet="204" ss:Bold="1"/>
  </Style>
  <Style ss:ID="s57">
   <Alignment ss:Horizontal="Center" ss:Vertical="Center" ss:WrapText="1"/>
   <Font ss:FontName="Arial Cyr" x:CharSet="204" ss:Size="14" ss:Bold="1"/>
  </Style>
  <Style ss:ID="s58">
   <Alignment ss:Horizontal="Center" ss:Vertical="Center" ss:WrapText="1"/>
   <Font ss:FontName="Arial Cyr" x:CharSet="204" ss:Bold="1"/>
  </Style>
 </Styles>
 <Worksheet ss:Name="ОТЧЕТ">
  <Names>
   <NamedRange ss:Name="Print_Titles" ss:RefersTo="=ОТЧЕТ!R3:R6"/>
  </Names>
  <Table ss:ExpandedColumnCount="5" ss:ExpandedRowCount="24" x:FullColumns="1"
   x:FullRows="1">
   <Column ss:AutoFitWidth="0" ss:Width="195"/>
   <Column ss:AutoFitWidth="0" ss:Width="43.5"/>
   <Column ss:AutoFitWidth="0" ss:Width="99" ss:Span="1"/>
   <Column ss:Index="5" ss:AutoFitWidth="0" ss:Width="82.5"/>
   <Row ss:AutoFitHeight="0" ss:Height="26.25">
    <Cell ss:MergeAcross="1" ss:StyleID="s54"/>
   </Row>
   <Row ss:AutoFitHeight="0" ss:Height="53.25">
    <Cell ss:MergeAcross="4" ss:StyleID="s57"><Data ss:Type="String">Отчет &#10;о налоговой базе и структуре начислений по налогу на игорный бизнес</Data></Cell>
   </Row>
   <Row ss:AutoFitHeight="0" ss:Height="15">
    <Cell ss:MergeAcross="4" ss:StyleID="s58"><Data ss:Type="String">по состоянию на 01.01.2010 г.</Data><NamedCell
      ss:Name="Print_Titles"/></Cell>
   </Row>
   <Row ss:AutoFitHeight="0" ss:Height="15">
    <Cell ss:MergeAcross="2" ss:StyleID="s55"><Data ss:Type="String">Всего по России</Data><NamedCell
      ss:Name="Print_Titles"/></Cell>
    <Cell ss:StyleID="s23"><NamedCell ss:Name="Print_Titles"/></Cell>
   </Row>
   <Row ss:AutoFitHeight="0" ss:Height="93.75">
    <Cell ss:StyleID="s26"><Data ss:Type="String">Наименование объектов налогообложения налогом на игорный бизнес</Data><NamedCell
      ss:Name="Print_Titles"/></Cell>
    <Cell ss:StyleID="s26"><Data ss:Type="String">Код строки</Data><NamedCell
      ss:Name="Print_Titles"/></Cell>
    <Cell ss:StyleID="s27"><Data ss:Type="String">Количество  объектов, подлежащих налогообложению налогом на игорный бизнес в июне 2009 года (ед.)</Data><NamedCell
      ss:Name="Print_Titles"/></Cell>
    <Cell ss:StyleID="s27"><Data ss:Type="String">Количество  объектов, подлежащих налогообложению налогом на игорный бизнес на отчетную дату (ед.)</Data><NamedCell
      ss:Name="Print_Titles"/></Cell>
    <Cell ss:StyleID="s27"><Data ss:Type="String">Сумма исчисленного налога на игорный бизнес (тыс.руб.)</Data><NamedCell
      ss:Name="Print_Titles"/></Cell>
   </Row>
   <Row ss:StyleID="s33">
    <Cell ss:StyleID="s27"><Data ss:Type="String">А</Data><NamedCell
      ss:Name="Print_Titles"/></Cell>
    <Cell ss:StyleID="s32"><Data ss:Type="String">Б</Data><NamedCell
      ss:Name="Print_Titles"/></Cell>
    <Cell ss:StyleID="s27"><Data ss:Type="Number">1</Data><NamedCell
      ss:Name="Print_Titles"/></Cell>
    <Cell ss:StyleID="s27"><Data ss:Type="Number">2</Data><NamedCell
      ss:Name="Print_Titles"/></Cell>
    <Cell ss:StyleID="s27"><Data ss:Type="Number">3</Data><NamedCell
      ss:Name="Print_Titles"/></Cell>
   </Row>
   <Row ss:AutoFitHeight="0" ss:Height="18.75" ss:StyleID="s33">
    <Cell ss:StyleID="s34"><Data ss:Type="String">Игровые столы</Data></Cell>
    <Cell ss:StyleID="s35"><Data ss:Type="String">010</Data></Cell>
    <Cell ss:StyleID="s44"><Data ss:Type="Number">3405</Data></Cell>
    <Cell ss:StyleID="s44"><Data ss:Type="Number">143</Data></Cell>
    <Cell ss:StyleID="s44"><Data ss:Type="Number">2977454</Data></Cell>
   </Row>
   <Row ss:AutoFitHeight="0" ss:Height="18.75" ss:StyleID="s33">
    <Cell ss:StyleID="s34"><Data ss:Type="String">Игровые автоматы</Data></Cell>
    <Cell ss:StyleID="s35"><Data ss:Type="String">020</Data></Cell>
    <Cell ss:StyleID="s44"><Data ss:Type="Number">132669</Data></Cell>
    <Cell ss:StyleID="s44"><Data ss:Type="Number">10643</Data></Cell>
    <Cell ss:StyleID="s44"><Data ss:Type="Number">7829474</Data></Cell>
   </Row>
   <Row ss:AutoFitHeight="0" ss:Height="18.75" ss:StyleID="s33">
    <Cell ss:StyleID="s34"><Data ss:Type="String">Кассы тотализаторов</Data></Cell>
    <Cell ss:StyleID="s35"><Data ss:Type="String">030</Data></Cell>
    <Cell ss:StyleID="s44"><Data ss:Type="Number">4</Data></Cell>
    <Cell ss:StyleID="s44"><Data ss:Type="Number">3</Data></Cell>
    <Cell ss:StyleID="s44"><Data ss:Type="Number">4650</Data></Cell>
   </Row>
   <Row ss:AutoFitHeight="0" ss:Height="18.75" ss:StyleID="s33">
    <Cell ss:StyleID="s34"><Data ss:Type="String">Кассы букмекерских контор</Data></Cell>
    <Cell ss:StyleID="s36"><Data ss:Type="String">040</Data></Cell>
    <Cell ss:StyleID="s44"><Data ss:Type="Number">24</Data></Cell>
    <Cell ss:StyleID="s44"><Data ss:Type="Number">12</Data></Cell>
    <Cell ss:StyleID="s44"><Data ss:Type="Number">15562</Data></Cell>
   </Row>
   <Row ss:StyleID="s33">
    <Cell ss:StyleID="s37"/>
    <Cell ss:Index="3" ss:StyleID="s39"/>
   </Row>
   <Row ss:AutoFitHeight="0" ss:Height="15" ss:StyleID="s33">
    <Cell ss:StyleID="s45"><Data ss:Type="String">Справочно к отчету:</Data></Cell>
    <Cell ss:StyleID="s28"/>
    <Cell ss:StyleID="s41"/>
   </Row>
   <Row ss:AutoFitHeight="0" ss:StyleID="s33">
    <Cell ss:StyleID="s40"/>
    <Cell ss:StyleID="s28"/>
    <Cell ss:StyleID="s41"/>
   </Row>
   <Row ss:AutoFitHeight="0" ss:Height="38.25" ss:StyleID="s33">
    <Cell ss:StyleID="s30"><Data ss:Type="String">Количество налогоплательщиков, представивших налоговые декларации по налогу на игорный бизнес (ед.)</Data></Cell>
    <Cell ss:StyleID="s29"><Data ss:Type="String">060</Data></Cell>
    <Cell ss:StyleID="s49"><Data ss:Type="Number">2202</Data></Cell>
    <Cell ss:StyleID="s42"/>
    <Cell ss:StyleID="s43"/>
   </Row>
   <Row ss:Height="15">
    <Cell ss:StyleID="s25"/>
    <Cell ss:StyleID="s46"/>
    <Cell ss:StyleID="s47"/>
    <Cell ss:StyleID="s25"/>
    <Cell ss:StyleID="s24"/>
   </Row>
   <Row ss:Height="15">
    <Cell ss:StyleID="s25"/>
    <Cell ss:StyleID="s28"/>
    <Cell ss:StyleID="s28"/>
    <Cell ss:StyleID="s25"/>
   </Row>
   <Row ss:Height="15">
    <Cell ss:StyleID="s25"/>
    <Cell ss:StyleID="s25"/>
    <Cell ss:StyleID="s25"/>
    <Cell ss:StyleID="s25"/>
   </Row>
   <Row ss:Height="15">
    <Cell ss:StyleID="s25"/>
    <Cell ss:StyleID="s25"/>
    <Cell ss:StyleID="s25"/>
    <Cell ss:StyleID="s25"/>
   </Row>
   <Row>
    <Cell ss:MergeAcross="2" ss:StyleID="s46"/>
    <Cell ss:Index="5" ss:StyleID="s48"/>
   </Row>
   <Row ss:Height="15">
    <Cell ss:StyleID="s25"/>
    <Cell ss:StyleID="s25"/>
    <Cell ss:StyleID="s25"/>
    <Cell ss:StyleID="s25"/>
   </Row>
   <Row>
    <Cell ss:StyleID="s28"/>
    <Cell ss:StyleID="s28"/>
    <Cell ss:StyleID="s28"/>
    <Cell ss:StyleID="s28"/>
   </Row>
   <Row>
    <Cell ss:StyleID="s28"/>
    <Cell ss:StyleID="s28"/>
    <Cell ss:StyleID="s28"/>
    <Cell ss:StyleID="s28"/>
   </Row>
   <Row>
    <Cell ss:StyleID="s28"/>
    <Cell ss:StyleID="s28"/>
    <Cell ss:StyleID="s28"/>
    <Cell ss:StyleID="s28"/>
   </Row>
   <Row>
    <Cell ss:StyleID="s28"/>
    <Cell ss:StyleID="s28"/>
    <Cell ss:StyleID="s28"/>
    <Cell ss:StyleID="s28"/>
   </Row>
  </Table>
  <WorksheetOptions xmlns="urn:schemas-microsoft-com:office:excel">
   <PageSetup>
    <Layout x:CenterHorizontal="1"/>
    <Header x:Margin="0.19685039370078741" x:Data="&amp;R&amp;P"/>
    <Footer x:Margin="0.19685039370078741"/>
    <PageMargins x:Bottom="0.39370078740157483" x:Left="0.39370078740157483"
     x:Right="0.39370078740157483" x:Top="0.39370078740157483"/>
   </PageSetup>
   <Print>
    <ValidPrinterInfo/>
    <PaperSizeIndex>9</PaperSizeIndex>
    <Scale>97</Scale>
    <HorizontalResolution>600</HorizontalResolution>
    <VerticalResolution>600</VerticalResolution>
   </Print>
   <PageBreakZoom>60</PageBreakZoom>
   <Selected/>
   <FreezePanes/>
   <FrozenNoSplit/>
   <SplitHorizontal>6</SplitHorizontal>
   <TopRowBottomPane>6</TopRowBottomPane>
   <SplitVertical>2</SplitVertical>
   <LeftColumnRightPane>2</LeftColumnRightPane>
   <ActivePane>0</ActivePane>
   <Panes>
    <Pane>
     <Number>3</Number>
    </Pane>
    <Pane>
     <Number>1</Number>
    </Pane>
    <Pane>
     <Number>2</Number>
     <ActiveRow>5</ActiveRow>
    </Pane>
    <Pane>
     <Number>0</Number>
     <ActiveRow>10</ActiveRow>
     <ActiveCol>4</ActiveCol>
    </Pane>
   </Panes>
   <ProtectObjects>False</ProtectObjects>
   <ProtectScenarios>False</ProtectScenarios>
  </WorksheetOptions>
 </Worksheet>
 <Worksheet ss:Name="hidden1">
  <Table ss:ExpandedColumnCount="3" ss:ExpandedRowCount="5" x:FullColumns="1"
   x:FullRows="1">
   <Row>
    <Cell><Data ss:Type="Number">3405</Data></Cell>
    <Cell><Data ss:Type="Number">143</Data></Cell>
    <Cell><Data ss:Type="Number">2977454</Data></Cell>
   </Row>
   <Row>
    <Cell><Data ss:Type="Number">132669</Data></Cell>
    <Cell><Data ss:Type="Number">10643</Data></Cell>
    <Cell><Data ss:Type="Number">7829474</Data></Cell>
   </Row>
   <Row>
    <Cell><Data ss:Type="Number">4</Data></Cell>
    <Cell><Data ss:Type="Number">3</Data></Cell>
    <Cell><Data ss:Type="Number">4650</Data></Cell>
   </Row>
   <Row>
    <Cell><Data ss:Type="Number">24</Data></Cell>
    <Cell><Data ss:Type="Number">12</Data></Cell>
    <Cell><Data ss:Type="Number">15562</Data></Cell>
   </Row>
   <Row>
    <Cell><Data ss:Type="Number">136102</Data></Cell>
    <Cell><Data ss:Type="Number">10801</Data></Cell>
    <Cell><Data ss:Type="Number">10827140</Data></Cell>
   </Row>
  </Table>
  <WorksheetOptions xmlns="urn:schemas-microsoft-com:office:excel">
   <Visible>SheetHidden</Visible>
   <ProtectObjects>False</ProtectObjects>
   <ProtectScenarios>False</ProtectScenarios>
  </WorksheetOptions>
 </Worksheet>
 <Worksheet ss:Name="hidden2">
  <Table ss:ExpandedColumnCount="1" ss:ExpandedRowCount="1" x:FullColumns="1"
   x:FullRows="1">
   <Row>
    <Cell><Data ss:Type="Number">2202</Data></Cell>
   </Row>
  </Table>
  <WorksheetOptions xmlns="urn:schemas-microsoft-com:office:excel">
   <Visible>SheetHidden</Visible>
   <ProtectObjects>False</ProtectObjects>
   <ProtectScenarios>False</ProtectScenarios>
  </WorksheetOptions>
 </Worksheet>
 <Worksheet ss:Name="hidden3">
  <Table ss:ExpandedColumnCount="2" ss:ExpandedRowCount="38" x:FullColumns="1"
   x:FullRows="1">
   <Row>
    <Cell><Data ss:Type="String">на 01.01.2010 г.</Data></Cell>
    <Cell><Data ss:Type="Number">1</Data></Cell>
   </Row>
   <Row>
    <Cell><Data ss:Type="String">на 01.12.2009 г.</Data></Cell>
    <Cell><Data ss:Type="Number">2</Data></Cell>
   </Row>
   <Row>
    <Cell><Data ss:Type="String">на 01.10.2009 г.</Data></Cell>
    <Cell><Data ss:Type="Number">3</Data></Cell>
   </Row>
   <Row>
    <Cell><Data ss:Type="String">на 01.01.2009 г.</Data></Cell>
    <Cell><Data ss:Type="Number">4</Data></Cell>
   </Row>
   <Row>
    <Cell><Data ss:Type="String">на 01 января 2010 года</Data></Cell>
    <Cell><Data ss:Type="Number">5</Data></Cell>
   </Row>
   <Row>
    <Cell><Data ss:Type="String">на 01 декабря 2009 года</Data></Cell>
    <Cell><Data ss:Type="Number">6</Data></Cell>
   </Row>
   <Row>
    <Cell><Data ss:Type="String">на 01 октября 2009 года</Data></Cell>
    <Cell><Data ss:Type="Number">7</Data></Cell>
   </Row>
   <Row>
    <Cell><Data ss:Type="String">на 01 января 2009 года</Data></Cell>
    <Cell><Data ss:Type="Number">8</Data></Cell>
   </Row>
   <Row>
    <Cell><Data ss:Type="String">по состоянию на 01.01.2010 г.</Data></Cell>
    <Cell><Data ss:Type="Number">9</Data></Cell>
   </Row>
   <Row>
    <Cell><Data ss:Type="String">по состоянию на 01.12.2009 г.</Data></Cell>
    <Cell><Data ss:Type="Number">10</Data></Cell>
   </Row>
   <Row>
    <Cell><Data ss:Type="String">по состоянию на 01.10.2009 г.</Data></Cell>
    <Cell><Data ss:Type="Number">11</Data></Cell>
   </Row>
   <Row>
    <Cell><Data ss:Type="String">по состоянию на 01.01.2009 г.</Data></Cell>
    <Cell><Data ss:Type="Number">12</Data></Cell>
   </Row>
   <Row>
    <Cell><Data ss:Type="String">по состоянию на 01 января 2010 года</Data></Cell>
    <Cell><Data ss:Type="Number">13</Data></Cell>
   </Row>
   <Row>
    <Cell><Data ss:Type="String">по состоянию на 01 декабря 2009 года</Data></Cell>
    <Cell><Data ss:Type="Number">14</Data></Cell>
   </Row>
   <Row>
    <Cell><Data ss:Type="String">по состоянию на 01 октября 2009 года</Data></Cell>
    <Cell><Data ss:Type="Number">15</Data></Cell>
   </Row>
   <Row>
    <Cell><Data ss:Type="String">по состоянию на 01 января 2009 года</Data></Cell>
    <Cell><Data ss:Type="Number">16</Data></Cell>
   </Row>
   <Row>
    <Cell><Data ss:Type="String">в  январe 2010 года</Data></Cell>
    <Cell><Data ss:Type="Number">17</Data></Cell>
   </Row>
   <Row>
    <Cell><Data ss:Type="String">на январь</Data></Cell>
    <Cell><Data ss:Type="Number">18</Data></Cell>
   </Row>
   <Row>
    <Cell><Data ss:Type="String">за январь</Data></Cell>
    <Cell><Data ss:Type="Number">19</Data></Cell>
   </Row>
   <Row>
    <Cell><Data ss:Type="String">в январе</Data></Cell>
    <Cell><Data ss:Type="Number">20</Data></Cell>
   </Row>
   <Row>
    <Cell><Data ss:Type="String">на январь 2010 г.</Data></Cell>
    <Cell><Data ss:Type="Number">21</Data></Cell>
   </Row>
   <Row>
    <Cell><Data ss:Type="String">за январь  2010 г.</Data></Cell>
    <Cell><Data ss:Type="Number">22</Data></Cell>
   </Row>
   <Row>
    <Cell><Data ss:Type="String">за январь  2010 г.</Data></Cell>
    <Cell><Data ss:Type="Number">23</Data></Cell>
   </Row>
   <Row>
    <Cell><Data ss:Type="String">на январь 2009 г.</Data></Cell>
    <Cell><Data ss:Type="Number">24</Data></Cell>
   </Row>
   <Row>
    <Cell><Data ss:Type="String">за январь  2009 г.</Data></Cell>
    <Cell><Data ss:Type="Number">25</Data></Cell>
   </Row>
   <Row>
    <Cell><Data ss:Type="String">в январе  2009 г.</Data></Cell>
    <Cell><Data ss:Type="Number">26</Data></Cell>
   </Row>
   <Row>
    <Cell><Data ss:Type="String">12 мес.</Data></Cell>
    <Cell><Data ss:Type="Number">27</Data></Cell>
   </Row>
   <Row>
    <Cell><Data ss:Type="String">за 12 мес.</Data></Cell>
    <Cell><Data ss:Type="Number">28</Data></Cell>
   </Row>
   <Row>
    <Cell><Data ss:Type="String">12 месяцев</Data></Cell>
    <Cell><Data ss:Type="Number">29</Data></Cell>
   </Row>
   <Row>
    <Cell><Data ss:Type="String">за 12 месяцев</Data></Cell>
    <Cell><Data ss:Type="Number">30</Data></Cell>
   </Row>
   <Row>
    <Cell><Data ss:Type="String">декабрь</Data></Cell>
    <Cell><Data ss:Type="Number">31</Data></Cell>
   </Row>
   <Row>
    <Cell><Data ss:Type="String">ноябрь</Data></Cell>
    <Cell><Data ss:Type="Number">32</Data></Cell>
   </Row>
   <Row>
    <Cell><Data ss:Type="String">октябрь</Data></Cell>
    <Cell><Data ss:Type="Number">33</Data></Cell>
   </Row>
   <Row>
    <Cell><Data ss:Type="String">Поступило         01.01.2010 г.        12 мес.</Data></Cell>
    <Cell><Data ss:Type="Number">34</Data></Cell>
   </Row>
   <Row>
    <Cell><Data ss:Type="String">в  декабрe 2009 года</Data></Cell>
    <Cell><Data ss:Type="Number">35</Data></Cell>
   </Row>
   <Row>
    <Cell><Data ss:Type="String">на 01.07.2009 г.</Data></Cell>
    <Cell><Data ss:Type="Number">36</Data></Cell>
   </Row>
   <Row>
    <Cell><Data ss:Type="String"> январь</Data></Cell>
    <Cell><Data ss:Type="Number">37</Data></Cell>
   </Row>
   <Row>
    <Cell><Data ss:Type="String">январь</Data></Cell>
    <Cell><Data ss:Type="Number">37</Data></Cell>
   </Row>
  </Table>
  <WorksheetOptions xmlns="urn:schemas-microsoft-com:office:excel">
   <Visible>SheetHidden</Visible>
   <ProtectObjects>False</ProtectObjects>
   <ProtectScenarios>False</ProtectScenarios>
  </WorksheetOptions>
 </Worksheet>
</Workbook>
