<?xml version="1.0"?>
<?mso-application progid="Excel.Sheet"?>
<Workbook xmlns="urn:schemas-microsoft-com:office:spreadsheet"
 xmlns:o="urn:schemas-microsoft-com:office:office"
 xmlns:x="urn:schemas-microsoft-com:office:excel"
 xmlns:ss="urn:schemas-microsoft-com:office:spreadsheet"
 xmlns:html="http://www.w3.org/TR/REC-html40">
 <DocumentProperties xmlns="urn:schemas-microsoft-com:office:office">
  <Author>Kulakova</Author>
  <LastAuthor>balmaster</LastAuthor>
  <LastPrinted>2010-03-24T06:53:29Z</LastPrinted>
  <Created>2006-01-30T08:32:46Z</Created>
  <LastSaved>2010-03-24T06:53:47Z</LastSaved>
  <Company>Russian Federal DPC Tax Cervice</Company>
  <Version>12.00</Version>
 </DocumentProperties>
 <ExcelWorkbook xmlns="urn:schemas-microsoft-com:office:excel">
  <WindowHeight>8835</WindowHeight>
  <WindowWidth>11340</WindowWidth>
  <WindowTopX>480</WindowTopX>
  <WindowTopY>105</WindowTopY>
  <ActiveSheet>1</ActiveSheet>
  <ProtectStructure>False</ProtectStructure>
  <ProtectWindows>False</ProtectWindows>
 </ExcelWorkbook>
 <Styles>
  <Style ss:ID="Default" ss:Name="Normal">
   <Alignment ss:Vertical="Bottom"/>
   <Borders/>
   <Font ss:FontName="Arial Cyr" x:CharSet="204"/>
   <Interior/>
   <NumberFormat/>
   <Protection/>
  </Style>
  <Style ss:ID="m37737812">
   <Alignment ss:Horizontal="Center" ss:Vertical="Top" ss:WrapText="1"/>
   <Borders>
    <Border ss:Position="Bottom" ss:LineStyle="Continuous" ss:Weight="1"/>
    <Border ss:Position="Left" ss:LineStyle="Continuous" ss:Weight="1"/>
    <Border ss:Position="Right" ss:LineStyle="Continuous" ss:Weight="1"/>
    <Border ss:Position="Top" ss:LineStyle="Continuous" ss:Weight="1"/>
   </Borders>
   <Font ss:FontName="Arial Cyr" x:CharSet="204" ss:Size="11"/>
  </Style>
  <Style ss:ID="m37737852">
   <Alignment ss:Horizontal="Center" ss:Vertical="Top" ss:WrapText="1"/>
   <Borders>
    <Border ss:Position="Bottom" ss:LineStyle="Continuous" ss:Weight="1"/>
    <Border ss:Position="Left" ss:LineStyle="Continuous" ss:Weight="1"/>
    <Border ss:Position="Right" ss:LineStyle="Continuous" ss:Weight="1"/>
    <Border ss:Position="Top" ss:LineStyle="Continuous" ss:Weight="1"/>
   </Borders>
   <Font ss:FontName="Arial Cyr" x:CharSet="204" ss:Size="11"/>
  </Style>
  <Style ss:ID="s21">
   <Font ss:FontName="Arial Cyr" x:CharSet="204"/>
  </Style>
  <Style ss:ID="s22">
   <Alignment ss:Horizontal="Right" ss:Vertical="Bottom"/>
   <Font ss:FontName="Arial Cyr" x:CharSet="204"/>
  </Style>
  <Style ss:ID="s23">
   <Alignment ss:Horizontal="Center" ss:Vertical="Bottom" ss:WrapText="1"/>
   <Font ss:FontName="Arial Cyr" x:CharSet="204" ss:Size="13" ss:Bold="1"/>
  </Style>
  <Style ss:ID="s24">
   <Font ss:FontName="Arial Cyr" x:CharSet="204" ss:Size="12"/>
  </Style>
  <Style ss:ID="s25">
   <Alignment ss:Horizontal="Right" ss:Vertical="Bottom"/>
   <Font ss:FontName="Arial Cyr" x:CharSet="204" ss:Size="11"/>
  </Style>
  <Style ss:ID="s26">
   <Borders/>
  </Style>
  <Style ss:ID="s27">
   <Alignment ss:Horizontal="Center" ss:Vertical="Bottom" ss:WrapText="1"/>
   <Borders/>
   <Font ss:FontName="Arial Cyr" x:CharSet="204" ss:Size="11"/>
   <Interior/>
  </Style>
  <Style ss:ID="s28">
   <Alignment ss:Horizontal="Center" ss:Vertical="Bottom" ss:WrapText="1"/>
   <Borders>
    <Border ss:Position="Bottom" ss:LineStyle="Continuous" ss:Weight="1"/>
    <Border ss:Position="Left" ss:LineStyle="Continuous" ss:Weight="1"/>
    <Border ss:Position="Right" ss:LineStyle="Continuous" ss:Weight="1"/>
    <Border ss:Position="Top" ss:LineStyle="Continuous" ss:Weight="1"/>
   </Borders>
   <Font ss:FontName="Arial Cyr" x:CharSet="204" ss:Size="11"/>
   <Interior/>
  </Style>
  <Style ss:ID="s29">
   <Alignment ss:Horizontal="Right" ss:Vertical="Bottom" ss:WrapText="1"/>
   <Borders>
    <Border ss:Position="Bottom" ss:LineStyle="Continuous" ss:Weight="1"/>
    <Border ss:Position="Left" ss:LineStyle="Continuous" ss:Weight="1"/>
    <Border ss:Position="Right" ss:LineStyle="Continuous" ss:Weight="1"/>
    <Border ss:Position="Top" ss:LineStyle="Continuous" ss:Weight="1"/>
   </Borders>
   <Font ss:FontName="Arial Cyr" x:CharSet="204" ss:Size="11"/>
   <NumberFormat ss:Format="#,##0"/>
  </Style>
  <Style ss:ID="s30">
   <Alignment ss:Horizontal="Center" ss:Vertical="Bottom" ss:WrapText="1"/>
   <Borders>
    <Border ss:Position="Bottom" ss:LineStyle="Continuous" ss:Weight="1"/>
    <Border ss:Position="Left" ss:LineStyle="Continuous" ss:Weight="1"/>
    <Border ss:Position="Right" ss:LineStyle="Continuous" ss:Weight="1"/>
    <Border ss:Position="Top" ss:LineStyle="Continuous" ss:Weight="1"/>
   </Borders>
   <Font ss:FontName="Arial Cyr" x:CharSet="204" ss:Size="11"/>
  </Style>
  <Style ss:ID="s31">
   <Alignment ss:Horizontal="Right" ss:Vertical="Bottom" ss:WrapText="1"/>
   <Borders>
    <Border ss:Position="Right" ss:LineStyle="Continuous" ss:Weight="1"/>
   </Borders>
   <Font ss:FontName="Arial Cyr" x:CharSet="204" ss:Size="11"/>
   <NumberFormat ss:Format="#,##0"/>
  </Style>
  <Style ss:ID="s32">
   <Alignment ss:Horizontal="Right" ss:Vertical="Bottom" ss:WrapText="1"/>
   <Borders>
    <Border ss:Position="Bottom" ss:LineStyle="Continuous" ss:Weight="1"/>
    <Border ss:Position="Right" ss:LineStyle="Continuous" ss:Weight="1"/>
    <Border ss:Position="Top" ss:LineStyle="Continuous" ss:Weight="1"/>
   </Borders>
   <Font ss:FontName="Arial Cyr" x:CharSet="204" ss:Size="11"/>
   <NumberFormat ss:Format="#,##0"/>
  </Style>
  <Style ss:ID="s33">
   <Alignment ss:Horizontal="Left" ss:Vertical="Top" ss:WrapText="1"/>
   <Borders>
    <Border ss:Position="Left" ss:LineStyle="Continuous" ss:Weight="1"/>
   </Borders>
   <Font ss:FontName="Arial Cyr" x:CharSet="204" ss:Size="11" ss:Bold="1"/>
  </Style>
  <Style ss:ID="s34">
   <Alignment ss:Horizontal="Center" ss:Vertical="Top" ss:WrapText="1"/>
   <Borders>
    <Border ss:Position="Right" ss:LineStyle="Continuous" ss:Weight="2"/>
   </Borders>
   <Font ss:FontName="Arial Cyr" x:CharSet="204" ss:Size="11"/>
  </Style>
  <Style ss:ID="s35">
   <Alignment ss:Vertical="Top" ss:WrapText="1"/>
   <Borders>
    <Border ss:Position="Left" ss:LineStyle="Continuous" ss:Weight="1"/>
   </Borders>
   <Font ss:FontName="Arial Cyr" x:CharSet="204" ss:Size="11" ss:Bold="1"/>
  </Style>
  <Style ss:ID="s36">
   <Alignment ss:Horizontal="Left" ss:Vertical="Top" ss:WrapText="1"/>
   <Borders>
    <Border ss:Position="Bottom" ss:LineStyle="Continuous" ss:Weight="1"/>
    <Border ss:Position="Left" ss:LineStyle="Continuous" ss:Weight="1"/>
    <Border ss:Position="Top" ss:LineStyle="Continuous" ss:Weight="1"/>
   </Borders>
   <Font ss:FontName="Arial Cyr" x:CharSet="204" ss:Size="11" ss:Bold="1"/>
  </Style>
  <Style ss:ID="s37">
   <Alignment ss:Vertical="Top" ss:WrapText="1"/>
   <Borders>
    <Border ss:Position="Bottom" ss:LineStyle="Continuous" ss:Weight="1"/>
    <Border ss:Position="Left" ss:LineStyle="Continuous" ss:Weight="1"/>
    <Border ss:Position="Top" ss:LineStyle="Continuous" ss:Weight="1"/>
   </Borders>
   <Font ss:FontName="Arial Cyr" x:CharSet="204" ss:Size="11" ss:Bold="1"/>
  </Style>
  <Style ss:ID="s38">
   <Alignment ss:Horizontal="Right" ss:Vertical="Bottom" ss:WrapText="1"/>
   <Borders>
    <Border ss:Position="Right" ss:LineStyle="Continuous" ss:Weight="1"/>
    <Border ss:Position="Top" ss:LineStyle="Continuous" ss:Weight="1"/>
   </Borders>
   <Font ss:FontName="Arial Cyr" x:CharSet="204" ss:Size="11"/>
   <NumberFormat ss:Format="#,##0"/>
  </Style>
  <Style ss:ID="s39">
   <Alignment ss:Horizontal="Center" ss:Vertical="Bottom" ss:WrapText="1"/>
   <Borders>
    <Border ss:Position="Left" ss:LineStyle="Continuous" ss:Weight="1"/>
    <Border ss:Position="Right" ss:LineStyle="Continuous" ss:Weight="1"/>
    <Border ss:Position="Top" ss:LineStyle="Continuous" ss:Weight="1"/>
   </Borders>
   <Font ss:FontName="Arial Cyr" x:CharSet="204" ss:Size="11"/>
  </Style>
  <Style ss:ID="s40">
   <Alignment ss:Horizontal="Center" ss:Vertical="Bottom" ss:WrapText="1"/>
   <Borders>
    <Border ss:Position="Left" ss:LineStyle="Continuous" ss:Weight="1"/>
    <Border ss:Position="Right" ss:LineStyle="Continuous" ss:Weight="1"/>
   </Borders>
   <Font ss:FontName="Arial Cyr" x:CharSet="204" ss:Size="11"/>
  </Style>
  <Style ss:ID="s41">
   <Alignment ss:Horizontal="Center" ss:Vertical="Bottom" ss:WrapText="1"/>
   <Borders>
    <Border ss:Position="Bottom" ss:LineStyle="Continuous" ss:Weight="1"/>
    <Border ss:Position="Left" ss:LineStyle="Continuous" ss:Weight="1"/>
    <Border ss:Position="Right" ss:LineStyle="Continuous" ss:Weight="1"/>
   </Borders>
   <Font ss:FontName="Arial Cyr" x:CharSet="204" ss:Size="11"/>
  </Style>
  <Style ss:ID="s42">
   <Alignment ss:Horizontal="Center" ss:Vertical="Top" ss:WrapText="1"/>
   <Borders>
    <Border ss:Position="Bottom" ss:LineStyle="Continuous" ss:Weight="1"/>
    <Border ss:Position="Left" ss:LineStyle="Continuous" ss:Weight="1"/>
    <Border ss:Position="Right" ss:LineStyle="Continuous" ss:Weight="1"/>
    <Border ss:Position="Top" ss:LineStyle="Continuous" ss:Weight="1"/>
   </Borders>
   <Font ss:FontName="Arial Cyr" x:CharSet="204" ss:Size="11"/>
  </Style>
  <Style ss:ID="s43">
   <Alignment ss:Horizontal="Center" ss:Vertical="Top" ss:WrapText="1"/>
   <Borders/>
   <Font ss:FontName="Arial Cyr" x:CharSet="204" ss:Size="11"/>
  </Style>
  <Style ss:ID="s44">
   <Alignment ss:Horizontal="Left" ss:Vertical="Top" ss:WrapText="1"/>
   <Borders>
    <Border ss:Position="Bottom" ss:LineStyle="Continuous" ss:Weight="1"/>
    <Border ss:Position="Left" ss:LineStyle="Continuous" ss:Weight="1"/>
    <Border ss:Position="Right" ss:LineStyle="Continuous" ss:Weight="1"/>
    <Border ss:Position="Top" ss:LineStyle="Continuous" ss:Weight="1"/>
   </Borders>
   <Font ss:FontName="Arial Cyr" x:CharSet="204" ss:Size="11" ss:Bold="1"/>
  </Style>
  <Style ss:ID="s45">
   <Alignment ss:Horizontal="Right" ss:Vertical="Bottom"/>
   <Borders/>
   <Font ss:FontName="Arial Cyr" x:CharSet="204" ss:Size="11"/>
  </Style>
  <Style ss:ID="s46">
   <Alignment ss:Horizontal="Center" ss:Vertical="Top" ss:WrapText="1"/>
   <Borders>
    <Border ss:Position="Bottom" ss:LineStyle="Continuous" ss:Weight="1"/>
    <Border ss:Position="Left" ss:LineStyle="Continuous" ss:Weight="1"/>
    <Border ss:Position="Top" ss:LineStyle="Continuous" ss:Weight="1"/>
   </Borders>
   <Font ss:FontName="Arial Cyr" x:CharSet="204" ss:Size="12"/>
  </Style>
  <Style ss:ID="s47">
   <Alignment ss:Horizontal="Center" ss:Vertical="Top" ss:WrapText="1"/>
   <Borders>
    <Border ss:Position="Bottom" ss:LineStyle="Continuous" ss:Weight="1"/>
    <Border ss:Position="Right" ss:LineStyle="Continuous" ss:Weight="1"/>
    <Border ss:Position="Top" ss:LineStyle="Continuous" ss:Weight="1"/>
   </Borders>
   <Font ss:FontName="Arial Cyr" x:CharSet="204" ss:Size="12"/>
  </Style>
  <Style ss:ID="s48">
   <Alignment ss:Vertical="Top" ss:WrapText="1"/>
   <Borders>
    <Border ss:Position="Bottom" ss:LineStyle="Continuous" ss:Weight="1"/>
    <Border ss:Position="Left" ss:LineStyle="Continuous" ss:Weight="1"/>
    <Border ss:Position="Top" ss:LineStyle="Continuous" ss:Weight="1"/>
   </Borders>
   <Font ss:FontName="Arial Cyr" x:CharSet="204" ss:Size="11"/>
  </Style>
  <Style ss:ID="s49">
   <Alignment ss:Horizontal="Center" ss:Vertical="Top" ss:WrapText="1"/>
   <Borders>
    <Border ss:Position="Bottom" ss:LineStyle="Continuous" ss:Weight="1"/>
    <Border ss:Position="Left" ss:LineStyle="Continuous" ss:Weight="1"/>
    <Border ss:Position="Right" ss:LineStyle="Continuous" ss:Weight="1"/>
    <Border ss:Position="Top" ss:LineStyle="Continuous" ss:Weight="1"/>
   </Borders>
   <Font ss:FontName="Arial Cyr" x:CharSet="204" ss:Size="12"/>
  </Style>
  <Style ss:ID="s50">
   <Alignment ss:Horizontal="Left" ss:Vertical="Bottom" ss:Indent="2"
    ss:WrapText="1"/>
   <Borders>
    <Border ss:Position="Left" ss:LineStyle="Continuous" ss:Weight="1"/>
   </Borders>
   <Font ss:FontName="Arial" x:CharSet="204" x:Family="Swiss" ss:Size="11"/>
  </Style>
  <Style ss:ID="s51">
   <Alignment ss:Horizontal="Left" ss:Vertical="Bottom" ss:Indent="2"
    ss:WrapText="1"/>
   <Borders>
    <Border ss:Position="Bottom" ss:LineStyle="Continuous" ss:Weight="1"/>
    <Border ss:Position="Left" ss:LineStyle="Continuous" ss:Weight="1"/>
    <Border ss:Position="Right" ss:LineStyle="Continuous" ss:Weight="1"/>
    <Border ss:Position="Top" ss:LineStyle="Continuous" ss:Weight="1"/>
   </Borders>
   <Font ss:FontName="Arial" x:CharSet="204" x:Family="Swiss" ss:Size="11"/>
  </Style>
  <Style ss:ID="s66">
   <Alignment ss:Horizontal="Center" ss:Vertical="Center" ss:WrapText="1"/>
   <Borders>
    <Border ss:Position="Left" ss:LineStyle="Continuous" ss:Weight="1"/>
    <Border ss:Position="Top" ss:LineStyle="Continuous" ss:Weight="1"/>
   </Borders>
   <Font ss:FontName="Arial Cyr" x:CharSet="204" ss:Size="11"/>
  </Style>
  <Style ss:ID="s68">
   <Alignment ss:Horizontal="Center" ss:Vertical="Top" ss:WrapText="1"/>
   <Borders>
    <Border ss:Position="Left" ss:LineStyle="Continuous" ss:Weight="1"/>
    <Border ss:Position="Right" ss:LineStyle="Continuous" ss:Weight="1"/>
    <Border ss:Position="Top" ss:LineStyle="Continuous" ss:Weight="1"/>
   </Borders>
   <Font ss:FontName="Arial Cyr" x:CharSet="204" ss:Size="11"/>
  </Style>
  <Style ss:ID="s70">
   <Alignment ss:Horizontal="Center" ss:Vertical="Top" ss:WrapText="1"/>
   <Borders>
    <Border ss:Position="Right" ss:LineStyle="Continuous" ss:Weight="1"/>
    <Border ss:Position="Top" ss:LineStyle="Continuous" ss:Weight="1"/>
   </Borders>
   <Font ss:FontName="Arial Cyr" x:CharSet="204" ss:Size="11"/>
  </Style>
  <Style ss:ID="s72">
   <Alignment ss:Horizontal="Left" ss:Vertical="Bottom" ss:WrapText="1"/>
   <Font ss:FontName="Arial Cyr" x:CharSet="204" ss:Size="11"/>
  </Style>
  <Style ss:ID="s73">
   <Alignment ss:Horizontal="Left" ss:Vertical="Bottom"/>
   <Borders/>
   <Font ss:FontName="Arial Cyr" x:CharSet="204" ss:Size="11"/>
  </Style>
  <Style ss:ID="s75">
   <Alignment ss:Horizontal="Center" ss:Vertical="Bottom" ss:WrapText="1"/>
   <Font ss:FontName="Arial Cyr" x:CharSet="204" ss:Size="11"/>
  </Style>
  <Style ss:ID="s76">
   <Alignment ss:Horizontal="Right" ss:Vertical="Bottom"/>
  </Style>
  <Style ss:ID="s77">
   <Alignment ss:Horizontal="Center" ss:Vertical="Bottom"/>
   <Font ss:FontName="Arial Cyr" x:CharSet="204" ss:Size="13" ss:Bold="1"/>
  </Style>
  <Style ss:ID="s78">
   <Alignment ss:Horizontal="Left" ss:Vertical="Top" ss:WrapText="1"/>
   <Borders>
    <Border ss:Position="Left" ss:LineStyle="Continuous" ss:Weight="1"/>
    <Border ss:Position="Top" ss:LineStyle="Continuous" ss:Weight="1"/>
   </Borders>
   <Font ss:FontName="Arial Cyr" x:CharSet="204" ss:Size="11"/>
  </Style>
 </Styles>
 <Worksheet ss:Name="Р1">
  <Names>
   <NamedRange ss:Name="Print_Titles" ss:RefersTo="=Р1!R7:R10"/>
  </Names>
  <Table ss:ExpandedColumnCount="4" ss:ExpandedRowCount="21" x:FullColumns="1"
   x:FullRows="1">
   <Column ss:AutoFitWidth="0" ss:Width="358.5"/>
   <Column ss:Index="3" ss:AutoFitWidth="0" ss:Width="111.75"/>
   <Column ss:AutoFitWidth="0" ss:Width="75"/>
   <Row>
    <Cell ss:StyleID="s21"/>
    <Cell ss:StyleID="s21"/>
    <Cell ss:StyleID="s21"/>
    <Cell ss:StyleID="s22"><Data ss:Type="String">Форма № 5-МН</Data></Cell>
   </Row>
   <Row>
    <Cell ss:StyleID="s21"/>
    <Cell ss:StyleID="s21"/>
    <Cell ss:StyleID="s21"/>
    <Cell ss:StyleID="s22"><Data ss:Type="String">т.1</Data></Cell>
   </Row>
   <Row ss:Height="16.5">
    <Cell ss:MergeAcross="3" ss:StyleID="s23"><Data ss:Type="String">Раздел I </Data></Cell>
   </Row>
   <Row ss:AutoFitHeight="0" ss:Height="15">
    <Cell ss:MergeAcross="3" ss:StyleID="s23"><Data ss:Type="String">Отчет о налоговой базе и структуре начислений по земельному налогу </Data></Cell>
   </Row>
   <Row ss:AutoFitHeight="0" ss:Height="13.5">
    <Cell ss:MergeAcross="3" ss:StyleID="s75"><Data ss:Type="String">по состоянию на 01.01.2007 г.</Data></Cell>
   </Row>
   <Row ss:AutoFitHeight="0" ss:Height="13.5">
    <Cell ss:MergeAcross="2" ss:StyleID="s72"/>
    <Cell ss:StyleID="s23"/>
   </Row>
   <Row ss:AutoFitHeight="0" ss:Height="13.5">
    <Cell ss:MergeAcross="1" ss:StyleID="s73"><NamedCell ss:Name="Print_Titles"/></Cell>
    <Cell ss:StyleID="s24"><NamedCell ss:Name="Print_Titles"/></Cell>
    <Cell ss:StyleID="s25"><Data ss:Type="String">тыс. руб.</Data><NamedCell
      ss:Name="Print_Titles"/></Cell>
   </Row>
   <Row>
    <Cell ss:MergeDown="1" ss:StyleID="s66"><Data ss:Type="String">Показатели</Data><NamedCell
      ss:Name="Print_Titles"/></Cell>
    <Cell ss:MergeDown="1" ss:StyleID="m37737852"><Data ss:Type="String">Код&#10;строки</Data><NamedCell
      ss:Name="Print_Titles"/></Cell>
    <Cell ss:MergeDown="1" ss:StyleID="m37737812"><Data ss:Type="String">По организациям и индивидуальным предпринимателям</Data><NamedCell
      ss:Name="Print_Titles"/></Cell>
    <Cell ss:MergeDown="1" ss:StyleID="s70"><Data ss:Type="String">По физиче-&#10;ским лицам</Data><NamedCell
      ss:Name="Print_Titles"/></Cell>
   </Row>
   <Row ss:AutoFitHeight="0" ss:Height="39"/>
   <Row ss:Height="14.25">
    <Cell ss:StyleID="s42"><Data ss:Type="String">А</Data><NamedCell
      ss:Name="Print_Titles"/></Cell>
    <Cell ss:StyleID="s34"><Data ss:Type="String">Б</Data><NamedCell
      ss:Name="Print_Titles"/></Cell>
    <Cell ss:StyleID="s43"><Data ss:Type="Number">1</Data><NamedCell
      ss:Name="Print_Titles"/></Cell>
    <Cell ss:StyleID="s42"><Data ss:Type="Number">2</Data><NamedCell
      ss:Name="Print_Titles"/></Cell>
   </Row>
   <Row ss:AutoFitHeight="0" ss:Height="30">
    <Cell ss:StyleID="s35"><Data ss:Type="String">1. Количество налогоплательщиков, которым(и) начислен налог к уплате, единиц</Data></Cell>
    <Cell ss:StyleID="s39"><Data ss:Type="Number">100</Data></Cell>
    <Cell ss:StyleID="s38"><Data ss:Type="Number">358037</Data></Cell>
    <Cell ss:StyleID="s31"><Data ss:Type="Number">18627175</Data></Cell>
   </Row>
   <Row ss:AutoFitHeight="0" ss:Height="32.25">
    <Cell ss:StyleID="s36"><Data ss:Type="String">2. Количество земельных участков, учтенных в базе данных налоговых органов, единиц</Data></Cell>
    <Cell ss:StyleID="s30"><Data ss:Type="Number">200</Data></Cell>
    <Cell ss:StyleID="s38"><Data ss:Type="Number">957267</Data></Cell>
    <Cell ss:StyleID="s29"><Data ss:Type="Number">23995328</Data></Cell>
   </Row>
   <Row ss:AutoFitHeight="0" ss:Height="31.5">
    <Cell ss:StyleID="s33"><Data ss:Type="String">3. Количество долей в праве на земельные участки, учтенные в базе данных налоговых органов, единиц </Data></Cell>
    <Cell ss:StyleID="s40"><Data ss:Type="Number">300</Data></Cell>
    <Cell ss:StyleID="s38"><Data ss:Type="Number">1028342</Data></Cell>
    <Cell ss:StyleID="s31"><Data ss:Type="Number">28898332</Data></Cell>
   </Row>
   <Row ss:AutoFitHeight="0" ss:Height="49.5">
    <Cell ss:StyleID="s36"><Data ss:Type="String">4. Количество долей в праве на земельные участки, учтенные в базе данных налоговых органов, в отношении которых на-числен земельный налог к уплате, единиц</Data></Cell>
    <Cell ss:StyleID="s30"><Data ss:Type="Number">400</Data></Cell>
    <Cell ss:StyleID="s38"><Data ss:Type="Number">844530</Data></Cell>
    <Cell ss:StyleID="s29"><Data ss:Type="Number">20899230</Data></Cell>
   </Row>
   <Row ss:AutoFitHeight="0" ss:Height="24">
    <Cell ss:StyleID="s33"><Data ss:Type="String">5. Кадастровая стоимость</Data></Cell>
    <Cell ss:StyleID="s30"><Data ss:Type="Number">500</Data></Cell>
    <Cell ss:StyleID="s38"><Data ss:Type="Number">27471801320</Data></Cell>
    <Cell ss:StyleID="s29"><Data ss:Type="Number">6316046872</Data></Cell>
   </Row>
   <Row ss:AutoFitHeight="0" ss:Height="21">
    <Cell ss:StyleID="s37"><Data ss:Type="String">6. Налоговая база</Data></Cell>
    <Cell ss:StyleID="s41"><Data ss:Type="Number">600</Data></Cell>
    <Cell ss:StyleID="s38"><Data ss:Type="Number">7640286017</Data></Cell>
    <Cell ss:StyleID="s29"><Data ss:Type="Number">2202702825</Data></Cell>
   </Row>
   <Row ss:AutoFitHeight="0" ss:Height="16.5">
    <Cell ss:StyleID="s33"><Data ss:Type="String">7. Сумма налога, подлежащая уплате в бюджет </Data></Cell>
    <Cell ss:StyleID="s30"><Data ss:Type="Number">700</Data></Cell>
    <Cell ss:StyleID="s38"><Data ss:Type="Number">55076619</Data></Cell>
    <Cell ss:StyleID="s29"><Data ss:Type="Number">4172985</Data></Cell>
   </Row>
   <Row ss:AutoFitHeight="0" ss:Height="49.5">
    <Cell ss:StyleID="s44"><ss:Data ss:Type="String"
      xmlns="http://www.w3.org/TR/REC-html40"><B>8. Сумма налога, не поступившая в бюджет в связи с предос-тавлением налогоплательщикам льгот по налогу – всего, &#10;</B><Font>в том числе</Font><B>: &#10;</B></ss:Data></Cell>
    <Cell ss:StyleID="s30"><Data ss:Type="Number">800</Data></Cell>
    <Cell ss:StyleID="s38"><Data ss:Type="Number">28138979</Data></Cell>
    <Cell ss:StyleID="s29"><Data ss:Type="Number">539924</Data></Cell>
   </Row>
   <Row ss:AutoFitHeight="0" ss:Height="45">
    <Cell ss:StyleID="s50"><Data ss:Type="String">по льготам, установленным п.5 ст.391 НК РФ, ст.395 НК РФ, &#10;по льготам предоставляемым в соответствии со ст.7 НК РФ международными договорами Российской федерации </Data></Cell>
    <Cell ss:StyleID="s28"><Data ss:Type="Number">810</Data></Cell>
    <Cell ss:StyleID="s38"><Data ss:Type="Number">1865725</Data></Cell>
    <Cell ss:StyleID="s29"><Data ss:Type="Number">136923</Data></Cell>
   </Row>
   <Row ss:AutoFitHeight="0" ss:Height="57.75">
    <Cell ss:StyleID="s51"><Data ss:Type="String">  по льготам, установленным в соответствии с п.2 ст.387 НК РФ&#10;нормативными правовыми актами представительных органов&#10;муниципальных образований (законами городов федерального значения Москвы и Санкт-Петербурга) </Data></Cell>
    <Cell ss:StyleID="s28"><Data ss:Type="Number">820</Data></Cell>
    <Cell ss:StyleID="s29"><Data ss:Type="Number">26273254</Data></Cell>
    <Cell ss:StyleID="s29"><Data ss:Type="Number">403001</Data></Cell>
   </Row>
   <Row ss:Height="14.25">
    <Cell ss:Index="2" ss:StyleID="s27"/>
    <Cell ss:StyleID="s26"/>
   </Row>
  </Table>
  <WorksheetOptions xmlns="urn:schemas-microsoft-com:office:excel">
   <PageSetup>
    <Layout x:CenterHorizontal="1"/>
    <Header x:Margin="0.51181102362204722" x:Data="&amp;R1"/>
    <Footer x:Margin="0.51181102362204722"/>
    <PageMargins x:Bottom="0" x:Left="0.19685039370078741"
     x:Right="0.19685039370078741" x:Top="0"/>
   </PageSetup>
   <Print>
    <ValidPrinterInfo/>
    <PaperSizeIndex>9</PaperSizeIndex>
    <Scale>75</Scale>
    <HorizontalResolution>300</HorizontalResolution>
    <VerticalResolution>300</VerticalResolution>
   </Print>
   <FreezePanes/>
   <FrozenNoSplit/>
   <SplitHorizontal>10</SplitHorizontal>
   <TopRowBottomPane>16</TopRowBottomPane>
   <SplitVertical>2</SplitVertical>
   <LeftColumnRightPane>2</LeftColumnRightPane>
   <ActivePane>0</ActivePane>
   <Panes>
    <Pane>
     <Number>3</Number>
     <ActiveRow>7</ActiveRow>
     <RangeSelection>R8C1:R9C1</RangeSelection>
    </Pane>
    <Pane>
     <Number>1</Number>
     <ActiveRow>7</ActiveRow>
     <ActiveCol>0</ActiveCol>
     <RangeSelection>R8C1:R9C1</RangeSelection>
    </Pane>
    <Pane>
     <Number>2</Number>
     <ActiveRow>7</ActiveRow>
     <RangeSelection>R8C1:R9C1</RangeSelection>
    </Pane>
    <Pane>
     <Number>0</Number>
     <ActiveRow>18</ActiveRow>
    </Pane>
   </Panes>
   <ProtectObjects>False</ProtectObjects>
   <ProtectScenarios>False</ProtectScenarios>
  </WorksheetOptions>
 </Worksheet>
 <Worksheet ss:Name="Р2">
  <Names>
   <NamedRange ss:Name="Print_Titles" ss:RefersTo="=Р2!R7:R10"/>
  </Names>
  <Table ss:ExpandedColumnCount="3" ss:ExpandedRowCount="26" x:FullColumns="1"
   x:FullRows="1">
   <Column ss:AutoFitWidth="0" ss:Width="421.5"/>
   <Column ss:Index="3" ss:AutoFitWidth="0" ss:Width="75.75"/>
   <Row>
    <Cell ss:StyleID="s21"/>
    <Cell ss:StyleID="s21"/>
    <Cell ss:StyleID="s22"><Data ss:Type="String">Форма № 5-МН</Data></Cell>
   </Row>
   <Row>
    <Cell ss:StyleID="s21"/>
    <Cell ss:StyleID="s21"/>
    <Cell ss:StyleID="s22"><Data ss:Type="String">т.2</Data></Cell>
   </Row>
   <Row ss:Height="16.5">
    <Cell ss:MergeAcross="2" ss:StyleID="s77"><Data ss:Type="String">Раздел II</Data></Cell>
   </Row>
   <Row ss:AutoFitHeight="0" ss:Height="33">
    <Cell ss:MergeAcross="2" ss:StyleID="s23"><Data ss:Type="String">Отчет о налоговой базе и структуре начислений&#10; по налогу на имущество физических лиц</Data></Cell>
   </Row>
   <Row ss:AutoFitHeight="0" ss:Height="13.5">
    <Cell ss:MergeAcross="2" ss:StyleID="s75"><Data ss:Type="String">по состоянию на 01.01.2007 г.</Data></Cell>
   </Row>
   <Row ss:AutoFitHeight="0" ss:Height="13.5">
    <Cell ss:MergeAcross="2" ss:StyleID="s72"/>
   </Row>
   <Row ss:AutoFitHeight="0" ss:Height="13.5">
    <Cell ss:MergeAcross="1" ss:StyleID="s73"><NamedCell ss:Name="Print_Titles"/></Cell>
    <Cell ss:StyleID="s45"><Data ss:Type="String">тыс. руб.</Data><NamedCell
      ss:Name="Print_Titles"/></Cell>
   </Row>
   <Row ss:AutoFitHeight="0" ss:Height="15">
    <Cell ss:MergeDown="1" ss:StyleID="s78"><NamedCell ss:Name="Print_Titles"/></Cell>
    <Cell ss:MergeDown="1" ss:StyleID="s68"><Data ss:Type="String">Код&#10;строки</Data><NamedCell
      ss:Name="Print_Titles"/></Cell>
    <Cell ss:MergeDown="1" ss:StyleID="s70"><Data ss:Type="String">Значение&#10;показателей</Data><NamedCell
      ss:Name="Print_Titles"/></Cell>
   </Row>
   <Row ss:AutoFitHeight="0" ss:Height="15"/>
   <Row ss:Height="15">
    <Cell ss:StyleID="s46"><Data ss:Type="String">А</Data><NamedCell
      ss:Name="Print_Titles"/></Cell>
    <Cell ss:StyleID="s49"><Data ss:Type="String">Б</Data><NamedCell
      ss:Name="Print_Titles"/></Cell>
    <Cell ss:StyleID="s47"><Data ss:Type="String">1</Data><NamedCell
      ss:Name="Print_Titles"/></Cell>
   </Row>
   <Row ss:AutoFitHeight="0" ss:Height="30.75">
    <Cell ss:StyleID="s35"><Data ss:Type="String">1. Количество строений, помещений и сооружений, учтенных в базе дан-ных налоговых органов – всего, единиц,</Data></Cell>
    <Cell ss:StyleID="s40"><Data ss:Type="Number">1100</Data></Cell>
    <Cell ss:StyleID="s31"><Data ss:Type="Number">53848064</Data></Cell>
   </Row>
   <Row ss:AutoFitHeight="0" ss:Height="15">
    <Cell ss:StyleID="s48"><Data ss:Type="String">    в том числе  объектов жилищного фонда</Data></Cell>
    <Cell ss:StyleID="s30"><Data ss:Type="Number">1110</Data></Cell>
    <Cell ss:StyleID="s32"><Data ss:Type="Number">48089539</Data></Cell>
   </Row>
   <Row ss:AutoFitHeight="0" ss:Height="45.75">
    <Cell ss:StyleID="s35"><Data ss:Type="String">2. Количество строений, помещений и сооружений, находящихся в собственности физических лиц, по которым налог предъявлен к уплате в бюджет - всего, единиц, </Data></Cell>
    <Cell ss:StyleID="s40"><Data ss:Type="Number">1200</Data></Cell>
    <Cell ss:StyleID="s31"><Data ss:Type="Number">33551795</Data></Cell>
   </Row>
   <Row ss:AutoFitHeight="0" ss:Height="15">
    <Cell ss:StyleID="s48"><Data ss:Type="String">    в том числе  объектов жилищного фонда</Data></Cell>
    <Cell ss:StyleID="s30"><Data ss:Type="Number">1210</Data></Cell>
    <Cell ss:StyleID="s32"><Data ss:Type="Number">30510768</Data></Cell>
   </Row>
   <Row ss:AutoFitHeight="0" ss:Height="50.25">
    <Cell ss:StyleID="s35"><Data ss:Type="String">3. Общая инвентаризационная стоимость строений, помещений и сооружений, находящихся в собственности физичес-&#10;ких лиц, по которым налог предъявлен к уплате в бюджет - всего, </Data></Cell>
    <Cell ss:StyleID="s40"><Data ss:Type="Number">1300</Data></Cell>
    <Cell ss:StyleID="s31"><Data ss:Type="Number">4891278748</Data></Cell>
   </Row>
   <Row ss:AutoFitHeight="0" ss:Height="15">
    <Cell ss:StyleID="s48"><Data ss:Type="String">    в том числе объектов жилищного фонда</Data></Cell>
    <Cell ss:StyleID="s30"><Data ss:Type="Number">1310</Data></Cell>
    <Cell ss:StyleID="s32"><Data ss:Type="Number">4517357647</Data></Cell>
   </Row>
   <Row ss:AutoFitHeight="0" ss:Height="18.75">
    <Cell ss:StyleID="s35"><Data ss:Type="String">4. Сумма налога, предъявленная к уплате – всего, </Data></Cell>
    <Cell ss:StyleID="s40"><Data ss:Type="Number">1400</Data></Cell>
    <Cell ss:StyleID="s31"><Data ss:Type="Number">6440781</Data></Cell>
   </Row>
   <Row ss:AutoFitHeight="0" ss:Height="15">
    <Cell ss:StyleID="s48"><Data ss:Type="String">    в том числе  по объектам жилищного фонда</Data></Cell>
    <Cell ss:StyleID="s30"><Data ss:Type="Number">1410</Data></Cell>
    <Cell ss:StyleID="s32"><Data ss:Type="Number">5417940</Data></Cell>
   </Row>
   <Row ss:AutoFitHeight="0" ss:Height="30">
    <Cell ss:StyleID="s35"><Data ss:Type="String">5. Количество налогоплательщиков, которым исчислен налог, &#10;единиц – всего,</Data></Cell>
    <Cell ss:StyleID="s40"><Data ss:Type="Number">1500</Data></Cell>
    <Cell ss:StyleID="s31"><Data ss:Type="Number">49922270</Data></Cell>
   </Row>
   <Row ss:AutoFitHeight="0" ss:Height="19.5">
    <Cell ss:StyleID="s48"><Data ss:Type="String">    в том числе  собственников объектов жилищного фонда</Data></Cell>
    <Cell ss:StyleID="s30"><Data ss:Type="Number">1510</Data></Cell>
    <Cell ss:StyleID="s32"><Data ss:Type="Number">46570431</Data></Cell>
   </Row>
   <Row ss:AutoFitHeight="0" ss:Height="48">
    <Cell ss:StyleID="s35"><Data ss:Type="String">6. Количество налогоплательщиков, которым не производилось предъявление налога к уплате в связи с предоставлением&#10; налоговых льгот и освобождением от уплаты налога, единиц </Data></Cell>
    <Cell ss:StyleID="s40"><Data ss:Type="Number">1600</Data></Cell>
    <Cell ss:StyleID="s31"><Data ss:Type="Number">21678046</Data></Cell>
   </Row>
   <Row ss:AutoFitHeight="0" ss:Height="36">
    <Cell ss:StyleID="s37"><Data ss:Type="String">7. Сумма налога, не поступившая в бюджет в связи с предоставлением&#10; налоговых льгот и освобождением от уплаты налога</Data></Cell>
    <Cell ss:StyleID="s30"><Data ss:Type="Number">1700</Data></Cell>
    <Cell ss:StyleID="s32"><Data ss:Type="Number">4127315</Data></Cell>
   </Row>
   <Row ss:Height="14.25">
    <Cell ss:Index="2" ss:StyleID="s27"/>
   </Row>
   <Row ss:Index="26">
    <Cell ss:Index="2" ss:MergeAcross="1" ss:StyleID="s76"/>
   </Row>
  </Table>
  <WorksheetOptions xmlns="urn:schemas-microsoft-com:office:excel">
   <PageSetup>
    <Layout x:CenterHorizontal="1"/>
    <Header x:Margin="0.51181102362204722" x:Data="&amp;R1"/>
    <Footer x:Margin="0.51181102362204722"/>
    <PageMargins x:Bottom="0" x:Left="0.19685039370078741"
     x:Right="0.19685039370078741" x:Top="0"/>
   </PageSetup>
   <Print>
    <ValidPrinterInfo/>
    <PaperSizeIndex>9</PaperSizeIndex>
    <Scale>75</Scale>
    <HorizontalResolution>300</HorizontalResolution>
    <VerticalResolution>300</VerticalResolution>
   </Print>
   <Selected/>
   <FreezePanes/>
   <FrozenNoSplit/>
   <SplitHorizontal>10</SplitHorizontal>
   <TopRowBottomPane>10</TopRowBottomPane>
   <SplitVertical>2</SplitVertical>
   <LeftColumnRightPane>2</LeftColumnRightPane>
   <ActivePane>0</ActivePane>
   <Panes>
    <Pane>
     <Number>3</Number>
     <ActiveRow>7</ActiveRow>
     <RangeSelection>R8C1:R9C1</RangeSelection>
    </Pane>
    <Pane>
     <Number>1</Number>
     <ActiveRow>7</ActiveRow>
     <ActiveCol>0</ActiveCol>
     <RangeSelection>R8C1:R9C1</RangeSelection>
    </Pane>
    <Pane>
     <Number>2</Number>
     <ActiveRow>7</ActiveRow>
     <RangeSelection>R8C1:R9C1</RangeSelection>
    </Pane>
    <Pane>
     <Number>0</Number>
     <ActiveRow>25</ActiveRow>
     <ActiveCol>1</ActiveCol>
     <RangeSelection>R26C2:R26C3</RangeSelection>
    </Pane>
   </Panes>
   <ProtectObjects>False</ProtectObjects>
   <ProtectScenarios>False</ProtectScenarios>
  </WorksheetOptions>
 </Worksheet>
 <Worksheet ss:Name="hidden1">
  <Table ss:ExpandedColumnCount="2" ss:ExpandedRowCount="11" x:FullColumns="1"
   x:FullRows="1">
   <Row>
    <Cell><Data ss:Type="Number">358037</Data></Cell>
    <Cell><Data ss:Type="Number">18627175</Data></Cell>
   </Row>
   <Row>
    <Cell><Data ss:Type="Number">957267</Data></Cell>
    <Cell><Data ss:Type="Number">23995328</Data></Cell>
   </Row>
   <Row>
    <Cell><Data ss:Type="Number">1028342</Data></Cell>
    <Cell><Data ss:Type="Number">28898332</Data></Cell>
   </Row>
   <Row>
    <Cell><Data ss:Type="Number">844530</Data></Cell>
    <Cell><Data ss:Type="Number">20899230</Data></Cell>
   </Row>
   <Row>
    <Cell><Data ss:Type="Number">27471801320</Data></Cell>
    <Cell><Data ss:Type="Number">6316046872</Data></Cell>
   </Row>
   <Row>
    <Cell><Data ss:Type="Number">7640286017</Data></Cell>
    <Cell><Data ss:Type="Number">2202702825</Data></Cell>
   </Row>
   <Row>
    <Cell><Data ss:Type="Number">55076619</Data></Cell>
    <Cell><Data ss:Type="Number">4172985</Data></Cell>
   </Row>
   <Row>
    <Cell><Data ss:Type="Number">28138979</Data></Cell>
    <Cell><Data ss:Type="Number">539924</Data></Cell>
   </Row>
   <Row>
    <Cell><Data ss:Type="Number">1865725</Data></Cell>
    <Cell><Data ss:Type="Number">136923</Data></Cell>
   </Row>
   <Row>
    <Cell><Data ss:Type="Number">26273254</Data></Cell>
    <Cell><Data ss:Type="Number">403001</Data></Cell>
   </Row>
   <Row>
    <Cell><Data ss:Type="Number">35226630090</Data></Cell>
    <Cell><Data ss:Type="Number">8616422595</Data></Cell>
   </Row>
  </Table>
  <WorksheetOptions xmlns="urn:schemas-microsoft-com:office:excel">
   <Visible>SheetHidden</Visible>
   <ProtectObjects>False</ProtectObjects>
   <ProtectScenarios>False</ProtectScenarios>
  </WorksheetOptions>
 </Worksheet>
 <Worksheet ss:Name="hidden2">
  <Table ss:ExpandedColumnCount="1" ss:ExpandedRowCount="13" x:FullColumns="1"
   x:FullRows="1">
   <Row>
    <Cell><Data ss:Type="Number">53848064</Data></Cell>
   </Row>
   <Row>
    <Cell><Data ss:Type="Number">48089539</Data></Cell>
   </Row>
   <Row>
    <Cell><Data ss:Type="Number">33551795</Data></Cell>
   </Row>
   <Row>
    <Cell><Data ss:Type="Number">30510768</Data></Cell>
   </Row>
   <Row>
    <Cell><Data ss:Type="Number">4891278748</Data></Cell>
   </Row>
   <Row>
    <Cell><Data ss:Type="Number">4517357647</Data></Cell>
   </Row>
   <Row>
    <Cell><Data ss:Type="Number">6440781</Data></Cell>
   </Row>
   <Row>
    <Cell><Data ss:Type="Number">5417940</Data></Cell>
   </Row>
   <Row>
    <Cell><Data ss:Type="Number">49922270</Data></Cell>
   </Row>
   <Row>
    <Cell><Data ss:Type="Number">46570431</Data></Cell>
   </Row>
   <Row>
    <Cell><Data ss:Type="Number">21678046</Data></Cell>
   </Row>
   <Row>
    <Cell><Data ss:Type="Number">4127315</Data></Cell>
   </Row>
   <Row>
    <Cell><Data ss:Type="Number">9708793344</Data></Cell>
   </Row>
  </Table>
  <WorksheetOptions xmlns="urn:schemas-microsoft-com:office:excel">
   <Visible>SheetHidden</Visible>
   <ProtectObjects>False</ProtectObjects>
   <ProtectScenarios>False</ProtectScenarios>
  </WorksheetOptions>
 </Worksheet>
 <Worksheet ss:Name="hidden3">
  <Table ss:ExpandedColumnCount="2" ss:ExpandedRowCount="38" x:FullColumns="1"
   x:FullRows="1">
   <Row>
    <Cell><Data ss:Type="String">на 01.01.2007 г.</Data></Cell>
    <Cell><Data ss:Type="Number">1</Data></Cell>
   </Row>
   <Row>
    <Cell><Data ss:Type="String">на 01.12.2006 г.</Data></Cell>
    <Cell><Data ss:Type="Number">2</Data></Cell>
   </Row>
   <Row>
    <Cell><Data ss:Type="String">на 01.10.2006 г.</Data></Cell>
    <Cell><Data ss:Type="Number">3</Data></Cell>
   </Row>
   <Row>
    <Cell><Data ss:Type="String">на 01.01.2006 г.</Data></Cell>
    <Cell><Data ss:Type="Number">4</Data></Cell>
   </Row>
   <Row>
    <Cell><Data ss:Type="String">на 01 января 2007 года</Data></Cell>
    <Cell><Data ss:Type="Number">5</Data></Cell>
   </Row>
   <Row>
    <Cell><Data ss:Type="String">на 01 декабря 2006 года</Data></Cell>
    <Cell><Data ss:Type="Number">6</Data></Cell>
   </Row>
   <Row>
    <Cell><Data ss:Type="String">на 01 октября 2006 года</Data></Cell>
    <Cell><Data ss:Type="Number">7</Data></Cell>
   </Row>
   <Row>
    <Cell><Data ss:Type="String">на 01 января 2006 года</Data></Cell>
    <Cell><Data ss:Type="Number">8</Data></Cell>
   </Row>
   <Row>
    <Cell><Data ss:Type="String">по состоянию на 01.01.2007 г.</Data></Cell>
    <Cell><Data ss:Type="Number">9</Data></Cell>
   </Row>
   <Row>
    <Cell><Data ss:Type="String">по состоянию на 01.12.2006 г.</Data></Cell>
    <Cell><Data ss:Type="Number">10</Data></Cell>
   </Row>
   <Row>
    <Cell><Data ss:Type="String">по состоянию на 01.10.2006 г.</Data></Cell>
    <Cell><Data ss:Type="Number">11</Data></Cell>
   </Row>
   <Row>
    <Cell><Data ss:Type="String">по состоянию на 01.01.2006 г.</Data></Cell>
    <Cell><Data ss:Type="Number">12</Data></Cell>
   </Row>
   <Row>
    <Cell><Data ss:Type="String">по состоянию на 01 января 2007 года</Data></Cell>
    <Cell><Data ss:Type="Number">13</Data></Cell>
   </Row>
   <Row>
    <Cell><Data ss:Type="String">по состоянию на 01 декабря 2006 года</Data></Cell>
    <Cell><Data ss:Type="Number">14</Data></Cell>
   </Row>
   <Row>
    <Cell><Data ss:Type="String">по состоянию на 01 октября 2006 года</Data></Cell>
    <Cell><Data ss:Type="Number">15</Data></Cell>
   </Row>
   <Row>
    <Cell><Data ss:Type="String">по состоянию на 01 января 2006 года</Data></Cell>
    <Cell><Data ss:Type="Number">16</Data></Cell>
   </Row>
   <Row>
    <Cell><Data ss:Type="String">в  январe 2007 года</Data></Cell>
    <Cell><Data ss:Type="Number">17</Data></Cell>
   </Row>
   <Row>
    <Cell><Data ss:Type="String">на январь</Data></Cell>
    <Cell><Data ss:Type="Number">18</Data></Cell>
   </Row>
   <Row>
    <Cell><Data ss:Type="String">за январь</Data></Cell>
    <Cell><Data ss:Type="Number">19</Data></Cell>
   </Row>
   <Row>
    <Cell><Data ss:Type="String">в январе</Data></Cell>
    <Cell><Data ss:Type="Number">20</Data></Cell>
   </Row>
   <Row>
    <Cell><Data ss:Type="String">на январь 2007 г.</Data></Cell>
    <Cell><Data ss:Type="Number">21</Data></Cell>
   </Row>
   <Row>
    <Cell><Data ss:Type="String">за январь  2007 г.</Data></Cell>
    <Cell><Data ss:Type="Number">22</Data></Cell>
   </Row>
   <Row>
    <Cell><Data ss:Type="String">за январь  2007 г.</Data></Cell>
    <Cell><Data ss:Type="Number">23</Data></Cell>
   </Row>
   <Row>
    <Cell><Data ss:Type="String">на январь 2006 г.</Data></Cell>
    <Cell><Data ss:Type="Number">24</Data></Cell>
   </Row>
   <Row>
    <Cell><Data ss:Type="String">за январь  2006 г.</Data></Cell>
    <Cell><Data ss:Type="Number">25</Data></Cell>
   </Row>
   <Row>
    <Cell><Data ss:Type="String">в январе  2006 г.</Data></Cell>
    <Cell><Data ss:Type="Number">26</Data></Cell>
   </Row>
   <Row>
    <Cell><Data ss:Type="String">12 мес.</Data></Cell>
    <Cell><Data ss:Type="Number">27</Data></Cell>
   </Row>
   <Row>
    <Cell><Data ss:Type="String">за 12 мес.</Data></Cell>
    <Cell><Data ss:Type="Number">28</Data></Cell>
   </Row>
   <Row>
    <Cell><Data ss:Type="String">12 месяцев</Data></Cell>
    <Cell><Data ss:Type="Number">29</Data></Cell>
   </Row>
   <Row>
    <Cell><Data ss:Type="String">за 12 месяцев</Data></Cell>
    <Cell><Data ss:Type="Number">30</Data></Cell>
   </Row>
   <Row>
    <Cell><Data ss:Type="String">декабрь</Data></Cell>
    <Cell><Data ss:Type="Number">31</Data></Cell>
   </Row>
   <Row>
    <Cell><Data ss:Type="String">ноябрь</Data></Cell>
    <Cell><Data ss:Type="Number">32</Data></Cell>
   </Row>
   <Row>
    <Cell><Data ss:Type="String">октябрь</Data></Cell>
    <Cell><Data ss:Type="Number">33</Data></Cell>
   </Row>
   <Row>
    <Cell><Data ss:Type="String">Поступило         01.01.2007 г.        12 мес.</Data></Cell>
    <Cell><Data ss:Type="Number">34</Data></Cell>
   </Row>
   <Row>
    <Cell><Data ss:Type="String">в  декабрe 2006 года</Data></Cell>
    <Cell><Data ss:Type="Number">35</Data></Cell>
   </Row>
   <Row>
    <Cell><Data ss:Type="String">на 01.07.2006 г.</Data></Cell>
    <Cell><Data ss:Type="Number">36</Data></Cell>
   </Row>
   <Row>
    <Cell><Data ss:Type="String"> январь</Data></Cell>
    <Cell><Data ss:Type="Number">37</Data></Cell>
   </Row>
   <Row>
    <Cell><Data ss:Type="String">январь</Data></Cell>
    <Cell><Data ss:Type="Number">37</Data></Cell>
   </Row>
  </Table>
  <WorksheetOptions xmlns="urn:schemas-microsoft-com:office:excel">
   <Visible>SheetHidden</Visible>
   <ProtectObjects>False</ProtectObjects>
   <ProtectScenarios>False</ProtectScenarios>
  </WorksheetOptions>
 </Worksheet>
</Workbook>
