<?xml version="1.0"?>
<?mso-application progid="Excel.Sheet"?>
<Workbook xmlns="urn:schemas-microsoft-com:office:spreadsheet"
 xmlns:o="urn:schemas-microsoft-com:office:office"
 xmlns:x="urn:schemas-microsoft-com:office:excel"
 xmlns:ss="urn:schemas-microsoft-com:office:spreadsheet"
 xmlns:html="http://www.w3.org/TR/REC-html40">
 <DocumentProperties xmlns="urn:schemas-microsoft-com:office:office">
  <Author>User</Author>
  <LastAuthor>balmaster</LastAuthor>
  <LastPrinted>2006-10-30T08:04:16Z</LastPrinted>
  <Created>2004-03-02T11:11:07Z</Created>
  <LastSaved>2010-03-23T12:57:13Z</LastSaved>
  <Company>MNS</Company>
  <Version>12.00</Version>
 </DocumentProperties>
 <ExcelWorkbook xmlns="urn:schemas-microsoft-com:office:excel">
  <WindowHeight>5130</WindowHeight>
  <WindowWidth>9405</WindowWidth>
  <WindowTopX>90</WindowTopX>
  <WindowTopY>75</WindowTopY>
  <ProtectStructure>False</ProtectStructure>
  <ProtectWindows>False</ProtectWindows>
 </ExcelWorkbook>
 <Styles>
  <Style ss:ID="Default" ss:Name="Normal">
   <Alignment ss:Vertical="Bottom"/>
   <Borders/>
   <Font ss:FontName="Arial Cyr" x:CharSet="204"/>
   <Interior/>
   <NumberFormat/>
   <Protection/>
  </Style>
  <Style ss:ID="s23">
   <Alignment ss:Vertical="Top" ss:WrapText="1"/>
   <Borders>
    <Border ss:Position="Bottom" ss:LineStyle="Continuous" ss:Weight="1"/>
    <Border ss:Position="Left" ss:LineStyle="Continuous" ss:Weight="1"/>
    <Border ss:Position="Right" ss:LineStyle="Continuous" ss:Weight="1"/>
   </Borders>
   <Font ss:FontName="Times New Roman" x:Family="Roman" ss:Color="#000000"/>
  </Style>
  <Style ss:ID="s24">
   <Alignment ss:Vertical="Top" ss:WrapText="1"/>
   <Borders>
    <Border ss:Position="Bottom" ss:LineStyle="Continuous" ss:Weight="1"/>
    <Border ss:Position="Left" ss:LineStyle="Continuous" ss:Weight="1"/>
    <Border ss:Position="Right" ss:LineStyle="Continuous" ss:Weight="1"/>
    <Border ss:Position="Top" ss:LineStyle="Continuous" ss:Weight="1"/>
   </Borders>
   <Font ss:FontName="Times New Roman" x:Family="Roman" ss:Color="#000000"
    ss:Bold="1"/>
  </Style>
  <Style ss:ID="s25">
   <Alignment ss:Vertical="Top" ss:WrapText="1"/>
   <Borders>
    <Border ss:Position="Left" ss:LineStyle="Continuous" ss:Weight="1"/>
    <Border ss:Position="Right" ss:LineStyle="Continuous" ss:Weight="1"/>
   </Borders>
   <Font ss:FontName="Times New Roman" x:Family="Roman" ss:Color="#000000"
    ss:Bold="1"/>
  </Style>
  <Style ss:ID="s26">
   <Font ss:FontName="Arial Cyr" x:CharSet="204"/>
  </Style>
  <Style ss:ID="s27">
   <Font ss:FontName="Arial Cyr" x:CharSet="204" x:Family="Swiss" ss:Bold="1"/>
  </Style>
  <Style ss:ID="s28">
   <Alignment ss:Horizontal="Left" ss:Vertical="Top" ss:Indent="2" ss:WrapText="1"/>
   <Borders>
    <Border ss:Position="Bottom" ss:LineStyle="Continuous" ss:Weight="1"/>
    <Border ss:Position="Left" ss:LineStyle="Continuous" ss:Weight="1"/>
    <Border ss:Position="Right" ss:LineStyle="Continuous" ss:Weight="1"/>
   </Borders>
   <Font ss:FontName="Times New Roman" x:Family="Roman" ss:Color="#000000"/>
  </Style>
  <Style ss:ID="s29">
   <Alignment ss:Horizontal="Left" ss:Vertical="Top" ss:WrapText="1"/>
   <Borders>
    <Border ss:Position="Bottom" ss:LineStyle="Continuous" ss:Weight="1"/>
    <Border ss:Position="Left" ss:LineStyle="Continuous" ss:Weight="1"/>
    <Border ss:Position="Right" ss:LineStyle="Continuous" ss:Weight="1"/>
    <Border ss:Position="Top" ss:LineStyle="Continuous" ss:Weight="1"/>
   </Borders>
   <Font ss:FontName="Times New Roman" x:Family="Roman" ss:Color="#000000"
    ss:Bold="1"/>
  </Style>
  <Style ss:ID="s30">
   <Alignment ss:Horizontal="Left" ss:Vertical="Top" ss:WrapText="1"/>
   <Borders>
    <Border ss:Position="Bottom" ss:LineStyle="Continuous" ss:Weight="1"/>
    <Border ss:Position="Left" ss:LineStyle="Continuous" ss:Weight="1"/>
    <Border ss:Position="Right" ss:LineStyle="Continuous" ss:Weight="1"/>
   </Borders>
   <Font ss:FontName="Times New Roman" x:Family="Roman" ss:Color="#000000"/>
  </Style>
  <Style ss:ID="s31">
   <Alignment ss:Horizontal="Left" ss:Vertical="Top" ss:Indent="1" ss:WrapText="1"/>
   <Borders>
    <Border ss:Position="Bottom" ss:LineStyle="Continuous" ss:Weight="1"/>
    <Border ss:Position="Left" ss:LineStyle="Continuous" ss:Weight="1"/>
    <Border ss:Position="Right" ss:LineStyle="Continuous" ss:Weight="1"/>
   </Borders>
   <Font ss:FontName="Times New Roman" x:Family="Roman" ss:Color="#000000"/>
  </Style>
  <Style ss:ID="s32">
   <Alignment ss:Horizontal="Left" ss:Vertical="Top" ss:Indent="1" ss:WrapText="1"/>
   <Borders>
    <Border ss:Position="Bottom" ss:LineStyle="Continuous" ss:Weight="1"/>
    <Border ss:Position="Left" ss:LineStyle="Continuous" ss:Weight="1"/>
    <Border ss:Position="Right" ss:LineStyle="Continuous" ss:Weight="1"/>
    <Border ss:Position="Top" ss:LineStyle="Continuous" ss:Weight="1"/>
   </Borders>
   <Font ss:FontName="Times New Roman" x:Family="Roman" ss:Color="#000000"/>
  </Style>
  <Style ss:ID="s33">
   <Alignment ss:Horizontal="Left" ss:Vertical="Top" ss:Indent="2" ss:WrapText="1"/>
   <Borders>
    <Border ss:Position="Bottom" ss:LineStyle="Continuous" ss:Weight="1"/>
    <Border ss:Position="Left" ss:LineStyle="Continuous" ss:Weight="1"/>
    <Border ss:Position="Right" ss:LineStyle="Continuous" ss:Weight="1"/>
    <Border ss:Position="Top" ss:LineStyle="Continuous" ss:Weight="1"/>
   </Borders>
   <Font ss:FontName="Times New Roman" x:Family="Roman" ss:Color="#000000"/>
  </Style>
  <Style ss:ID="s34">
   <Alignment ss:Horizontal="Left" ss:Vertical="Top" ss:Indent="1" ss:WrapText="1"/>
   <Borders>
    <Border ss:Position="Bottom" ss:LineStyle="Continuous" ss:Weight="1"/>
    <Border ss:Position="Left" ss:LineStyle="Continuous" ss:Weight="1"/>
    <Border ss:Position="Top" ss:LineStyle="Continuous" ss:Weight="1"/>
   </Borders>
   <Font ss:FontName="Times New Roman" x:Family="Roman" ss:Color="#000000"/>
  </Style>
  <Style ss:ID="s35">
   <Alignment ss:Vertical="Top" ss:WrapText="1"/>
   <Borders>
    <Border ss:Position="Bottom" ss:LineStyle="Continuous" ss:Weight="1"/>
    <Border ss:Position="Left" ss:LineStyle="Continuous" ss:Weight="1"/>
    <Border ss:Position="Right" ss:LineStyle="Continuous" ss:Weight="1"/>
    <Border ss:Position="Top" ss:LineStyle="Continuous" ss:Weight="1"/>
   </Borders>
   <Font ss:FontName="Times New Roman" x:Family="Roman" ss:Color="#000000"/>
  </Style>
  <Style ss:ID="s38">
   <Alignment ss:Horizontal="Right" ss:Vertical="Bottom"/>
   <Font ss:FontName="Arial Cyr" x:CharSet="204"/>
  </Style>
  <Style ss:ID="s39">
   <Alignment ss:Horizontal="Center" ss:Vertical="Center"/>
   <Borders>
    <Border ss:Position="Bottom" ss:LineStyle="Continuous" ss:Weight="1"/>
    <Border ss:Position="Left" ss:LineStyle="Continuous" ss:Weight="1"/>
    <Border ss:Position="Right" ss:LineStyle="Continuous" ss:Weight="1"/>
    <Border ss:Position="Top" ss:LineStyle="Continuous" ss:Weight="1"/>
   </Borders>
   <Font ss:FontName="Arial Cyr" x:CharSet="204"/>
  </Style>
  <Style ss:ID="s40">
   <Alignment ss:Horizontal="Center" ss:Vertical="Center" ss:WrapText="1"/>
   <Borders>
    <Border ss:Position="Bottom" ss:LineStyle="Continuous" ss:Weight="1"/>
    <Border ss:Position="Left" ss:LineStyle="Continuous" ss:Weight="1"/>
    <Border ss:Position="Right" ss:LineStyle="Continuous" ss:Weight="1"/>
    <Border ss:Position="Top" ss:LineStyle="Continuous" ss:Weight="1"/>
   </Borders>
   <Font ss:FontName="Arial Cyr" x:CharSet="204"/>
  </Style>
  <Style ss:ID="s41">
   <Alignment ss:Horizontal="Center" ss:Vertical="Bottom"/>
   <Borders>
    <Border ss:Position="Bottom" ss:LineStyle="Continuous" ss:Weight="1"/>
    <Border ss:Position="Left" ss:LineStyle="Continuous" ss:Weight="1"/>
    <Border ss:Position="Right" ss:LineStyle="Continuous" ss:Weight="1"/>
    <Border ss:Position="Top" ss:LineStyle="Continuous" ss:Weight="1"/>
   </Borders>
   <Font ss:FontName="Arial Cyr" x:CharSet="204"/>
  </Style>
  <Style ss:ID="s42">
   <Borders>
    <Border ss:Position="Bottom" ss:LineStyle="Continuous" ss:Weight="1"/>
    <Border ss:Position="Left" ss:LineStyle="Continuous" ss:Weight="1"/>
    <Border ss:Position="Right" ss:LineStyle="Continuous" ss:Weight="1"/>
    <Border ss:Position="Top" ss:LineStyle="Continuous" ss:Weight="1"/>
   </Borders>
   <Font ss:FontName="Arial Cyr" x:CharSet="204"/>
  </Style>
  <Style ss:ID="s44">
   <Borders>
    <Border ss:Position="Left" ss:LineStyle="Continuous" ss:Weight="1"/>
    <Border ss:Position="Right" ss:LineStyle="Continuous" ss:Weight="1"/>
    <Border ss:Position="Top" ss:LineStyle="Continuous" ss:Weight="1"/>
   </Borders>
   <Font ss:FontName="Arial Cyr" x:CharSet="204"/>
  </Style>
  <Style ss:ID="s45">
   <Alignment ss:Horizontal="Center" ss:Vertical="Bottom"/>
   <Font ss:FontName="Arial Cyr" x:CharSet="204"/>
  </Style>
  <Style ss:ID="s46">
   <Alignment ss:Horizontal="Center" ss:Vertical="Bottom"/>
   <Borders>
    <Border ss:Position="Bottom" ss:LineStyle="Continuous" ss:Weight="1"/>
    <Border ss:Position="Left" ss:LineStyle="Continuous" ss:Weight="1"/>
    <Border ss:Position="Right" ss:LineStyle="Continuous" ss:Weight="1"/>
    <Border ss:Position="Top" ss:LineStyle="Continuous" ss:Weight="1"/>
   </Borders>
   <Font ss:FontName="Arial Cyr" x:CharSet="204" x:Family="Swiss"/>
  </Style>
  <Style ss:ID="s47">
   <Alignment ss:Horizontal="Center" ss:Vertical="Bottom"/>
   <Borders>
    <Border ss:Position="Left" ss:LineStyle="Continuous" ss:Weight="1"/>
    <Border ss:Position="Right" ss:LineStyle="Continuous" ss:Weight="1"/>
    <Border ss:Position="Top" ss:LineStyle="Continuous" ss:Weight="1"/>
   </Borders>
   <Font ss:FontName="Arial Cyr" x:CharSet="204" x:Family="Swiss"/>
  </Style>
  <Style ss:ID="s48">
   <Alignment ss:Horizontal="Center" ss:Vertical="Bottom"/>
   <Borders>
    <Border ss:Position="Bottom" ss:LineStyle="Continuous" ss:Weight="1"/>
    <Border ss:Position="Left" ss:LineStyle="Continuous" ss:Weight="1"/>
    <Border ss:Position="Right" ss:LineStyle="Continuous" ss:Weight="1"/>
   </Borders>
   <Font ss:FontName="Arial Cyr" x:CharSet="204" x:Family="Swiss"/>
  </Style>
  <Style ss:ID="s49">
   <Alignment ss:Horizontal="Center" ss:Vertical="Bottom"/>
   <Borders>
    <Border ss:Position="Bottom" ss:LineStyle="Continuous" ss:Weight="1"/>
    <Border ss:Position="Left" ss:LineStyle="Continuous" ss:Weight="1"/>
    <Border ss:Position="Top" ss:LineStyle="Continuous" ss:Weight="1"/>
   </Borders>
   <Font ss:FontName="Arial Cyr" x:CharSet="204" x:Family="Swiss"/>
  </Style>
  <Style ss:ID="s50">
   <Alignment ss:Horizontal="Center" ss:Vertical="Bottom"/>
   <Borders>
    <Border ss:Position="Left" ss:LineStyle="Continuous" ss:Weight="1"/>
    <Border ss:Position="Right" ss:LineStyle="Continuous" ss:Weight="1"/>
   </Borders>
   <Font ss:FontName="Arial Cyr" x:CharSet="204" x:Family="Swiss"/>
  </Style>
  <Style ss:ID="s56">
   <Alignment ss:Horizontal="Right" ss:Vertical="Bottom"/>
   <Font ss:FontName="Arial Cyr" x:CharSet="204" x:Family="Swiss"/>
  </Style>
  <Style ss:ID="s57">
   <Alignment ss:Horizontal="Center" ss:Vertical="Bottom" ss:WrapText="1"/>
   <Font ss:FontName="Arial Cyr" x:CharSet="204" x:Family="Swiss" ss:Bold="1"/>
  </Style>
  <Style ss:ID="s58">
   <Alignment ss:Horizontal="Center" ss:Vertical="Bottom"/>
   <Font ss:FontName="Arial Cyr" x:CharSet="204" x:Family="Swiss" ss:Bold="1"/>
  </Style>
  <Style ss:ID="s59">
   <Alignment ss:Horizontal="Center" ss:Vertical="Bottom"/>
   <Font ss:FontName="Arial Cyr" x:CharSet="204" x:Family="Swiss"/>
  </Style>
 </Styles>
 <Worksheet ss:Name="Лист1">
  <Names>
   <NamedRange ss:Name="Print_Titles" ss:RefersTo="=Лист1!R3:R7"/>
  </Names>
  <Table ss:ExpandedColumnCount="3" ss:ExpandedRowCount="72" x:FullColumns="1"
   x:FullRows="1" ss:StyleID="s26">
   <Column ss:StyleID="s26" ss:AutoFitWidth="0" ss:Width="342.75"/>
   <Column ss:StyleID="s26" ss:AutoFitWidth="0" ss:Width="40.5"/>
   <Column ss:StyleID="s26" ss:AutoFitWidth="0" ss:Width="59.25"/>
   <Row>
    <Cell ss:Index="2" ss:MergeAcross="1" ss:StyleID="s56"><Data ss:Type="String">Форма 5-НДПИ</Data></Cell>
   </Row>
   <Row ss:AutoFitHeight="0" ss:Height="30">
    <Cell ss:MergeAcross="2" ss:StyleID="s57"><Data ss:Type="String">Отчет о налоговой базе и структуре начислений&#10;по налогу на добычу полезных ископаемых </Data></Cell>
   </Row>
   <Row>
    <Cell ss:MergeAcross="2" ss:StyleID="s58"><Data ss:Type="String">по состоянию на 01.01.2007 г.</Data><NamedCell
      ss:Name="Print_Titles"/></Cell>
   </Row>
   <Row>
    <Cell ss:MergeAcross="2" ss:StyleID="s59"><NamedCell ss:Name="Print_Titles"/></Cell>
   </Row>
   <Row>
    <Cell ss:StyleID="s27"><Data ss:Type="String">Всего по России</Data><NamedCell
      ss:Name="Print_Titles"/></Cell>
    <Cell ss:Index="3" ss:StyleID="s38"><Data ss:Type="String">тыс.руб.</Data><NamedCell
      ss:Name="Print_Titles"/></Cell>
   </Row>
   <Row ss:AutoFitHeight="0" ss:Height="26.4375">
    <Cell ss:StyleID="s39"><Data ss:Type="String">Наименование показателя</Data><NamedCell
      ss:Name="Print_Titles"/></Cell>
    <Cell ss:StyleID="s40"><Data ss:Type="String">Код &#10;строки</Data><NamedCell
      ss:Name="Print_Titles"/></Cell>
    <Cell ss:StyleID="s40"><Data ss:Type="String">Значение&#10;показателя</Data><NamedCell
      ss:Name="Print_Titles"/></Cell>
   </Row>
   <Row ss:AutoFitHeight="0" ss:Height="13.125">
    <Cell ss:StyleID="s39"><Data ss:Type="String">А</Data><NamedCell
      ss:Name="Print_Titles"/></Cell>
    <Cell ss:StyleID="s40"><Data ss:Type="String">Б</Data><NamedCell
      ss:Name="Print_Titles"/></Cell>
    <Cell ss:StyleID="s40"><Data ss:Type="Number">1</Data><NamedCell
      ss:Name="Print_Titles"/></Cell>
   </Row>
   <Row>
    <Cell ss:StyleID="s29"><Data ss:Type="String">1. Количество добытых полезных ископаемых:</Data></Cell>
    <Cell ss:StyleID="s41"/>
    <Cell ss:StyleID="s42"/>
   </Row>
   <Row>
    <Cell ss:StyleID="s30"><ss:Data ss:Type="String"
      xmlns="http://www.w3.org/TR/REC-html40"><Font html:Color="#000000">нефть, </Font><B><Font
        html:Color="#000000">тыс. тонн, </Font></B><Font html:Color="#000000">в том числе:</Font></ss:Data></Cell>
    <Cell ss:StyleID="s46"><Data ss:Type="Number">1110</Data></Cell>
    <Cell ss:StyleID="s42"><Data ss:Type="Number">453980</Data></Cell>
   </Row>
   <Row>
    <Cell ss:StyleID="s31"><Data ss:Type="String">облагаемой по налоговой ставке 0 %</Data></Cell>
    <Cell ss:StyleID="s46"><Data ss:Type="Number">1111</Data></Cell>
    <Cell ss:StyleID="s42"><Data ss:Type="Number">1037</Data></Cell>
   </Row>
   <Row>
    <Cell ss:StyleID="s28"><Data ss:Type="String"> - из него в части нормативных потерь</Data></Cell>
    <Cell ss:StyleID="s46"><Data ss:Type="Number">1112</Data></Cell>
    <Cell ss:StyleID="s42"><Data ss:Type="Number">1027</Data></Cell>
   </Row>
   <Row>
    <Cell ss:StyleID="s31"><Data ss:Type="String">с применением коэффициента 0,7</Data></Cell>
    <Cell ss:StyleID="s46"><Data ss:Type="Number">1113</Data></Cell>
    <Cell ss:StyleID="s42"><Data ss:Type="Number">2076</Data></Cell>
   </Row>
   <Row>
    <Cell ss:StyleID="s30"><ss:Data ss:Type="String"
      xmlns="http://www.w3.org/TR/REC-html40"><Font html:Color="#000000">природный горючий газ, </Font><B><Font
        html:Color="#000000">млн.куб.м.,</Font></B><Font html:Color="#000000"> в том числе:</Font></ss:Data></Cell>
    <Cell ss:StyleID="s46"><Data ss:Type="Number">1120</Data></Cell>
    <Cell ss:StyleID="s42"><Data ss:Type="Number">615831</Data></Cell>
   </Row>
   <Row>
    <Cell ss:StyleID="s31"><Data ss:Type="String">облагаемое по налоговой ставке 0 %</Data></Cell>
    <Cell ss:StyleID="s46"><Data ss:Type="Number">1121</Data></Cell>
    <Cell ss:StyleID="s42"><Data ss:Type="Number">1755</Data></Cell>
   </Row>
   <Row>
    <Cell ss:StyleID="s28"><Data ss:Type="String"> - из него в части нормативных потерь</Data></Cell>
    <Cell ss:StyleID="s46"><Data ss:Type="Number">1122</Data></Cell>
    <Cell ss:StyleID="s42"><Data ss:Type="Number">1755</Data></Cell>
   </Row>
   <Row>
    <Cell ss:StyleID="s31"><Data ss:Type="String">с применением коэффициента 0,7</Data></Cell>
    <Cell ss:StyleID="s46"><Data ss:Type="Number">1123</Data></Cell>
    <Cell ss:StyleID="s42"><Data ss:Type="Number">0</Data></Cell>
   </Row>
   <Row>
    <Cell ss:StyleID="s30"><ss:Data ss:Type="String"
      xmlns="http://www.w3.org/TR/REC-html40"><Font html:Color="#000000">  попутный газ, </Font><B><Font
        html:Color="#000000">тыс.куб.м.</Font></B></ss:Data></Cell>
    <Cell ss:StyleID="s46"><Data ss:Type="Number">1130</Data></Cell>
    <Cell ss:StyleID="s42"><Data ss:Type="Number">43739717</Data></Cell>
   </Row>
   <Row>
    <Cell ss:StyleID="s30"><ss:Data ss:Type="String"
      xmlns="http://www.w3.org/TR/REC-html40"><Font html:Color="#000000">газовый конденсат, </Font><B><Font
        html:Color="#000000">тыс.тонн,</Font></B><Font html:Color="#000000"> в том числе:</Font></ss:Data></Cell>
    <Cell ss:StyleID="s46"><Data ss:Type="Number">1140</Data></Cell>
    <Cell ss:StyleID="s42"><Data ss:Type="Number">18050</Data></Cell>
   </Row>
   <Row>
    <Cell ss:StyleID="s31"><Data ss:Type="String">облагаемое по налоговой ставке 0 %</Data></Cell>
    <Cell ss:StyleID="s46"><Data ss:Type="Number">1141</Data></Cell>
    <Cell ss:StyleID="s42"><Data ss:Type="Number">451</Data></Cell>
   </Row>
   <Row>
    <Cell ss:StyleID="s28"><Data ss:Type="String"> - из него в части нормативных потерь</Data></Cell>
    <Cell ss:StyleID="s46"><Data ss:Type="Number">1142</Data></Cell>
    <Cell ss:StyleID="s42"><Data ss:Type="Number">117</Data></Cell>
   </Row>
   <Row>
    <Cell ss:StyleID="s31"><Data ss:Type="String">с применением коэффициента 0,7</Data></Cell>
    <Cell ss:StyleID="s46"><Data ss:Type="Number">1143</Data></Cell>
    <Cell ss:StyleID="s42"><Data ss:Type="Number">0</Data></Cell>
   </Row>
   <Row>
    <Cell ss:StyleID="s30"><ss:Data ss:Type="String"
      xmlns="http://www.w3.org/TR/REC-html40"><Font html:Color="#000000">каменный уголь, </Font><B><Font
        html:Color="#000000">тыс. тонн,</Font></B><Font html:Color="#000000"> в том числе:</Font></ss:Data></Cell>
    <Cell ss:StyleID="s46"><Data ss:Type="Number">1210</Data></Cell>
    <Cell ss:StyleID="s42"><Data ss:Type="Number">246540</Data></Cell>
   </Row>
   <Row>
    <Cell ss:StyleID="s31"><Data ss:Type="String">облагаемое по налоговой ставке 0 %</Data></Cell>
    <Cell ss:StyleID="s46"><Data ss:Type="Number">1211</Data></Cell>
    <Cell ss:StyleID="s42"><Data ss:Type="Number">19950</Data></Cell>
   </Row>
   <Row>
    <Cell ss:StyleID="s28"><Data ss:Type="String"> - из них в части нормативных потерь</Data></Cell>
    <Cell ss:StyleID="s46"><Data ss:Type="Number">1212</Data></Cell>
    <Cell ss:StyleID="s42"><Data ss:Type="Number">17614</Data></Cell>
   </Row>
   <Row>
    <Cell ss:StyleID="s31"><Data ss:Type="String">с применением коэффициента 0,7</Data></Cell>
    <Cell ss:StyleID="s46"><Data ss:Type="Number">1213</Data></Cell>
    <Cell ss:StyleID="s42"><Data ss:Type="Number">75</Data></Cell>
   </Row>
   <Row ss:Height="25.5">
    <Cell ss:StyleID="s30"><ss:Data ss:Type="String"
      xmlns="http://www.w3.org/TR/REC-html40"><Font html:Color="#000000">химически чистое золото, содержащееся в концентратах и других полупродуктах, </Font><B><Font
        html:Color="#000000">кг</Font></B><Font html:Color="#000000">, в том числе:</Font></ss:Data></Cell>
    <Cell ss:StyleID="s46"><Data ss:Type="Number">1380</Data></Cell>
    <Cell ss:StyleID="s42"><Data ss:Type="Number">153423</Data></Cell>
   </Row>
   <Row>
    <Cell ss:StyleID="s31"><Data ss:Type="String">облагаемое по налоговой ставке 0 %</Data></Cell>
    <Cell ss:StyleID="s46"><Data ss:Type="Number">1381</Data></Cell>
    <Cell ss:StyleID="s42"><Data ss:Type="Number">7966</Data></Cell>
   </Row>
   <Row>
    <Cell ss:StyleID="s28"><Data ss:Type="String"> - из них в части нормативных потерь</Data></Cell>
    <Cell ss:StyleID="s46"><Data ss:Type="Number">1382</Data></Cell>
    <Cell ss:StyleID="s42"><Data ss:Type="Number">6504</Data></Cell>
   </Row>
   <Row>
    <Cell ss:StyleID="s31"><Data ss:Type="String">с применением коэффициента 0,7</Data></Cell>
    <Cell ss:StyleID="s46"><Data ss:Type="Number">1383</Data></Cell>
    <Cell ss:StyleID="s42"><Data ss:Type="Number">3077</Data></Cell>
   </Row>
   <Row ss:Height="25.5">
    <Cell ss:StyleID="s30"><ss:Data ss:Type="String"
      xmlns="http://www.w3.org/TR/REC-html40"><Font html:Color="#000000">химически чистое серебро, содержащееся в концентратах и других полупродуктах, </Font><B><Font
        html:Color="#000000">кг</Font></B><Font html:Color="#000000">, в том числе:</Font></ss:Data></Cell>
    <Cell ss:StyleID="s46"><Data ss:Type="Number">1390</Data></Cell>
    <Cell ss:StyleID="s42"><Data ss:Type="Number">872699</Data></Cell>
   </Row>
   <Row>
    <Cell ss:StyleID="s31"><Data ss:Type="String">облагаемое по налоговой ставке 0 %</Data></Cell>
    <Cell ss:StyleID="s46"><Data ss:Type="Number">1391</Data></Cell>
    <Cell ss:StyleID="s42"><Data ss:Type="Number">182806</Data></Cell>
   </Row>
   <Row ss:Height="25.5">
    <Cell ss:StyleID="s30"><ss:Data ss:Type="String"
      xmlns="http://www.w3.org/TR/REC-html40"><Font html:Color="#000000">химически чистое платина, содержащаяся в концентратах и других полупродуктах, </Font><B><Font
        html:Color="#000000">кг</Font></B><Font html:Color="#000000">, в том числе:</Font></ss:Data></Cell>
    <Cell ss:StyleID="s46"><Data ss:Type="Number">1410</Data></Cell>
    <Cell ss:StyleID="s42"><Data ss:Type="Number">6447</Data></Cell>
   </Row>
   <Row>
    <Cell ss:StyleID="s31"><Data ss:Type="String">облагаемое по налоговой ставке 0 %</Data></Cell>
    <Cell ss:StyleID="s46"><Data ss:Type="Number">1411</Data></Cell>
    <Cell ss:StyleID="s42"><Data ss:Type="Number">0</Data></Cell>
   </Row>
   <Row ss:AutoFitHeight="0" ss:Height="21">
    <Cell ss:StyleID="s24"><Data ss:Type="String">2. Стоимость добытого полезного ископаемого:</Data></Cell>
    <Cell ss:StyleID="s47"/>
    <Cell ss:StyleID="s44"/>
   </Row>
   <Row>
    <Cell ss:StyleID="s23"><Data ss:Type="String">газовый конденсат</Data></Cell>
    <Cell ss:StyleID="s46"><Data ss:Type="Number">2140</Data></Cell>
    <Cell ss:StyleID="s42"><Data ss:Type="Number">44179071</Data></Cell>
   </Row>
   <Row>
    <Cell ss:StyleID="s23"><Data ss:Type="String">каменный уголь</Data></Cell>
    <Cell ss:StyleID="s46"><Data ss:Type="Number">2210</Data></Cell>
    <Cell ss:StyleID="s42"><Data ss:Type="Number">119699870</Data></Cell>
   </Row>
   <Row>
    <Cell ss:StyleID="s23"><Data ss:Type="String">товарные руды черных металлов, всего</Data></Cell>
    <Cell ss:StyleID="s48"><Data ss:Type="Number">2225</Data></Cell>
    <Cell ss:StyleID="s42"><Data ss:Type="Number">26508141</Data></Cell>
   </Row>
   <Row>
    <Cell ss:StyleID="s23"><Data ss:Type="String">товарные руды цветных металлов, всего</Data></Cell>
    <Cell ss:StyleID="s46"><Data ss:Type="Number">2255</Data></Cell>
    <Cell ss:StyleID="s42"><Data ss:Type="Number">9465005</Data></Cell>
   </Row>
   <Row ss:Height="25.5">
    <Cell ss:StyleID="s23"><Data ss:Type="String">многокомпонентные комплексные руды, полезные компоненты многокомпо-&#10;нентных комплексных руд (исключая драгоценные металлы)</Data></Cell>
    <Cell ss:StyleID="s46"><Data ss:Type="Number">2290</Data></Cell>
    <Cell ss:StyleID="s42"><Data ss:Type="Number">25498983</Data></Cell>
   </Row>
   <Row>
    <Cell ss:StyleID="s23"><Data ss:Type="String">природные алмазы</Data></Cell>
    <Cell ss:StyleID="s46"><Data ss:Type="Number">2360</Data></Cell>
    <Cell ss:StyleID="s42"><Data ss:Type="Number">69369373</Data></Cell>
   </Row>
   <Row>
    <Cell ss:StyleID="s23"><Data ss:Type="String">другие драгоценные камни (кроме природных алмазов)</Data></Cell>
    <Cell ss:StyleID="s46"><Data ss:Type="Number">2370</Data></Cell>
    <Cell ss:StyleID="s42"><Data ss:Type="Number">562</Data></Cell>
   </Row>
   <Row ss:Height="25.5">
    <Cell ss:StyleID="s23"><Data ss:Type="String">химически чистое золото, содержащееся в концентратах и других&#10; полупродуктах</Data></Cell>
    <Cell ss:StyleID="s46"><Data ss:Type="Number">2380</Data></Cell>
    <Cell ss:StyleID="s42"><Data ss:Type="Number">74060171</Data></Cell>
   </Row>
   <Row ss:Height="25.5">
    <Cell ss:StyleID="s23"><Data ss:Type="String">химически чистое серебро, содержащееся в концентратах и других полупродуктах</Data></Cell>
    <Cell ss:StyleID="s46"><Data ss:Type="Number">2390</Data></Cell>
    <Cell ss:StyleID="s42"><Data ss:Type="Number">5118434</Data></Cell>
   </Row>
   <Row ss:Height="25.5">
    <Cell ss:StyleID="s23"><Data ss:Type="String">химически чистое платина, содержащаяся в концентратах и других полупродуктах</Data></Cell>
    <Cell ss:StyleID="s46"><Data ss:Type="Number">2410</Data></Cell>
    <Cell ss:StyleID="s42"><Data ss:Type="Number">5771124</Data></Cell>
   </Row>
   <Row ss:Height="25.5">
    <Cell ss:StyleID="s23"><Data ss:Type="String">концентраты и другие полупродукты, содержащие другие драгоценные металлы   (кроме золота, серебра и  платины )</Data></Cell>
    <Cell ss:StyleID="s46"><Data ss:Type="Number">2440</Data></Cell>
    <Cell ss:StyleID="s42"><Data ss:Type="Number">197693</Data></Cell>
   </Row>
   <Row ss:AutoFitHeight="0" ss:Height="15">
    <Cell ss:StyleID="s23"><Data ss:Type="String">общераспространенные полезные ископаемые</Data></Cell>
    <Cell ss:StyleID="s46"><Data ss:Type="Number">2381</Data></Cell>
    <Cell ss:StyleID="s42"><Data ss:Type="Number">40864244</Data></Cell>
   </Row>
   <Row ss:Height="25.5">
    <Cell ss:StyleID="s24"><ss:Data ss:Type="String"
      xmlns="http://www.w3.org/TR/REC-html40"><B><Font html:Color="#000000">3. Сумма налога, подлежащая уплате в бюджет за налоговые периоды отчетного года – всего, </Font></B><Font
       html:Color="#000000">в том числе:</Font></ss:Data></Cell>
    <Cell ss:StyleID="s46"><Data ss:Type="Number">3010</Data></Cell>
    <Cell ss:StyleID="s42"><Data ss:Type="Number">1149505600</Data></Cell>
   </Row>
   <Row>
    <Cell ss:StyleID="s35"><Data ss:Type="String">нефть</Data></Cell>
    <Cell ss:StyleID="s46"><Data ss:Type="Number">3110</Data></Cell>
    <Cell ss:StyleID="s42"><Data ss:Type="Number">1027132965</Data></Cell>
   </Row>
   <Row>
    <Cell ss:StyleID="s23"><Data ss:Type="String">природный горючий газ</Data></Cell>
    <Cell ss:StyleID="s48"><Data ss:Type="Number">3120</Data></Cell>
    <Cell ss:StyleID="s42"><Data ss:Type="Number">90269556</Data></Cell>
   </Row>
   <Row>
    <Cell ss:StyleID="s23"><Data ss:Type="String">газовый конденсат</Data></Cell>
    <Cell ss:StyleID="s48"><Data ss:Type="Number">3140</Data></Cell>
    <Cell ss:StyleID="s42"><Data ss:Type="Number">7734147</Data></Cell>
   </Row>
   <Row>
    <Cell ss:StyleID="s23"><Data ss:Type="String">каменный уголь</Data></Cell>
    <Cell ss:StyleID="s48"><Data ss:Type="Number">3210</Data></Cell>
    <Cell ss:StyleID="s42"><Data ss:Type="Number">4788526</Data></Cell>
   </Row>
   <Row>
    <Cell ss:StyleID="s23"><Data ss:Type="String">товарные руды черных металлов, всего</Data></Cell>
    <Cell ss:StyleID="s48"><Data ss:Type="Number">3225</Data></Cell>
    <Cell ss:StyleID="s42"><Data ss:Type="Number">1272407</Data></Cell>
   </Row>
   <Row>
    <Cell ss:StyleID="s23"><Data ss:Type="String">товарные руды цветных металлов, всего</Data></Cell>
    <Cell ss:StyleID="s48"><Data ss:Type="Number">3255</Data></Cell>
    <Cell ss:StyleID="s42"><Data ss:Type="Number">654434</Data></Cell>
   </Row>
   <Row ss:Height="25.5">
    <Cell ss:StyleID="s23"><Data ss:Type="String">многокомпонентные комплексные руды, полезные компоненты многокомпо-&#10;нентных комплексных руд (исключая драгоценные металлы)</Data></Cell>
    <Cell ss:StyleID="s48"><Data ss:Type="Number">3290</Data></Cell>
    <Cell ss:StyleID="s42"><Data ss:Type="Number">2039917</Data></Cell>
   </Row>
   <Row>
    <Cell ss:StyleID="s23"><Data ss:Type="String">природные алмазы</Data></Cell>
    <Cell ss:StyleID="s48"><Data ss:Type="Number">3360</Data></Cell>
    <Cell ss:StyleID="s42"><Data ss:Type="Number">5549549</Data></Cell>
   </Row>
   <Row>
    <Cell ss:StyleID="s23"><Data ss:Type="String">другие драгоценные камни (кроме природных алмазов)</Data></Cell>
    <Cell ss:StyleID="s48"><Data ss:Type="Number">3370</Data></Cell>
    <Cell ss:StyleID="s42"><Data ss:Type="Number">45</Data></Cell>
   </Row>
   <Row>
    <Cell ss:StyleID="s23"><Data ss:Type="String">концентраты и другие полупродукты, содержащие золото</Data></Cell>
    <Cell ss:StyleID="s48"><Data ss:Type="Number">3380</Data></Cell>
    <Cell ss:StyleID="s42"><Data ss:Type="Number">4419734</Data></Cell>
   </Row>
   <Row>
    <Cell ss:StyleID="s23"><Data ss:Type="String">концентраты и другие полупродукты, содержащие серебро</Data></Cell>
    <Cell ss:StyleID="s46"><Data ss:Type="Number">3390</Data></Cell>
    <Cell ss:StyleID="s42"><Data ss:Type="Number">332697</Data></Cell>
   </Row>
   <Row>
    <Cell ss:StyleID="s23"><Data ss:Type="String">концентраты и другие полупродукты, содержащие платину</Data></Cell>
    <Cell ss:StyleID="s48"><Data ss:Type="Number">3410</Data></Cell>
    <Cell ss:StyleID="s42"><Data ss:Type="Number">375122</Data></Cell>
   </Row>
   <Row ss:Height="25.5">
    <Cell ss:StyleID="s23"><Data ss:Type="String">концентраты и другие полупродукты, содержащие другие драгоценные металлы (кроме золота, серебра и платины)</Data></Cell>
    <Cell ss:StyleID="s48"><Data ss:Type="Number">3440</Data></Cell>
    <Cell ss:StyleID="s42"><Data ss:Type="Number">12850</Data></Cell>
   </Row>
   <Row>
    <Cell ss:StyleID="s35"><Data ss:Type="String">общераспространенные полезные ископаемые</Data></Cell>
    <Cell ss:StyleID="s50"><Data ss:Type="Number">3500</Data></Cell>
    <Cell ss:StyleID="s42"><Data ss:Type="Number">2045153</Data></Cell>
   </Row>
   <Row ss:Height="25.5">
    <Cell ss:StyleID="s25"><ss:Data ss:Type="String"
      xmlns="http://www.w3.org/TR/REC-html40"><B><Font html:Color="#000000">4. Сумма налога, не поступившего в бюджет в связи с предоставлением налоговых льгот, - всего, </Font></B><Font
       html:Color="#000000">в том числе:</Font><B><Font html:Color="#000000"> </Font></B></ss:Data></Cell>
    <Cell ss:StyleID="s47"><Data ss:Type="Number">4010</Data></Cell>
    <Cell ss:StyleID="s42"><Data ss:Type="Number">12542525</Data></Cell>
   </Row>
   <Row>
    <Cell ss:StyleID="s32"><Data ss:Type="String"> по налоговой ставке 0%           </Data></Cell>
    <Cell ss:StyleID="s46"><Data ss:Type="Number">4011</Data></Cell>
    <Cell ss:StyleID="s42"><Data ss:Type="Number">11264574</Data></Cell>
   </Row>
   <Row ss:AutoFitHeight="0" ss:Height="24.75">
    <Cell ss:StyleID="s33"><Data ss:Type="String"> -  из них в части нормативных потерь по основным видам полезных ископаемых</Data></Cell>
    <Cell ss:StyleID="s46"><Data ss:Type="Number">4012</Data></Cell>
    <Cell ss:StyleID="s42"><Data ss:Type="Number">3241202</Data></Cell>
   </Row>
   <Row>
    <Cell ss:StyleID="s31"><Data ss:Type="String">с применением коэффициента 0,7</Data></Cell>
    <Cell ss:StyleID="s46"><Data ss:Type="Number">4013</Data></Cell>
    <Cell ss:StyleID="s42"><Data ss:Type="Number">1277951</Data></Cell>
   </Row>
   <Row>
    <Cell ss:StyleID="s25"><Data ss:Type="String">5. Количество налогоплательщиков налога - всего</Data></Cell>
    <Cell ss:StyleID="s47"><Data ss:Type="Number">6010</Data></Cell>
    <Cell ss:StyleID="s42"><Data ss:Type="Number">6417</Data></Cell>
   </Row>
   <Row>
    <Cell ss:StyleID="s34"><Data ss:Type="String">из них применивших коэффициент 0,7</Data></Cell>
    <Cell ss:StyleID="s49"><Data ss:Type="Number">6011</Data></Cell>
    <Cell ss:StyleID="s42"><Data ss:Type="Number">130</Data></Cell>
   </Row>
   <Row>
    <Cell ss:Index="2" ss:StyleID="s45"/>
   </Row>
   <Row>
    <Cell ss:Index="2" ss:StyleID="s45"/>
   </Row>
   <Row ss:Index="71">
    <Cell ss:Index="2" ss:MergeAcross="1" ss:StyleID="s45"/>
   </Row>
   <Row>
    <Cell ss:Index="2" ss:MergeAcross="1" ss:StyleID="s45"/>
   </Row>
  </Table>
  <WorksheetOptions xmlns="urn:schemas-microsoft-com:office:excel">
   <PageSetup>
    <Header x:Margin="0.51181102362204722"/>
    <Footer x:Margin="0.51181102362204722"/>
    <PageMargins x:Bottom="0.19685039370078741" x:Left="0.98425196850393704"
     x:Right="0.78740157480314965" x:Top="0.19685039370078741"/>
   </PageSetup>
   <Print>
    <ValidPrinterInfo/>
    <PaperSizeIndex>9</PaperSizeIndex>
    <HorizontalResolution>600</HorizontalResolution>
    <VerticalResolution>600</VerticalResolution>
   </Print>
   <Selected/>
   <Panes>
    <Pane>
     <Number>3</Number>
     <ActiveRow>62</ActiveRow>
     <ActiveCol>2</ActiveCol>
    </Pane>
   </Panes>
   <ProtectObjects>False</ProtectObjects>
   <ProtectScenarios>False</ProtectScenarios>
  </WorksheetOptions>
 </Worksheet>
 <Worksheet ss:Name="hidden1">
  <Table ss:ExpandedColumnCount="1" ss:ExpandedRowCount="59" x:FullColumns="1"
   x:FullRows="1">
   <Column ss:AutoFitWidth="0" ss:Width="147"/>
   <Row>
    <Cell><Data ss:Type="Number">453980</Data></Cell>
   </Row>
   <Row>
    <Cell><Data ss:Type="Number">1037</Data></Cell>
   </Row>
   <Row>
    <Cell><Data ss:Type="Number">1027</Data></Cell>
   </Row>
   <Row>
    <Cell><Data ss:Type="Number">2076</Data></Cell>
   </Row>
   <Row>
    <Cell><Data ss:Type="Number">615831</Data></Cell>
   </Row>
   <Row>
    <Cell><Data ss:Type="Number">1755</Data></Cell>
   </Row>
   <Row>
    <Cell><Data ss:Type="Number">1755</Data></Cell>
   </Row>
   <Row>
    <Cell><Data ss:Type="Number">0</Data></Cell>
   </Row>
   <Row>
    <Cell><Data ss:Type="Number">43739717</Data></Cell>
   </Row>
   <Row>
    <Cell><Data ss:Type="Number">18050</Data></Cell>
   </Row>
   <Row>
    <Cell><Data ss:Type="Number">451</Data></Cell>
   </Row>
   <Row>
    <Cell><Data ss:Type="Number">117</Data></Cell>
   </Row>
   <Row>
    <Cell><Data ss:Type="Number">0</Data></Cell>
   </Row>
   <Row>
    <Cell><Data ss:Type="Number">246540</Data></Cell>
   </Row>
   <Row>
    <Cell><Data ss:Type="Number">19950</Data></Cell>
   </Row>
   <Row>
    <Cell><Data ss:Type="Number">17614</Data></Cell>
   </Row>
   <Row>
    <Cell><Data ss:Type="Number">75</Data></Cell>
   </Row>
   <Row>
    <Cell><Data ss:Type="Number">153423</Data></Cell>
   </Row>
   <Row>
    <Cell><Data ss:Type="Number">7966</Data></Cell>
   </Row>
   <Row>
    <Cell><Data ss:Type="Number">6504</Data></Cell>
   </Row>
   <Row>
    <Cell><Data ss:Type="Number">3077</Data></Cell>
   </Row>
   <Row>
    <Cell><Data ss:Type="Number">872699</Data></Cell>
   </Row>
   <Row>
    <Cell><Data ss:Type="Number">182806</Data></Cell>
   </Row>
   <Row>
    <Cell><Data ss:Type="Number">6447</Data></Cell>
   </Row>
   <Row>
    <Cell><Data ss:Type="Number">0</Data></Cell>
   </Row>
   <Row>
    <Cell><Data ss:Type="Number">44179071</Data></Cell>
   </Row>
   <Row>
    <Cell><Data ss:Type="Number">119699870</Data></Cell>
   </Row>
   <Row>
    <Cell><Data ss:Type="Number">26508141</Data></Cell>
   </Row>
   <Row>
    <Cell><Data ss:Type="Number">9465005</Data></Cell>
   </Row>
   <Row>
    <Cell><Data ss:Type="Number">25498983</Data></Cell>
   </Row>
   <Row>
    <Cell><Data ss:Type="Number">69369373</Data></Cell>
   </Row>
   <Row>
    <Cell><Data ss:Type="Number">562</Data></Cell>
   </Row>
   <Row>
    <Cell><Data ss:Type="Number">74060171</Data></Cell>
   </Row>
   <Row>
    <Cell><Data ss:Type="Number">40864244</Data></Cell>
   </Row>
   <Row>
    <Cell><Data ss:Type="Number">5118434</Data></Cell>
   </Row>
   <Row>
    <Cell><Data ss:Type="Number">5771124</Data></Cell>
   </Row>
   <Row>
    <Cell><Data ss:Type="Number">197693</Data></Cell>
   </Row>
   <Row>
    <Cell><Data ss:Type="Number">1149505600</Data></Cell>
   </Row>
   <Row>
    <Cell><Data ss:Type="Number">1027132965</Data></Cell>
   </Row>
   <Row>
    <Cell><Data ss:Type="Number">90269556</Data></Cell>
   </Row>
   <Row>
    <Cell><Data ss:Type="Number">7734147</Data></Cell>
   </Row>
   <Row>
    <Cell><Data ss:Type="Number">4788526</Data></Cell>
   </Row>
   <Row>
    <Cell><Data ss:Type="Number">1272407</Data></Cell>
   </Row>
   <Row>
    <Cell><Data ss:Type="Number">654434</Data></Cell>
   </Row>
   <Row>
    <Cell><Data ss:Type="Number">2039917</Data></Cell>
   </Row>
   <Row>
    <Cell><Data ss:Type="Number">5549549</Data></Cell>
   </Row>
   <Row>
    <Cell><Data ss:Type="Number">45</Data></Cell>
   </Row>
   <Row>
    <Cell><Data ss:Type="Number">4419734</Data></Cell>
   </Row>
   <Row>
    <Cell><Data ss:Type="Number">332697</Data></Cell>
   </Row>
   <Row>
    <Cell><Data ss:Type="Number">375122</Data></Cell>
   </Row>
   <Row>
    <Cell><Data ss:Type="Number">12850</Data></Cell>
   </Row>
   <Row>
    <Cell><Data ss:Type="Number">2045153</Data></Cell>
   </Row>
   <Row>
    <Cell><Data ss:Type="Number">12542525</Data></Cell>
   </Row>
   <Row>
    <Cell><Data ss:Type="Number">11264574</Data></Cell>
   </Row>
   <Row>
    <Cell><Data ss:Type="Number">3241202</Data></Cell>
   </Row>
   <Row>
    <Cell><Data ss:Type="Number">1277951</Data></Cell>
   </Row>
   <Row>
    <Cell><Data ss:Type="Number">6417</Data></Cell>
   </Row>
   <Row>
    <Cell><Data ss:Type="Number">130</Data></Cell>
   </Row>
   <Row>
    <Cell><Data ss:Type="Number">2791556141</Data></Cell>
   </Row>
  </Table>
  <WorksheetOptions xmlns="urn:schemas-microsoft-com:office:excel">
   <Visible>SheetHidden</Visible>
   <ProtectObjects>False</ProtectObjects>
   <ProtectScenarios>False</ProtectScenarios>
  </WorksheetOptions>
 </Worksheet>
 <Worksheet ss:Name="hidden2">
  <Table ss:ExpandedColumnCount="2" ss:ExpandedRowCount="38" x:FullColumns="1"
   x:FullRows="1">
   <Row>
    <Cell><Data ss:Type="String">на 01.01.2007 г.</Data></Cell>
    <Cell><Data ss:Type="Number">1</Data></Cell>
   </Row>
   <Row>
    <Cell><Data ss:Type="String">на 01.12.2006 г.</Data></Cell>
    <Cell><Data ss:Type="Number">2</Data></Cell>
   </Row>
   <Row>
    <Cell><Data ss:Type="String">на 01.10.2006 г.</Data></Cell>
    <Cell><Data ss:Type="Number">3</Data></Cell>
   </Row>
   <Row>
    <Cell><Data ss:Type="String">на 01.01.2006 г.</Data></Cell>
    <Cell><Data ss:Type="Number">4</Data></Cell>
   </Row>
   <Row>
    <Cell><Data ss:Type="String">на 01 января 2007 года</Data></Cell>
    <Cell><Data ss:Type="Number">5</Data></Cell>
   </Row>
   <Row>
    <Cell><Data ss:Type="String">на 01 декабря 2006 года</Data></Cell>
    <Cell><Data ss:Type="Number">6</Data></Cell>
   </Row>
   <Row>
    <Cell><Data ss:Type="String">на 01 октября 2006 года</Data></Cell>
    <Cell><Data ss:Type="Number">7</Data></Cell>
   </Row>
   <Row>
    <Cell><Data ss:Type="String">на 01 января 2006 года</Data></Cell>
    <Cell><Data ss:Type="Number">8</Data></Cell>
   </Row>
   <Row>
    <Cell><Data ss:Type="String">по состоянию на 01.01.2007 г.</Data></Cell>
    <Cell><Data ss:Type="Number">9</Data></Cell>
   </Row>
   <Row>
    <Cell><Data ss:Type="String">по состоянию на 01.12.2006 г.</Data></Cell>
    <Cell><Data ss:Type="Number">10</Data></Cell>
   </Row>
   <Row>
    <Cell><Data ss:Type="String">по состоянию на 01.10.2006 г.</Data></Cell>
    <Cell><Data ss:Type="Number">11</Data></Cell>
   </Row>
   <Row>
    <Cell><Data ss:Type="String">по состоянию на 01.01.2006 г.</Data></Cell>
    <Cell><Data ss:Type="Number">12</Data></Cell>
   </Row>
   <Row>
    <Cell><Data ss:Type="String">по состоянию на 01 января 2007 года</Data></Cell>
    <Cell><Data ss:Type="Number">13</Data></Cell>
   </Row>
   <Row>
    <Cell><Data ss:Type="String">по состоянию на 01 декабря 2006 года</Data></Cell>
    <Cell><Data ss:Type="Number">14</Data></Cell>
   </Row>
   <Row>
    <Cell><Data ss:Type="String">по состоянию на 01 октября 2006 года</Data></Cell>
    <Cell><Data ss:Type="Number">15</Data></Cell>
   </Row>
   <Row>
    <Cell><Data ss:Type="String">по состоянию на 01 января 2006 года</Data></Cell>
    <Cell><Data ss:Type="Number">16</Data></Cell>
   </Row>
   <Row>
    <Cell><Data ss:Type="String">в  январe 2007 года</Data></Cell>
    <Cell><Data ss:Type="Number">17</Data></Cell>
   </Row>
   <Row>
    <Cell><Data ss:Type="String">на январь</Data></Cell>
    <Cell><Data ss:Type="Number">18</Data></Cell>
   </Row>
   <Row>
    <Cell><Data ss:Type="String">за январь</Data></Cell>
    <Cell><Data ss:Type="Number">19</Data></Cell>
   </Row>
   <Row>
    <Cell><Data ss:Type="String">в январе</Data></Cell>
    <Cell><Data ss:Type="Number">20</Data></Cell>
   </Row>
   <Row>
    <Cell><Data ss:Type="String">на январь 2007 г.</Data></Cell>
    <Cell><Data ss:Type="Number">21</Data></Cell>
   </Row>
   <Row>
    <Cell><Data ss:Type="String">за январь  2007 г.</Data></Cell>
    <Cell><Data ss:Type="Number">22</Data></Cell>
   </Row>
   <Row>
    <Cell><Data ss:Type="String">за январь  2007 г.</Data></Cell>
    <Cell><Data ss:Type="Number">23</Data></Cell>
   </Row>
   <Row>
    <Cell><Data ss:Type="String">на январь 2006 г.</Data></Cell>
    <Cell><Data ss:Type="Number">24</Data></Cell>
   </Row>
   <Row>
    <Cell><Data ss:Type="String">за январь  2006 г.</Data></Cell>
    <Cell><Data ss:Type="Number">25</Data></Cell>
   </Row>
   <Row>
    <Cell><Data ss:Type="String">в январе  2006 г.</Data></Cell>
    <Cell><Data ss:Type="Number">26</Data></Cell>
   </Row>
   <Row>
    <Cell><Data ss:Type="String">12 мес.</Data></Cell>
    <Cell><Data ss:Type="Number">27</Data></Cell>
   </Row>
   <Row>
    <Cell><Data ss:Type="String">за 12 мес.</Data></Cell>
    <Cell><Data ss:Type="Number">28</Data></Cell>
   </Row>
   <Row>
    <Cell><Data ss:Type="String">12 месяцев</Data></Cell>
    <Cell><Data ss:Type="Number">29</Data></Cell>
   </Row>
   <Row>
    <Cell><Data ss:Type="String">за 12 месяцев</Data></Cell>
    <Cell><Data ss:Type="Number">30</Data></Cell>
   </Row>
   <Row>
    <Cell><Data ss:Type="String">декабрь</Data></Cell>
    <Cell><Data ss:Type="Number">31</Data></Cell>
   </Row>
   <Row>
    <Cell><Data ss:Type="String">ноябрь</Data></Cell>
    <Cell><Data ss:Type="Number">32</Data></Cell>
   </Row>
   <Row>
    <Cell><Data ss:Type="String">октябрь</Data></Cell>
    <Cell><Data ss:Type="Number">33</Data></Cell>
   </Row>
   <Row>
    <Cell><Data ss:Type="String">Поступило         01.01.2007 г.        12 мес.</Data></Cell>
    <Cell><Data ss:Type="Number">34</Data></Cell>
   </Row>
   <Row>
    <Cell><Data ss:Type="String">в  декабрe 2006 года</Data></Cell>
    <Cell><Data ss:Type="Number">35</Data></Cell>
   </Row>
   <Row>
    <Cell><Data ss:Type="String">на 01.07.2006 г.</Data></Cell>
    <Cell><Data ss:Type="Number">36</Data></Cell>
   </Row>
   <Row>
    <Cell><Data ss:Type="String"> январь</Data></Cell>
    <Cell><Data ss:Type="Number">37</Data></Cell>
   </Row>
   <Row>
    <Cell><Data ss:Type="String">январь</Data></Cell>
    <Cell><Data ss:Type="Number">37</Data></Cell>
   </Row>
  </Table>
  <WorksheetOptions xmlns="urn:schemas-microsoft-com:office:excel">
   <Visible>SheetHidden</Visible>
   <ProtectObjects>False</ProtectObjects>
   <ProtectScenarios>False</ProtectScenarios>
  </WorksheetOptions>
 </Worksheet>
</Workbook>
