<?xml version="1.0"?>
<?mso-application progid="Excel.Sheet"?>
<Workbook xmlns="urn:schemas-microsoft-com:office:spreadsheet"
 xmlns:o="urn:schemas-microsoft-com:office:office"
 xmlns:x="urn:schemas-microsoft-com:office:excel"
 xmlns:ss="urn:schemas-microsoft-com:office:spreadsheet"
 xmlns:html="http://www.w3.org/TR/REC-html40">
 <DocumentProperties xmlns="urn:schemas-microsoft-com:office:office">
  <Author>User</Author>
  <LastAuthor>balmaster</LastAuthor>
  <LastPrinted>2009-04-17T08:40:39Z</LastPrinted>
  <Created>2004-03-02T11:11:07Z</Created>
  <LastSaved>2010-03-22T09:51:25Z</LastSaved>
  <Company>MNS</Company>
  <Version>12.00</Version>
 </DocumentProperties>
 <ExcelWorkbook xmlns="urn:schemas-microsoft-com:office:excel">
  <WindowHeight>5130</WindowHeight>
  <WindowWidth>9405</WindowWidth>
  <WindowTopX>90</WindowTopX>
  <WindowTopY>75</WindowTopY>
  <ProtectStructure>False</ProtectStructure>
  <ProtectWindows>False</ProtectWindows>
 </ExcelWorkbook>
 <Styles>
  <Style ss:ID="Default" ss:Name="Normal">
   <Alignment ss:Vertical="Bottom"/>
   <Borders/>
   <Font ss:FontName="Arial Cyr" x:CharSet="204"/>
   <Interior/>
   <NumberFormat/>
   <Protection/>
  </Style>
  <Style ss:ID="s23">
   <Font ss:FontName="Arial Cyr" x:CharSet="204"/>
  </Style>
  <Style ss:ID="s24">
   <Font ss:FontName="Arial Cyr" x:CharSet="204" x:Family="Swiss" ss:Bold="1"/>
  </Style>
  <Style ss:ID="s27">
   <Alignment ss:Horizontal="Right" ss:Vertical="Bottom"/>
   <Font ss:FontName="Arial Cyr" x:CharSet="204"/>
  </Style>
  <Style ss:ID="s28">
   <Alignment ss:Horizontal="Center" ss:Vertical="Center"/>
   <Borders>
    <Border ss:Position="Bottom" ss:LineStyle="Continuous" ss:Weight="1"/>
    <Border ss:Position="Left" ss:LineStyle="Continuous" ss:Weight="1"/>
    <Border ss:Position="Right" ss:LineStyle="Continuous" ss:Weight="1"/>
    <Border ss:Position="Top" ss:LineStyle="Continuous" ss:Weight="1"/>
   </Borders>
   <Font ss:FontName="Arial Cyr" x:CharSet="204"/>
  </Style>
  <Style ss:ID="s29">
   <Alignment ss:Horizontal="Center" ss:Vertical="Center" ss:WrapText="1"/>
   <Borders>
    <Border ss:Position="Bottom" ss:LineStyle="Continuous" ss:Weight="1"/>
    <Border ss:Position="Left" ss:LineStyle="Continuous" ss:Weight="1"/>
    <Border ss:Position="Right" ss:LineStyle="Continuous" ss:Weight="1"/>
    <Border ss:Position="Top" ss:LineStyle="Continuous" ss:Weight="1"/>
   </Borders>
   <Font ss:FontName="Arial Cyr" x:CharSet="204"/>
  </Style>
  <Style ss:ID="s30">
   <Alignment ss:Horizontal="Center" ss:Vertical="Bottom"/>
   <Borders>
    <Border ss:Position="Bottom" ss:LineStyle="Continuous" ss:Weight="1"/>
    <Border ss:Position="Left" ss:LineStyle="Continuous" ss:Weight="1"/>
    <Border ss:Position="Right" ss:LineStyle="Continuous" ss:Weight="1"/>
    <Border ss:Position="Top" ss:LineStyle="Continuous" ss:Weight="1"/>
   </Borders>
   <Font ss:FontName="Arial Cyr" x:CharSet="204"/>
  </Style>
  <Style ss:ID="s31">
   <Borders>
    <Border ss:Position="Bottom" ss:LineStyle="Continuous" ss:Weight="1"/>
    <Border ss:Position="Left" ss:LineStyle="Continuous" ss:Weight="1"/>
    <Border ss:Position="Right" ss:LineStyle="Continuous" ss:Weight="1"/>
    <Border ss:Position="Top" ss:LineStyle="Continuous" ss:Weight="1"/>
   </Borders>
   <Font ss:FontName="Arial Cyr" x:CharSet="204"/>
  </Style>
  <Style ss:ID="s33">
   <Alignment ss:Horizontal="Center" ss:Vertical="Bottom"/>
   <Font ss:FontName="Arial Cyr" x:CharSet="204"/>
  </Style>
  <Style ss:ID="s34">
   <Alignment ss:Horizontal="Center" ss:Vertical="Bottom"/>
   <Borders>
    <Border ss:Position="Bottom" ss:LineStyle="Continuous" ss:Weight="1"/>
    <Border ss:Position="Left" ss:LineStyle="Continuous" ss:Weight="1"/>
    <Border ss:Position="Right" ss:LineStyle="Continuous" ss:Weight="1"/>
    <Border ss:Position="Top" ss:LineStyle="Continuous" ss:Weight="1"/>
   </Borders>
   <Font ss:FontName="Arial Cyr" x:CharSet="204" x:Family="Swiss"/>
  </Style>
  <Style ss:ID="s35">
   <Alignment ss:Horizontal="Center" ss:Vertical="Bottom"/>
   <Borders>
    <Border ss:Position="Left" ss:LineStyle="Continuous" ss:Weight="1"/>
    <Border ss:Position="Right" ss:LineStyle="Continuous" ss:Weight="1"/>
    <Border ss:Position="Top" ss:LineStyle="Continuous" ss:Weight="1"/>
   </Borders>
   <Font ss:FontName="Arial Cyr" x:CharSet="204" x:Family="Swiss"/>
  </Style>
  <Style ss:ID="s36">
   <Alignment ss:Horizontal="Center" ss:Vertical="Bottom"/>
   <Borders>
    <Border ss:Position="Bottom" ss:LineStyle="Continuous" ss:Weight="1"/>
    <Border ss:Position="Left" ss:LineStyle="Continuous" ss:Weight="1"/>
    <Border ss:Position="Right" ss:LineStyle="Continuous" ss:Weight="1"/>
   </Borders>
   <Font ss:FontName="Arial Cyr" x:CharSet="204" x:Family="Swiss"/>
  </Style>
  <Style ss:ID="s37">
   <Alignment ss:Horizontal="Center" ss:Vertical="Bottom"/>
   <Borders>
    <Border ss:Position="Bottom" ss:LineStyle="Continuous" ss:Weight="1"/>
    <Border ss:Position="Left" ss:LineStyle="Continuous" ss:Weight="1"/>
    <Border ss:Position="Top" ss:LineStyle="Continuous" ss:Weight="1"/>
   </Borders>
   <Font ss:FontName="Arial Cyr" x:CharSet="204" x:Family="Swiss"/>
  </Style>
  <Style ss:ID="s38">
   <Alignment ss:Horizontal="Center" ss:Vertical="Bottom"/>
   <Borders>
    <Border ss:Position="Left" ss:LineStyle="Continuous" ss:Weight="1"/>
    <Border ss:Position="Right" ss:LineStyle="Continuous" ss:Weight="1"/>
   </Borders>
   <Font ss:FontName="Arial Cyr" x:CharSet="204" x:Family="Swiss"/>
  </Style>
  <Style ss:ID="s39">
   <Alignment ss:Horizontal="Left" ss:Vertical="Top" ss:WrapText="1"/>
   <Borders>
    <Border ss:Position="Bottom" ss:LineStyle="Continuous" ss:Weight="1"/>
    <Border ss:Position="Left" ss:LineStyle="Continuous" ss:Weight="1"/>
    <Border ss:Position="Right" ss:LineStyle="Continuous" ss:Weight="1"/>
    <Border ss:Position="Top" ss:LineStyle="Continuous" ss:Weight="1"/>
   </Borders>
   <Font ss:FontName="Arial" x:CharSet="204" x:Family="Swiss" ss:Color="#000000"
    ss:Bold="1"/>
  </Style>
  <Style ss:ID="s40">
   <Alignment ss:Horizontal="Left" ss:Vertical="Top" ss:WrapText="1"/>
   <Borders>
    <Border ss:Position="Bottom" ss:LineStyle="Continuous" ss:Weight="1"/>
    <Border ss:Position="Left" ss:LineStyle="Continuous" ss:Weight="1"/>
    <Border ss:Position="Right" ss:LineStyle="Continuous" ss:Weight="1"/>
   </Borders>
   <Font ss:FontName="Arial" x:CharSet="204" x:Family="Swiss" ss:Color="#000000"/>
  </Style>
  <Style ss:ID="s41">
   <Alignment ss:Horizontal="Left" ss:Vertical="Top" ss:Indent="1" ss:WrapText="1"/>
   <Borders>
    <Border ss:Position="Bottom" ss:LineStyle="Continuous" ss:Weight="1"/>
    <Border ss:Position="Left" ss:LineStyle="Continuous" ss:Weight="1"/>
    <Border ss:Position="Right" ss:LineStyle="Continuous" ss:Weight="1"/>
   </Borders>
   <Font ss:FontName="Arial" x:CharSet="204" x:Family="Swiss" ss:Color="#000000"/>
  </Style>
  <Style ss:ID="s42">
   <Alignment ss:Horizontal="Left" ss:Vertical="Top" ss:Indent="2" ss:WrapText="1"/>
   <Borders>
    <Border ss:Position="Bottom" ss:LineStyle="Continuous" ss:Weight="1"/>
    <Border ss:Position="Left" ss:LineStyle="Continuous" ss:Weight="1"/>
    <Border ss:Position="Right" ss:LineStyle="Continuous" ss:Weight="1"/>
   </Borders>
   <Font ss:FontName="Arial" x:CharSet="204" x:Family="Swiss" ss:Color="#000000"/>
  </Style>
  <Style ss:ID="s43">
   <Alignment ss:Vertical="Top" ss:WrapText="1"/>
   <Borders>
    <Border ss:Position="Bottom" ss:LineStyle="Continuous" ss:Weight="1"/>
    <Border ss:Position="Left" ss:LineStyle="Continuous" ss:Weight="1"/>
    <Border ss:Position="Right" ss:LineStyle="Continuous" ss:Weight="1"/>
    <Border ss:Position="Top" ss:LineStyle="Continuous" ss:Weight="1"/>
   </Borders>
   <Font ss:FontName="Arial" x:CharSet="204" x:Family="Swiss" ss:Color="#000000"
    ss:Bold="1"/>
  </Style>
  <Style ss:ID="s44">
   <Alignment ss:Vertical="Top" ss:WrapText="1"/>
   <Borders>
    <Border ss:Position="Bottom" ss:LineStyle="Continuous" ss:Weight="1"/>
    <Border ss:Position="Left" ss:LineStyle="Continuous" ss:Weight="1"/>
    <Border ss:Position="Right" ss:LineStyle="Continuous" ss:Weight="1"/>
   </Borders>
   <Font ss:FontName="Arial" x:CharSet="204" x:Family="Swiss" ss:Color="#000000"/>
  </Style>
  <Style ss:ID="s45">
   <Alignment ss:Vertical="Top" ss:WrapText="1"/>
   <Borders>
    <Border ss:Position="Bottom" ss:LineStyle="Continuous" ss:Weight="1"/>
    <Border ss:Position="Left" ss:LineStyle="Continuous" ss:Weight="1"/>
    <Border ss:Position="Right" ss:LineStyle="Continuous" ss:Weight="1"/>
    <Border ss:Position="Top" ss:LineStyle="Continuous" ss:Weight="1"/>
   </Borders>
   <Font ss:FontName="Arial" x:CharSet="204" x:Family="Swiss" ss:Color="#000000"/>
  </Style>
  <Style ss:ID="s46">
   <Alignment ss:Vertical="Top" ss:WrapText="1"/>
   <Borders>
    <Border ss:Position="Left" ss:LineStyle="Continuous" ss:Weight="1"/>
    <Border ss:Position="Right" ss:LineStyle="Continuous" ss:Weight="1"/>
   </Borders>
   <Font ss:FontName="Arial" x:CharSet="204" x:Family="Swiss" ss:Color="#000000"
    ss:Bold="1"/>
  </Style>
  <Style ss:ID="s47">
   <Alignment ss:Horizontal="Left" ss:Vertical="Top" ss:Indent="1" ss:WrapText="1"/>
   <Borders>
    <Border ss:Position="Bottom" ss:LineStyle="Continuous" ss:Weight="1"/>
    <Border ss:Position="Left" ss:LineStyle="Continuous" ss:Weight="1"/>
    <Border ss:Position="Right" ss:LineStyle="Continuous" ss:Weight="1"/>
    <Border ss:Position="Top" ss:LineStyle="Continuous" ss:Weight="1"/>
   </Borders>
   <Font ss:FontName="Arial" x:CharSet="204" x:Family="Swiss" ss:Color="#000000"/>
  </Style>
  <Style ss:ID="s48">
   <Alignment ss:Horizontal="Left" ss:Vertical="Top" ss:Indent="2" ss:WrapText="1"/>
   <Borders>
    <Border ss:Position="Bottom" ss:LineStyle="Continuous" ss:Weight="1"/>
    <Border ss:Position="Left" ss:LineStyle="Continuous" ss:Weight="1"/>
    <Border ss:Position="Right" ss:LineStyle="Continuous" ss:Weight="1"/>
    <Border ss:Position="Top" ss:LineStyle="Continuous" ss:Weight="1"/>
   </Borders>
   <Font ss:FontName="Arial" x:CharSet="204" x:Family="Swiss" ss:Color="#000000"/>
  </Style>
  <Style ss:ID="s49">
   <Alignment ss:Horizontal="Left" ss:Vertical="Top" ss:Indent="1" ss:WrapText="1"/>
   <Borders>
    <Border ss:Position="Bottom" ss:LineStyle="Continuous" ss:Weight="1"/>
    <Border ss:Position="Left" ss:LineStyle="Continuous" ss:Weight="1"/>
    <Border ss:Position="Top" ss:LineStyle="Continuous" ss:Weight="1"/>
   </Borders>
   <Font ss:FontName="Arial" x:CharSet="204" x:Family="Swiss" ss:Color="#000000"/>
  </Style>
  <Style ss:ID="s50">
   <Font ss:FontName="Arial" x:CharSet="204" x:Family="Swiss"/>
  </Style>
  <Style ss:ID="s51">
   <Borders>
    <Border ss:Position="Bottom" ss:LineStyle="Continuous" ss:Weight="1"/>
    <Border ss:Position="Left" ss:LineStyle="Continuous" ss:Weight="1"/>
    <Border ss:Position="Right" ss:LineStyle="Continuous" ss:Weight="1"/>
    <Border ss:Position="Top" ss:LineStyle="Continuous" ss:Weight="1"/>
   </Borders>
   <Font ss:FontName="Arial Cyr" x:CharSet="204"/>
   <NumberFormat ss:Format="#,##0"/>
  </Style>
  <Style ss:ID="s57">
   <Alignment ss:Horizontal="Right" ss:Vertical="Bottom"/>
   <Font ss:FontName="Arial Cyr" x:CharSet="204" x:Family="Swiss"/>
  </Style>
  <Style ss:ID="s58">
   <Alignment ss:Horizontal="Center" ss:Vertical="Bottom" ss:WrapText="1"/>
   <Font ss:FontName="Arial Cyr" x:CharSet="204" x:Family="Swiss" ss:Bold="1"/>
  </Style>
  <Style ss:ID="s59">
   <Alignment ss:Horizontal="Center" ss:Vertical="Bottom"/>
   <Font ss:FontName="Arial Cyr" x:CharSet="204" x:Family="Swiss" ss:Bold="1"/>
  </Style>
  <Style ss:ID="s60">
   <Alignment ss:Horizontal="Center" ss:Vertical="Bottom"/>
   <Font ss:FontName="Arial Cyr" x:CharSet="204" x:Family="Swiss"/>
  </Style>
 </Styles>
 <Worksheet ss:Name="Лист1">
  <Names>
   <NamedRange ss:Name="Print_Titles" ss:RefersTo="=Лист1!R3:R7"/>
  </Names>
  <Table ss:ExpandedColumnCount="3" ss:ExpandedRowCount="234" x:FullColumns="1"
   x:FullRows="1" ss:StyleID="s23">
   <Column ss:StyleID="s23" ss:AutoFitWidth="0" ss:Width="366"/>
   <Column ss:StyleID="s23" ss:AutoFitWidth="0" ss:Width="40.5"/>
   <Column ss:StyleID="s23" ss:AutoFitWidth="0" ss:Width="71.25"/>
   <Row>
    <Cell ss:Index="2" ss:MergeAcross="1" ss:StyleID="s57"><Data ss:Type="String">Форма 5-НДПИ</Data></Cell>
   </Row>
   <Row ss:AutoFitHeight="0" ss:Height="39">
    <Cell ss:MergeAcross="2" ss:StyleID="s58"><Data ss:Type="String">ОТЧЕТ&#10;о налоговой базе и структуре начислений &#10;по налогу на добычу полезных ископаемых </Data></Cell>
   </Row>
   <Row>
    <Cell ss:MergeAcross="2" ss:StyleID="s59"><Data ss:Type="String">за 2008 год</Data><NamedCell
      ss:Name="Print_Titles"/></Cell>
   </Row>
   <Row>
    <Cell ss:MergeAcross="2" ss:StyleID="s60"><NamedCell ss:Name="Print_Titles"/></Cell>
   </Row>
   <Row>
    <Cell ss:StyleID="s24"><Data ss:Type="String">Всего по России</Data><NamedCell
      ss:Name="Print_Titles"/></Cell>
    <Cell ss:Index="3" ss:StyleID="s27"><Data ss:Type="String">тыс.руб.</Data><NamedCell
      ss:Name="Print_Titles"/></Cell>
   </Row>
   <Row ss:AutoFitHeight="0" ss:Height="26.4375">
    <Cell ss:StyleID="s28"><Data ss:Type="String">Наименование показателя</Data><NamedCell
      ss:Name="Print_Titles"/></Cell>
    <Cell ss:StyleID="s29"><Data ss:Type="String">Код &#10;строки</Data><NamedCell
      ss:Name="Print_Titles"/></Cell>
    <Cell ss:StyleID="s29"><Data ss:Type="String">Значение&#10;показателя</Data><NamedCell
      ss:Name="Print_Titles"/></Cell>
   </Row>
   <Row ss:AutoFitHeight="0" ss:Height="13.125">
    <Cell ss:StyleID="s28"><Data ss:Type="String">А</Data><NamedCell
      ss:Name="Print_Titles"/></Cell>
    <Cell ss:StyleID="s29"><Data ss:Type="String">Б</Data><NamedCell
      ss:Name="Print_Titles"/></Cell>
    <Cell ss:StyleID="s29"><Data ss:Type="Number">1</Data><NamedCell
      ss:Name="Print_Titles"/></Cell>
   </Row>
   <Row>
    <Cell ss:StyleID="s39"><Data ss:Type="String">1. Количество добытых полезных ископаемых:</Data></Cell>
    <Cell ss:StyleID="s30"/>
    <Cell ss:StyleID="s31"/>
   </Row>
   <Row>
    <Cell ss:StyleID="s40"><ss:Data ss:Type="String"
      xmlns="http://www.w3.org/TR/REC-html40"><Font html:Color="#000000">нефть, </Font><B><Font
        html:Color="#000000">тыс. тонн, </Font></B><Font html:Color="#000000">в том числе:</Font></ss:Data></Cell>
    <Cell ss:StyleID="s34"><Data ss:Type="Number">1110</Data></Cell>
    <Cell ss:StyleID="s31"><Data ss:Type="Number">462657</Data></Cell>
   </Row>
   <Row>
    <Cell ss:StyleID="s41"><Data ss:Type="String">облагаемой по налоговой ставке 0 %</Data></Cell>
    <Cell ss:StyleID="s34"><Data ss:Type="Number">1111</Data></Cell>
    <Cell ss:StyleID="s31"><Data ss:Type="Number">3980</Data></Cell>
   </Row>
   <Row>
    <Cell ss:StyleID="s42"><Data ss:Type="String"> - из него в части нормативных потерь</Data></Cell>
    <Cell ss:StyleID="s34"><Data ss:Type="Number">1112</Data></Cell>
    <Cell ss:StyleID="s51"><Data ss:Type="Number">1369</Data></Cell>
   </Row>
   <Row>
    <Cell ss:StyleID="s41"><Data ss:Type="String">с применением коэффициента 0,7</Data></Cell>
    <Cell ss:StyleID="s34"><Data ss:Type="Number">1113</Data></Cell>
    <Cell ss:StyleID="s51"><Data ss:Type="Number">1782</Data></Cell>
   </Row>
   <Row>
    <Cell ss:StyleID="s41"><Data ss:Type="String">с применением коэффициента Кв., меньшего 1</Data></Cell>
    <Cell ss:StyleID="s34"><Data ss:Type="Number">1114</Data></Cell>
    <Cell ss:StyleID="s51"><Data ss:Type="Number">31120</Data></Cell>
   </Row>
   <Row>
    <Cell ss:StyleID="s41"><Data ss:Type="String">из строки 1111: в части «новых» месторождений</Data></Cell>
    <Cell ss:StyleID="s34"><Data ss:Type="Number">1115</Data></Cell>
    <Cell ss:StyleID="s51"><Data ss:Type="Number">924</Data></Cell>
   </Row>
   <Row>
    <Cell ss:StyleID="s41"><Data ss:Type="String">из строки 1111: в части сверхвязкой нефти</Data></Cell>
    <Cell ss:StyleID="s34"><Data ss:Type="Number">1116</Data></Cell>
    <Cell ss:StyleID="s51"><Data ss:Type="Number">1629</Data></Cell>
   </Row>
   <Row>
    <Cell ss:StyleID="s40"><ss:Data ss:Type="String"
      xmlns="http://www.w3.org/TR/REC-html40"><Font html:Color="#000000">природный горючий газ, </Font><B><Font
        html:Color="#000000">млн.куб.м.,</Font></B><Font html:Color="#000000"> в том числе:</Font></ss:Data></Cell>
    <Cell ss:StyleID="s34"><Data ss:Type="Number">1120</Data></Cell>
    <Cell ss:StyleID="s51"><Data ss:Type="Number">613482</Data></Cell>
   </Row>
   <Row>
    <Cell ss:StyleID="s41"><Data ss:Type="String">облагаемое по налоговой ставке 0 %</Data></Cell>
    <Cell ss:StyleID="s34"><Data ss:Type="Number">1121</Data></Cell>
    <Cell ss:StyleID="s51"><Data ss:Type="Number">2316</Data></Cell>
   </Row>
   <Row>
    <Cell ss:StyleID="s42"><Data ss:Type="String"> - из него в части нормативных потерь</Data></Cell>
    <Cell ss:StyleID="s34"><Data ss:Type="Number">1122</Data></Cell>
    <Cell ss:StyleID="s51"><Data ss:Type="Number">1240</Data></Cell>
   </Row>
   <Row>
    <Cell ss:StyleID="s41"><Data ss:Type="String">с применением коэффициента 0,7</Data></Cell>
    <Cell ss:StyleID="s34"><Data ss:Type="Number">1123</Data></Cell>
    <Cell ss:StyleID="s51"><Data ss:Type="Number">0</Data></Cell>
   </Row>
   <Row>
    <Cell ss:StyleID="s40"><ss:Data ss:Type="String"
      xmlns="http://www.w3.org/TR/REC-html40"><Font html:Color="#000000">  попутный газ, </Font><B><Font
        html:Color="#000000">тыс.куб.м.</Font></B></ss:Data></Cell>
    <Cell ss:StyleID="s34"><Data ss:Type="Number">1130</Data></Cell>
    <Cell ss:StyleID="s51"><Data ss:Type="Number">50437238</Data></Cell>
   </Row>
   <Row>
    <Cell ss:StyleID="s40"><ss:Data ss:Type="String"
      xmlns="http://www.w3.org/TR/REC-html40"><Font html:Color="#000000">газовый конденсат, </Font><B><Font
        html:Color="#000000">тыс.тонн,</Font></B><Font html:Color="#000000"> в том числе:</Font></ss:Data></Cell>
    <Cell ss:StyleID="s34"><Data ss:Type="Number">1140</Data></Cell>
    <Cell ss:StyleID="s51"><Data ss:Type="Number">15987</Data></Cell>
   </Row>
   <Row>
    <Cell ss:StyleID="s41"><Data ss:Type="String">облагаемое по налоговой ставке 0 %</Data></Cell>
    <Cell ss:StyleID="s34"><Data ss:Type="Number">1141</Data></Cell>
    <Cell ss:StyleID="s51"><Data ss:Type="Number">397</Data></Cell>
   </Row>
   <Row>
    <Cell ss:StyleID="s42"><Data ss:Type="String"> - из него в части нормативных потерь</Data></Cell>
    <Cell ss:StyleID="s34"><Data ss:Type="Number">1142</Data></Cell>
    <Cell ss:StyleID="s51"><Data ss:Type="Number">67</Data></Cell>
   </Row>
   <Row>
    <Cell ss:StyleID="s41"><Data ss:Type="String">с применением коэффициента 0,7</Data></Cell>
    <Cell ss:StyleID="s34"><Data ss:Type="Number">1143</Data></Cell>
    <Cell ss:StyleID="s51"><Data ss:Type="Number">0</Data></Cell>
   </Row>
   <Row>
    <Cell ss:StyleID="s40"><ss:Data ss:Type="String"
      xmlns="http://www.w3.org/TR/REC-html40"><Font html:Color="#000000">каменный уголь, </Font><B><Font
        html:Color="#000000">тыс. тонн,</Font></B><Font html:Color="#000000"> в том числе:</Font></ss:Data></Cell>
    <Cell ss:StyleID="s34"><Data ss:Type="Number">1210</Data></Cell>
    <Cell ss:StyleID="s51"><Data ss:Type="Number">259829</Data></Cell>
   </Row>
   <Row>
    <Cell ss:StyleID="s41"><Data ss:Type="String">облагаемое по налоговой ставке 0 %</Data></Cell>
    <Cell ss:StyleID="s34"><Data ss:Type="Number">1211</Data></Cell>
    <Cell ss:StyleID="s51"><Data ss:Type="Number">20421</Data></Cell>
   </Row>
   <Row>
    <Cell ss:StyleID="s42"><Data ss:Type="String"> - из них в части нормативных потерь</Data></Cell>
    <Cell ss:StyleID="s34"><Data ss:Type="Number">1212</Data></Cell>
    <Cell ss:StyleID="s51"><Data ss:Type="Number">18533</Data></Cell>
   </Row>
   <Row>
    <Cell ss:StyleID="s41"><Data ss:Type="String">с применением коэффициента 0,7</Data></Cell>
    <Cell ss:StyleID="s34"><Data ss:Type="Number">1213</Data></Cell>
    <Cell ss:StyleID="s51"><Data ss:Type="Number">92</Data></Cell>
   </Row>
   <Row ss:Height="25.5">
    <Cell ss:StyleID="s40"><ss:Data ss:Type="String"
      xmlns="http://www.w3.org/TR/REC-html40"><Font html:Color="#000000">химически чистое золото, содержащееся в концентратах и других полупродуктах, </Font><B><Font
        html:Color="#000000">кг</Font></B><Font html:Color="#000000">, в том числе:</Font></ss:Data></Cell>
    <Cell ss:StyleID="s34"><Data ss:Type="Number">1380</Data></Cell>
    <Cell ss:StyleID="s51"><Data ss:Type="Number">172506</Data></Cell>
   </Row>
   <Row>
    <Cell ss:StyleID="s41"><Data ss:Type="String">облагаемое по налоговой ставке 0 %</Data></Cell>
    <Cell ss:StyleID="s34"><Data ss:Type="Number">1381</Data></Cell>
    <Cell ss:StyleID="s51"><Data ss:Type="Number">8597</Data></Cell>
   </Row>
   <Row>
    <Cell ss:StyleID="s42"><Data ss:Type="String"> - из них в части нормативных потерь</Data></Cell>
    <Cell ss:StyleID="s34"><Data ss:Type="Number">1382</Data></Cell>
    <Cell ss:StyleID="s51"><Data ss:Type="Number">8289</Data></Cell>
   </Row>
   <Row>
    <Cell ss:StyleID="s41"><Data ss:Type="String">с применением коэффициента 0,7</Data></Cell>
    <Cell ss:StyleID="s34"><Data ss:Type="Number">1383</Data></Cell>
    <Cell ss:StyleID="s51"><Data ss:Type="Number">590</Data></Cell>
   </Row>
   <Row ss:Height="25.5">
    <Cell ss:StyleID="s40"><ss:Data ss:Type="String"
      xmlns="http://www.w3.org/TR/REC-html40"><Font html:Color="#000000">химически чистое серебро, содержащееся в концентратах и других полупродуктах, </Font><B><Font
        html:Color="#000000">кг</Font></B><Font html:Color="#000000">, в том числе:</Font></ss:Data></Cell>
    <Cell ss:StyleID="s34"><Data ss:Type="Number">1390</Data></Cell>
    <Cell ss:StyleID="s51"><Data ss:Type="Number">954010</Data></Cell>
   </Row>
   <Row>
    <Cell ss:StyleID="s41"><Data ss:Type="String">облагаемое по налоговой ставке 0 %</Data></Cell>
    <Cell ss:StyleID="s34"><Data ss:Type="Number">1391</Data></Cell>
    <Cell ss:StyleID="s51"><Data ss:Type="Number">165631</Data></Cell>
   </Row>
   <Row ss:Height="25.5">
    <Cell ss:StyleID="s40"><ss:Data ss:Type="String"
      xmlns="http://www.w3.org/TR/REC-html40"><Font html:Color="#000000">химически чистая платина, содержащаяся в концентратах и других полупродуктах, </Font><B><Font
        html:Color="#000000">кг</Font></B><Font html:Color="#000000">, в том числе:</Font></ss:Data></Cell>
    <Cell ss:StyleID="s34"><Data ss:Type="Number">1410</Data></Cell>
    <Cell ss:StyleID="s51"><Data ss:Type="Number">6701</Data></Cell>
   </Row>
   <Row>
    <Cell ss:StyleID="s41"><Data ss:Type="String">облагаемое по налоговой ставке 0 %</Data></Cell>
    <Cell ss:StyleID="s34"><Data ss:Type="Number">1411</Data></Cell>
    <Cell ss:StyleID="s51"><Data ss:Type="Number">767</Data></Cell>
   </Row>
   <Row ss:AutoFitHeight="0">
    <Cell ss:StyleID="s43"><Data ss:Type="String">2. Стоимость добытого полезного ископаемого:</Data></Cell>
    <Cell ss:StyleID="s35"/>
    <Cell ss:StyleID="s51"/>
   </Row>
   <Row>
    <Cell ss:StyleID="s44"><Data ss:Type="String">газовый конденсат</Data></Cell>
    <Cell ss:StyleID="s34"><Data ss:Type="Number">2140</Data></Cell>
    <Cell ss:StyleID="s51"><Data ss:Type="Number">47834556</Data></Cell>
   </Row>
   <Row>
    <Cell ss:StyleID="s44"><Data ss:Type="String">каменный уголь</Data></Cell>
    <Cell ss:StyleID="s34"><Data ss:Type="Number">2210</Data></Cell>
    <Cell ss:StyleID="s51"><Data ss:Type="Number">216011836</Data></Cell>
   </Row>
   <Row>
    <Cell ss:StyleID="s44"><Data ss:Type="String">товарные руды черных металлов, всего</Data></Cell>
    <Cell ss:StyleID="s36"><Data ss:Type="Number">2225</Data></Cell>
    <Cell ss:StyleID="s51"><Data ss:Type="Number">39187281</Data></Cell>
   </Row>
   <Row>
    <Cell ss:StyleID="s44"><Data ss:Type="String">товарные руды цветных металлов, всего</Data></Cell>
    <Cell ss:StyleID="s34"><Data ss:Type="Number">2255</Data></Cell>
    <Cell ss:StyleID="s51"><Data ss:Type="Number">13131820</Data></Cell>
   </Row>
   <Row ss:Height="25.5">
    <Cell ss:StyleID="s44"><Data ss:Type="String">многокомпонентные комплексные руды, полезные компоненты многокомпо-&#10;нентных комплексных руд (исключая драгоценные металлы)</Data></Cell>
    <Cell ss:StyleID="s34"><Data ss:Type="Number">2290</Data></Cell>
    <Cell ss:StyleID="s51"><Data ss:Type="Number">38457013</Data></Cell>
   </Row>
   <Row>
    <Cell ss:StyleID="s44"><Data ss:Type="String">природные алмазы</Data></Cell>
    <Cell ss:StyleID="s34"><Data ss:Type="Number">2360</Data></Cell>
    <Cell ss:StyleID="s51"><Data ss:Type="Number">62110325</Data></Cell>
   </Row>
   <Row>
    <Cell ss:StyleID="s44"><Data ss:Type="String">другие драгоценные камни (кроме природных алмазов)</Data></Cell>
    <Cell ss:StyleID="s34"><Data ss:Type="Number">2370</Data></Cell>
    <Cell ss:StyleID="s51"><Data ss:Type="Number">0</Data></Cell>
   </Row>
   <Row ss:Height="25.5">
    <Cell ss:StyleID="s44"><Data ss:Type="String">химически чистое золото, содержащееся в концентратах и других&#10; полупродуктах</Data></Cell>
    <Cell ss:StyleID="s34"><Data ss:Type="Number">2380</Data></Cell>
    <Cell ss:StyleID="s51"><Data ss:Type="Number">110604277</Data></Cell>
   </Row>
   <Row ss:AutoFitHeight="0" ss:Height="25.5">
    <Cell ss:StyleID="s44"><Data ss:Type="String">химически чистое серебро, содержащееся в концентратах и других полупродуктах</Data></Cell>
    <Cell ss:StyleID="s34"><Data ss:Type="Number">2390</Data></Cell>
    <Cell ss:StyleID="s51"><Data ss:Type="Number">8683921</Data></Cell>
   </Row>
   <Row ss:AutoFitHeight="0" ss:Height="24.75">
    <Cell ss:StyleID="s44"><Data ss:Type="String">химически чистая платина, содержащаяся в концентратах и других полупродуктах</Data></Cell>
    <Cell ss:StyleID="s34"><Data ss:Type="Number">2410</Data></Cell>
    <Cell ss:StyleID="s51"><Data ss:Type="Number">6874287</Data></Cell>
   </Row>
   <Row ss:Height="25.5">
    <Cell ss:StyleID="s44"><Data ss:Type="String">концентраты и другие полупродукты, содержащие другие драгоценные металлы   (кроме золота, серебра и  платины )</Data></Cell>
    <Cell ss:StyleID="s34"><Data ss:Type="Number">2440</Data></Cell>
    <Cell ss:StyleID="s51"><Data ss:Type="Number">827957</Data></Cell>
   </Row>
   <Row ss:AutoFitHeight="0" ss:Height="15">
    <Cell ss:StyleID="s44"><Data ss:Type="String">общераспространенные полезные ископаемые</Data></Cell>
    <Cell ss:StyleID="s34"><Data ss:Type="Number">2500</Data></Cell>
    <Cell ss:StyleID="s51"><Data ss:Type="Number">80982315</Data></Cell>
   </Row>
   <Row ss:Height="25.5">
    <Cell ss:StyleID="s43"><ss:Data ss:Type="String"
      xmlns="http://www.w3.org/TR/REC-html40"><B><Font html:Color="#000000">3. Сумма налога, подлежащая уплате в бюджет за налоговые периоды отчетного года – всего, </Font></B><Font
       html:Color="#000000">в том числе:</Font></ss:Data></Cell>
    <Cell ss:StyleID="s34"><Data ss:Type="Number">3010</Data></Cell>
    <Cell ss:StyleID="s51"><Data ss:Type="Number">1634379644</Data></Cell>
   </Row>
   <Row>
    <Cell ss:StyleID="s45"><Data ss:Type="String">нефть</Data></Cell>
    <Cell ss:StyleID="s34"><Data ss:Type="Number">3110</Data></Cell>
    <Cell ss:StyleID="s51"><Data ss:Type="Number">1500620985</Data></Cell>
   </Row>
   <Row>
    <Cell ss:StyleID="s44"><Data ss:Type="String">природный горючий газ</Data></Cell>
    <Cell ss:StyleID="s36"><Data ss:Type="Number">3120</Data></Cell>
    <Cell ss:StyleID="s51"><Data ss:Type="Number">89841760</Data></Cell>
   </Row>
   <Row>
    <Cell ss:StyleID="s44"><Data ss:Type="String">газовый конденсат</Data></Cell>
    <Cell ss:StyleID="s36"><Data ss:Type="Number">3140</Data></Cell>
    <Cell ss:StyleID="s51"><Data ss:Type="Number">8370806</Data></Cell>
   </Row>
   <Row>
    <Cell ss:StyleID="s44"><Data ss:Type="String">каменный уголь</Data></Cell>
    <Cell ss:StyleID="s36"><Data ss:Type="Number">3210</Data></Cell>
    <Cell ss:StyleID="s51"><Data ss:Type="Number">8634968</Data></Cell>
   </Row>
   <Row>
    <Cell ss:StyleID="s44"><Data ss:Type="String">товарные руды черных металлов, всего</Data></Cell>
    <Cell ss:StyleID="s36"><Data ss:Type="Number">3225</Data></Cell>
    <Cell ss:StyleID="s51"><Data ss:Type="Number">1870646</Data></Cell>
   </Row>
   <Row>
    <Cell ss:StyleID="s44"><Data ss:Type="String">товарные руды цветных металлов, всего</Data></Cell>
    <Cell ss:StyleID="s36"><Data ss:Type="Number">3255</Data></Cell>
    <Cell ss:StyleID="s51"><Data ss:Type="Number">911494</Data></Cell>
   </Row>
   <Row ss:Height="25.5">
    <Cell ss:StyleID="s44"><Data ss:Type="String">многокомпонентные комплексные руды, полезные компоненты многокомпонентных комплексных руд (исключая драгоценные металлы)</Data></Cell>
    <Cell ss:StyleID="s36"><Data ss:Type="Number">3290</Data></Cell>
    <Cell ss:StyleID="s51"><Data ss:Type="Number">3076483</Data></Cell>
   </Row>
   <Row>
    <Cell ss:StyleID="s44"><Data ss:Type="String">природные алмазы</Data></Cell>
    <Cell ss:StyleID="s36"><Data ss:Type="Number">3360</Data></Cell>
    <Cell ss:StyleID="s51"><Data ss:Type="Number">4968826</Data></Cell>
   </Row>
   <Row>
    <Cell ss:StyleID="s44"><Data ss:Type="String">другие драгоценные камни (кроме природных алмазов)</Data></Cell>
    <Cell ss:StyleID="s36"><Data ss:Type="Number">3370</Data></Cell>
    <Cell ss:StyleID="s51"><Data ss:Type="Number">0</Data></Cell>
   </Row>
   <Row>
    <Cell ss:StyleID="s44"><Data ss:Type="String">концентраты и другие полупродукты, содержащие золото</Data></Cell>
    <Cell ss:StyleID="s36"><Data ss:Type="Number">3380</Data></Cell>
    <Cell ss:StyleID="s51"><Data ss:Type="Number">6630338</Data></Cell>
   </Row>
   <Row>
    <Cell ss:StyleID="s44"><Data ss:Type="String">концентраты и другие полупродукты, содержащие серебро</Data></Cell>
    <Cell ss:StyleID="s34"><Data ss:Type="Number">3390</Data></Cell>
    <Cell ss:StyleID="s51"><Data ss:Type="Number">564454</Data></Cell>
   </Row>
   <Row>
    <Cell ss:StyleID="s44"><Data ss:Type="String">концентраты и другие полупродукты, содержащие платину</Data></Cell>
    <Cell ss:StyleID="s36"><Data ss:Type="Number">3410</Data></Cell>
    <Cell ss:StyleID="s51"><Data ss:Type="Number">447021</Data></Cell>
   </Row>
   <Row ss:Height="25.5">
    <Cell ss:StyleID="s44"><Data ss:Type="String">концентраты и другие полупродукты, содержащие другие драгоценные металлы (кроме золота, серебра и платины)</Data></Cell>
    <Cell ss:StyleID="s36"><Data ss:Type="Number">3440</Data></Cell>
    <Cell ss:StyleID="s51"><Data ss:Type="Number">53816</Data></Cell>
   </Row>
   <Row>
    <Cell ss:StyleID="s45"><Data ss:Type="String">общераспространенные полезные ископаемые</Data></Cell>
    <Cell ss:StyleID="s38"><Data ss:Type="Number">3500</Data></Cell>
    <Cell ss:StyleID="s51"><Data ss:Type="Number">4430119</Data></Cell>
   </Row>
   <Row ss:Height="25.5">
    <Cell ss:StyleID="s46"><ss:Data ss:Type="String"
      xmlns="http://www.w3.org/TR/REC-html40"><B><Font html:Color="#000000">4. Сумма налога, не поступившего в бюджет в связи с предоставлением налоговых льгот, - всего, </Font></B><Font
       html:Color="#000000">в том числе:</Font><B><Font html:Color="#000000"> </Font></B></ss:Data></Cell>
    <Cell ss:StyleID="s35"><Data ss:Type="Number">4010</Data></Cell>
    <Cell ss:StyleID="s51"><Data ss:Type="Number">44780339</Data></Cell>
   </Row>
   <Row>
    <Cell ss:StyleID="s47"><Data ss:Type="String"> по налоговой ставке 0%           </Data></Cell>
    <Cell ss:StyleID="s34"><Data ss:Type="Number">4011</Data></Cell>
    <Cell ss:StyleID="s51"><Data ss:Type="Number">23329610</Data></Cell>
   </Row>
   <Row ss:AutoFitHeight="0" ss:Height="25.5">
    <Cell ss:StyleID="s48"><Data ss:Type="String"> -  из них в части нормативных потерь по основным видам полезных ископаемых</Data></Cell>
    <Cell ss:StyleID="s34"><Data ss:Type="Number">4012</Data></Cell>
    <Cell ss:StyleID="s51"><Data ss:Type="Number">7066442</Data></Cell>
   </Row>
   <Row>
    <Cell ss:StyleID="s41"><Data ss:Type="String">с применением коэффициента 0,7</Data></Cell>
    <Cell ss:StyleID="s34"><Data ss:Type="Number">4013</Data></Cell>
    <Cell ss:StyleID="s51"><Data ss:Type="Number">1815893</Data></Cell>
   </Row>
   <Row>
    <Cell ss:StyleID="s41"><Data ss:Type="String">с применением коэффициента Кв., меньшего 1</Data></Cell>
    <Cell ss:StyleID="s35"><Data ss:Type="Number">4014</Data></Cell>
    <Cell ss:StyleID="s51"><Data ss:Type="Number">19630755</Data></Cell>
   </Row>
   <Row>
    <Cell ss:StyleID="s46"><Data ss:Type="String">5. Количество налогоплательщиков налога - всего</Data></Cell>
    <Cell ss:StyleID="s35"><Data ss:Type="Number">6010</Data></Cell>
    <Cell ss:StyleID="s51"><Data ss:Type="Number">6861</Data></Cell>
   </Row>
   <Row>
    <Cell ss:StyleID="s49"><Data ss:Type="String">из них применивших коэффициент 0,7</Data></Cell>
    <Cell ss:StyleID="s37"><Data ss:Type="Number">6011</Data></Cell>
    <Cell ss:StyleID="s51"><Data ss:Type="Number">92</Data></Cell>
   </Row>
   <Row>
    <Cell ss:StyleID="s41"><Data ss:Type="String">применивших коэффициент Кв., меньшего 1</Data></Cell>
    <Cell ss:StyleID="s34"><Data ss:Type="Number">6012</Data></Cell>
    <Cell ss:StyleID="s51"><Data ss:Type="Number">22</Data></Cell>
   </Row>
   <Row>
    <Cell ss:StyleID="s47"><Data ss:Type="String">разрабатывающих «новые» месторождения</Data></Cell>
    <Cell ss:StyleID="s34"><Data ss:Type="Number">6013</Data></Cell>
    <Cell ss:StyleID="s51"><Data ss:Type="Number">10</Data></Cell>
   </Row>
   <Row>
    <Cell ss:StyleID="s47"><Data ss:Type="String">добывающих сверхвязкую нефть</Data></Cell>
    <Cell ss:StyleID="s34"><Data ss:Type="Number">6014</Data></Cell>
    <Cell ss:StyleID="s51"><Data ss:Type="Number">15</Data></Cell>
   </Row>
   <Row>
    <Cell ss:StyleID="s50"/>
    <Cell ss:StyleID="s33"/>
   </Row>
   <Row>
    <Cell ss:StyleID="s50"/>
    <Cell ss:StyleID="s33"/>
   </Row>
   <Row>
    <Cell ss:StyleID="s50"/>
   </Row>
   <Row>
    <Cell ss:StyleID="s50"/>
    <Cell ss:MergeAcross="1" ss:StyleID="s27"/>
   </Row>
   <Row>
    <Cell ss:StyleID="s50"/>
    <Cell ss:MergeAcross="1" ss:StyleID="s33"/>
   </Row>
   <Row>
    <Cell ss:StyleID="s50"/>
   </Row>
   <Row>
    <Cell ss:StyleID="s50"/>
   </Row>
   <Row>
    <Cell ss:StyleID="s50"/>
   </Row>
   <Row>
    <Cell ss:StyleID="s50"/>
   </Row>
   <Row>
    <Cell ss:StyleID="s50"/>
   </Row>
   <Row>
    <Cell ss:StyleID="s50"/>
   </Row>
   <Row>
    <Cell ss:StyleID="s50"/>
   </Row>
   <Row>
    <Cell ss:StyleID="s50"/>
   </Row>
   <Row>
    <Cell ss:StyleID="s50"/>
   </Row>
   <Row>
    <Cell ss:StyleID="s50"/>
   </Row>
   <Row>
    <Cell ss:StyleID="s50"/>
   </Row>
   <Row>
    <Cell ss:StyleID="s50"/>
   </Row>
   <Row>
    <Cell ss:StyleID="s50"/>
   </Row>
   <Row>
    <Cell ss:StyleID="s50"/>
   </Row>
   <Row>
    <Cell ss:StyleID="s50"/>
   </Row>
   <Row>
    <Cell ss:StyleID="s50"/>
   </Row>
   <Row>
    <Cell ss:StyleID="s50"/>
   </Row>
   <Row>
    <Cell ss:StyleID="s50"/>
   </Row>
   <Row>
    <Cell ss:StyleID="s50"/>
   </Row>
   <Row>
    <Cell ss:StyleID="s50"/>
   </Row>
   <Row>
    <Cell ss:StyleID="s50"/>
   </Row>
   <Row>
    <Cell ss:StyleID="s50"/>
   </Row>
   <Row>
    <Cell ss:StyleID="s50"/>
   </Row>
   <Row>
    <Cell ss:StyleID="s50"/>
   </Row>
   <Row>
    <Cell ss:StyleID="s50"/>
   </Row>
   <Row>
    <Cell ss:StyleID="s50"/>
   </Row>
   <Row>
    <Cell ss:StyleID="s50"/>
   </Row>
   <Row>
    <Cell ss:StyleID="s50"/>
   </Row>
   <Row>
    <Cell ss:StyleID="s50"/>
   </Row>
   <Row>
    <Cell ss:StyleID="s50"/>
   </Row>
   <Row>
    <Cell ss:StyleID="s50"/>
   </Row>
   <Row>
    <Cell ss:StyleID="s50"/>
   </Row>
   <Row>
    <Cell ss:StyleID="s50"/>
   </Row>
   <Row>
    <Cell ss:StyleID="s50"/>
   </Row>
   <Row>
    <Cell ss:StyleID="s50"/>
   </Row>
   <Row>
    <Cell ss:StyleID="s50"/>
   </Row>
   <Row>
    <Cell ss:StyleID="s50"/>
   </Row>
   <Row>
    <Cell ss:StyleID="s50"/>
   </Row>
   <Row>
    <Cell ss:StyleID="s50"/>
   </Row>
   <Row>
    <Cell ss:StyleID="s50"/>
   </Row>
   <Row>
    <Cell ss:StyleID="s50"/>
   </Row>
   <Row>
    <Cell ss:StyleID="s50"/>
   </Row>
   <Row>
    <Cell ss:StyleID="s50"/>
   </Row>
   <Row>
    <Cell ss:StyleID="s50"/>
   </Row>
   <Row>
    <Cell ss:StyleID="s50"/>
   </Row>
   <Row>
    <Cell ss:StyleID="s50"/>
   </Row>
   <Row>
    <Cell ss:StyleID="s50"/>
   </Row>
   <Row>
    <Cell ss:StyleID="s50"/>
   </Row>
   <Row>
    <Cell ss:StyleID="s50"/>
   </Row>
   <Row>
    <Cell ss:StyleID="s50"/>
   </Row>
   <Row>
    <Cell ss:StyleID="s50"/>
   </Row>
   <Row>
    <Cell ss:StyleID="s50"/>
   </Row>
   <Row>
    <Cell ss:StyleID="s50"/>
   </Row>
   <Row>
    <Cell ss:StyleID="s50"/>
   </Row>
   <Row>
    <Cell ss:StyleID="s50"/>
   </Row>
   <Row>
    <Cell ss:StyleID="s50"/>
   </Row>
   <Row>
    <Cell ss:StyleID="s50"/>
   </Row>
   <Row>
    <Cell ss:StyleID="s50"/>
   </Row>
   <Row>
    <Cell ss:StyleID="s50"/>
   </Row>
   <Row>
    <Cell ss:StyleID="s50"/>
   </Row>
   <Row>
    <Cell ss:StyleID="s50"/>
   </Row>
   <Row>
    <Cell ss:StyleID="s50"/>
   </Row>
   <Row>
    <Cell ss:StyleID="s50"/>
   </Row>
   <Row>
    <Cell ss:StyleID="s50"/>
   </Row>
   <Row>
    <Cell ss:StyleID="s50"/>
   </Row>
   <Row>
    <Cell ss:StyleID="s50"/>
   </Row>
   <Row>
    <Cell ss:StyleID="s50"/>
   </Row>
   <Row>
    <Cell ss:StyleID="s50"/>
   </Row>
   <Row>
    <Cell ss:StyleID="s50"/>
   </Row>
   <Row>
    <Cell ss:StyleID="s50"/>
   </Row>
   <Row>
    <Cell ss:StyleID="s50"/>
   </Row>
   <Row>
    <Cell ss:StyleID="s50"/>
   </Row>
   <Row>
    <Cell ss:StyleID="s50"/>
   </Row>
   <Row>
    <Cell ss:StyleID="s50"/>
   </Row>
   <Row>
    <Cell ss:StyleID="s50"/>
   </Row>
   <Row>
    <Cell ss:StyleID="s50"/>
   </Row>
   <Row>
    <Cell ss:StyleID="s50"/>
   </Row>
   <Row>
    <Cell ss:StyleID="s50"/>
   </Row>
   <Row>
    <Cell ss:StyleID="s50"/>
   </Row>
   <Row>
    <Cell ss:StyleID="s50"/>
   </Row>
   <Row>
    <Cell ss:StyleID="s50"/>
   </Row>
   <Row>
    <Cell ss:StyleID="s50"/>
   </Row>
   <Row>
    <Cell ss:StyleID="s50"/>
   </Row>
   <Row>
    <Cell ss:StyleID="s50"/>
   </Row>
   <Row>
    <Cell ss:StyleID="s50"/>
   </Row>
   <Row>
    <Cell ss:StyleID="s50"/>
   </Row>
   <Row>
    <Cell ss:StyleID="s50"/>
   </Row>
   <Row>
    <Cell ss:StyleID="s50"/>
   </Row>
   <Row>
    <Cell ss:StyleID="s50"/>
   </Row>
   <Row>
    <Cell ss:StyleID="s50"/>
   </Row>
   <Row>
    <Cell ss:StyleID="s50"/>
   </Row>
   <Row>
    <Cell ss:StyleID="s50"/>
   </Row>
   <Row>
    <Cell ss:StyleID="s50"/>
   </Row>
   <Row>
    <Cell ss:StyleID="s50"/>
   </Row>
   <Row>
    <Cell ss:StyleID="s50"/>
   </Row>
   <Row>
    <Cell ss:StyleID="s50"/>
   </Row>
   <Row>
    <Cell ss:StyleID="s50"/>
   </Row>
   <Row>
    <Cell ss:StyleID="s50"/>
   </Row>
   <Row>
    <Cell ss:StyleID="s50"/>
   </Row>
   <Row>
    <Cell ss:StyleID="s50"/>
   </Row>
   <Row>
    <Cell ss:StyleID="s50"/>
   </Row>
   <Row>
    <Cell ss:StyleID="s50"/>
   </Row>
   <Row>
    <Cell ss:StyleID="s50"/>
   </Row>
   <Row>
    <Cell ss:StyleID="s50"/>
   </Row>
   <Row>
    <Cell ss:StyleID="s50"/>
   </Row>
   <Row>
    <Cell ss:StyleID="s50"/>
   </Row>
   <Row>
    <Cell ss:StyleID="s50"/>
   </Row>
   <Row>
    <Cell ss:StyleID="s50"/>
   </Row>
   <Row>
    <Cell ss:StyleID="s50"/>
   </Row>
   <Row>
    <Cell ss:StyleID="s50"/>
   </Row>
   <Row>
    <Cell ss:StyleID="s50"/>
   </Row>
   <Row>
    <Cell ss:StyleID="s50"/>
   </Row>
   <Row>
    <Cell ss:StyleID="s50"/>
   </Row>
   <Row>
    <Cell ss:StyleID="s50"/>
   </Row>
   <Row>
    <Cell ss:StyleID="s50"/>
   </Row>
   <Row>
    <Cell ss:StyleID="s50"/>
   </Row>
   <Row>
    <Cell ss:StyleID="s50"/>
   </Row>
   <Row>
    <Cell ss:StyleID="s50"/>
   </Row>
   <Row>
    <Cell ss:StyleID="s50"/>
   </Row>
   <Row>
    <Cell ss:StyleID="s50"/>
   </Row>
   <Row>
    <Cell ss:StyleID="s50"/>
   </Row>
   <Row>
    <Cell ss:StyleID="s50"/>
   </Row>
   <Row>
    <Cell ss:StyleID="s50"/>
   </Row>
   <Row>
    <Cell ss:StyleID="s50"/>
   </Row>
   <Row>
    <Cell ss:StyleID="s50"/>
   </Row>
   <Row>
    <Cell ss:StyleID="s50"/>
   </Row>
   <Row>
    <Cell ss:StyleID="s50"/>
   </Row>
   <Row>
    <Cell ss:StyleID="s50"/>
   </Row>
   <Row>
    <Cell ss:StyleID="s50"/>
   </Row>
   <Row>
    <Cell ss:StyleID="s50"/>
   </Row>
   <Row>
    <Cell ss:StyleID="s50"/>
   </Row>
   <Row>
    <Cell ss:StyleID="s50"/>
   </Row>
   <Row>
    <Cell ss:StyleID="s50"/>
   </Row>
   <Row>
    <Cell ss:StyleID="s50"/>
   </Row>
   <Row>
    <Cell ss:StyleID="s50"/>
   </Row>
   <Row>
    <Cell ss:StyleID="s50"/>
   </Row>
   <Row>
    <Cell ss:StyleID="s50"/>
   </Row>
   <Row>
    <Cell ss:StyleID="s50"/>
   </Row>
   <Row>
    <Cell ss:StyleID="s50"/>
   </Row>
   <Row>
    <Cell ss:StyleID="s50"/>
   </Row>
   <Row>
    <Cell ss:StyleID="s50"/>
   </Row>
   <Row>
    <Cell ss:StyleID="s50"/>
   </Row>
   <Row>
    <Cell ss:StyleID="s50"/>
   </Row>
   <Row>
    <Cell ss:StyleID="s50"/>
   </Row>
   <Row>
    <Cell ss:StyleID="s50"/>
   </Row>
   <Row>
    <Cell ss:StyleID="s50"/>
   </Row>
   <Row>
    <Cell ss:StyleID="s50"/>
   </Row>
   <Row>
    <Cell ss:StyleID="s50"/>
   </Row>
   <Row>
    <Cell ss:StyleID="s50"/>
   </Row>
   <Row>
    <Cell ss:StyleID="s50"/>
   </Row>
   <Row>
    <Cell ss:StyleID="s50"/>
   </Row>
   <Row>
    <Cell ss:StyleID="s50"/>
   </Row>
   <Row>
    <Cell ss:StyleID="s50"/>
   </Row>
   <Row>
    <Cell ss:StyleID="s50"/>
   </Row>
   <Row>
    <Cell ss:StyleID="s50"/>
   </Row>
  </Table>
  <WorksheetOptions xmlns="urn:schemas-microsoft-com:office:excel">
   <PageSetup>
    <Layout x:CenterHorizontal="1"/>
    <Header x:Margin="0.19685039370078741" x:Data="&amp;R&amp;P"/>
    <Footer x:Margin="0.19685039370078741"/>
    <PageMargins x:Bottom="0.39370078740157483" x:Left="0.39370078740157483"
     x:Right="0.39370078740157483" x:Top="0.39370078740157483"/>
   </PageSetup>
   <Print>
    <ValidPrinterInfo/>
    <PaperSizeIndex>9</PaperSizeIndex>
    <HorizontalResolution>600</HorizontalResolution>
    <VerticalResolution>600</VerticalResolution>
   </Print>
   <Selected/>
   <FreezePanes/>
   <FrozenNoSplit/>
   <SplitHorizontal>7</SplitHorizontal>
   <TopRowBottomPane>7</TopRowBottomPane>
   <SplitVertical>2</SplitVertical>
   <LeftColumnRightPane>2</LeftColumnRightPane>
   <ActivePane>0</ActivePane>
   <Panes>
    <Pane>
     <Number>3</Number>
    </Pane>
    <Pane>
     <Number>1</Number>
    </Pane>
    <Pane>
     <Number>2</Number>
    </Pane>
    <Pane>
     <Number>0</Number>
     <ActiveRow>0</ActiveRow>
     <ActiveCol>0</ActiveCol>
     <RangeSelection>R1:R65536</RangeSelection>
    </Pane>
   </Panes>
   <ProtectObjects>False</ProtectObjects>
   <ProtectScenarios>False</ProtectScenarios>
  </WorksheetOptions>
 </Worksheet>
 <Worksheet ss:Name="hidden1">
  <Table ss:ExpandedColumnCount="1" ss:ExpandedRowCount="66" x:FullColumns="1"
   x:FullRows="1">
   <Column ss:AutoFitWidth="0" ss:Width="147"/>
   <Row>
    <Cell><Data ss:Type="Number">462657</Data></Cell>
   </Row>
   <Row>
    <Cell><Data ss:Type="Number">3980</Data></Cell>
   </Row>
   <Row>
    <Cell><Data ss:Type="Number">1369</Data></Cell>
   </Row>
   <Row>
    <Cell><Data ss:Type="Number">1782</Data></Cell>
   </Row>
   <Row>
    <Cell><Data ss:Type="Number">31120</Data></Cell>
   </Row>
   <Row>
    <Cell><Data ss:Type="Number">924</Data></Cell>
   </Row>
   <Row>
    <Cell><Data ss:Type="Number">1629</Data></Cell>
   </Row>
   <Row>
    <Cell><Data ss:Type="Number">613482</Data></Cell>
   </Row>
   <Row>
    <Cell><Data ss:Type="Number">2316</Data></Cell>
   </Row>
   <Row>
    <Cell><Data ss:Type="Number">1240</Data></Cell>
   </Row>
   <Row>
    <Cell><Data ss:Type="Number">0</Data></Cell>
   </Row>
   <Row>
    <Cell><Data ss:Type="Number">50437238</Data></Cell>
   </Row>
   <Row>
    <Cell><Data ss:Type="Number">15987</Data></Cell>
   </Row>
   <Row>
    <Cell><Data ss:Type="Number">397</Data></Cell>
   </Row>
   <Row>
    <Cell><Data ss:Type="Number">67</Data></Cell>
   </Row>
   <Row>
    <Cell><Data ss:Type="Number">0</Data></Cell>
   </Row>
   <Row>
    <Cell><Data ss:Type="Number">259829</Data></Cell>
   </Row>
   <Row>
    <Cell><Data ss:Type="Number">20421</Data></Cell>
   </Row>
   <Row>
    <Cell><Data ss:Type="Number">18533</Data></Cell>
   </Row>
   <Row>
    <Cell><Data ss:Type="Number">92</Data></Cell>
   </Row>
   <Row>
    <Cell><Data ss:Type="Number">172506</Data></Cell>
   </Row>
   <Row>
    <Cell><Data ss:Type="Number">8597</Data></Cell>
   </Row>
   <Row>
    <Cell><Data ss:Type="Number">8289</Data></Cell>
   </Row>
   <Row>
    <Cell><Data ss:Type="Number">590</Data></Cell>
   </Row>
   <Row>
    <Cell><Data ss:Type="Number">954010</Data></Cell>
   </Row>
   <Row>
    <Cell><Data ss:Type="Number">165631</Data></Cell>
   </Row>
   <Row>
    <Cell><Data ss:Type="Number">6701</Data></Cell>
   </Row>
   <Row>
    <Cell><Data ss:Type="Number">767</Data></Cell>
   </Row>
   <Row>
    <Cell><Data ss:Type="Number">47834556</Data></Cell>
   </Row>
   <Row>
    <Cell><Data ss:Type="Number">216011836</Data></Cell>
   </Row>
   <Row>
    <Cell><Data ss:Type="Number">39187281</Data></Cell>
   </Row>
   <Row>
    <Cell><Data ss:Type="Number">13131820</Data></Cell>
   </Row>
   <Row>
    <Cell><Data ss:Type="Number">38457013</Data></Cell>
   </Row>
   <Row>
    <Cell><Data ss:Type="Number">62110325</Data></Cell>
   </Row>
   <Row>
    <Cell><Data ss:Type="Number">0</Data></Cell>
   </Row>
   <Row>
    <Cell><Data ss:Type="Number">110604277</Data></Cell>
   </Row>
   <Row>
    <Cell><Data ss:Type="Number">8683921</Data></Cell>
   </Row>
   <Row>
    <Cell><Data ss:Type="Number">6874287</Data></Cell>
   </Row>
   <Row>
    <Cell><Data ss:Type="Number">827957</Data></Cell>
   </Row>
   <Row>
    <Cell><Data ss:Type="Number">80982315</Data></Cell>
   </Row>
   <Row>
    <Cell><Data ss:Type="Number">1634379644</Data></Cell>
   </Row>
   <Row>
    <Cell><Data ss:Type="Number">1500620985</Data></Cell>
   </Row>
   <Row>
    <Cell><Data ss:Type="Number">89841760</Data></Cell>
   </Row>
   <Row>
    <Cell><Data ss:Type="Number">8370806</Data></Cell>
   </Row>
   <Row>
    <Cell><Data ss:Type="Number">8634968</Data></Cell>
   </Row>
   <Row>
    <Cell><Data ss:Type="Number">1870646</Data></Cell>
   </Row>
   <Row>
    <Cell><Data ss:Type="Number">911494</Data></Cell>
   </Row>
   <Row>
    <Cell><Data ss:Type="Number">3076483</Data></Cell>
   </Row>
   <Row>
    <Cell><Data ss:Type="Number">4968826</Data></Cell>
   </Row>
   <Row>
    <Cell><Data ss:Type="Number">0</Data></Cell>
   </Row>
   <Row>
    <Cell><Data ss:Type="Number">6630338</Data></Cell>
   </Row>
   <Row>
    <Cell><Data ss:Type="Number">564454</Data></Cell>
   </Row>
   <Row>
    <Cell><Data ss:Type="Number">447021</Data></Cell>
   </Row>
   <Row>
    <Cell><Data ss:Type="Number">53816</Data></Cell>
   </Row>
   <Row>
    <Cell><Data ss:Type="Number">4430119</Data></Cell>
   </Row>
   <Row>
    <Cell><Data ss:Type="Number">44780339</Data></Cell>
   </Row>
   <Row>
    <Cell><Data ss:Type="Number">23329610</Data></Cell>
   </Row>
   <Row>
    <Cell><Data ss:Type="Number">7066442</Data></Cell>
   </Row>
   <Row>
    <Cell><Data ss:Type="Number">1815893</Data></Cell>
   </Row>
   <Row>
    <Cell><Data ss:Type="Number">19630755</Data></Cell>
   </Row>
   <Row>
    <Cell><Data ss:Type="Number">6861</Data></Cell>
   </Row>
   <Row>
    <Cell><Data ss:Type="Number">92</Data></Cell>
   </Row>
   <Row>
    <Cell><Data ss:Type="Number">22</Data></Cell>
   </Row>
   <Row>
    <Cell><Data ss:Type="Number">10</Data></Cell>
   </Row>
   <Row>
    <Cell><Data ss:Type="Number">15</Data></Cell>
   </Row>
   <Row>
    <Cell><Data ss:Type="Number">4039327141</Data></Cell>
   </Row>
  </Table>
  <WorksheetOptions xmlns="urn:schemas-microsoft-com:office:excel">
   <Visible>SheetHidden</Visible>
   <ProtectObjects>False</ProtectObjects>
   <ProtectScenarios>False</ProtectScenarios>
  </WorksheetOptions>
 </Worksheet>
</Workbook>
