<?xml version="1.0"?>
<?mso-application progid="Excel.Sheet"?>
<Workbook xmlns="urn:schemas-microsoft-com:office:spreadsheet"
 xmlns:o="urn:schemas-microsoft-com:office:office"
 xmlns:x="urn:schemas-microsoft-com:office:excel"
 xmlns:ss="urn:schemas-microsoft-com:office:spreadsheet"
 xmlns:html="http://www.w3.org/TR/REC-html40">
 <DocumentProperties xmlns="urn:schemas-microsoft-com:office:office">
  <Author>STYRAN</Author>
  <LastAuthor>balmaster</LastAuthor>
  <LastPrinted>2008-03-06T10:12:27Z</LastPrinted>
  <Created>2007-12-24T09:09:08Z</Created>
  <LastSaved>2010-03-23T13:24:41Z</LastSaved>
  <Company>GNIVC FNS RU</Company>
  <Version>12.00</Version>
 </DocumentProperties>
 <ExcelWorkbook xmlns="urn:schemas-microsoft-com:office:excel">
  <WindowHeight>9120</WindowHeight>
  <WindowWidth>9420</WindowWidth>
  <WindowTopX>0</WindowTopX>
  <WindowTopY>75</WindowTopY>
  <ProtectStructure>False</ProtectStructure>
  <ProtectWindows>False</ProtectWindows>
 </ExcelWorkbook>
 <Styles>
  <Style ss:ID="Default" ss:Name="Normal">
   <Alignment ss:Vertical="Bottom"/>
   <Borders/>
   <Font ss:FontName="Arial Cyr" x:CharSet="204"/>
   <Interior/>
   <NumberFormat/>
   <Protection/>
  </Style>
  <Style ss:ID="m37737872">
   <Alignment ss:Horizontal="Center" ss:Vertical="Center" ss:WrapText="1"/>
   <Borders>
    <Border ss:Position="Bottom" ss:LineStyle="Continuous" ss:Weight="1"/>
    <Border ss:Position="Left" ss:LineStyle="Continuous" ss:Weight="1"/>
    <Border ss:Position="Right" ss:LineStyle="Continuous" ss:Weight="1"/>
    <Border ss:Position="Top" ss:LineStyle="Continuous" ss:Weight="1"/>
   </Borders>
   <Font ss:FontName="Arial CYR" x:CharSet="204" x:Family="Swiss"/>
  </Style>
  <Style ss:ID="m37737892">
   <Alignment ss:Horizontal="Center" ss:Vertical="Center" ss:WrapText="1"/>
   <Borders>
    <Border ss:Position="Bottom" ss:LineStyle="Continuous" ss:Weight="1"/>
    <Border ss:Position="Left" ss:LineStyle="Continuous" ss:Weight="1"/>
    <Border ss:Position="Right" ss:LineStyle="Continuous" ss:Weight="1"/>
    <Border ss:Position="Top" ss:LineStyle="Continuous" ss:Weight="1"/>
   </Borders>
   <Font ss:FontName="Arial CYR" x:CharSet="204" x:Family="Swiss"/>
  </Style>
  <Style ss:ID="m37737912">
   <Alignment ss:Horizontal="Center" ss:Vertical="Center" ss:WrapText="1"/>
   <Borders>
    <Border ss:Position="Bottom" ss:LineStyle="Continuous" ss:Weight="1"/>
    <Border ss:Position="Left" ss:LineStyle="Continuous" ss:Weight="1"/>
    <Border ss:Position="Right" ss:LineStyle="Continuous" ss:Weight="1"/>
    <Border ss:Position="Top" ss:LineStyle="Continuous" ss:Weight="1"/>
   </Borders>
   <Font ss:FontName="Arial CYR" x:CharSet="204" x:Family="Swiss"/>
  </Style>
  <Style ss:ID="m37737952">
   <Alignment ss:Horizontal="Center" ss:Vertical="Center" ss:WrapText="1"/>
   <Borders>
    <Border ss:Position="Bottom" ss:LineStyle="Continuous" ss:Weight="1"/>
    <Border ss:Position="Left" ss:LineStyle="Continuous" ss:Weight="1"/>
    <Border ss:Position="Right" ss:LineStyle="Continuous" ss:Weight="1"/>
    <Border ss:Position="Top" ss:LineStyle="Continuous" ss:Weight="1"/>
   </Borders>
   <Font ss:FontName="Arial CYR" x:CharSet="204" x:Family="Swiss"/>
  </Style>
  <Style ss:ID="m37737972">
   <Alignment ss:Horizontal="Center" ss:Vertical="Center" ss:WrapText="1"/>
   <Borders>
    <Border ss:Position="Bottom" ss:LineStyle="Continuous" ss:Weight="1"/>
    <Border ss:Position="Left" ss:LineStyle="Continuous" ss:Weight="1"/>
    <Border ss:Position="Right" ss:LineStyle="Continuous" ss:Weight="1"/>
    <Border ss:Position="Top" ss:LineStyle="Continuous" ss:Weight="1"/>
   </Borders>
   <Font ss:FontName="Arial CYR" x:CharSet="204" x:Family="Swiss"/>
  </Style>
  <Style ss:ID="s23">
   <Alignment ss:Horizontal="Center" ss:Vertical="Bottom" ss:WrapText="1"/>
   <Borders>
    <Border ss:Position="Bottom" ss:LineStyle="Continuous" ss:Weight="1"/>
    <Border ss:Position="Right" ss:LineStyle="Continuous" ss:Weight="1"/>
   </Borders>
   <Font ss:FontName="Arial CYR" x:CharSet="204" x:Family="Swiss"/>
   <NumberFormat ss:Format="@"/>
  </Style>
  <Style ss:ID="s24">
   <Alignment ss:Horizontal="Center" ss:Vertical="Center" ss:WrapText="1"/>
   <Borders>
    <Border ss:Position="Left" ss:LineStyle="Continuous" ss:Weight="1"/>
    <Border ss:Position="Right" ss:LineStyle="Continuous" ss:Weight="1"/>
    <Border ss:Position="Top" ss:LineStyle="Continuous" ss:Weight="1"/>
   </Borders>
   <Font ss:FontName="Arial CYR" x:CharSet="204" x:Family="Swiss"/>
  </Style>
  <Style ss:ID="s25">
   <Alignment ss:Horizontal="Center" ss:Vertical="Center" ss:WrapText="1"/>
   <Borders>
    <Border ss:Position="Right" ss:LineStyle="Continuous" ss:Weight="1"/>
   </Borders>
   <Font ss:FontName="Arial CYR" x:CharSet="204" x:Family="Swiss"/>
  </Style>
  <Style ss:ID="s26">
   <Font ss:FontName="Arial CYR" x:CharSet="204" x:Family="Swiss"/>
  </Style>
  <Style ss:ID="s27">
   <Alignment ss:Horizontal="Center" ss:Vertical="Center" ss:WrapText="1"/>
   <Borders>
    <Border ss:Position="Bottom" ss:LineStyle="Continuous" ss:Weight="1"/>
    <Border ss:Position="Left" ss:LineStyle="Continuous" ss:Weight="1"/>
    <Border ss:Position="Right" ss:LineStyle="Continuous" ss:Weight="1"/>
    <Border ss:Position="Top" ss:LineStyle="Continuous" ss:Weight="1"/>
   </Borders>
   <Font ss:FontName="Arial CYR" x:CharSet="204" x:Family="Swiss"/>
  </Style>
  <Style ss:ID="s28">
   <Alignment ss:Horizontal="Center" ss:Vertical="Top" ss:WrapText="1"/>
   <Borders>
    <Border ss:Position="Bottom" ss:LineStyle="Continuous" ss:Weight="1"/>
    <Border ss:Position="Left" ss:LineStyle="Continuous" ss:Weight="1"/>
    <Border ss:Position="Right" ss:LineStyle="Continuous" ss:Weight="1"/>
    <Border ss:Position="Top" ss:LineStyle="Continuous" ss:Weight="1"/>
   </Borders>
   <Font ss:FontName="Arial CYR" x:CharSet="204" x:Family="Swiss"/>
  </Style>
  <Style ss:ID="s29">
   <Alignment ss:Horizontal="Justify" ss:Vertical="Bottom" ss:WrapText="1"/>
   <Borders>
    <Border ss:Position="Bottom" ss:LineStyle="Continuous" ss:Weight="1"/>
    <Border ss:Position="Left" ss:LineStyle="Continuous" ss:Weight="1"/>
    <Border ss:Position="Right" ss:LineStyle="Continuous" ss:Weight="1"/>
   </Borders>
   <Font ss:FontName="Arial CYR" x:CharSet="204" x:Family="Swiss"/>
  </Style>
  <Style ss:ID="s30">
   <Alignment ss:Horizontal="Center" ss:Vertical="Bottom"/>
   <Font ss:FontName="Arial CYR" x:CharSet="204" x:Family="Swiss"/>
  </Style>
  <Style ss:ID="s31">
   <Alignment ss:Horizontal="Left" ss:Vertical="Bottom" ss:WrapText="1"/>
   <Borders>
    <Border ss:Position="Bottom" ss:LineStyle="Continuous" ss:Weight="1"/>
    <Border ss:Position="Left" ss:LineStyle="Continuous" ss:Weight="1"/>
    <Border ss:Position="Right" ss:LineStyle="Continuous" ss:Weight="1"/>
   </Borders>
   <Font ss:FontName="Arial CYR" x:CharSet="204" x:Family="Swiss"/>
  </Style>
  <Style ss:ID="s32">
   <Alignment ss:Horizontal="Right" ss:Vertical="Bottom" ss:WrapText="1"/>
   <Borders>
    <Border ss:Position="Bottom" ss:LineStyle="Continuous" ss:Weight="1"/>
    <Border ss:Position="Right" ss:LineStyle="Continuous" ss:Weight="1"/>
   </Borders>
   <Font ss:FontName="Arial CYR" x:CharSet="204" x:Family="Swiss"/>
   <NumberFormat ss:Format="#,##0"/>
  </Style>
  <Style ss:ID="s33">
   <Alignment ss:Horizontal="Center" ss:Vertical="Bottom" ss:WrapText="1"/>
   <Borders>
    <Border ss:Position="Bottom" ss:LineStyle="Continuous" ss:Weight="1"/>
    <Border ss:Position="Right" ss:LineStyle="Continuous" ss:Weight="1"/>
   </Borders>
   <Font ss:FontName="Arial CYR" x:CharSet="204" x:Family="Swiss"/>
   <NumberFormat ss:Format="#,##0"/>
  </Style>
  <Style ss:ID="s34">
   <Alignment ss:Horizontal="Center" ss:Vertical="Bottom" ss:WrapText="1"/>
   <Borders>
    <Border ss:Position="Bottom" ss:LineStyle="Continuous" ss:Weight="1"/>
    <Border ss:Position="Left" ss:LineStyle="Continuous" ss:Weight="1"/>
    <Border ss:Position="Right" ss:LineStyle="Continuous" ss:Weight="1"/>
    <Border ss:Position="Top" ss:LineStyle="Continuous" ss:Weight="1"/>
   </Borders>
   <Font ss:FontName="Arial CYR" x:CharSet="204" x:Family="Swiss"/>
   <NumberFormat ss:Format="#,##0"/>
  </Style>
  <Style ss:ID="s52">
   <Alignment ss:Horizontal="Right" ss:Vertical="Bottom"/>
   <Font ss:FontName="Arial CYR" x:CharSet="204" x:Family="Swiss"/>
  </Style>
  <Style ss:ID="s54">
   <Alignment ss:Horizontal="Center" ss:Vertical="Bottom" ss:WrapText="1"/>
   <Borders/>
   <Font ss:FontName="Arial Cyr" x:CharSet="204"/>
   <Interior/>
  </Style>
  <Style ss:ID="s55">
   <Alignment ss:Horizontal="Center" ss:Vertical="Bottom"/>
   <Font ss:FontName="Arial Cyr" x:CharSet="204" x:Family="Swiss" ss:Size="9"/>
  </Style>
  <Style ss:ID="s66">
   <Alignment ss:Horizontal="Center" ss:Vertical="Bottom" ss:WrapText="1"/>
   <Font ss:FontName="Arial Cyr" x:CharSet="204" x:Family="Swiss" ss:Bold="1"/>
  </Style>
  <Style ss:ID="s68">
   <Alignment ss:Horizontal="Right" ss:Vertical="Bottom"/>
   <Font ss:FontName="Arial Cyr" x:CharSet="204" x:Family="Swiss" ss:Bold="1"/>
  </Style>
  <Style ss:ID="s69">
   <Alignment ss:Horizontal="Left" ss:Vertical="Bottom"/>
   <Font ss:FontName="Arial Cyr" x:CharSet="204" x:Family="Swiss" ss:Bold="1"/>
  </Style>
  <Style ss:ID="s70">
   <Alignment ss:Horizontal="Left" ss:Vertical="Bottom"/>
   <Borders>
    <Border ss:Position="Bottom" ss:LineStyle="Continuous" ss:Weight="1"/>
   </Borders>
   <Font ss:FontName="Arial CYR" x:CharSet="204" x:Family="Swiss"/>
  </Style>
 </Styles>
 <Worksheet ss:Name="Раздел">
  <Table ss:ExpandedColumnCount="34" ss:ExpandedRowCount="15" x:FullColumns="1"
   x:FullRows="1" ss:StyleID="s26">
   <Column ss:StyleID="s26" ss:AutoFitWidth="0" ss:Width="184.5"/>
   <Column ss:StyleID="s26" ss:AutoFitWidth="0" ss:Width="36.75"/>
   <Column ss:StyleID="s26" ss:AutoFitWidth="0" ss:Width="69.75"/>
   <Column ss:StyleID="s26" ss:AutoFitWidth="0" ss:Width="71.25"/>
   <Column ss:StyleID="s26" ss:AutoFitWidth="0" ss:Width="68.25"/>
   <Column ss:StyleID="s26" ss:AutoFitWidth="0" ss:Width="67.5"/>
   <Column ss:StyleID="s26" ss:AutoFitWidth="0" ss:Width="69.75"/>
   <Column ss:StyleID="s26" ss:AutoFitWidth="0" ss:Width="70.5"/>
   <Column ss:StyleID="s26" ss:AutoFitWidth="0" ss:Width="67.5"/>
   <Column ss:StyleID="s26" ss:Width="60.75"/>
   <Column ss:StyleID="s26" ss:AutoFitWidth="0" ss:Width="68.25"/>
   <Column ss:StyleID="s26" ss:AutoFitWidth="0" ss:Width="69.75"/>
   <Row>
    <Cell ss:Index="11" ss:MergeAcross="1" ss:StyleID="s55"><Data ss:Type="String">Форма №5-НП</Data></Cell>
   </Row>
   <Row ss:AutoFitHeight="0" ss:Height="36">
    <Cell ss:MergeAcross="11" ss:StyleID="s66"><Data ss:Type="String">ОТЧЕТ &#10;О НАЛОГОВОЙ БАЗЕ И СТРУКТУРЕ НАЧИСЛЕНИЙ ПО АКЦИЗАМ НА НЕФТЕПРОДУКТЫ</Data></Cell>
   </Row>
   <Row ss:AutoFitHeight="0" ss:Height="18">
    <Cell ss:Index="5" ss:MergeAcross="1" ss:StyleID="s68"><Data ss:Type="String">по состоянию</Data></Cell>
    <Cell ss:MergeAcross="1" ss:StyleID="s69"><Data ss:Type="String">на 01.01.2008 г.</Data></Cell>
   </Row>
   <Row>
    <Cell ss:MergeAcross="3" ss:StyleID="s70"/>
   </Row>
   <Row ss:AutoFitHeight="0" ss:Height="43.5">
    <Cell ss:MergeDown="2" ss:StyleID="s24"><Data ss:Type="String">Показатели</Data></Cell>
    <Cell ss:MergeDown="2" ss:StyleID="s24"><Data ss:Type="String">Код стро-&#10;ки</Data></Cell>
    <Cell ss:MergeAcross="1" ss:MergeDown="1" ss:StyleID="m37737872"><Data
      ss:Type="String">Дизельное топливо</Data></Cell>
    <Cell ss:MergeAcross="1" ss:MergeDown="1" ss:StyleID="m37737892"><Data
      ss:Type="String">Моторные масла для дизельных и (или) карбюраторных (инжекторных) двигателей</Data></Cell>
    <Cell ss:MergeAcross="3" ss:StyleID="m37737912"><Data ss:Type="String">Автомобильный  бензин</Data></Cell>
    <Cell ss:MergeAcross="1" ss:MergeDown="1" ss:StyleID="s27"><Data
      ss:Type="String">Прямогонный бензин</Data></Cell>
   </Row>
   <Row ss:AutoFitHeight="0" ss:Height="22.5">
    <Cell ss:Index="7" ss:MergeAcross="1" ss:StyleID="m37737952"><Data
      ss:Type="String">с октановым числом до «80» включительно</Data></Cell>
    <Cell ss:MergeAcross="1" ss:StyleID="m37737972"><Data ss:Type="String">с иными октановыми числами</Data></Cell>
   </Row>
   <Row ss:Height="51">
    <Cell ss:Index="3" ss:StyleID="s24"><Data ss:Type="String">значение показателей  (в тоннах)</Data></Cell>
    <Cell ss:StyleID="s25"><Data ss:Type="String">сумма акциза&#10;(тыс.рублей)</Data></Cell>
    <Cell ss:StyleID="s24"><Data ss:Type="String">значение показателей  (в тоннах)</Data></Cell>
    <Cell ss:StyleID="s25"><Data ss:Type="String">сумма акциза&#10;(тыс.рублей)</Data></Cell>
    <Cell ss:StyleID="s24"><Data ss:Type="String">значение показателей  (в тоннах)</Data></Cell>
    <Cell ss:StyleID="s24"><Data ss:Type="String">сумма акциза (тыс.рублей)</Data></Cell>
    <Cell ss:StyleID="s24"><Data ss:Type="String">значение показателей  (в тоннах)</Data></Cell>
    <Cell ss:StyleID="s25"><Data ss:Type="String">сумма акциза&#10;(тыс. рублей)</Data></Cell>
    <Cell ss:StyleID="s27"><Data ss:Type="String">значение показателей  (в тоннах)</Data></Cell>
    <Cell ss:StyleID="s28"><Data ss:Type="String">сумма акциза&#10;(тыс.рублей)</Data></Cell>
   </Row>
   <Row>
    <Cell ss:StyleID="s28"><Data ss:Type="String">А</Data></Cell>
    <Cell ss:StyleID="s28"><Data ss:Type="String">Б</Data></Cell>
    <Cell ss:StyleID="s28"><Data ss:Type="Number">1</Data></Cell>
    <Cell ss:StyleID="s28"><Data ss:Type="Number">2</Data></Cell>
    <Cell ss:StyleID="s28"><Data ss:Type="Number">3</Data></Cell>
    <Cell ss:StyleID="s28"><Data ss:Type="Number">4</Data></Cell>
    <Cell ss:StyleID="s28"><Data ss:Type="Number">5</Data></Cell>
    <Cell ss:StyleID="s28"><Data ss:Type="Number">6</Data></Cell>
    <Cell ss:StyleID="s28"><Data ss:Type="Number">7</Data></Cell>
    <Cell ss:StyleID="s28"><Data ss:Type="Number">8</Data></Cell>
    <Cell ss:StyleID="s28"><Data ss:Type="Number">9</Data></Cell>
    <Cell ss:StyleID="s28"><Data ss:Type="Number">10</Data></Cell>
   </Row>
   <Row ss:AutoFitHeight="0" ss:Height="42">
    <Cell ss:StyleID="s31"><Data ss:Type="String">Операции, подлежащие налогообложению акцизами (за исключением экспорта)</Data></Cell>
    <Cell ss:StyleID="s23"><Data ss:Type="String">010</Data></Cell>
    <Cell ss:StyleID="s32"><Data ss:Type="Number">36739208</Data></Cell>
    <Cell ss:StyleID="s32"><Data ss:Type="Number">39608132</Data></Cell>
    <Cell ss:StyleID="s32"><Data ss:Type="Number">736524</Data></Cell>
    <Cell ss:StyleID="s32"><Data ss:Type="Number">2172766</Data></Cell>
    <Cell ss:StyleID="s32"><Data ss:Type="Number">7673614</Data></Cell>
    <Cell ss:StyleID="s32"><Data ss:Type="Number">20284527</Data></Cell>
    <Cell ss:StyleID="s32"><Data ss:Type="Number">25216803</Data></Cell>
    <Cell ss:StyleID="s32"><Data ss:Type="Number">91333285</Data></Cell>
    <Cell ss:StyleID="s32"><Data ss:Type="Number">7239643</Data></Cell>
    <Cell ss:StyleID="s32"><Data ss:Type="Number">19235741</Data></Cell>
   </Row>
   <Row ss:AutoFitHeight="0" ss:Height="28.5">
    <Cell ss:StyleID="s29"><Data ss:Type="String">Сумма акциза, подлежащая вычету</Data></Cell>
    <Cell ss:StyleID="s23"><Data ss:Type="String">020</Data></Cell>
    <Cell ss:StyleID="s33"><Data ss:Type="String">Х</Data></Cell>
    <Cell ss:StyleID="s32"><Data ss:Type="Number">3117986</Data></Cell>
    <Cell ss:StyleID="s33"><Data ss:Type="String">Х</Data></Cell>
    <Cell ss:StyleID="s32"><Data ss:Type="Number">152617</Data></Cell>
    <Cell ss:StyleID="s33"><Data ss:Type="String">Х</Data></Cell>
    <Cell ss:StyleID="s32"><Data ss:Type="Number">1592440</Data></Cell>
    <Cell ss:StyleID="s33"><Data ss:Type="String">Х</Data></Cell>
    <Cell ss:StyleID="s32"><Data ss:Type="Number">10153133</Data></Cell>
    <Cell ss:StyleID="s34"><Data ss:Type="String">Х</Data></Cell>
    <Cell ss:StyleID="s32"><Data ss:Type="Number">10905896</Data></Cell>
   </Row>
   <Row ss:AutoFitHeight="0" ss:Height="60.75">
    <Cell ss:StyleID="s31"><Data ss:Type="String">Реализация нефтепродуктов на экспорт при отсутствии поручительства банков или банковской гарантии</Data></Cell>
    <Cell ss:StyleID="s23"><Data ss:Type="String">030</Data></Cell>
    <Cell ss:StyleID="s32"><Data ss:Type="Number">6392110</Data></Cell>
    <Cell ss:StyleID="s32"><Data ss:Type="Number">6903484</Data></Cell>
    <Cell ss:StyleID="s32"><Data ss:Type="Number">23796</Data></Cell>
    <Cell ss:StyleID="s32"><Data ss:Type="Number">57908</Data></Cell>
    <Cell ss:StyleID="s32"><Data ss:Type="Number">79984</Data></Cell>
    <Cell ss:StyleID="s32"><Data ss:Type="Number">212518</Data></Cell>
    <Cell ss:StyleID="s32"><Data ss:Type="Number">1071323</Data></Cell>
    <Cell ss:StyleID="s32"><Data ss:Type="Number">3887828</Data></Cell>
    <Cell ss:StyleID="s32"><Data ss:Type="Number">1345561</Data></Cell>
    <Cell ss:StyleID="s32"><Data ss:Type="Number">3575155</Data></Cell>
   </Row>
   <Row ss:AutoFitHeight="0" ss:Height="62.25">
    <Cell ss:StyleID="s31"><Data ss:Type="String">Сумма акциза, предъявленная к возмещению, по нефтепродуктам, факт экспорта которых документально подтвержден</Data></Cell>
    <Cell ss:StyleID="s23"><Data ss:Type="String">040</Data></Cell>
    <Cell ss:StyleID="s32"><Data ss:Type="Number">6447778</Data></Cell>
    <Cell ss:StyleID="s32"><Data ss:Type="Number">6963854</Data></Cell>
    <Cell ss:StyleID="s32"><Data ss:Type="Number">1586096</Data></Cell>
    <Cell ss:StyleID="s32"><Data ss:Type="Number">188674</Data></Cell>
    <Cell ss:StyleID="s32"><Data ss:Type="Number">188182</Data></Cell>
    <Cell ss:StyleID="s32"><Data ss:Type="Number">499991</Data></Cell>
    <Cell ss:StyleID="s32"><Data ss:Type="Number">924604</Data></Cell>
    <Cell ss:StyleID="s32"><Data ss:Type="Number">3355388</Data></Cell>
    <Cell ss:StyleID="s32"><Data ss:Type="Number">1574392</Data></Cell>
    <Cell ss:StyleID="s32"><Data ss:Type="Number">4154234</Data></Cell>
   </Row>
   <Row ss:Index="15" ss:AutoFitHeight="0" ss:Height="38.25">
    <Cell ss:Index="2" ss:MergeAcross="4" ss:StyleID="s54"/>
    <Cell ss:StyleID="s30"/>
    <Cell ss:StyleID="s30"/>
    <Cell ss:MergeAcross="1" ss:StyleID="s52"/>
    <Cell ss:StyleID="s30"/>
    <Cell ss:StyleID="s30"/>
    <Cell ss:StyleID="s30"/>
    <Cell ss:StyleID="s30"/>
    <Cell ss:StyleID="s30"/>
    <Cell ss:StyleID="s30"/>
    <Cell ss:StyleID="s30"/>
    <Cell ss:StyleID="s30"/>
    <Cell ss:StyleID="s30"/>
    <Cell ss:StyleID="s30"/>
    <Cell ss:StyleID="s30"/>
    <Cell ss:StyleID="s30"/>
    <Cell ss:StyleID="s30"/>
    <Cell ss:StyleID="s30"/>
    <Cell ss:StyleID="s30"/>
    <Cell ss:StyleID="s30"/>
    <Cell ss:StyleID="s30"/>
    <Cell ss:StyleID="s30"/>
    <Cell ss:StyleID="s30"/>
    <Cell ss:StyleID="s30"/>
    <Cell ss:StyleID="s30"/>
    <Cell ss:StyleID="s30"/>
    <Cell ss:StyleID="s30"/>
    <Cell ss:StyleID="s30"/>
   </Row>
  </Table>
  <WorksheetOptions xmlns="urn:schemas-microsoft-com:office:excel">
   <PageSetup>
    <Layout x:Orientation="Landscape" x:CenterHorizontal="1"/>
    <Header x:Margin="0.36"/>
    <Footer x:Margin="0.51181102362204722"/>
    <PageMargins x:Bottom="0.98425196850393704" x:Left="0" x:Right="0"
     x:Top="0.45"/>
   </PageSetup>
   <Print>
    <ValidPrinterInfo/>
    <PaperSizeIndex>9</PaperSizeIndex>
    <Scale>85</Scale>
    <HorizontalResolution>600</HorizontalResolution>
    <VerticalResolution>600</VerticalResolution>
   </Print>
   <Zoom>75</Zoom>
   <Selected/>
   <Panes>
    <Pane>
     <Number>3</Number>
     <ActiveRow>10</ActiveRow>
     <ActiveCol>2</ActiveCol>
    </Pane>
   </Panes>
   <ProtectObjects>False</ProtectObjects>
   <ProtectScenarios>False</ProtectScenarios>
  </WorksheetOptions>
 </Worksheet>
 <Worksheet ss:Name="hidden1">
  <Table ss:ExpandedColumnCount="10" ss:ExpandedRowCount="5" x:FullColumns="1"
   x:FullRows="1">
   <Row>
    <Cell><Data ss:Type="Number">36739208</Data></Cell>
    <Cell><Data ss:Type="Number">39608132</Data></Cell>
    <Cell><Data ss:Type="Number">736524</Data></Cell>
    <Cell><Data ss:Type="Number">2172766</Data></Cell>
    <Cell><Data ss:Type="Number">7673614</Data></Cell>
    <Cell><Data ss:Type="Number">20284527</Data></Cell>
    <Cell><Data ss:Type="Number">25216803</Data></Cell>
    <Cell><Data ss:Type="Number">91333285</Data></Cell>
    <Cell><Data ss:Type="Number">7239643</Data></Cell>
    <Cell><Data ss:Type="Number">19235741</Data></Cell>
   </Row>
   <Row>
    <Cell><Data ss:Type="Number">0</Data></Cell>
    <Cell><Data ss:Type="Number">3117986</Data></Cell>
    <Cell><Data ss:Type="Number">0</Data></Cell>
    <Cell><Data ss:Type="Number">152617</Data></Cell>
    <Cell><Data ss:Type="Number">0</Data></Cell>
    <Cell><Data ss:Type="Number">1592440</Data></Cell>
    <Cell><Data ss:Type="Number">0</Data></Cell>
    <Cell><Data ss:Type="Number">10153133</Data></Cell>
    <Cell><Data ss:Type="Number">0</Data></Cell>
    <Cell><Data ss:Type="Number">10905896</Data></Cell>
   </Row>
   <Row>
    <Cell><Data ss:Type="Number">6392110</Data></Cell>
    <Cell><Data ss:Type="Number">6903484</Data></Cell>
    <Cell><Data ss:Type="Number">23796</Data></Cell>
    <Cell><Data ss:Type="Number">57908</Data></Cell>
    <Cell><Data ss:Type="Number">79984</Data></Cell>
    <Cell><Data ss:Type="Number">212518</Data></Cell>
    <Cell><Data ss:Type="Number">1071323</Data></Cell>
    <Cell><Data ss:Type="Number">3887828</Data></Cell>
    <Cell><Data ss:Type="Number">1345561</Data></Cell>
    <Cell><Data ss:Type="Number">3575155</Data></Cell>
   </Row>
   <Row>
    <Cell><Data ss:Type="Number">6447778</Data></Cell>
    <Cell><Data ss:Type="Number">6963854</Data></Cell>
    <Cell><Data ss:Type="Number">1586096</Data></Cell>
    <Cell><Data ss:Type="Number">188674</Data></Cell>
    <Cell><Data ss:Type="Number">188182</Data></Cell>
    <Cell><Data ss:Type="Number">499991</Data></Cell>
    <Cell><Data ss:Type="Number">924604</Data></Cell>
    <Cell><Data ss:Type="Number">3355388</Data></Cell>
    <Cell><Data ss:Type="Number">1574392</Data></Cell>
    <Cell><Data ss:Type="Number">4154234</Data></Cell>
   </Row>
   <Row>
    <Cell><Data ss:Type="Number">49579096</Data></Cell>
    <Cell><Data ss:Type="Number">56593456</Data></Cell>
    <Cell><Data ss:Type="Number">2346416</Data></Cell>
    <Cell><Data ss:Type="Number">2571965</Data></Cell>
    <Cell><Data ss:Type="Number">7941780</Data></Cell>
    <Cell><Data ss:Type="Number">22589476</Data></Cell>
    <Cell><Data ss:Type="Number">27212730</Data></Cell>
    <Cell><Data ss:Type="Number">108729634</Data></Cell>
    <Cell><Data ss:Type="Number">10159596</Data></Cell>
    <Cell><Data ss:Type="Number">37871026</Data></Cell>
   </Row>
  </Table>
  <WorksheetOptions xmlns="urn:schemas-microsoft-com:office:excel">
   <Visible>SheetHidden</Visible>
   <ProtectObjects>False</ProtectObjects>
   <ProtectScenarios>False</ProtectScenarios>
  </WorksheetOptions>
 </Worksheet>
 <Worksheet ss:Name="hidden2">
  <Table ss:ExpandedColumnCount="2" ss:ExpandedRowCount="38" x:FullColumns="1"
   x:FullRows="1">
   <Row>
    <Cell><Data ss:Type="String">на 01.01.2008 г.</Data></Cell>
    <Cell><Data ss:Type="Number">1</Data></Cell>
   </Row>
   <Row>
    <Cell><Data ss:Type="String">на 01.12.2007 г.</Data></Cell>
    <Cell><Data ss:Type="Number">2</Data></Cell>
   </Row>
   <Row>
    <Cell><Data ss:Type="String">на 01.10.2007 г.</Data></Cell>
    <Cell><Data ss:Type="Number">3</Data></Cell>
   </Row>
   <Row>
    <Cell><Data ss:Type="String">на 01.01.2007 г.</Data></Cell>
    <Cell><Data ss:Type="Number">4</Data></Cell>
   </Row>
   <Row>
    <Cell><Data ss:Type="String">на 01 января 2008 года</Data></Cell>
    <Cell><Data ss:Type="Number">5</Data></Cell>
   </Row>
   <Row>
    <Cell><Data ss:Type="String">на 01 декабря 2007 года</Data></Cell>
    <Cell><Data ss:Type="Number">6</Data></Cell>
   </Row>
   <Row>
    <Cell><Data ss:Type="String">на 01 октября 2007 года</Data></Cell>
    <Cell><Data ss:Type="Number">7</Data></Cell>
   </Row>
   <Row>
    <Cell><Data ss:Type="String">на 01 января 2007 года</Data></Cell>
    <Cell><Data ss:Type="Number">8</Data></Cell>
   </Row>
   <Row>
    <Cell><Data ss:Type="String">по состоянию на 01.01.2008 г.</Data></Cell>
    <Cell><Data ss:Type="Number">9</Data></Cell>
   </Row>
   <Row>
    <Cell><Data ss:Type="String">по состоянию на 01.12.2007 г.</Data></Cell>
    <Cell><Data ss:Type="Number">10</Data></Cell>
   </Row>
   <Row>
    <Cell><Data ss:Type="String">по состоянию на 01.10.2007 г.</Data></Cell>
    <Cell><Data ss:Type="Number">11</Data></Cell>
   </Row>
   <Row>
    <Cell><Data ss:Type="String">по состоянию на 01.01.2007 г.</Data></Cell>
    <Cell><Data ss:Type="Number">12</Data></Cell>
   </Row>
   <Row>
    <Cell><Data ss:Type="String">по состоянию на 01 января 2008 года</Data></Cell>
    <Cell><Data ss:Type="Number">13</Data></Cell>
   </Row>
   <Row>
    <Cell><Data ss:Type="String">по состоянию на 01 декабря 2007 года</Data></Cell>
    <Cell><Data ss:Type="Number">14</Data></Cell>
   </Row>
   <Row>
    <Cell><Data ss:Type="String">по состоянию на 01 октября 2007 года</Data></Cell>
    <Cell><Data ss:Type="Number">15</Data></Cell>
   </Row>
   <Row>
    <Cell><Data ss:Type="String">по состоянию на 01 января 2007 года</Data></Cell>
    <Cell><Data ss:Type="Number">16</Data></Cell>
   </Row>
   <Row>
    <Cell><Data ss:Type="String">в  январe 2008 года</Data></Cell>
    <Cell><Data ss:Type="Number">17</Data></Cell>
   </Row>
   <Row>
    <Cell><Data ss:Type="String">на январь</Data></Cell>
    <Cell><Data ss:Type="Number">18</Data></Cell>
   </Row>
   <Row>
    <Cell><Data ss:Type="String">за январь</Data></Cell>
    <Cell><Data ss:Type="Number">19</Data></Cell>
   </Row>
   <Row>
    <Cell><Data ss:Type="String">в январе</Data></Cell>
    <Cell><Data ss:Type="Number">20</Data></Cell>
   </Row>
   <Row>
    <Cell><Data ss:Type="String">на январь 2008 г.</Data></Cell>
    <Cell><Data ss:Type="Number">21</Data></Cell>
   </Row>
   <Row>
    <Cell><Data ss:Type="String">за январь  2008 г.</Data></Cell>
    <Cell><Data ss:Type="Number">22</Data></Cell>
   </Row>
   <Row>
    <Cell><Data ss:Type="String">за январь  2008 г.</Data></Cell>
    <Cell><Data ss:Type="Number">23</Data></Cell>
   </Row>
   <Row>
    <Cell><Data ss:Type="String">на январь 2007 г.</Data></Cell>
    <Cell><Data ss:Type="Number">24</Data></Cell>
   </Row>
   <Row>
    <Cell><Data ss:Type="String">за январь  2007 г.</Data></Cell>
    <Cell><Data ss:Type="Number">25</Data></Cell>
   </Row>
   <Row>
    <Cell><Data ss:Type="String">в январе  2007 г.</Data></Cell>
    <Cell><Data ss:Type="Number">26</Data></Cell>
   </Row>
   <Row>
    <Cell><Data ss:Type="String">12 мес.</Data></Cell>
    <Cell><Data ss:Type="Number">27</Data></Cell>
   </Row>
   <Row>
    <Cell><Data ss:Type="String">за 12 мес.</Data></Cell>
    <Cell><Data ss:Type="Number">28</Data></Cell>
   </Row>
   <Row>
    <Cell><Data ss:Type="String">12 месяцев</Data></Cell>
    <Cell><Data ss:Type="Number">29</Data></Cell>
   </Row>
   <Row>
    <Cell><Data ss:Type="String">за 12 месяцев</Data></Cell>
    <Cell><Data ss:Type="Number">30</Data></Cell>
   </Row>
   <Row>
    <Cell><Data ss:Type="String">декабрь</Data></Cell>
    <Cell><Data ss:Type="Number">31</Data></Cell>
   </Row>
   <Row>
    <Cell><Data ss:Type="String">ноябрь</Data></Cell>
    <Cell><Data ss:Type="Number">32</Data></Cell>
   </Row>
   <Row>
    <Cell><Data ss:Type="String">октябрь</Data></Cell>
    <Cell><Data ss:Type="Number">33</Data></Cell>
   </Row>
   <Row>
    <Cell><Data ss:Type="String">Поступило         01.01.2008 г.        12 мес.</Data></Cell>
    <Cell><Data ss:Type="Number">34</Data></Cell>
   </Row>
   <Row>
    <Cell><Data ss:Type="String">в  декабрe 2007 года</Data></Cell>
    <Cell><Data ss:Type="Number">35</Data></Cell>
   </Row>
   <Row>
    <Cell><Data ss:Type="String">на 01.07.2007 г.</Data></Cell>
    <Cell><Data ss:Type="Number">36</Data></Cell>
   </Row>
   <Row>
    <Cell><Data ss:Type="String"> январь</Data></Cell>
    <Cell><Data ss:Type="Number">37</Data></Cell>
   </Row>
   <Row>
    <Cell><Data ss:Type="String">январь</Data></Cell>
    <Cell><Data ss:Type="Number">37</Data></Cell>
   </Row>
  </Table>
  <WorksheetOptions xmlns="urn:schemas-microsoft-com:office:excel">
   <Visible>SheetHidden</Visible>
   <ProtectObjects>False</ProtectObjects>
   <ProtectScenarios>False</ProtectScenarios>
  </WorksheetOptions>
 </Worksheet>
</Workbook>
