<?xml version="1.0"?>
<?mso-application progid="Excel.Sheet"?>
<Workbook xmlns="urn:schemas-microsoft-com:office:spreadsheet"
 xmlns:o="urn:schemas-microsoft-com:office:office"
 xmlns:x="urn:schemas-microsoft-com:office:excel"
 xmlns:ss="urn:schemas-microsoft-com:office:spreadsheet"
 xmlns:html="http://www.w3.org/TR/REC-html40">
 <DocumentProperties xmlns="urn:schemas-microsoft-com:office:office">
  <Author>MAKAROVA_MN</Author>
  <LastAuthor>balmaster</LastAuthor>
  <LastPrinted>2009-03-10T06:58:56Z</LastPrinted>
  <Created>2009-01-13T09:31:23Z</Created>
  <LastSaved>2010-03-22T09:50:12Z</LastSaved>
  <Company>fns</Company>
  <Version>12.00</Version>
 </DocumentProperties>
 <ExcelWorkbook xmlns="urn:schemas-microsoft-com:office:excel">
  <WindowHeight>9120</WindowHeight>
  <WindowWidth>9570</WindowWidth>
  <WindowTopX>9585</WindowTopX>
  <WindowTopY>-15</WindowTopY>
  <ProtectStructure>False</ProtectStructure>
  <ProtectWindows>False</ProtectWindows>
 </ExcelWorkbook>
 <Styles>
  <Style ss:ID="Default" ss:Name="Normal">
   <Alignment ss:Vertical="Bottom"/>
   <Borders/>
   <Font ss:FontName="Arial Cyr" x:CharSet="204"/>
   <Interior/>
   <NumberFormat/>
   <Protection/>
  </Style>
  <Style ss:ID="s21">
   <Font ss:FontName="Times New Roman" x:CharSet="204" x:Family="Roman"
    ss:Size="12"/>
  </Style>
  <Style ss:ID="s22">
   <Alignment ss:Horizontal="Right" ss:Vertical="Bottom"/>
   <Font ss:FontName="Arial Cyr" x:CharSet="204" x:Family="Swiss" ss:Size="9"/>
  </Style>
  <Style ss:ID="s23">
   <Alignment ss:Horizontal="Left" ss:Vertical="Bottom"/>
   <Font ss:FontName="Arial" x:CharSet="204" x:Family="Swiss" ss:Size="11"/>
  </Style>
  <Style ss:ID="s24">
   <Font ss:FontName="Arial" x:CharSet="204" x:Family="Swiss"/>
  </Style>
  <Style ss:ID="s25">
   <Alignment ss:Horizontal="Center" ss:Vertical="Center" ss:WrapText="1"/>
   <Borders>
    <Border ss:Position="Bottom" ss:LineStyle="Continuous" ss:Weight="1"/>
    <Border ss:Position="Left" ss:LineStyle="Continuous" ss:Weight="1"/>
    <Border ss:Position="Right" ss:LineStyle="Continuous" ss:Weight="1"/>
    <Border ss:Position="Top" ss:LineStyle="Continuous" ss:Weight="1"/>
   </Borders>
   <Font ss:FontName="Arial" x:CharSet="204" x:Family="Swiss"/>
  </Style>
  <Style ss:ID="s26">
   <Alignment ss:Horizontal="Center" ss:Vertical="Top" ss:WrapText="1"/>
   <Borders>
    <Border ss:Position="Bottom" ss:LineStyle="Continuous" ss:Weight="1"/>
    <Border ss:Position="Left" ss:LineStyle="Continuous" ss:Weight="1"/>
    <Border ss:Position="Right" ss:LineStyle="Continuous" ss:Weight="1"/>
    <Border ss:Position="Top" ss:LineStyle="Continuous" ss:Weight="1"/>
   </Borders>
   <Font ss:FontName="Arial" x:CharSet="204" x:Family="Swiss"/>
  </Style>
  <Style ss:ID="s27">
   <Alignment ss:Horizontal="Center" ss:Vertical="Bottom" ss:WrapText="1"/>
   <Borders>
    <Border ss:Position="Bottom" ss:LineStyle="Continuous" ss:Weight="1"/>
    <Border ss:Position="Left" ss:LineStyle="Continuous" ss:Weight="1"/>
    <Border ss:Position="Right" ss:LineStyle="Continuous" ss:Weight="1"/>
    <Border ss:Position="Top" ss:LineStyle="Continuous" ss:Weight="1"/>
   </Borders>
   <Font ss:FontName="Arial" x:CharSet="204" x:Family="Swiss"/>
  </Style>
  <Style ss:ID="s28">
   <Alignment ss:Horizontal="Center" ss:Vertical="Top" ss:WrapText="1"/>
   <Borders>
    <Border ss:Position="Bottom" ss:LineStyle="Continuous" ss:Weight="1"/>
    <Border ss:Position="Left" ss:LineStyle="Continuous" ss:Weight="1"/>
    <Border ss:Position="Right" ss:LineStyle="Continuous" ss:Weight="1"/>
    <Border ss:Position="Top" ss:LineStyle="Continuous" ss:Weight="1"/>
   </Borders>
   <Font ss:FontName="Arial" x:CharSet="204" x:Family="Swiss" ss:Bold="1"/>
  </Style>
  <Style ss:ID="s29">
   <Alignment ss:Horizontal="Center" ss:Vertical="Bottom" ss:WrapText="1"/>
   <Borders>
    <Border ss:Position="Bottom" ss:LineStyle="Continuous" ss:Weight="1"/>
    <Border ss:Position="Left" ss:LineStyle="Continuous" ss:Weight="1"/>
    <Border ss:Position="Right" ss:LineStyle="Continuous" ss:Weight="1"/>
    <Border ss:Position="Top" ss:LineStyle="Continuous" ss:Weight="1"/>
   </Borders>
   <Font ss:FontName="Arial" x:CharSet="204" x:Family="Swiss"/>
   <NumberFormat ss:Format="@"/>
  </Style>
  <Style ss:ID="s30">
   <Alignment ss:Horizontal="Right" ss:Vertical="Bottom"/>
  </Style>
  <Style ss:ID="s31">
   <Alignment ss:Horizontal="Left" ss:Vertical="Bottom" ss:WrapText="1"/>
   <Borders>
    <Border ss:Position="Bottom" ss:LineStyle="Continuous" ss:Weight="1"/>
    <Border ss:Position="Left" ss:LineStyle="Continuous" ss:Weight="1"/>
    <Border ss:Position="Right" ss:LineStyle="Continuous" ss:Weight="1"/>
    <Border ss:Position="Top" ss:LineStyle="Continuous" ss:Weight="1"/>
   </Borders>
   <Font ss:FontName="Arial" x:CharSet="204" x:Family="Swiss" ss:Bold="1"/>
  </Style>
  <Style ss:ID="s32">
   <Alignment ss:Horizontal="Left" ss:Vertical="Bottom" ss:WrapText="1"/>
   <Borders>
    <Border ss:Position="Bottom" ss:LineStyle="Continuous" ss:Weight="1"/>
    <Border ss:Position="Left" ss:LineStyle="Continuous" ss:Weight="1"/>
    <Border ss:Position="Right" ss:LineStyle="Continuous" ss:Weight="1"/>
    <Border ss:Position="Top" ss:LineStyle="Continuous" ss:Weight="1"/>
   </Borders>
   <Font ss:FontName="Arial" x:CharSet="204" x:Family="Swiss"/>
  </Style>
  <Style ss:ID="s33">
   <Alignment ss:Horizontal="Left" ss:Vertical="Bottom"/>
   <Font ss:FontName="Arial" x:CharSet="204" x:Family="Swiss"/>
  </Style>
  <Style ss:ID="s34">
   <Alignment ss:Horizontal="Center" ss:Vertical="Bottom" ss:WrapText="1"/>
   <Borders>
    <Border ss:Position="Bottom" ss:LineStyle="Continuous" ss:Weight="1"/>
    <Border ss:Position="Left" ss:LineStyle="Continuous" ss:Weight="1"/>
    <Border ss:Position="Right" ss:LineStyle="Continuous" ss:Weight="1"/>
    <Border ss:Position="Top" ss:LineStyle="Continuous" ss:Weight="1"/>
   </Borders>
   <Font ss:FontName="Arial" x:CharSet="204" x:Family="Swiss" ss:Bold="1"/>
  </Style>
  <Style ss:ID="s35">
   <Alignment ss:Horizontal="Left" ss:Vertical="Bottom" ss:Indent="1"
    ss:WrapText="1"/>
   <Borders>
    <Border ss:Position="Bottom" ss:LineStyle="Continuous" ss:Weight="1"/>
    <Border ss:Position="Left" ss:LineStyle="Continuous" ss:Weight="1"/>
    <Border ss:Position="Right" ss:LineStyle="Continuous" ss:Weight="1"/>
    <Border ss:Position="Top" ss:LineStyle="Continuous" ss:Weight="1"/>
   </Borders>
   <Font ss:FontName="Arial" x:CharSet="204" x:Family="Swiss"/>
  </Style>
  <Style ss:ID="s36">
   <Alignment ss:Horizontal="Left" ss:Vertical="Bottom" ss:Indent="1"
    ss:WrapText="1"/>
   <Borders>
    <Border ss:Position="Bottom" ss:LineStyle="Continuous" ss:Weight="1"/>
    <Border ss:Position="Left" ss:LineStyle="Continuous" ss:Weight="1"/>
    <Border ss:Position="Right" ss:LineStyle="Continuous" ss:Weight="1"/>
    <Border ss:Position="Top" ss:LineStyle="Continuous" ss:Weight="1"/>
   </Borders>
   <Font ss:FontName="Arial" x:CharSet="204" x:Family="Swiss" ss:Bold="1"/>
  </Style>
  <Style ss:ID="s37">
   <Alignment ss:Horizontal="Right" ss:Vertical="Bottom" ss:WrapText="1"/>
   <Borders>
    <Border ss:Position="Bottom" ss:LineStyle="Continuous" ss:Weight="1"/>
    <Border ss:Position="Left" ss:LineStyle="Continuous" ss:Weight="1"/>
    <Border ss:Position="Right" ss:LineStyle="Continuous" ss:Weight="1"/>
    <Border ss:Position="Top" ss:LineStyle="Continuous" ss:Weight="1"/>
   </Borders>
   <Font ss:FontName="Arial" x:CharSet="204" x:Family="Swiss"/>
   <NumberFormat ss:Format="#,##0"/>
  </Style>
  <Style ss:ID="s42">
   <Alignment ss:Horizontal="Left" ss:Vertical="Bottom"/>
  </Style>
  <Style ss:ID="s44">
   <Alignment ss:Horizontal="Center" ss:Vertical="Bottom" ss:WrapText="1"/>
   <Font ss:FontName="Arial Cyr" x:CharSet="204" x:Family="Swiss" ss:Bold="1"/>
  </Style>
  <Style ss:ID="s46">
   <Alignment ss:Horizontal="Center" ss:Vertical="Bottom"/>
   <Font ss:FontName="Arial" x:CharSet="204" x:Family="Swiss" ss:Bold="1"/>
  </Style>
 </Styles>
 <Worksheet ss:Name="5-ПН">
  <Names>
   <NamedRange ss:Name="Print_Titles" ss:RefersTo="='5-ПН'!R3:R8"/>
  </Names>
  <Table ss:ExpandedColumnCount="13" ss:ExpandedRowCount="30" x:FullColumns="1"
   x:FullRows="1">
   <Column ss:AutoFitWidth="0" ss:Width="183.75"/>
   <Column ss:AutoFitWidth="0" ss:Width="36"/>
   <Column ss:AutoFitWidth="0" ss:Width="69"/>
   <Column ss:AutoFitWidth="0" ss:Width="71.25"/>
   <Column ss:AutoFitWidth="0" ss:Width="68.25"/>
   <Column ss:AutoFitWidth="0" ss:Width="67.5" ss:Span="2"/>
   <Column ss:Index="9" ss:AutoFitWidth="0" ss:Width="68.25"/>
   <Column ss:AutoFitWidth="0" ss:Width="67.5" ss:Span="2"/>
   <Row>
    <Cell ss:MergeAcross="3" ss:StyleID="s42"/>
    <Cell ss:Index="12" ss:StyleID="s22"><Data ss:Type="String">Форма №5-НП</Data></Cell>
    <Cell ss:StyleID="s22"/>
   </Row>
   <Row ss:AutoFitHeight="0" ss:Height="32.25">
    <Cell ss:MergeAcross="11" ss:StyleID="s44"><Data ss:Type="String">ОТЧЕТ &#10;О НАЛОГОВОЙ БАЗЕ И СТРУКТУРЕ НАЧИСЛЕНИЙ ПО АКЦИЗАМ НА НЕФТЕПРОДУКТЫ</Data></Cell>
   </Row>
   <Row>
    <Cell ss:MergeAcross="11" ss:StyleID="s46"><Data ss:Type="String">по состоянию на 01.01.2009 г.</Data><NamedCell
      ss:Name="Print_Titles"/></Cell>
   </Row>
   <Row ss:Height="14.25">
    <Cell ss:StyleID="s23"><Data ss:Type="String">Всего по России</Data><NamedCell
      ss:Name="Print_Titles"/></Cell>
   </Row>
   <Row ss:AutoFitHeight="0" ss:Height="42.75">
    <Cell ss:MergeDown="2" ss:StyleID="s25"><Data ss:Type="String">Показатели</Data><NamedCell
      ss:Name="Print_Titles"/></Cell>
    <Cell ss:MergeDown="2" ss:StyleID="s25"><Data ss:Type="String">Код строки</Data><NamedCell
      ss:Name="Print_Titles"/></Cell>
    <Cell ss:MergeAcross="1" ss:MergeDown="1" ss:StyleID="s25"><Data
      ss:Type="String">Дизельное топливо</Data><NamedCell ss:Name="Print_Titles"/></Cell>
    <Cell ss:MergeAcross="1" ss:MergeDown="1" ss:StyleID="s25"><Data
      ss:Type="String">Моторные масла для дизельных и (или) карбюраторных (инжекторных) двигателей</Data><NamedCell
      ss:Name="Print_Titles"/></Cell>
    <Cell ss:MergeAcross="3" ss:StyleID="s25"><Data ss:Type="String">Автомобильный  бензин</Data><NamedCell
      ss:Name="Print_Titles"/></Cell>
    <Cell ss:MergeAcross="1" ss:MergeDown="1" ss:StyleID="s25"><Data
      ss:Type="String">Прямогонный бензин</Data><NamedCell ss:Name="Print_Titles"/></Cell>
   </Row>
   <Row ss:AutoFitHeight="0" ss:Height="22.5">
    <Cell ss:Index="7" ss:MergeAcross="1" ss:StyleID="s25"><Data ss:Type="String">с октановым числом до «80» включительно</Data><NamedCell
      ss:Name="Print_Titles"/></Cell>
    <Cell ss:MergeAcross="1" ss:StyleID="s25"><Data ss:Type="String">с иными октановыми числами</Data><NamedCell
      ss:Name="Print_Titles"/></Cell>
   </Row>
   <Row ss:Height="38.25">
    <Cell ss:Index="3" ss:StyleID="s25"><Data ss:Type="String">значение показателей  (в тоннах)</Data><NamedCell
      ss:Name="Print_Titles"/></Cell>
    <Cell ss:StyleID="s25"><Data ss:Type="String">сумма акциза&#10;(тыс. рублей)</Data><NamedCell
      ss:Name="Print_Titles"/></Cell>
    <Cell ss:StyleID="s25"><Data ss:Type="String">значение показателей  &#10;(в тоннах)</Data><NamedCell
      ss:Name="Print_Titles"/></Cell>
    <Cell ss:StyleID="s25"><Data ss:Type="String">сумма акциза&#10;(тыс. рублей)</Data><NamedCell
      ss:Name="Print_Titles"/></Cell>
    <Cell ss:StyleID="s25"><Data ss:Type="String">значение показателей  (в тоннах)</Data><NamedCell
      ss:Name="Print_Titles"/></Cell>
    <Cell ss:StyleID="s25"><Data ss:Type="String">сумма акциза&#10;(тыс. рублей)</Data><NamedCell
      ss:Name="Print_Titles"/></Cell>
    <Cell ss:StyleID="s25"><Data ss:Type="String">значение показателей  (в тоннах)</Data><NamedCell
      ss:Name="Print_Titles"/></Cell>
    <Cell ss:StyleID="s25"><Data ss:Type="String">сумма акциза&#10;(тыс. рублей)</Data><NamedCell
      ss:Name="Print_Titles"/></Cell>
    <Cell ss:StyleID="s25"><Data ss:Type="String">значение показателей  (в тоннах)</Data><NamedCell
      ss:Name="Print_Titles"/></Cell>
    <Cell ss:StyleID="s25"><Data ss:Type="String">сумма акциза&#10;(тыс. рублей)</Data><NamedCell
      ss:Name="Print_Titles"/></Cell>
   </Row>
   <Row>
    <Cell ss:StyleID="s28"><Data ss:Type="String">А</Data><NamedCell
      ss:Name="Print_Titles"/></Cell>
    <Cell ss:StyleID="s28"><Data ss:Type="String">Б</Data><NamedCell
      ss:Name="Print_Titles"/></Cell>
    <Cell ss:StyleID="s28"><Data ss:Type="Number">1</Data><NamedCell
      ss:Name="Print_Titles"/></Cell>
    <Cell ss:StyleID="s28"><Data ss:Type="Number">2</Data><NamedCell
      ss:Name="Print_Titles"/></Cell>
    <Cell ss:StyleID="s28"><Data ss:Type="Number">3</Data><NamedCell
      ss:Name="Print_Titles"/></Cell>
    <Cell ss:StyleID="s28"><Data ss:Type="Number">4</Data><NamedCell
      ss:Name="Print_Titles"/></Cell>
    <Cell ss:StyleID="s28"><Data ss:Type="Number">5</Data><NamedCell
      ss:Name="Print_Titles"/></Cell>
    <Cell ss:StyleID="s28"><Data ss:Type="Number">6</Data><NamedCell
      ss:Name="Print_Titles"/></Cell>
    <Cell ss:StyleID="s28"><Data ss:Type="Number">7</Data><NamedCell
      ss:Name="Print_Titles"/></Cell>
    <Cell ss:StyleID="s28"><Data ss:Type="Number">8</Data><NamedCell
      ss:Name="Print_Titles"/></Cell>
    <Cell ss:StyleID="s28"><Data ss:Type="Number">9</Data><NamedCell
      ss:Name="Print_Titles"/></Cell>
    <Cell ss:StyleID="s28"><Data ss:Type="Number">10</Data><NamedCell
      ss:Name="Print_Titles"/></Cell>
   </Row>
   <Row ss:AutoFitHeight="0" ss:Height="38.25">
    <Cell ss:StyleID="s31"><Data ss:Type="String">Операции, подлежащие налогообложению акцизами (за исключением экспорта)</Data></Cell>
    <Cell ss:StyleID="s29"><Data ss:Type="String">010</Data></Cell>
    <Cell ss:StyleID="s37"><Data ss:Type="Number">33264033</Data></Cell>
    <Cell ss:StyleID="s37"><Data ss:Type="Number">35925175</Data></Cell>
    <Cell ss:StyleID="s37"><Data ss:Type="Number">572711</Data></Cell>
    <Cell ss:StyleID="s37"><Data ss:Type="Number">1690076</Data></Cell>
    <Cell ss:StyleID="s37"><Data ss:Type="Number">5951711</Data></Cell>
    <Cell ss:StyleID="s37"><Data ss:Type="Number">15813699</Data></Cell>
    <Cell ss:StyleID="s37"><Data ss:Type="Number">25941238</Data></Cell>
    <Cell ss:StyleID="s37"><Data ss:Type="Number">94140749</Data></Cell>
    <Cell ss:StyleID="s37"><Data ss:Type="Number">6450313</Data></Cell>
    <Cell ss:StyleID="s37"><Data ss:Type="Number">17138488</Data></Cell>
   </Row>
   <Row ss:AutoFitHeight="0" ss:Height="66">
    <Cell ss:StyleID="s35"><Data ss:Type="String">из них:&#10;-получение прямогонного бензина организацией, имеющей свидетельство на переработку прямогонного бензина</Data></Cell>
    <Cell ss:StyleID="s27"><Data ss:Type="String">011</Data></Cell>
    <Cell ss:StyleID="s27"><Data ss:Type="String">Х</Data></Cell>
    <Cell ss:StyleID="s27"><Data ss:Type="String">Х</Data></Cell>
    <Cell ss:StyleID="s27"><Data ss:Type="String">Х</Data></Cell>
    <Cell ss:StyleID="s27"><Data ss:Type="String">Х</Data></Cell>
    <Cell ss:StyleID="s27"><Data ss:Type="String">Х</Data></Cell>
    <Cell ss:StyleID="s27"><Data ss:Type="String">Х</Data></Cell>
    <Cell ss:StyleID="s27"><Data ss:Type="String">Х</Data></Cell>
    <Cell ss:StyleID="s27"><Data ss:Type="String">Х</Data></Cell>
    <Cell ss:StyleID="s37"><Data ss:Type="Number">1479004</Data></Cell>
    <Cell ss:StyleID="s27"><Data ss:Type="String">Х</Data></Cell>
   </Row>
   <Row ss:AutoFitHeight="0" ss:Height="20.25">
    <Cell ss:StyleID="s31"><Data ss:Type="String">Сумма акциза, подлежащая вычету</Data></Cell>
    <Cell ss:StyleID="s27"><Data ss:Type="String">020</Data></Cell>
    <Cell ss:StyleID="s27"><Data ss:Type="String">Х</Data></Cell>
    <Cell ss:StyleID="s37"><Data ss:Type="Number">174510</Data></Cell>
    <Cell ss:StyleID="s27"><Data ss:Type="String">Х</Data></Cell>
    <Cell ss:StyleID="s37"><Data ss:Type="Number">1973</Data></Cell>
    <Cell ss:StyleID="s27"><Data ss:Type="String">Х</Data></Cell>
    <Cell ss:StyleID="s37"><Data ss:Type="Number">49824</Data></Cell>
    <Cell ss:StyleID="s27"><Data ss:Type="String">Х</Data></Cell>
    <Cell ss:StyleID="s37"><Data ss:Type="Number">4234022</Data></Cell>
    <Cell ss:StyleID="s27"><Data ss:Type="String">Х</Data></Cell>
    <Cell ss:StyleID="s37"><Data ss:Type="Number">13320073</Data></Cell>
   </Row>
   <Row ss:Height="114.75">
    <Cell ss:StyleID="s35"><Data ss:Type="String">из нее:&#10;- сумма акциза, начисленная налогоплательщиком, имеющим свидетельство на производство прямогонного бензина, при реализации прямогонного бензина налогоплательщику, имеющему свидетельство на переработку прямогонного бензина</Data></Cell>
    <Cell ss:StyleID="s27"><Data ss:Type="String">021</Data></Cell>
    <Cell ss:StyleID="s27"><Data ss:Type="String">Х</Data></Cell>
    <Cell ss:StyleID="s27"><Data ss:Type="String">Х</Data></Cell>
    <Cell ss:StyleID="s27"><Data ss:Type="String">Х</Data></Cell>
    <Cell ss:StyleID="s27"><Data ss:Type="String">Х</Data></Cell>
    <Cell ss:StyleID="s27"><Data ss:Type="String">Х</Data></Cell>
    <Cell ss:StyleID="s27"><Data ss:Type="String">Х</Data></Cell>
    <Cell ss:StyleID="s27"><Data ss:Type="String">Х</Data></Cell>
    <Cell ss:StyleID="s27"><Data ss:Type="String">Х</Data></Cell>
    <Cell ss:StyleID="s27"><Data ss:Type="String">Х</Data></Cell>
    <Cell ss:StyleID="s37"><Data ss:Type="Number">4670946</Data></Cell>
   </Row>
   <Row ss:Height="114.75">
    <Cell ss:StyleID="s36"><ss:Data ss:Type="String"
      xmlns="http://www.w3.org/TR/REC-html40"><B>- </B><Font>сумма акциза, начисленная налогоплательщиком, имеющим свидетельство на производство прямогонного бензина, при совершении с прямогонным бензином операций, указанных в подпунктах 7 и (или) 12 пункта 1 статьи 182 Налогового кодекса Российской Федерации </Font></ss:Data></Cell>
    <Cell ss:StyleID="s27"><Data ss:Type="String">022</Data></Cell>
    <Cell ss:StyleID="s27"><Data ss:Type="String">Х</Data></Cell>
    <Cell ss:StyleID="s27"><Data ss:Type="String">Х</Data></Cell>
    <Cell ss:StyleID="s27"><Data ss:Type="String">Х</Data></Cell>
    <Cell ss:StyleID="s27"><Data ss:Type="String">Х</Data></Cell>
    <Cell ss:StyleID="s27"><Data ss:Type="String">Х</Data></Cell>
    <Cell ss:StyleID="s27"><Data ss:Type="String">Х</Data></Cell>
    <Cell ss:StyleID="s27"><Data ss:Type="String">Х</Data></Cell>
    <Cell ss:StyleID="s27"><Data ss:Type="String">Х</Data></Cell>
    <Cell ss:StyleID="s27"><Data ss:Type="String">Х</Data></Cell>
    <Cell ss:StyleID="s37"><Data ss:Type="Number">2984321</Data></Cell>
   </Row>
   <Row ss:AutoFitHeight="0" ss:Height="64.5">
    <Cell ss:StyleID="s36"><ss:Data ss:Type="String"
      xmlns="http://www.w3.org/TR/REC-html40"><B>- </B><Font>сумма акциза, начисленная при получении прямогонного бензина налогоплательщиком, имеющим свидетельство на переработку прямогонного бензина</Font></ss:Data></Cell>
    <Cell ss:StyleID="s27"><Data ss:Type="String">023</Data></Cell>
    <Cell ss:StyleID="s27"><Data ss:Type="String">Х</Data></Cell>
    <Cell ss:StyleID="s27"><Data ss:Type="String">Х</Data></Cell>
    <Cell ss:StyleID="s27"><Data ss:Type="String">Х</Data></Cell>
    <Cell ss:StyleID="s27"><Data ss:Type="String">Х</Data></Cell>
    <Cell ss:StyleID="s27"><Data ss:Type="String">Х</Data></Cell>
    <Cell ss:StyleID="s27"><Data ss:Type="String">Х</Data></Cell>
    <Cell ss:StyleID="s27"><Data ss:Type="String">Х</Data></Cell>
    <Cell ss:StyleID="s27"><Data ss:Type="String">Х</Data></Cell>
    <Cell ss:StyleID="s27"><Data ss:Type="String">Х</Data></Cell>
    <Cell ss:StyleID="s37"><Data ss:Type="Number">5473234</Data></Cell>
   </Row>
   <Row ss:AutoFitHeight="0" ss:Height="55.5">
    <Cell ss:StyleID="s31"><Data ss:Type="String">Реализация нефтепродуктов на экспорт при отсутствии поручительства банков или банковской гарантии</Data></Cell>
    <Cell ss:StyleID="s27"><Data ss:Type="String">030</Data></Cell>
    <Cell ss:StyleID="s37"><Data ss:Type="Number">7874503</Data></Cell>
    <Cell ss:StyleID="s37"><Data ss:Type="Number">8504464</Data></Cell>
    <Cell ss:StyleID="s37"><Data ss:Type="Number">19046</Data></Cell>
    <Cell ss:StyleID="s37"><Data ss:Type="Number">56203</Data></Cell>
    <Cell ss:StyleID="s37"><Data ss:Type="Number">26820</Data></Cell>
    <Cell ss:StyleID="s37"><Data ss:Type="Number">71264</Data></Cell>
    <Cell ss:StyleID="s37"><Data ss:Type="Number">569837</Data></Cell>
    <Cell ss:StyleID="s37"><Data ss:Type="Number">2067935</Data></Cell>
    <Cell ss:StyleID="s37"><Data ss:Type="Number">1663858</Data></Cell>
    <Cell ss:StyleID="s37"><Data ss:Type="Number">4420877</Data></Cell>
   </Row>
   <Row ss:AutoFitHeight="0" ss:Height="55.5">
    <Cell ss:StyleID="s31"><Data ss:Type="String">Сумма акциза, предъявленная к возмещению, по нефтепродуктам, факт экспорта которых документально подтвержден</Data></Cell>
    <Cell ss:StyleID="s27"><Data ss:Type="String">040</Data></Cell>
    <Cell ss:StyleID="s37"><Data ss:Type="Number">7813619</Data></Cell>
    <Cell ss:StyleID="s37"><Data ss:Type="Number">8438707</Data></Cell>
    <Cell ss:StyleID="s37"><Data ss:Type="Number">44846</Data></Cell>
    <Cell ss:StyleID="s37"><Data ss:Type="Number">132341</Data></Cell>
    <Cell ss:StyleID="s37"><Data ss:Type="Number">31436</Data></Cell>
    <Cell ss:StyleID="s37"><Data ss:Type="Number">83527</Data></Cell>
    <Cell ss:StyleID="s37"><Data ss:Type="Number">877807</Data></Cell>
    <Cell ss:StyleID="s37"><Data ss:Type="Number">3185563</Data></Cell>
    <Cell ss:StyleID="s37"><Data ss:Type="Number">2210370</Data></Cell>
    <Cell ss:StyleID="s37"><Data ss:Type="Number">5872033</Data></Cell>
   </Row>
   <Row>
    <Cell ss:StyleID="s33"/>
    <Cell ss:StyleID="s24"/>
    <Cell ss:StyleID="s24"/>
    <Cell ss:StyleID="s24"/>
    <Cell ss:StyleID="s24"/>
    <Cell ss:StyleID="s24"/>
    <Cell ss:StyleID="s24"/>
    <Cell ss:StyleID="s24"/>
    <Cell ss:StyleID="s24"/>
    <Cell ss:StyleID="s24"/>
    <Cell ss:StyleID="s24"/>
    <Cell ss:StyleID="s24"/>
   </Row>
   <Row>
    <Cell ss:StyleID="s33"/>
    <Cell ss:StyleID="s24"/>
    <Cell ss:StyleID="s24"/>
    <Cell ss:StyleID="s24"/>
    <Cell ss:StyleID="s24"/>
    <Cell ss:StyleID="s24"/>
    <Cell ss:StyleID="s24"/>
    <Cell ss:StyleID="s24"/>
    <Cell ss:StyleID="s24"/>
    <Cell ss:StyleID="s24"/>
    <Cell ss:StyleID="s24"/>
    <Cell ss:StyleID="s24"/>
   </Row>
   <Row>
    <Cell ss:StyleID="s33"/>
    <Cell ss:StyleID="s24"/>
    <Cell ss:StyleID="s24"/>
    <Cell ss:StyleID="s24"/>
    <Cell ss:StyleID="s24"/>
    <Cell ss:StyleID="s24"/>
    <Cell ss:StyleID="s24"/>
    <Cell ss:StyleID="s24"/>
    <Cell ss:StyleID="s24"/>
    <Cell ss:StyleID="s24"/>
    <Cell ss:StyleID="s24"/>
    <Cell ss:StyleID="s24"/>
   </Row>
   <Row>
    <Cell ss:StyleID="s33"><Data ss:Type="String">Справочно к отчету:</Data></Cell>
    <Cell ss:StyleID="s24"/>
    <Cell ss:StyleID="s24"/>
    <Cell ss:StyleID="s24"/>
    <Cell ss:StyleID="s24"/>
    <Cell ss:StyleID="s24"/>
    <Cell ss:StyleID="s24"/>
    <Cell ss:StyleID="s24"/>
    <Cell ss:StyleID="s24"/>
    <Cell ss:StyleID="s24"/>
    <Cell ss:StyleID="s24"/>
    <Cell ss:StyleID="s24"/>
   </Row>
   <Row>
    <Cell ss:StyleID="s33"/>
    <Cell ss:StyleID="s24"/>
    <Cell ss:StyleID="s24"/>
    <Cell ss:StyleID="s24"/>
    <Cell ss:StyleID="s24"/>
    <Cell ss:StyleID="s24"/>
    <Cell ss:StyleID="s24"/>
    <Cell ss:StyleID="s24"/>
    <Cell ss:StyleID="s24"/>
    <Cell ss:StyleID="s24"/>
    <Cell ss:StyleID="s24"/>
    <Cell ss:StyleID="s24"/>
   </Row>
   <Row ss:Height="25.5">
    <Cell ss:StyleID="s32"><Data ss:Type="String">Показатели</Data></Cell>
    <Cell ss:StyleID="s26"><Data ss:Type="String">Код строки </Data></Cell>
    <Cell ss:StyleID="s26"><Data ss:Type="String">Значение показателей</Data></Cell>
    <Cell ss:StyleID="s24"/>
    <Cell ss:StyleID="s24"/>
    <Cell ss:StyleID="s24"/>
    <Cell ss:StyleID="s24"/>
    <Cell ss:StyleID="s24"/>
    <Cell ss:StyleID="s24"/>
    <Cell ss:StyleID="s24"/>
    <Cell ss:StyleID="s24"/>
    <Cell ss:StyleID="s24"/>
   </Row>
   <Row>
    <Cell ss:StyleID="s34"><Data ss:Type="String">А</Data></Cell>
    <Cell ss:StyleID="s28"><Data ss:Type="String">Б</Data></Cell>
    <Cell ss:StyleID="s28"><Data ss:Type="String">1</Data></Cell>
    <Cell ss:StyleID="s24"/>
    <Cell ss:StyleID="s24"/>
    <Cell ss:StyleID="s24"/>
    <Cell ss:StyleID="s24"/>
    <Cell ss:StyleID="s24"/>
    <Cell ss:StyleID="s24"/>
    <Cell ss:StyleID="s24"/>
    <Cell ss:StyleID="s24"/>
    <Cell ss:StyleID="s24"/>
   </Row>
   <Row ss:Height="38.25">
    <Cell ss:StyleID="s32"><Data ss:Type="String">Количество налогоплательщиков, представивших налоговые&#10;декларации (единиц)</Data></Cell>
    <Cell ss:StyleID="s27"><Data ss:Type="Number">100</Data></Cell>
    <Cell ss:StyleID="s37"><Data ss:Type="Number">226</Data></Cell>
    <Cell ss:StyleID="s24"/>
    <Cell ss:StyleID="s24"/>
    <Cell ss:StyleID="s24"/>
    <Cell ss:StyleID="s24"/>
    <Cell ss:StyleID="s24"/>
    <Cell ss:StyleID="s24"/>
    <Cell ss:StyleID="s24"/>
    <Cell ss:StyleID="s24"/>
    <Cell ss:StyleID="s24"/>
   </Row>
   <Row ss:Height="15.75">
    <Cell ss:StyleID="s21"/>
   </Row>
   <Row ss:Index="30">
    <Cell ss:Index="3" ss:StyleID="s30"/>
   </Row>
  </Table>
  <WorksheetOptions xmlns="urn:schemas-microsoft-com:office:excel">
   <PageSetup>
    <Layout x:Orientation="Landscape" x:CenterHorizontal="1"/>
    <Header x:Margin="0.31496062992125984"/>
    <Footer x:Margin="0.51181102362204722"/>
    <PageMargins x:Bottom="0.39370078740157483" x:Left="0.19685039370078741"
     x:Right="0.19685039370078741" x:Top="0.59055118110236227"/>
   </PageSetup>
   <Print>
    <ValidPrinterInfo/>
    <PaperSizeIndex>9</PaperSizeIndex>
    <Scale>85</Scale>
    <HorizontalResolution>600</HorizontalResolution>
    <VerticalResolution>600</VerticalResolution>
   </Print>
   <Zoom>90</Zoom>
   <Selected/>
   <FreezePanes/>
   <FrozenNoSplit/>
   <SplitHorizontal>8</SplitHorizontal>
   <TopRowBottomPane>8</TopRowBottomPane>
   <ActivePane>2</ActivePane>
   <Panes>
    <Pane>
     <Number>3</Number>
    </Pane>
    <Pane>
     <Number>2</Number>
     <ActiveRow>0</ActiveRow>
     <RangeSelection>R1:R65536</RangeSelection>
    </Pane>
   </Panes>
   <ProtectObjects>False</ProtectObjects>
   <ProtectScenarios>False</ProtectScenarios>
  </WorksheetOptions>
 </Worksheet>
 <Worksheet ss:Name="hidden1">
  <Table ss:ExpandedColumnCount="10" ss:ExpandedRowCount="9" x:FullColumns="1"
   x:FullRows="1">
   <Row>
    <Cell><Data ss:Type="Number">33264033</Data></Cell>
    <Cell><Data ss:Type="Number">35925175</Data></Cell>
    <Cell><Data ss:Type="Number">572711</Data></Cell>
    <Cell><Data ss:Type="Number">1690076</Data></Cell>
    <Cell><Data ss:Type="Number">5951711</Data></Cell>
    <Cell><Data ss:Type="Number">15813699</Data></Cell>
    <Cell><Data ss:Type="Number">25941238</Data></Cell>
    <Cell><Data ss:Type="Number">94140749</Data></Cell>
    <Cell><Data ss:Type="Number">6450313</Data></Cell>
    <Cell><Data ss:Type="Number">17138488</Data></Cell>
   </Row>
   <Row>
    <Cell><Data ss:Type="Number">0</Data></Cell>
    <Cell><Data ss:Type="Number">0</Data></Cell>
    <Cell><Data ss:Type="Number">0</Data></Cell>
    <Cell><Data ss:Type="Number">0</Data></Cell>
    <Cell><Data ss:Type="Number">0</Data></Cell>
    <Cell><Data ss:Type="Number">0</Data></Cell>
    <Cell><Data ss:Type="Number">0</Data></Cell>
    <Cell><Data ss:Type="Number">0</Data></Cell>
    <Cell><Data ss:Type="Number">1479004</Data></Cell>
    <Cell><Data ss:Type="Number">0</Data></Cell>
   </Row>
   <Row>
    <Cell><Data ss:Type="Number">0</Data></Cell>
    <Cell><Data ss:Type="Number">174510</Data></Cell>
    <Cell><Data ss:Type="Number">0</Data></Cell>
    <Cell><Data ss:Type="Number">1973</Data></Cell>
    <Cell><Data ss:Type="Number">0</Data></Cell>
    <Cell><Data ss:Type="Number">49824</Data></Cell>
    <Cell><Data ss:Type="Number">0</Data></Cell>
    <Cell><Data ss:Type="Number">4234022</Data></Cell>
    <Cell><Data ss:Type="Number">0</Data></Cell>
    <Cell><Data ss:Type="Number">13320073</Data></Cell>
   </Row>
   <Row>
    <Cell><Data ss:Type="Number">0</Data></Cell>
    <Cell><Data ss:Type="Number">0</Data></Cell>
    <Cell><Data ss:Type="Number">0</Data></Cell>
    <Cell><Data ss:Type="Number">0</Data></Cell>
    <Cell><Data ss:Type="Number">0</Data></Cell>
    <Cell><Data ss:Type="Number">0</Data></Cell>
    <Cell><Data ss:Type="Number">0</Data></Cell>
    <Cell><Data ss:Type="Number">0</Data></Cell>
    <Cell><Data ss:Type="Number">0</Data></Cell>
    <Cell><Data ss:Type="Number">4670946</Data></Cell>
   </Row>
   <Row>
    <Cell><Data ss:Type="Number">0</Data></Cell>
    <Cell><Data ss:Type="Number">0</Data></Cell>
    <Cell><Data ss:Type="Number">0</Data></Cell>
    <Cell><Data ss:Type="Number">0</Data></Cell>
    <Cell><Data ss:Type="Number">0</Data></Cell>
    <Cell><Data ss:Type="Number">0</Data></Cell>
    <Cell><Data ss:Type="Number">0</Data></Cell>
    <Cell><Data ss:Type="Number">0</Data></Cell>
    <Cell><Data ss:Type="Number">0</Data></Cell>
    <Cell><Data ss:Type="Number">2984321</Data></Cell>
   </Row>
   <Row>
    <Cell><Data ss:Type="Number">0</Data></Cell>
    <Cell><Data ss:Type="Number">0</Data></Cell>
    <Cell><Data ss:Type="Number">0</Data></Cell>
    <Cell><Data ss:Type="Number">0</Data></Cell>
    <Cell><Data ss:Type="Number">0</Data></Cell>
    <Cell><Data ss:Type="Number">0</Data></Cell>
    <Cell><Data ss:Type="Number">0</Data></Cell>
    <Cell><Data ss:Type="Number">0</Data></Cell>
    <Cell><Data ss:Type="Number">0</Data></Cell>
    <Cell><Data ss:Type="Number">5473234</Data></Cell>
   </Row>
   <Row>
    <Cell><Data ss:Type="Number">7874503</Data></Cell>
    <Cell><Data ss:Type="Number">8504464</Data></Cell>
    <Cell><Data ss:Type="Number">19046</Data></Cell>
    <Cell><Data ss:Type="Number">56203</Data></Cell>
    <Cell><Data ss:Type="Number">26820</Data></Cell>
    <Cell><Data ss:Type="Number">71264</Data></Cell>
    <Cell><Data ss:Type="Number">569837</Data></Cell>
    <Cell><Data ss:Type="Number">2067935</Data></Cell>
    <Cell><Data ss:Type="Number">1663858</Data></Cell>
    <Cell><Data ss:Type="Number">4420877</Data></Cell>
   </Row>
   <Row>
    <Cell><Data ss:Type="Number">7813619</Data></Cell>
    <Cell><Data ss:Type="Number">8438707</Data></Cell>
    <Cell><Data ss:Type="Number">44846</Data></Cell>
    <Cell><Data ss:Type="Number">132341</Data></Cell>
    <Cell><Data ss:Type="Number">31436</Data></Cell>
    <Cell><Data ss:Type="Number">83527</Data></Cell>
    <Cell><Data ss:Type="Number">877807</Data></Cell>
    <Cell><Data ss:Type="Number">3185563</Data></Cell>
    <Cell><Data ss:Type="Number">2210370</Data></Cell>
    <Cell><Data ss:Type="Number">5872033</Data></Cell>
   </Row>
   <Row>
    <Cell><Data ss:Type="Number">48952155</Data></Cell>
    <Cell><Data ss:Type="Number">53042856</Data></Cell>
    <Cell><Data ss:Type="Number">636603</Data></Cell>
    <Cell><Data ss:Type="Number">1880593</Data></Cell>
    <Cell><Data ss:Type="Number">6009967</Data></Cell>
    <Cell><Data ss:Type="Number">16018314</Data></Cell>
    <Cell><Data ss:Type="Number">27388882</Data></Cell>
    <Cell><Data ss:Type="Number">103628269</Data></Cell>
    <Cell><Data ss:Type="Number">11803545</Data></Cell>
    <Cell><Data ss:Type="Number">53879972</Data></Cell>
   </Row>
  </Table>
  <WorksheetOptions xmlns="urn:schemas-microsoft-com:office:excel">
   <Visible>SheetHidden</Visible>
   <ProtectObjects>False</ProtectObjects>
   <ProtectScenarios>False</ProtectScenarios>
  </WorksheetOptions>
 </Worksheet>
 <Worksheet ss:Name="hidden2">
  <Table ss:ExpandedColumnCount="2" ss:ExpandedRowCount="38" x:FullColumns="1"
   x:FullRows="1">
   <Row>
    <Cell><Data ss:Type="String">на 01.01.2009 г.</Data></Cell>
    <Cell><Data ss:Type="Number">1</Data></Cell>
   </Row>
   <Row>
    <Cell><Data ss:Type="String">на 01.12.2008 г.</Data></Cell>
    <Cell><Data ss:Type="Number">2</Data></Cell>
   </Row>
   <Row>
    <Cell><Data ss:Type="String">на 01.10.2008 г.</Data></Cell>
    <Cell><Data ss:Type="Number">3</Data></Cell>
   </Row>
   <Row>
    <Cell><Data ss:Type="String">на 01.01.2008 г.</Data></Cell>
    <Cell><Data ss:Type="Number">4</Data></Cell>
   </Row>
   <Row>
    <Cell><Data ss:Type="String">на 01 января 2009 года</Data></Cell>
    <Cell><Data ss:Type="Number">5</Data></Cell>
   </Row>
   <Row>
    <Cell><Data ss:Type="String">на 01 декабря 2008 года</Data></Cell>
    <Cell><Data ss:Type="Number">6</Data></Cell>
   </Row>
   <Row>
    <Cell><Data ss:Type="String">на 01 октября 2008 года</Data></Cell>
    <Cell><Data ss:Type="Number">7</Data></Cell>
   </Row>
   <Row>
    <Cell><Data ss:Type="String">на 01 января 2008 года</Data></Cell>
    <Cell><Data ss:Type="Number">8</Data></Cell>
   </Row>
   <Row>
    <Cell><Data ss:Type="String">по состоянию на 01.01.2009 г.</Data></Cell>
    <Cell><Data ss:Type="Number">9</Data></Cell>
   </Row>
   <Row>
    <Cell><Data ss:Type="String">по состоянию на 01.12.2008 г.</Data></Cell>
    <Cell><Data ss:Type="Number">10</Data></Cell>
   </Row>
   <Row>
    <Cell><Data ss:Type="String">по состоянию на 01.10.2008 г.</Data></Cell>
    <Cell><Data ss:Type="Number">11</Data></Cell>
   </Row>
   <Row>
    <Cell><Data ss:Type="String">по состоянию на 01.01.2008 г.</Data></Cell>
    <Cell><Data ss:Type="Number">12</Data></Cell>
   </Row>
   <Row>
    <Cell><Data ss:Type="String">по состоянию на 01 января 2009 года</Data></Cell>
    <Cell><Data ss:Type="Number">13</Data></Cell>
   </Row>
   <Row>
    <Cell><Data ss:Type="String">по состоянию на 01 декабря 2008 года</Data></Cell>
    <Cell><Data ss:Type="Number">14</Data></Cell>
   </Row>
   <Row>
    <Cell><Data ss:Type="String">по состоянию на 01 октября 2008 года</Data></Cell>
    <Cell><Data ss:Type="Number">15</Data></Cell>
   </Row>
   <Row>
    <Cell><Data ss:Type="String">по состоянию на 01 января 2008 года</Data></Cell>
    <Cell><Data ss:Type="Number">16</Data></Cell>
   </Row>
   <Row>
    <Cell><Data ss:Type="String">в  январe 2009 года</Data></Cell>
    <Cell><Data ss:Type="Number">17</Data></Cell>
   </Row>
   <Row>
    <Cell><Data ss:Type="String">на январь</Data></Cell>
    <Cell><Data ss:Type="Number">18</Data></Cell>
   </Row>
   <Row>
    <Cell><Data ss:Type="String">за январь</Data></Cell>
    <Cell><Data ss:Type="Number">19</Data></Cell>
   </Row>
   <Row>
    <Cell><Data ss:Type="String">в январе</Data></Cell>
    <Cell><Data ss:Type="Number">20</Data></Cell>
   </Row>
   <Row>
    <Cell><Data ss:Type="String">на январь 2009 г.</Data></Cell>
    <Cell><Data ss:Type="Number">21</Data></Cell>
   </Row>
   <Row>
    <Cell><Data ss:Type="String">за январь  2009 г.</Data></Cell>
    <Cell><Data ss:Type="Number">22</Data></Cell>
   </Row>
   <Row>
    <Cell><Data ss:Type="String">за январь  2009 г.</Data></Cell>
    <Cell><Data ss:Type="Number">23</Data></Cell>
   </Row>
   <Row>
    <Cell><Data ss:Type="String">на январь 2008 г.</Data></Cell>
    <Cell><Data ss:Type="Number">24</Data></Cell>
   </Row>
   <Row>
    <Cell><Data ss:Type="String">за январь  2008 г.</Data></Cell>
    <Cell><Data ss:Type="Number">25</Data></Cell>
   </Row>
   <Row>
    <Cell><Data ss:Type="String">в январе  2008 г.</Data></Cell>
    <Cell><Data ss:Type="Number">26</Data></Cell>
   </Row>
   <Row>
    <Cell><Data ss:Type="String">12 мес.</Data></Cell>
    <Cell><Data ss:Type="Number">27</Data></Cell>
   </Row>
   <Row>
    <Cell><Data ss:Type="String">за 12 мес.</Data></Cell>
    <Cell><Data ss:Type="Number">28</Data></Cell>
   </Row>
   <Row>
    <Cell><Data ss:Type="String">12 месяцев</Data></Cell>
    <Cell><Data ss:Type="Number">29</Data></Cell>
   </Row>
   <Row>
    <Cell><Data ss:Type="String">за 12 месяцев</Data></Cell>
    <Cell><Data ss:Type="Number">30</Data></Cell>
   </Row>
   <Row>
    <Cell><Data ss:Type="String">декабрь</Data></Cell>
    <Cell><Data ss:Type="Number">31</Data></Cell>
   </Row>
   <Row>
    <Cell><Data ss:Type="String">ноябрь</Data></Cell>
    <Cell><Data ss:Type="Number">32</Data></Cell>
   </Row>
   <Row>
    <Cell><Data ss:Type="String">октябрь</Data></Cell>
    <Cell><Data ss:Type="Number">33</Data></Cell>
   </Row>
   <Row>
    <Cell><Data ss:Type="String">Поступило         01.01.2009 г.        12 мес.</Data></Cell>
    <Cell><Data ss:Type="Number">34</Data></Cell>
   </Row>
   <Row>
    <Cell><Data ss:Type="String">в  декабрe 2008 года</Data></Cell>
    <Cell><Data ss:Type="Number">35</Data></Cell>
   </Row>
   <Row>
    <Cell><Data ss:Type="String">на 01.07.2008 г.</Data></Cell>
    <Cell><Data ss:Type="Number">36</Data></Cell>
   </Row>
   <Row>
    <Cell><Data ss:Type="String"> январь</Data></Cell>
    <Cell><Data ss:Type="Number">37</Data></Cell>
   </Row>
   <Row>
    <Cell><Data ss:Type="String">январь</Data></Cell>
    <Cell><Data ss:Type="Number">37</Data></Cell>
   </Row>
  </Table>
  <WorksheetOptions xmlns="urn:schemas-microsoft-com:office:excel">
   <Visible>SheetHidden</Visible>
   <ProtectObjects>False</ProtectObjects>
   <ProtectScenarios>False</ProtectScenarios>
  </WorksheetOptions>
 </Worksheet>
 <Worksheet ss:Name="hidden3">
  <Table ss:ExpandedColumnCount="1" ss:ExpandedRowCount="1" x:FullColumns="1"
   x:FullRows="1">
   <Row>
    <Cell><Data ss:Type="Number">226</Data></Cell>
   </Row>
  </Table>
  <WorksheetOptions xmlns="urn:schemas-microsoft-com:office:excel">
   <Visible>SheetHidden</Visible>
   <ProtectObjects>False</ProtectObjects>
   <ProtectScenarios>False</ProtectScenarios>
  </WorksheetOptions>
 </Worksheet>
</Workbook>
