<?xml version="1.0"?>
<?mso-application progid="Excel.Sheet"?>
<Workbook xmlns="urn:schemas-microsoft-com:office:spreadsheet"
 xmlns:o="urn:schemas-microsoft-com:office:office"
 xmlns:x="urn:schemas-microsoft-com:office:excel"
 xmlns:ss="urn:schemas-microsoft-com:office:spreadsheet"
 xmlns:html="http://www.w3.org/TR/REC-html40">
 <DocumentProperties xmlns="urn:schemas-microsoft-com:office:office">
  <Author>user</Author>
  <LastAuthor>balmaster</LastAuthor>
  <LastPrinted>2009-05-27T09:16:55Z</LastPrinted>
  <Created>2003-11-13T06:52:26Z</Created>
  <LastSaved>2010-03-22T07:19:15Z</LastSaved>
  <Company>мнс</Company>
  <Version>12.00</Version>
 </DocumentProperties>
 <ExcelWorkbook xmlns="urn:schemas-microsoft-com:office:excel">
  <WindowHeight>4875</WindowHeight>
  <WindowWidth>9405</WindowWidth>
  <WindowTopX>90</WindowTopX>
  <WindowTopY>30</WindowTopY>
  <ProtectStructure>False</ProtectStructure>
  <ProtectWindows>False</ProtectWindows>
 </ExcelWorkbook>
 <Styles>
  <Style ss:ID="Default" ss:Name="Normal">
   <Alignment ss:Vertical="Bottom"/>
   <Borders/>
   <Font ss:FontName="Arial Cyr" x:CharSet="204"/>
   <Interior/>
   <NumberFormat/>
   <Protection/>
  </Style>
  <Style ss:ID="s23">
   <Alignment ss:Horizontal="Center" ss:Vertical="Bottom"/>
   <Font ss:FontName="Arial Cyr" x:CharSet="204" x:Family="Swiss" ss:Size="12"
    ss:Bold="1"/>
  </Style>
  <Style ss:ID="s24">
   <Alignment ss:Horizontal="Center" ss:Vertical="Bottom"/>
   <Font ss:FontName="Arial Cyr" x:CharSet="204" x:Family="Swiss"/>
  </Style>
  <Style ss:ID="s25">
   <Font ss:FontName="Arial Cyr" x:CharSet="204" x:Family="Swiss"/>
  </Style>
  <Style ss:ID="s26">
   <Alignment ss:Horizontal="Left" ss:Vertical="Bottom"/>
   <Font ss:FontName="Arial Cyr" x:CharSet="204" x:Family="Swiss" ss:Bold="1"/>
  </Style>
  <Style ss:ID="s27">
   <Alignment ss:Horizontal="Right" ss:Vertical="Bottom"/>
   <Borders>
    <Border ss:Position="Bottom" ss:LineStyle="Continuous" ss:Weight="1"/>
   </Borders>
   <Font ss:FontName="Arial Cyr" x:CharSet="204" x:Family="Swiss" ss:Bold="1"
    ss:Italic="1"/>
  </Style>
  <Style ss:ID="s28">
   <Alignment ss:Horizontal="Center" ss:Vertical="Top" ss:WrapText="1"/>
   <Borders>
    <Border ss:Position="Bottom" ss:LineStyle="Continuous" ss:Weight="1"/>
    <Border ss:Position="Right" ss:LineStyle="Continuous" ss:Weight="1"/>
   </Borders>
   <Font ss:FontName="Arial Cyr" x:CharSet="204" x:Family="Swiss" ss:Bold="1"
    ss:Italic="1"/>
  </Style>
  <Style ss:ID="s29">
   <Font ss:FontName="Arial Cyr" x:CharSet="204" x:Family="Swiss" ss:Bold="1"
    ss:Italic="1"/>
  </Style>
  <Style ss:ID="s30">
   <Alignment ss:Horizontal="Right" ss:Vertical="Bottom" ss:WrapText="1"/>
   <Borders>
    <Border ss:Position="Bottom" ss:LineStyle="Continuous" ss:Weight="1"/>
    <Border ss:Position="Left" ss:LineStyle="Continuous" ss:Weight="1"/>
    <Border ss:Position="Right" ss:LineStyle="Continuous" ss:Weight="1"/>
   </Borders>
   <Font ss:FontName="Arial Cyr" x:CharSet="204" x:Family="Swiss"/>
   <NumberFormat ss:Format="#,##0"/>
  </Style>
  <Style ss:ID="s31">
   <Alignment ss:Horizontal="Right" ss:Vertical="Bottom" ss:WrapText="1"/>
   <Borders>
    <Border ss:Position="Bottom" ss:LineStyle="Continuous" ss:Weight="1"/>
    <Border ss:Position="Right" ss:LineStyle="Continuous" ss:Weight="1"/>
   </Borders>
   <Font ss:FontName="Arial Cyr" x:CharSet="204" x:Family="Swiss"/>
   <NumberFormat ss:Format="#,##0"/>
  </Style>
  <Style ss:ID="s32">
   <Alignment ss:Horizontal="Right" ss:Vertical="Bottom" ss:WrapText="1"/>
   <Borders>
    <Border ss:Position="Bottom" ss:LineStyle="Continuous" ss:Weight="1"/>
    <Border ss:Position="Left" ss:LineStyle="Continuous" ss:Weight="1"/>
    <Border ss:Position="Right" ss:LineStyle="Continuous" ss:Weight="1"/>
    <Border ss:Position="Top" ss:LineStyle="Continuous" ss:Weight="1"/>
   </Borders>
   <Font ss:FontName="Arial Cyr" x:CharSet="204" x:Family="Swiss"/>
   <NumberFormat ss:Format="#,##0"/>
  </Style>
  <Style ss:ID="s33">
   <Alignment ss:Horizontal="Right" ss:Vertical="Bottom" ss:WrapText="1"/>
   <Borders>
    <Border ss:Position="Left" ss:LineStyle="Continuous" ss:Weight="1"/>
    <Border ss:Position="Right" ss:LineStyle="Continuous" ss:Weight="1"/>
    <Border ss:Position="Top" ss:LineStyle="Continuous" ss:Weight="1"/>
   </Borders>
   <Font ss:FontName="Arial Cyr" x:CharSet="204" x:Family="Swiss"/>
   <NumberFormat ss:Format="#,##0"/>
  </Style>
  <Style ss:ID="s34">
   <Alignment ss:Horizontal="Center" ss:Vertical="Top" ss:WrapText="1"/>
   <Font ss:FontName="Arial Cyr" x:CharSet="204" x:Family="Swiss" ss:Size="12"
    ss:Bold="1"/>
  </Style>
  <Style ss:ID="s35">
   <Alignment ss:Horizontal="Center" ss:Vertical="Top"/>
   <Font ss:FontName="Arial Cyr" x:CharSet="204" x:Family="Swiss" ss:Size="12"
    ss:Bold="1"/>
  </Style>
  <Style ss:ID="s36">
   <Alignment ss:Horizontal="Center" ss:Vertical="Bottom"/>
   <Font ss:FontName="Arial Cyr" x:CharSet="204" x:Family="Swiss" ss:Bold="1"/>
  </Style>
  <Style ss:ID="s37">
   <Alignment ss:Horizontal="Right" ss:Vertical="Bottom"/>
   <Borders>
    <Border ss:Position="Bottom" ss:LineStyle="Continuous" ss:Weight="1"/>
   </Borders>
   <Font ss:FontName="Arial Cyr" x:CharSet="204" ss:Bold="1"/>
  </Style>
  <Style ss:ID="s38">
   <Alignment ss:Horizontal="Center" ss:Vertical="Top" ss:WrapText="1"/>
   <Borders>
    <Border ss:Position="Bottom" ss:LineStyle="Continuous" ss:Weight="1"/>
    <Border ss:Position="Left" ss:LineStyle="Continuous" ss:Weight="1"/>
    <Border ss:Position="Right" ss:LineStyle="Continuous" ss:Weight="1"/>
   </Borders>
   <Font ss:FontName="Arial Cyr" x:CharSet="204" ss:Bold="1"/>
  </Style>
  <Style ss:ID="s39">
   <Alignment ss:Horizontal="Center" ss:Vertical="Top" ss:WrapText="1"/>
   <Borders>
    <Border ss:Position="Bottom" ss:LineStyle="Continuous" ss:Weight="1"/>
    <Border ss:Position="Right" ss:LineStyle="Continuous" ss:Weight="1"/>
   </Borders>
   <Font ss:FontName="Arial Cyr" x:CharSet="204" ss:Bold="1"/>
  </Style>
  <Style ss:ID="s40">
   <Alignment ss:Horizontal="Center" ss:Vertical="Center" ss:WrapText="1"/>
   <Borders>
    <Border ss:Position="Bottom" ss:LineStyle="Continuous" ss:Weight="1"/>
    <Border ss:Position="Left" ss:LineStyle="Continuous" ss:Weight="1"/>
    <Border ss:Position="Right" ss:LineStyle="Continuous" ss:Weight="1"/>
    <Border ss:Position="Top" ss:LineStyle="Continuous" ss:Weight="1"/>
   </Borders>
   <Font ss:FontName="Arial Cyr" x:CharSet="204" x:Family="Swiss" ss:Size="11"/>
  </Style>
  <Style ss:ID="s41">
   <Alignment ss:Horizontal="Center" ss:Vertical="Center" ss:WrapText="1"/>
   <Borders>
    <Border ss:Position="Bottom" ss:LineStyle="Continuous" ss:Weight="1"/>
    <Border ss:Position="Right" ss:LineStyle="Continuous" ss:Weight="1"/>
    <Border ss:Position="Top" ss:LineStyle="Continuous" ss:Weight="1"/>
   </Borders>
   <Font ss:FontName="Arial Cyr" x:CharSet="204" x:Family="Swiss" ss:Size="11"/>
  </Style>
  <Style ss:ID="s42">
   <Alignment ss:Horizontal="Justify" ss:Vertical="Top" ss:WrapText="1"/>
   <Borders>
    <Border ss:Position="Bottom" ss:LineStyle="Continuous" ss:Weight="1"/>
    <Border ss:Position="Left" ss:LineStyle="Continuous" ss:Weight="1"/>
    <Border ss:Position="Right" ss:LineStyle="Continuous" ss:Weight="1"/>
   </Borders>
   <Font ss:FontName="Arial Cyr" x:CharSet="204" x:Family="Swiss" ss:Size="11"/>
  </Style>
  <Style ss:ID="s43">
   <Alignment ss:Horizontal="Justify" ss:Vertical="Top" ss:WrapText="1"/>
   <Borders>
    <Border ss:Position="Bottom" ss:LineStyle="Continuous" ss:Weight="1"/>
    <Border ss:Position="Left" ss:LineStyle="Continuous" ss:Weight="1"/>
    <Border ss:Position="Right" ss:LineStyle="Continuous" ss:Weight="1"/>
    <Border ss:Position="Top" ss:LineStyle="Continuous" ss:Weight="1"/>
   </Borders>
   <Font ss:FontName="Arial Cyr" x:CharSet="204" x:Family="Swiss" ss:Size="11"/>
  </Style>
  <Style ss:ID="s44">
   <Alignment ss:Horizontal="Left" ss:Vertical="Top" ss:WrapText="1"/>
   <Borders>
    <Border ss:Position="Bottom" ss:LineStyle="Continuous" ss:Weight="1"/>
    <Border ss:Position="Left" ss:LineStyle="Continuous" ss:Weight="1"/>
    <Border ss:Position="Right" ss:LineStyle="Continuous" ss:Weight="1"/>
   </Borders>
   <Font ss:FontName="Arial Cyr" x:CharSet="204" x:Family="Swiss" ss:Size="11"/>
  </Style>
  <Style ss:ID="s45">
   <Alignment ss:Vertical="Top" ss:WrapText="1"/>
   <Borders>
    <Border ss:Position="Bottom" ss:LineStyle="Continuous" ss:Weight="1"/>
    <Border ss:Position="Left" ss:LineStyle="Continuous" ss:Weight="1"/>
    <Border ss:Position="Right" ss:LineStyle="Continuous" ss:Weight="1"/>
    <Border ss:Position="Top" ss:LineStyle="Continuous" ss:Weight="1"/>
   </Borders>
   <Font ss:FontName="Arial Cyr" x:CharSet="204" x:Family="Swiss" ss:Size="11"/>
  </Style>
  <Style ss:ID="s46">
   <Alignment ss:Vertical="Top" ss:WrapText="1"/>
   <Borders>
    <Border ss:Position="Bottom" ss:LineStyle="Continuous" ss:Weight="1"/>
    <Border ss:Position="Left" ss:LineStyle="Continuous" ss:Weight="1"/>
    <Border ss:Position="Right" ss:LineStyle="Continuous" ss:Weight="1"/>
   </Borders>
   <Font ss:FontName="Arial Cyr" x:CharSet="204" x:Family="Swiss" ss:Size="11"/>
  </Style>
  <Style ss:ID="s47">
   <Alignment ss:Horizontal="Justify" ss:Vertical="Center" ss:WrapText="1"/>
   <Borders>
    <Border ss:Position="Bottom" ss:LineStyle="Continuous" ss:Weight="1"/>
    <Border ss:Position="Left" ss:LineStyle="Continuous" ss:Weight="1"/>
    <Border ss:Position="Right" ss:LineStyle="Continuous" ss:Weight="1"/>
    <Border ss:Position="Top" ss:LineStyle="Continuous" ss:Weight="1"/>
   </Borders>
   <Font ss:FontName="Arial Cyr" x:CharSet="204" x:Family="Swiss" ss:Size="11"/>
  </Style>
  <Style ss:ID="s48">
   <Font ss:FontName="Arial Cyr" x:CharSet="204" x:Family="Swiss" ss:Size="11"/>
  </Style>
  <Style ss:ID="s49">
   <Alignment ss:Horizontal="Left" ss:Vertical="Center" ss:WrapText="1"/>
   <Borders>
    <Border ss:Position="Bottom" ss:LineStyle="Continuous" ss:Weight="1"/>
    <Border ss:Position="Left" ss:LineStyle="Continuous" ss:Weight="1"/>
    <Border ss:Position="Right" ss:LineStyle="Continuous" ss:Weight="1"/>
    <Border ss:Position="Top" ss:LineStyle="Continuous" ss:Weight="1"/>
   </Borders>
   <Font ss:FontName="Arial Cyr" x:CharSet="204" x:Family="Swiss" ss:Size="11"/>
  </Style>
  <Style ss:ID="s50">
   <Alignment ss:Horizontal="Left" ss:Vertical="Bottom"/>
   <Font ss:FontName="Arial Cyr" x:CharSet="204" ss:Bold="1"/>
  </Style>
  <Style ss:ID="s51">
   <Alignment ss:Horizontal="Right" ss:Vertical="Bottom"/>
   <Borders>
    <Border ss:Position="Bottom" ss:LineStyle="Continuous" ss:Weight="1"/>
   </Borders>
   <Font ss:FontName="Arial Cyr" x:CharSet="204" ss:Bold="1" ss:Italic="1"/>
  </Style>
  <Style ss:ID="s52">
   <Alignment ss:Horizontal="Justify" ss:Vertical="Top"/>
   <Borders>
    <Border ss:Position="Bottom" ss:LineStyle="Continuous" ss:Weight="1"/>
    <Border ss:Position="Left" ss:LineStyle="Continuous" ss:Weight="1"/>
    <Border ss:Position="Right" ss:LineStyle="Continuous" ss:Weight="1"/>
   </Borders>
   <Font ss:FontName="Arial Cyr" x:CharSet="204" x:Family="Swiss" ss:Size="11"/>
  </Style>
  <Style ss:ID="s53">
   <Alignment ss:Horizontal="Right" ss:Vertical="Bottom" ss:WrapText="1"/>
   <Borders>
    <Border ss:Position="Bottom" ss:LineStyle="Continuous" ss:Weight="1"/>
    <Border ss:Position="Left" ss:LineStyle="Continuous" ss:Weight="1"/>
    <Border ss:Position="Right" ss:LineStyle="Continuous" ss:Weight="1"/>
    <Border ss:Position="Top" ss:LineStyle="Continuous" ss:Weight="1"/>
   </Borders>
   <Font ss:FontName="Arial Cyr" x:CharSet="204" x:Family="Swiss" ss:Size="11"/>
   <NumberFormat ss:Format="#,##0"/>
  </Style>
  <Style ss:ID="s54">
   <Alignment ss:Horizontal="Justify" ss:Vertical="Top" ss:WrapText="1"/>
   <Borders>
    <Border ss:Position="Bottom" ss:LineStyle="Continuous" ss:Weight="1"/>
    <Border ss:Position="Left" ss:LineStyle="Continuous" ss:Weight="1"/>
    <Border ss:Position="Right" ss:LineStyle="Continuous" ss:Weight="1"/>
    <Border ss:Position="Top" ss:LineStyle="Continuous" ss:Weight="1"/>
   </Borders>
   <Font ss:FontName="Arial Cyr" x:CharSet="204" ss:Size="11" ss:Bold="1"/>
  </Style>
  <Style ss:ID="s55">
   <Alignment ss:Horizontal="Center" ss:Vertical="Top"/>
   <Font ss:FontName="Arial Cyr" x:CharSet="204" x:Family="Swiss" ss:Size="14"
    ss:Bold="1"/>
  </Style>
  <Style ss:ID="s56">
   <Alignment ss:Horizontal="Justify" ss:Vertical="Top" ss:WrapText="1"/>
   <Borders>
    <Border ss:Position="Bottom" ss:LineStyle="Continuous" ss:Weight="1"/>
    <Border ss:Position="Left" ss:LineStyle="Continuous" ss:Weight="1"/>
    <Border ss:Position="Right" ss:LineStyle="Continuous" ss:Weight="1"/>
   </Borders>
   <Font ss:FontName="Arial Cyr" x:CharSet="204" x:Family="Swiss" ss:Size="14"
    ss:Bold="1"/>
  </Style>
  <Style ss:ID="s57">
   <Alignment ss:Horizontal="Center" ss:Vertical="Top" ss:WrapText="1"/>
   <Borders>
    <Border ss:Position="Bottom" ss:LineStyle="Continuous" ss:Weight="1"/>
    <Border ss:Position="Right" ss:LineStyle="Continuous" ss:Weight="1"/>
   </Borders>
   <Font ss:FontName="Arial Cyr" x:CharSet="204" x:Family="Swiss" ss:Size="12"
    ss:Bold="1" ss:Italic="1"/>
  </Style>
  <Style ss:ID="s58">
   <Alignment ss:Horizontal="Center" ss:Vertical="Bottom" ss:WrapText="1"/>
   <Borders>
    <Border ss:Position="Bottom" ss:LineStyle="Continuous" ss:Weight="1"/>
    <Border ss:Position="Right" ss:LineStyle="Continuous" ss:Weight="1"/>
   </Borders>
   <Font ss:FontName="Arial Cyr" x:CharSet="204" x:Family="Swiss" ss:Size="12"/>
  </Style>
  <Style ss:ID="s59">
   <Alignment ss:Horizontal="Center" ss:Vertical="Bottom" ss:WrapText="1"/>
   <Borders>
    <Border ss:Position="Bottom" ss:LineStyle="Continuous" ss:Weight="1"/>
    <Border ss:Position="Left" ss:LineStyle="Continuous" ss:Weight="1"/>
    <Border ss:Position="Right" ss:LineStyle="Continuous" ss:Weight="1"/>
    <Border ss:Position="Top" ss:LineStyle="Continuous" ss:Weight="1"/>
   </Borders>
   <Font ss:FontName="Arial Cyr" x:CharSet="204" x:Family="Swiss" ss:Size="12"/>
  </Style>
  <Style ss:ID="s60">
   <Alignment ss:Horizontal="Right" ss:Vertical="Bottom"/>
   <Font ss:FontName="Arial Cyr" x:CharSet="204" x:Family="Swiss"/>
  </Style>
  <Style ss:ID="s61">
   <Alignment ss:Horizontal="Center" ss:Vertical="Bottom" ss:WrapText="1"/>
   <Font ss:FontName="Arial Cyr" x:CharSet="204" x:Family="Swiss" ss:Size="12"
    ss:Bold="1"/>
  </Style>
  <Style ss:ID="s62">
   <Alignment ss:Horizontal="Justify" ss:Vertical="Top" ss:WrapText="1"/>
   <Borders>
    <Border ss:Position="Bottom" ss:LineStyle="Continuous" ss:Weight="1"/>
    <Border ss:Position="Left" ss:LineStyle="Continuous" ss:Weight="1"/>
    <Border ss:Position="Right" ss:LineStyle="Continuous" ss:Weight="1"/>
   </Borders>
   <Font ss:FontName="Arial Cyr" x:CharSet="204" ss:Size="11"/>
  </Style>
  <Style ss:ID="s63">
   <Alignment ss:Horizontal="Center" ss:Vertical="Bottom" ss:WrapText="1"/>
   <Borders>
    <Border ss:Position="Bottom" ss:LineStyle="Continuous" ss:Weight="1"/>
    <Border ss:Position="Right" ss:LineStyle="Continuous" ss:Weight="1"/>
   </Borders>
   <Font ss:FontName="Arial Cyr" x:CharSet="204" ss:Size="12"/>
  </Style>
  <Style ss:ID="s64">
   <Alignment ss:Horizontal="Right" ss:Vertical="Bottom" ss:WrapText="1"/>
   <Borders>
    <Border ss:Position="Bottom" ss:LineStyle="Continuous" ss:Weight="1"/>
    <Border ss:Position="Left" ss:LineStyle="Continuous" ss:Weight="1"/>
    <Border ss:Position="Right" ss:LineStyle="Continuous" ss:Weight="1"/>
    <Border ss:Position="Top" ss:LineStyle="Continuous" ss:Weight="1"/>
   </Borders>
   <Font ss:FontName="Arial Cyr" x:CharSet="204"/>
   <NumberFormat ss:Format="#,##0"/>
  </Style>
  <Style ss:ID="s65">
   <Font ss:FontName="Arial Cyr" x:CharSet="204"/>
  </Style>
  <Style ss:ID="s66">
   <Font ss:FontName="Arial Cyr" x:CharSet="204" ss:Size="12"/>
  </Style>
  <Style ss:ID="s68">
   <Interior ss:Color="#FFFF00" ss:Pattern="Solid"/>
  </Style>
  <Style ss:ID="s69">
   <Alignment ss:Horizontal="Left" ss:Vertical="Bottom" ss:WrapText="1"/>
   <Font ss:FontName="Arial Cyr" x:CharSet="204" x:Family="Swiss" ss:Bold="1"/>
  </Style>
  <Style ss:ID="s70">
   <Alignment ss:Vertical="Center" ss:WrapText="1"/>
   <Borders>
    <Border ss:Position="Bottom" ss:LineStyle="Continuous" ss:Weight="1"/>
    <Border ss:Position="Left" ss:LineStyle="Continuous" ss:Weight="1"/>
    <Border ss:Position="Top" ss:LineStyle="Continuous" ss:Weight="1"/>
   </Borders>
   <Font ss:FontName="Arial Cyr" x:CharSet="204" x:Family="Swiss" ss:Size="14"
    ss:Bold="1"/>
  </Style>
  <Style ss:ID="s71">
   <Alignment ss:Vertical="Bottom" ss:WrapText="1"/>
   <Borders>
    <Border ss:Position="Bottom" ss:LineStyle="Continuous" ss:Weight="1"/>
    <Border ss:Position="Left" ss:LineStyle="Continuous" ss:Weight="1"/>
    <Border ss:Position="Right" ss:LineStyle="Continuous" ss:Weight="1"/>
    <Border ss:Position="Top" ss:LineStyle="Continuous" ss:Weight="1"/>
   </Borders>
   <Font ss:FontName="Arial Cyr" x:CharSet="204" x:Family="Swiss" ss:Size="14"/>
  </Style>
  <Style ss:ID="s72">
   <Alignment ss:Horizontal="Right" ss:Vertical="Bottom"/>
   <Font ss:FontName="Arial Cyr" x:CharSet="204" x:Family="Swiss" ss:Size="12"
    ss:Bold="1"/>
  </Style>
  <Style ss:ID="s76">
   <Alignment ss:Horizontal="Center" ss:Vertical="Top" ss:WrapText="1"/>
   <Font ss:FontName="Arial Cyr" x:CharSet="204" x:Family="Swiss" ss:Size="14"
    ss:Bold="1"/>
  </Style>
  <Style ss:ID="s79">
   <Alignment ss:Horizontal="Right" ss:Vertical="Bottom" ss:WrapText="1"/>
   <Font ss:FontName="Arial Cyr" x:CharSet="204" ss:Size="12"/>
  </Style>
 </Styles>
 <Worksheet ss:Name="Р.А">
  <Names>
   <NamedRange ss:Name="Print_Titles" ss:RefersTo="=Р.А!R5:R9"/>
  </Names>
  <Table ss:ExpandedColumnCount="4" ss:ExpandedRowCount="37" x:FullColumns="1"
   x:FullRows="1" ss:StyleID="s25" ss:DefaultColumnWidth="46.5">
   <Column ss:StyleID="s25" ss:AutoFitWidth="0" ss:Width="429"/>
   <Column ss:StyleID="s25" ss:AutoFitWidth="0" ss:Width="42.75"/>
   <Column ss:StyleID="s25" ss:AutoFitWidth="0" ss:Width="92.25"/>
   <Column ss:StyleID="s25" ss:AutoFitWidth="0" ss:Width="98.25"/>
   <Row ss:Height="15.75">
    <Cell ss:StyleID="s23"/>
    <Cell ss:StyleID="s23"/>
    <Cell ss:StyleID="s72"/>
    <Cell ss:StyleID="s60"><Data ss:Type="String">Форма № 5 - П</Data></Cell>
   </Row>
   <Row ss:AutoFitHeight="0" ss:Height="22.5">
    <Cell ss:StyleID="s23"/>
    <Cell ss:StyleID="s23"/>
    <Cell ss:StyleID="s23"/>
    <Cell ss:StyleID="s60"/>
   </Row>
   <Row ss:AutoFitHeight="0" ss:Height="24">
    <Cell ss:MergeAcross="3" ss:StyleID="s76"><Data ss:Type="String">Отчет о налоговой базе и структуре начислений по налогу на прибыль организаций</Data></Cell>
   </Row>
   <Row ss:AutoFitHeight="0" ss:Height="18">
    <Cell ss:StyleID="s34"/>
    <Cell ss:StyleID="s35"/>
    <Cell ss:StyleID="s35"/>
    <Cell ss:StyleID="s35"/>
   </Row>
   <Row ss:AutoFitHeight="0" ss:Height="13.875">
    <Cell ss:MergeAcross="3" ss:StyleID="s23"><Data ss:Type="String">по состоянию на 01.01.2009 г.</Data><NamedCell
      ss:Name="Print_Titles"/></Cell>
   </Row>
   <Row ss:AutoFitHeight="0" ss:Height="13.875">
    <Cell ss:StyleID="s26"><NamedCell ss:Name="Print_Titles"/></Cell>
    <Cell ss:StyleID="s36"><NamedCell ss:Name="Print_Titles"/></Cell>
    <Cell ss:StyleID="s36"><NamedCell ss:Name="Print_Titles"/></Cell>
    <Cell ss:StyleID="s36"><NamedCell ss:Name="Print_Titles"/></Cell>
   </Row>
   <Row>
    <Cell ss:StyleID="s26"><Data ss:Type="String">Всего по России</Data><NamedCell
      ss:Name="Print_Titles"/></Cell>
    <Cell ss:StyleID="s27"><NamedCell ss:Name="Print_Titles"/></Cell>
    <Cell ss:StyleID="s27"><NamedCell ss:Name="Print_Titles"/></Cell>
    <Cell ss:StyleID="s37"><Data ss:Type="String">тыс. рублей</Data><NamedCell
      ss:Name="Print_Titles"/></Cell>
   </Row>
   <Row ss:AutoFitHeight="0" ss:Height="58.875">
    <Cell ss:StyleID="s40"><Data ss:Type="String">Показатели</Data><NamedCell
      ss:Name="Print_Titles"/></Cell>
    <Cell ss:StyleID="s41"><Data ss:Type="String">Код строки</Data><NamedCell
      ss:Name="Print_Titles"/></Cell>
    <Cell ss:StyleID="s41"><Data ss:Type="String">Значение показателей</Data><NamedCell
      ss:Name="Print_Titles"/></Cell>
    <Cell ss:StyleID="s41"><Data ss:Type="String">Сумма недопоступления налога</Data><NamedCell
      ss:Name="Print_Titles"/></Cell>
   </Row>
   <Row ss:StyleID="s29">
    <Cell ss:StyleID="s38"><Data ss:Type="String">А</Data><NamedCell
      ss:Name="Print_Titles"/></Cell>
    <Cell ss:StyleID="s39"><Data ss:Type="String">Б</Data><NamedCell
      ss:Name="Print_Titles"/></Cell>
    <Cell ss:StyleID="s39"><Data ss:Type="Number">1</Data><NamedCell
      ss:Name="Print_Titles"/></Cell>
    <Cell ss:StyleID="s39"><Data ss:Type="Number">2</Data><NamedCell
      ss:Name="Print_Titles"/></Cell>
   </Row>
   <Row ss:AutoFitHeight="0" ss:Height="22.5" ss:StyleID="s29">
    <Cell ss:StyleID="s56"><Data ss:Type="String">              Раздел А</Data></Cell>
    <Cell ss:StyleID="s57"/>
    <Cell ss:StyleID="s28"/>
    <Cell ss:StyleID="s28"/>
   </Row>
   <Row ss:AutoFitHeight="0" ss:Height="20.25">
    <Cell ss:StyleID="s42"><Data ss:Type="String">Доходы от реализации </Data></Cell>
    <Cell ss:StyleID="s58"><Data ss:Type="Number">1000</Data></Cell>
    <Cell ss:StyleID="s30"><Data ss:Type="Number">117284625918</Data></Cell>
    <Cell ss:StyleID="s31"><Data ss:Type="String">Х</Data></Cell>
   </Row>
   <Row ss:AutoFitHeight="0" ss:Height="20.25">
    <Cell ss:StyleID="s42"><Data ss:Type="String">Внереализационные доходы </Data></Cell>
    <Cell ss:StyleID="s58"><Data ss:Type="Number">1010</Data></Cell>
    <Cell ss:StyleID="s30"><Data ss:Type="Number">23734661062</Data></Cell>
    <Cell ss:StyleID="s31"><Data ss:Type="String">Х</Data></Cell>
   </Row>
   <Row ss:AutoFitHeight="0" ss:Height="17.25">
    <Cell ss:StyleID="s43"><Data ss:Type="String">Расходы, уменьшающие сумму доходов от реализации </Data></Cell>
    <Cell ss:StyleID="s59"><Data ss:Type="Number">1020</Data></Cell>
    <Cell ss:StyleID="s30"><Data ss:Type="Number">108166784834</Data></Cell>
    <Cell ss:StyleID="s32"><Data ss:Type="String">Х</Data></Cell>
   </Row>
   <Row ss:AutoFitHeight="0" ss:Height="19.5">
    <Cell ss:StyleID="s42"><Data ss:Type="String">Внереализационные расходы</Data></Cell>
    <Cell ss:StyleID="s58"><Data ss:Type="Number">1030</Data></Cell>
    <Cell ss:StyleID="s30"><Data ss:Type="Number">23631127759</Data></Cell>
    <Cell ss:StyleID="s31"><Data ss:Type="String">Х</Data></Cell>
   </Row>
   <Row ss:AutoFitHeight="0" ss:Height="21.75">
    <Cell ss:StyleID="s42"><Data ss:Type="String">Убытки, отраженные в Приложении № 3 к Листу 02 декларации</Data></Cell>
    <Cell ss:StyleID="s58"><Data ss:Type="Number">1040</Data></Cell>
    <Cell ss:StyleID="s30"><Data ss:Type="Number">98443981</Data></Cell>
    <Cell ss:StyleID="s31"><Data ss:Type="String">Х</Data></Cell>
   </Row>
   <Row ss:AutoFitHeight="0" ss:Height="18">
    <Cell ss:StyleID="s42"><Data ss:Type="String">Доходы, исключаемые из прибыли</Data></Cell>
    <Cell ss:StyleID="s58"><Data ss:Type="Number">1050</Data></Cell>
    <Cell ss:StyleID="s30"><Data ss:Type="Number">1099909218</Data></Cell>
    <Cell ss:StyleID="s31"><Data ss:Type="String">Х</Data></Cell>
   </Row>
   <Row ss:AutoFitHeight="0" ss:Height="45.75">
    <Cell ss:StyleID="s42"><Data ss:Type="String">Сумма льгот, предусмотренных ст. 2 Федерального закона от 06.08.2001 №110-ФЗ и ст.5 Федерального закона от 31.05.1999 № 104-ФЗ &quot;Об особой экономической зоне в Магаданской области&quot;</Data></Cell>
    <Cell ss:StyleID="s58"><Data ss:Type="Number">1060</Data></Cell>
    <Cell ss:StyleID="s30"><Data ss:Type="Number">49106</Data></Cell>
    <Cell ss:StyleID="s30"><Data ss:Type="Number">11785</Data></Cell>
   </Row>
   <Row ss:AutoFitHeight="0" ss:Height="30">
    <Cell ss:StyleID="s42"><Data ss:Type="String">Сумма убытка или части убытка, уменьшающего  налоговую базу за отчетный (налоговый) период </Data></Cell>
    <Cell ss:StyleID="s58"><Data ss:Type="Number">1070</Data></Cell>
    <Cell ss:StyleID="s30"><Data ss:Type="Number">152521315</Data></Cell>
    <Cell ss:StyleID="s30"><Data ss:Type="Number">36481591</Data></Cell>
   </Row>
   <Row ss:AutoFitHeight="0" ss:Height="20.25">
    <Cell ss:StyleID="s43"><Data ss:Type="String">Налоговая база для исчисления налога </Data></Cell>
    <Cell ss:StyleID="s58"><Data ss:Type="Number">1080</Data></Cell>
    <Cell ss:StyleID="s30"><Data ss:Type="Number">8464556917</Data></Cell>
    <Cell ss:StyleID="s31"><Data ss:Type="String">Х</Data></Cell>
   </Row>
   <Row ss:AutoFitHeight="0" ss:Height="20.25">
    <Cell ss:StyleID="s43"><Data ss:Type="String">Сумма исчисленного налога на прибыль - всего </Data></Cell>
    <Cell ss:StyleID="s58"><Data ss:Type="Number">1090</Data></Cell>
    <Cell ss:StyleID="s30"><Data ss:Type="Number">1988923486</Data></Cell>
    <Cell ss:StyleID="s31"><Data ss:Type="String">Х</Data></Cell>
   </Row>
   <Row ss:AutoFitHeight="0" ss:Height="20.25">
    <Cell ss:StyleID="s44"><Data ss:Type="String">           в том числе в федеральный бюджет</Data></Cell>
    <Cell ss:StyleID="s58"><Data ss:Type="Number">1100</Data></Cell>
    <Cell ss:StyleID="s30"><Data ss:Type="Number">549932847</Data></Cell>
    <Cell ss:StyleID="s31"><Data ss:Type="String">Х</Data></Cell>
   </Row>
   <Row ss:AutoFitHeight="0" ss:Height="39.75">
    <Cell ss:StyleID="s45"><Data ss:Type="String">Сумма налога, выплаченная за пределами Российской Федерации и засчитываемая в уплату налога  согласно порядку, установленному ст.311 НК РФ </Data></Cell>
    <Cell ss:StyleID="s58"><Data ss:Type="Number">1110</Data></Cell>
    <Cell ss:StyleID="s30"><Data ss:Type="Number">2149492</Data></Cell>
    <Cell ss:StyleID="s31"><Data ss:Type="String">Х</Data></Cell>
   </Row>
   <Row ss:AutoFitHeight="0" ss:Height="21">
    <Cell ss:StyleID="s43"><Data ss:Type="String">Сумма налога на прибыль к доплате - всего </Data></Cell>
    <Cell ss:StyleID="s58"><Data ss:Type="Number">1120</Data></Cell>
    <Cell ss:StyleID="s30"><Data ss:Type="Number">214025976</Data></Cell>
    <Cell ss:StyleID="s33"><Data ss:Type="String">Х</Data></Cell>
   </Row>
   <Row ss:AutoFitHeight="0" ss:Height="18.75">
    <Cell ss:StyleID="s42"><Data ss:Type="String">           в том числе в федеральный бюджет </Data></Cell>
    <Cell ss:StyleID="s58"><Data ss:Type="Number">1130</Data></Cell>
    <Cell ss:StyleID="s30"><Data ss:Type="Number">57104599</Data></Cell>
    <Cell ss:StyleID="s32"><Data ss:Type="String">Х</Data></Cell>
   </Row>
   <Row ss:AutoFitHeight="0" ss:Height="25.5">
    <Cell ss:StyleID="s46"><Data ss:Type="String">Сумма налога на прибыль к уменьшению - всего  </Data></Cell>
    <Cell ss:StyleID="s58"><Data ss:Type="Number">1140</Data></Cell>
    <Cell ss:StyleID="s30"><Data ss:Type="Number">248372507</Data></Cell>
    <Cell ss:StyleID="s31"><Data ss:Type="String">Х</Data></Cell>
   </Row>
   <Row ss:AutoFitHeight="0" ss:Height="21.75">
    <Cell ss:StyleID="s42"><Data ss:Type="String">           в том числе в федеральный бюджет </Data></Cell>
    <Cell ss:StyleID="s58"><Data ss:Type="Number">1150</Data></Cell>
    <Cell ss:StyleID="s30"><Data ss:Type="Number">66676325</Data></Cell>
    <Cell ss:StyleID="s31"><Data ss:Type="String">Х</Data></Cell>
   </Row>
   <Row ss:AutoFitHeight="0" ss:Height="56.25">
    <Cell ss:StyleID="s46"><Data ss:Type="String">Сумма недопоступления налога на прибыль в связи с установлением законодательными (представительными) органами субъектов Российской Федерации пониженной ставки налога для отдельных категорий налогоплательщиков в соответствии с п.1 ст.284 НК РФ</Data></Cell>
    <Cell ss:StyleID="s58"><Data ss:Type="Number">1160</Data></Cell>
    <Cell ss:StyleID="s31"><Data ss:Type="String">Х</Data></Cell>
    <Cell ss:StyleID="s30"><Data ss:Type="Number">41467543</Data></Cell>
   </Row>
   <Row ss:AutoFitHeight="0" ss:Height="30">
    <Cell ss:StyleID="s46"><Data ss:Type="String">Сумма недопоступления налога на прибыль в связи с применением налоговой ставки 0 процентов в соответствии с п.6 ст.288 НК РФ</Data></Cell>
    <Cell ss:StyleID="s58"><Data ss:Type="Number">1170</Data></Cell>
    <Cell ss:StyleID="s31"><Data ss:Type="String">Х</Data></Cell>
    <Cell ss:StyleID="s30"><Data ss:Type="Number">977519</Data></Cell>
   </Row>
   <Row ss:AutoFitHeight="0" ss:Height="42">
    <Cell ss:StyleID="s43"><Data ss:Type="String">Всего сумма недопоступления налога на прибыль организаций в связи с предоставлением льгот (строка 1060 графа 2+строка 1070 графа 2+строка 1160 графа 2+строка 1170 графа 2)</Data></Cell>
    <Cell ss:StyleID="s58"><Data ss:Type="Number">1180</Data></Cell>
    <Cell ss:StyleID="s31"><Data ss:Type="String">Х</Data></Cell>
    <Cell ss:StyleID="s30"><Data ss:Type="Number">78938438</Data></Cell>
   </Row>
   <Row ss:AutoFitHeight="0" ss:Height="21.75">
    <Cell ss:StyleID="s42"><Data ss:Type="String">Остаток неперенесенного убытка на конец налогового периода - всего</Data></Cell>
    <Cell ss:StyleID="s58"><Data ss:Type="Number">1190</Data></Cell>
    <Cell ss:StyleID="s30"><Data ss:Type="Number">1908791691</Data></Cell>
    <Cell ss:StyleID="s32"><Data ss:Type="String">Х</Data></Cell>
   </Row>
   <Row ss:AutoFitHeight="0" ss:Height="22.5">
    <Cell ss:StyleID="s42"><Data ss:Type="String">          в том числе убытка, полученного до 1 января 2002 года </Data></Cell>
    <Cell ss:StyleID="s58"><Data ss:Type="Number">1200</Data></Cell>
    <Cell ss:StyleID="s30"><Data ss:Type="Number">25638555</Data></Cell>
    <Cell ss:StyleID="s32"><Data ss:Type="String">Х</Data></Cell>
   </Row>
   <Row ss:AutoFitHeight="0" ss:Height="22.5">
    <Cell ss:StyleID="s42"><Data ss:Type="String">Сумма убытка организации, исчисленного при налогообложении</Data></Cell>
    <Cell ss:StyleID="s58"><Data ss:Type="Number">1210</Data></Cell>
    <Cell ss:StyleID="s30"><Data ss:Type="Number">1402103426</Data></Cell>
    <Cell ss:StyleID="s32"><Data ss:Type="String">Х</Data></Cell>
   </Row>
   <Row ss:AutoFitHeight="0" ss:Height="29.25">
    <Cell ss:StyleID="s62"><Data ss:Type="String">Количество налогоплательщиков, данные по которым приведены в Разделе А - всего, в том числе</Data></Cell>
    <Cell ss:StyleID="s63"><Data ss:Type="Number">1220</Data></Cell>
    <Cell ss:StyleID="s30"><Data ss:Type="Number">1362547</Data></Cell>
    <Cell ss:StyleID="s64"><Data ss:Type="String">Х</Data></Cell>
   </Row>
   <Row ss:AutoFitHeight="0" ss:Height="21.75">
    <Cell ss:StyleID="s62"><Data ss:Type="String">         количество организаций, представивших нулевую отчетность                                                                   </Data></Cell>
    <Cell ss:StyleID="s63"><Data ss:Type="Number">1230</Data></Cell>
    <Cell ss:StyleID="s30"><Data ss:Type="Number">323184</Data></Cell>
    <Cell ss:StyleID="s64"><Data ss:Type="String">Х</Data></Cell>
   </Row>
   <Row ss:AutoFitHeight="0" ss:Height="22.5">
    <Cell ss:StyleID="s62"><Data ss:Type="String">         количество убыточных организаций                                                                  </Data></Cell>
    <Cell ss:StyleID="s63"><Data ss:Type="Number">1240</Data></Cell>
    <Cell ss:StyleID="s30"><Data ss:Type="Number">182965</Data></Cell>
    <Cell ss:StyleID="s64"><Data ss:Type="String">Х</Data></Cell>
   </Row>
   <Row ss:Index="37" ss:AutoFitHeight="0" ss:Height="30"/>
  </Table>
  <WorksheetOptions xmlns="urn:schemas-microsoft-com:office:excel">
   <PageSetup>
    <Layout x:CenterHorizontal="1"/>
    <Header x:Margin="0.19685039370078741" x:Data="&amp;R&amp;P"/>
    <Footer x:Margin="0.19685039370078741"/>
    <PageMargins x:Bottom="0.39370078740157483" x:Left="0.39370078740157483"
     x:Right="0.39370078740157483" x:Top="0.39370078740157483"/>
   </PageSetup>
   <Print>
    <ValidPrinterInfo/>
    <PaperSizeIndex>9</PaperSizeIndex>
    <Scale>75</Scale>
    <HorizontalResolution>600</HorizontalResolution>
    <VerticalResolution>300</VerticalResolution>
   </Print>
   <Zoom>75</Zoom>
   <PageBreakZoom>60</PageBreakZoom>
   <Selected/>
   <FreezePanes/>
   <FrozenNoSplit/>
   <SplitHorizontal>9</SplitHorizontal>
   <TopRowBottomPane>9</TopRowBottomPane>
   <SplitVertical>2</SplitVertical>
   <LeftColumnRightPane>2</LeftColumnRightPane>
   <ActivePane>0</ActivePane>
   <Panes>
    <Pane>
     <Number>3</Number>
     <ActiveRow>9</ActiveRow>
     <ActiveCol>2</ActiveCol>
    </Pane>
    <Pane>
     <Number>1</Number>
     <ActiveRow>9</ActiveRow>
    </Pane>
    <Pane>
     <Number>2</Number>
     <ActiveCol>2</ActiveCol>
    </Pane>
    <Pane>
     <Number>0</Number>
     <ActiveCol>0</ActiveCol>
    </Pane>
   </Panes>
   <ProtectObjects>False</ProtectObjects>
   <ProtectScenarios>False</ProtectScenarios>
  </WorksheetOptions>
 </Worksheet>
 <Worksheet ss:Name="Р.Б">
  <Table ss:ExpandedColumnCount="4" ss:ExpandedRowCount="35" x:FullColumns="1"
   x:FullRows="1" ss:StyleID="s25" ss:DefaultColumnWidth="46.5">
   <Column ss:StyleID="s25" ss:AutoFitWidth="0" ss:Width="494.25"/>
   <Column ss:StyleID="s25" ss:AutoFitWidth="0" ss:Width="48"/>
   <Column ss:StyleID="s25" ss:AutoFitWidth="0" ss:Width="104.25"/>
   <Row>
    <Cell ss:Index="3" ss:StyleID="s60"><Data ss:Type="String">Форма № 5 - П</Data></Cell>
   </Row>
   <Row>
    <Cell ss:Index="3" ss:StyleID="s24"/>
   </Row>
   <Row ss:Height="18">
    <Cell ss:MergeAcross="2" ss:StyleID="s76"><Data ss:Type="String">Отчет о налоговой базе и структуре начислений по налогу на прибыль организаций</Data></Cell>
    <Cell ss:StyleID="s55"/>
   </Row>
   <Row ss:Height="15.75">
    <Cell ss:StyleID="s34"/>
    <Cell ss:StyleID="s35"/>
    <Cell ss:StyleID="s35"/>
    <Cell ss:StyleID="s35"/>
   </Row>
   <Row ss:AutoFitHeight="0" ss:Height="13.875">
    <Cell ss:MergeAcross="2" ss:StyleID="s23"><Data ss:Type="String">по состоянию на 01.01.2009 г.</Data></Cell>
    <Cell ss:StyleID="s23"/>
   </Row>
   <Row ss:AutoFitHeight="0" ss:Height="13.875">
    <Cell ss:StyleID="s69"/>
    <Cell ss:StyleID="s61"/>
    <Cell ss:StyleID="s61"/>
    <Cell ss:StyleID="s23"/>
   </Row>
   <Row>
    <Cell ss:StyleID="s26"><Data ss:Type="String"> Всего по России</Data></Cell>
    <Cell ss:StyleID="s27"/>
    <Cell ss:StyleID="s37"><Data ss:Type="String">тыс. рублей</Data></Cell>
   </Row>
   <Row ss:AutoFitHeight="0" ss:Height="45.75">
    <Cell ss:StyleID="s40"><Data ss:Type="String">Показатели</Data></Cell>
    <Cell ss:StyleID="s41"><Data ss:Type="String">Код строки</Data></Cell>
    <Cell ss:StyleID="s41"><Data ss:Type="String">Значение показателей</Data></Cell>
   </Row>
   <Row ss:StyleID="s29">
    <Cell ss:StyleID="s38"><Data ss:Type="String">А</Data></Cell>
    <Cell ss:StyleID="s39"><Data ss:Type="String">Б</Data></Cell>
    <Cell ss:StyleID="s39"><Data ss:Type="Number">1</Data></Cell>
   </Row>
   <Row ss:AutoFitHeight="0" ss:Height="24" ss:StyleID="s29">
    <Cell ss:StyleID="s70"><Data ss:Type="String">                         Раздел Б</Data></Cell>
    <Cell ss:StyleID="s71"/>
    <Cell ss:StyleID="s71"/>
   </Row>
   <Row ss:AutoFitHeight="0" ss:Height="40.5">
    <Cell ss:StyleID="s47"><Data ss:Type="String">Из суммы расходов, уменьшающих сумму доходов от реализации:&#10;    прямые расходы, относящиеся к реализованным  товарам, работам, услугам </Data></Cell>
    <Cell ss:StyleID="s59"><Data ss:Type="Number">1300</Data></Cell>
    <Cell ss:StyleID="s32"><Data ss:Type="Number">36386192439</Data></Cell>
   </Row>
   <Row ss:AutoFitHeight="0" ss:Height="18.75">
    <Cell ss:StyleID="s43"><Data ss:Type="String">   расходы на НИОКР  </Data></Cell>
    <Cell ss:StyleID="s58"><Data ss:Type="Number">1310</Data></Cell>
    <Cell ss:StyleID="s32"><Data ss:Type="Number">14743410</Data></Cell>
   </Row>
   <Row ss:AutoFitHeight="0" ss:Height="18.75">
    <Cell ss:StyleID="s43"><Data ss:Type="String">     из них: расходы  на НИОКР, не давшие положительного результата  </Data></Cell>
    <Cell ss:StyleID="s58"><Data ss:Type="Number">1320</Data></Cell>
    <Cell ss:StyleID="s32"><Data ss:Type="Number">1478318</Data></Cell>
   </Row>
   <Row ss:AutoFitHeight="0" ss:Height="75">
    <Cell ss:StyleID="s49"><Data ss:Type="String">   расходы на капитальные вложения в размере 10% первоначальной стоимости  &#10;   основных средств (за исключением основных средств, полученных безвозмездно)&#10;   и (или) расходов, понесенных в случаях достройки, дооборудования, модернизации,&#10;   технического перевооружения, частичной ликвидации основных средств (п.1.1 ст.259 НК РФ)                                                                                                                                                                                                                                    </Data></Cell>
    <Cell ss:StyleID="s59"><Data ss:Type="Number">1330</Data></Cell>
    <Cell ss:StyleID="s32"><Data ss:Type="Number">170231538</Data></Cell>
   </Row>
   <Row ss:AutoFitHeight="0" ss:Height="33.75">
    <Cell ss:StyleID="s43"><Data ss:Type="String">   расходы на приобретение права на земельные участки, указанные в п. 1 и 2 ст.264.1 НК РФ, &#10;   признаваемые расходами отчетного (налогового) периода</Data></Cell>
    <Cell ss:StyleID="s59"><Data ss:Type="Number">1331</Data></Cell>
    <Cell ss:StyleID="s32"><Data ss:Type="Number">4229744</Data></Cell>
   </Row>
   <Row ss:AutoFitHeight="0" ss:Height="33.75">
    <Cell ss:StyleID="s43"><Data ss:Type="String">   расходы, осуществленные  налогоплательщиком-организацией, использующим &#10;   труд инвалидов, согласно пп.38 п.1 ст.264 НК РФ</Data></Cell>
    <Cell ss:StyleID="s59"><Data ss:Type="Number">1340</Data></Cell>
    <Cell ss:StyleID="s32"><Data ss:Type="Number">381618</Data></Cell>
   </Row>
   <Row ss:AutoFitHeight="0" ss:Height="48.75">
    <Cell ss:StyleID="s43"><Data ss:Type="String">   расходы налогоплательщиков-общественных организаций инвалидов, а также &#10;   налогоплательщиков-учреждений, единственными собственниками имущества&#10;   которых являются общественные организации инвалидов, согласно пп.39 п.1 ст.264 НК РФ</Data></Cell>
    <Cell ss:StyleID="s59"><Data ss:Type="Number">1350</Data></Cell>
    <Cell ss:StyleID="s32"><Data ss:Type="Number">1282385</Data></Cell>
   </Row>
   <Row ss:AutoFitHeight="0" ss:Height="63.75">
    <Cell ss:StyleID="s43"><Data ss:Type="String">   суммы убытков прошлых лет по объектам обслуживающих производств и  &#10;   хозяйств, включая объекты жилищно-коммунальной и социально-культурной&#10;   сферы, учитываемые в уменьшение прибыли текущего отчетного (налогового)&#10;   периода, полученной по указанным видам деятельности </Data></Cell>
    <Cell ss:StyleID="s59"><Data ss:Type="Number">1360</Data></Cell>
    <Cell ss:StyleID="s32"><Data ss:Type="Number">169801</Data></Cell>
   </Row>
   <Row ss:AutoFitHeight="0" ss:Height="33.75">
    <Cell ss:StyleID="s43"><Data ss:Type="String">   расходы по созданию резерва предстоящих расходов, направляемых на цели,&#10;   обеспечивающие социальную защиту инвалидов</Data></Cell>
    <Cell ss:StyleID="s59"><Data ss:Type="Number">1370</Data></Cell>
    <Cell ss:StyleID="s32"><Data ss:Type="Number">259335</Data></Cell>
   </Row>
   <Row ss:AutoFitHeight="0" ss:Height="40.5">
    <Cell ss:StyleID="s54"><ss:Data ss:Type="String"
      xmlns="http://www.w3.org/TR/REC-html40"><B>Справочно: </B><Font>                                                                                                                                                                        Сумма начисленной амортизации за отчетный (налоговый) период - всего</Font></ss:Data></Cell>
    <Cell ss:StyleID="s59"><Data ss:Type="Number">1380</Data></Cell>
    <Cell ss:StyleID="s32"><Data ss:Type="Number">1572129387</Data></Cell>
   </Row>
   <Row ss:AutoFitHeight="0" ss:Height="18.75">
    <Cell ss:StyleID="s43"><Data ss:Type="String">    в том числе по нематериальным активам</Data></Cell>
    <Cell ss:StyleID="s59"><Data ss:Type="Number">1390</Data></Cell>
    <Cell ss:StyleID="s32"><Data ss:Type="Number">27926231</Data></Cell>
   </Row>
   <Row ss:Height="14.25">
    <Cell ss:StyleID="s48"/>
   </Row>
   <Row ss:Height="14.25">
    <Cell ss:StyleID="s48"/>
   </Row>
   <Row ss:Height="14.25">
    <Cell ss:StyleID="s48"/>
   </Row>
   <Row ss:Index="33">
    <Cell ss:StyleID="s65"/>
    <Cell ss:StyleID="s65"/>
    <Cell ss:StyleID="s65"/>
    <Cell ss:StyleID="s65"/>
   </Row>
   <Row>
    <Cell ss:StyleID="s65"/>
    <Cell ss:StyleID="s65"/>
    <Cell ss:StyleID="s65"/>
    <Cell ss:StyleID="s65"/>
   </Row>
   <Row>
    <Cell ss:StyleID="s65"/>
    <Cell ss:StyleID="s65"/>
    <Cell ss:StyleID="s65"/>
    <Cell ss:StyleID="s65"/>
   </Row>
  </Table>
  <WorksheetOptions xmlns="urn:schemas-microsoft-com:office:excel">
   <PageSetup>
    <Layout x:CenterHorizontal="1"/>
    <Header x:Margin="0.19685039370078741" x:Data="&amp;R&amp;P"/>
    <Footer x:Margin="0.19685039370078741"/>
    <PageMargins x:Bottom="0.39370078740157483" x:Left="0.39370078740157483"
     x:Right="0.39370078740157483" x:Top="0.39370078740157483"/>
   </PageSetup>
   <Print>
    <ValidPrinterInfo/>
    <PaperSizeIndex>9</PaperSizeIndex>
    <Scale>75</Scale>
    <HorizontalResolution>600</HorizontalResolution>
    <VerticalResolution>600</VerticalResolution>
   </Print>
   <Zoom>75</Zoom>
   <FreezePanes/>
   <FrozenNoSplit/>
   <SplitHorizontal>9</SplitHorizontal>
   <TopRowBottomPane>9</TopRowBottomPane>
   <SplitVertical>2</SplitVertical>
   <LeftColumnRightPane>2</LeftColumnRightPane>
   <ActivePane>0</ActivePane>
   <Panes>
    <Pane>
     <Number>3</Number>
     <ActiveRow>9</ActiveRow>
    </Pane>
    <Pane>
     <Number>1</Number>
     <ActiveRow>9</ActiveRow>
     <ActiveCol>0</ActiveCol>
    </Pane>
    <Pane>
     <Number>2</Number>
    </Pane>
    <Pane>
     <Number>0</Number>
     <ActiveCol>0</ActiveCol>
    </Pane>
   </Panes>
   <ProtectObjects>False</ProtectObjects>
   <ProtectScenarios>False</ProtectScenarios>
  </WorksheetOptions>
 </Worksheet>
 <Worksheet ss:Name="Р,Г,Д,Е">
  <Names>
   <NamedRange ss:Name="Print_Titles" ss:RefersTo="='Р,Г,Д,Е'!R7:R9"/>
  </Names>
  <Table ss:ExpandedColumnCount="4" ss:ExpandedRowCount="36" x:FullColumns="1"
   x:FullRows="1" ss:StyleID="s25" ss:DefaultColumnWidth="46.5">
   <Column ss:StyleID="s25" ss:AutoFitWidth="0" ss:Width="455.25"/>
   <Column ss:StyleID="s25" ss:AutoFitWidth="0" ss:Width="54.75"/>
   <Column ss:StyleID="s25" ss:AutoFitWidth="0" ss:Width="108.75"/>
   <Row>
    <Cell ss:Index="3" ss:StyleID="s60"><Data ss:Type="String">Форма № 5 - П</Data></Cell>
   </Row>
   <Row>
    <Cell ss:Index="3" ss:StyleID="s24"/>
   </Row>
   <Row ss:Height="18">
    <Cell ss:MergeAcross="2" ss:StyleID="s76"><Data ss:Type="String">Отчет о налоговой базе и структуре начислений по налогу на прибыль организаций</Data></Cell>
    <Cell ss:StyleID="s55"/>
   </Row>
   <Row ss:Height="15.75">
    <Cell ss:StyleID="s34"/>
    <Cell ss:StyleID="s35"/>
    <Cell ss:StyleID="s35"/>
    <Cell ss:StyleID="s35"/>
   </Row>
   <Row ss:Height="15.75">
    <Cell ss:MergeAcross="2" ss:StyleID="s61"><Data ss:Type="String">по состоянию на 01.01.2009 г.</Data></Cell>
   </Row>
   <Row>
    <Cell ss:StyleID="s50"/>
   </Row>
   <Row>
    <Cell ss:StyleID="s50"><Data ss:Type="String">Всего по России</Data><NamedCell
      ss:Name="Print_Titles"/></Cell>
    <Cell ss:StyleID="s51"><NamedCell ss:Name="Print_Titles"/></Cell>
    <Cell ss:StyleID="s37"><Data ss:Type="String">тыс. рублей</Data><NamedCell
      ss:Name="Print_Titles"/></Cell>
   </Row>
   <Row ss:AutoFitHeight="0" ss:Height="34.875">
    <Cell ss:StyleID="s40"><Data ss:Type="String">Показатели</Data><NamedCell
      ss:Name="Print_Titles"/></Cell>
    <Cell ss:StyleID="s41"><Data ss:Type="String">Код строки</Data><NamedCell
      ss:Name="Print_Titles"/></Cell>
    <Cell ss:StyleID="s41"><Data ss:Type="String">Значение показателей</Data><NamedCell
      ss:Name="Print_Titles"/></Cell>
   </Row>
   <Row ss:StyleID="s29">
    <Cell ss:StyleID="s38"><Data ss:Type="String">А</Data><NamedCell
      ss:Name="Print_Titles"/></Cell>
    <Cell ss:StyleID="s39"><Data ss:Type="String">Б</Data><NamedCell
      ss:Name="Print_Titles"/></Cell>
    <Cell ss:StyleID="s39"><Data ss:Type="Number">1</Data><NamedCell
      ss:Name="Print_Titles"/></Cell>
   </Row>
   <Row ss:AutoFitHeight="0" ss:Height="19.5">
    <Cell ss:StyleID="s70"><Data ss:Type="String">                         Раздел Г</Data></Cell>
    <Cell ss:StyleID="s71"/>
    <Cell ss:StyleID="s71"/>
   </Row>
   <Row ss:AutoFitHeight="0" ss:Height="18.75">
    <Cell ss:StyleID="s43"><Data ss:Type="String">Доходы сельскохозяйственных товаропроизводителей - всего</Data></Cell>
    <Cell ss:StyleID="s58"><Data ss:Type="Number">1600</Data></Cell>
    <Cell ss:StyleID="s53"><Data ss:Type="Number">438592601</Data></Cell>
   </Row>
   <Row ss:AutoFitHeight="0" ss:Height="18.75">
    <Cell ss:StyleID="s43"><Data ss:Type="String">Расходы сельскохозяйственных товаропроизводителей - всего</Data></Cell>
    <Cell ss:StyleID="s58"><Data ss:Type="Number">1610</Data></Cell>
    <Cell ss:StyleID="s53"><Data ss:Type="Number">390488147</Data></Cell>
   </Row>
   <Row ss:AutoFitHeight="0" ss:Height="18.75">
    <Cell ss:StyleID="s42"><Data ss:Type="String">Налоговая база</Data></Cell>
    <Cell ss:StyleID="s58"><Data ss:Type="Number">1620</Data></Cell>
    <Cell ss:StyleID="s53"><Data ss:Type="Number">62720719</Data></Cell>
   </Row>
   <Row ss:AutoFitHeight="0" ss:Height="21">
    <Cell ss:StyleID="s42"><Data ss:Type="String">Сумма убытка организации, исчисленного при налогообложении</Data></Cell>
    <Cell ss:StyleID="s58"><Data ss:Type="Number">1630</Data></Cell>
    <Cell ss:StyleID="s53"><Data ss:Type="Number">14616265</Data></Cell>
   </Row>
   <Row ss:AutoFitHeight="0" ss:Height="34.5">
    <Cell ss:StyleID="s62"><Data ss:Type="String">Количество налогоплательщиков, данные по которым приведены в Разделе Г - всего, в том числе</Data></Cell>
    <Cell ss:StyleID="s63"><Data ss:Type="Number">1640</Data></Cell>
    <Cell ss:StyleID="s53"><Data ss:Type="Number">12479</Data></Cell>
   </Row>
   <Row ss:AutoFitHeight="0" ss:Height="21">
    <Cell ss:StyleID="s62"><Data ss:Type="String">         количество организаций, представивших нулевую отчетность                                                                   </Data></Cell>
    <Cell ss:StyleID="s63"><Data ss:Type="Number">1650</Data></Cell>
    <Cell ss:StyleID="s53"><Data ss:Type="Number">3300</Data></Cell>
   </Row>
   <Row ss:AutoFitHeight="0" ss:Height="21">
    <Cell ss:StyleID="s62"><Data ss:Type="String">         количество убыточных организаций                                                                  </Data></Cell>
    <Cell ss:StyleID="s63"><Data ss:Type="Number">1660</Data></Cell>
    <Cell ss:StyleID="s53"><Data ss:Type="Number">2113</Data></Cell>
   </Row>
   <Row ss:AutoFitHeight="0" ss:Height="22.5">
    <Cell ss:StyleID="s70"><Data ss:Type="String">                         Раздел Д</Data></Cell>
    <Cell ss:StyleID="s71"/>
    <Cell ss:StyleID="s71"/>
   </Row>
   <Row ss:AutoFitHeight="0" ss:Height="34.5">
    <Cell ss:StyleID="s43"><Data ss:Type="String">Сумма налога, начисленная с дивидендов, выплаченных за отчетные (налоговый) периоды - всего (Раздел А Листа 03 декларации)</Data></Cell>
    <Cell ss:StyleID="s58"><Data ss:Type="Number">1700</Data></Cell>
    <Cell ss:StyleID="s53"><Data ss:Type="Number">23539628</Data></Cell>
   </Row>
   <Row ss:AutoFitHeight="0" ss:Height="36">
    <Cell ss:StyleID="s43"><Data ss:Type="String">Сумма налога, начисленная с доходов, выплаченных за отчетные (налоговый) периоды - всего (Раздел Б Листа 03 декларации)</Data></Cell>
    <Cell ss:StyleID="s58"><Data ss:Type="Number">1710</Data></Cell>
    <Cell ss:StyleID="s53"><Data ss:Type="Number">99199</Data></Cell>
   </Row>
   <Row ss:AutoFitHeight="0" ss:Height="34.5">
    <Cell ss:StyleID="s43"><Data ss:Type="String">Сумма налога, начисленная с доходов, выплаченных за отчетные (налоговый) периоды - всего ( Лист  04 декларации)</Data></Cell>
    <Cell ss:StyleID="s58"><Data ss:Type="Number">1720</Data></Cell>
    <Cell ss:StyleID="s53"><Data ss:Type="Number">8174031</Data></Cell>
   </Row>
   <Row ss:AutoFitHeight="0" ss:Height="21">
    <Cell ss:StyleID="s70"><Data ss:Type="String">                         Раздел Е</Data></Cell>
    <Cell ss:StyleID="s71"/>
    <Cell ss:StyleID="s71"/>
   </Row>
   <Row ss:AutoFitHeight="0" ss:Height="18.75">
    <Cell ss:StyleID="s43"><Data ss:Type="String">Доходы иностранной организации - всего</Data></Cell>
    <Cell ss:StyleID="s58"><Data ss:Type="Number">1800</Data></Cell>
    <Cell ss:StyleID="s53"><Data ss:Type="Number">709055503</Data></Cell>
   </Row>
   <Row ss:AutoFitHeight="0" ss:Height="18.75">
    <Cell ss:StyleID="s43"><Data ss:Type="String">Расходы иностранной организации - всего</Data></Cell>
    <Cell ss:StyleID="s58"><Data ss:Type="Number">1810</Data></Cell>
    <Cell ss:StyleID="s53"><Data ss:Type="Number">646949627</Data></Cell>
   </Row>
   <Row ss:AutoFitHeight="0" ss:Height="19.5">
    <Cell ss:StyleID="s42"><Data ss:Type="String">Налоговая база для исчисления налога в федеральный бюджет</Data></Cell>
    <Cell ss:StyleID="s58"><Data ss:Type="Number">1820</Data></Cell>
    <Cell ss:StyleID="s53"><Data ss:Type="Number">65489370</Data></Cell>
   </Row>
   <Row ss:AutoFitHeight="0" ss:Height="19.5">
    <Cell ss:StyleID="s62"><Data ss:Type="String">Сумма убытка иностранной организации, исчисленного при налогообложении</Data></Cell>
    <Cell ss:StyleID="s63"><Data ss:Type="Number">1821</Data></Cell>
    <Cell ss:StyleID="s53"><Data ss:Type="Number">13003422</Data></Cell>
   </Row>
   <Row ss:AutoFitHeight="0" ss:Height="18">
    <Cell ss:StyleID="s42"><Data ss:Type="String">Сумма налога по расчету - всего,</Data></Cell>
    <Cell ss:StyleID="s58"><Data ss:Type="Number">1830</Data></Cell>
    <Cell ss:StyleID="s53"><Data ss:Type="Number">15508302</Data></Cell>
   </Row>
   <Row ss:AutoFitHeight="0" ss:Height="18">
    <Cell ss:StyleID="s52"><Data ss:Type="String">            в том числе в  федеральный бюджет</Data></Cell>
    <Cell ss:StyleID="s58"><Data ss:Type="Number">1840</Data></Cell>
    <Cell ss:StyleID="s53"><Data ss:Type="Number">4243983</Data></Cell>
   </Row>
   <Row ss:AutoFitHeight="0" ss:Height="32.25">
    <Cell ss:StyleID="s62"><Data ss:Type="String">Количество налогоплательщиков, данные по которым приведены в Разделе Е - всего, в том числе</Data></Cell>
    <Cell ss:StyleID="s63"><Data ss:Type="Number">1850</Data></Cell>
    <Cell ss:StyleID="s53"><Data ss:Type="Number">10268</Data></Cell>
   </Row>
   <Row ss:AutoFitHeight="0" ss:Height="18">
    <Cell ss:StyleID="s62"><Data ss:Type="String">         количество организаций, представивших нулевую отчетность                                                                   </Data></Cell>
    <Cell ss:StyleID="s63"><Data ss:Type="Number">1860</Data></Cell>
    <Cell ss:StyleID="s53"><Data ss:Type="Number">7177</Data></Cell>
   </Row>
   <Row ss:AutoFitHeight="0" ss:Height="18">
    <Cell ss:StyleID="s62"><Data ss:Type="String">         количество убыточных организаций                                                                  </Data></Cell>
    <Cell ss:StyleID="s63"><Data ss:Type="Number">1870</Data></Cell>
    <Cell ss:StyleID="s53"><Data ss:Type="Number">780</Data></Cell>
   </Row>
   <Row>
    <Cell ss:StyleID="s65"/>
    <Cell ss:StyleID="s65"/>
    <Cell ss:StyleID="s65"/>
    <Cell ss:StyleID="s65"/>
   </Row>
   <Row>
    <Cell ss:StyleID="s65"/>
    <Cell ss:StyleID="s65"/>
    <Cell ss:StyleID="s65"/>
    <Cell ss:StyleID="s65"/>
   </Row>
   <Row>
    <Cell ss:StyleID="s65"/>
    <Cell ss:StyleID="s65"/>
    <Cell ss:StyleID="s65"/>
    <Cell ss:StyleID="s65"/>
   </Row>
   <Row ss:Height="15">
    <Cell ss:StyleID="s66"/>
    <Cell ss:MergeAcross="1" ss:StyleID="s79"/>
   </Row>
   <Row>
    <Cell ss:StyleID="s65"/>
    <Cell ss:StyleID="s65"/>
    <Cell ss:StyleID="s65"/>
   </Row>
  </Table>
  <WorksheetOptions xmlns="urn:schemas-microsoft-com:office:excel">
   <PageSetup>
    <Layout x:CenterHorizontal="1"/>
    <Header x:Margin="0.19685039370078741" x:Data="&amp;R&amp;P"/>
    <Footer x:Margin="0.19685039370078741"/>
    <PageMargins x:Bottom="0.39370078740157483" x:Left="0.39370078740157483"
     x:Right="0.39370078740157483" x:Top="0.39370078740157483"/>
   </PageSetup>
   <Print>
    <ValidPrinterInfo/>
    <PaperSizeIndex>9</PaperSizeIndex>
    <Scale>75</Scale>
    <HorizontalResolution>600</HorizontalResolution>
    <VerticalResolution>300</VerticalResolution>
   </Print>
   <Zoom>75</Zoom>
   <FreezePanes/>
   <FrozenNoSplit/>
   <SplitHorizontal>9</SplitHorizontal>
   <TopRowBottomPane>9</TopRowBottomPane>
   <SplitVertical>2</SplitVertical>
   <LeftColumnRightPane>2</LeftColumnRightPane>
   <ActivePane>0</ActivePane>
   <Panes>
    <Pane>
     <Number>3</Number>
     <ActiveRow>9</ActiveRow>
    </Pane>
    <Pane>
     <Number>1</Number>
     <ActiveRow>9</ActiveRow>
     <ActiveCol>0</ActiveCol>
    </Pane>
    <Pane>
     <Number>2</Number>
    </Pane>
    <Pane>
     <Number>0</Number>
     <ActiveRow>34</ActiveRow>
     <ActiveCol>1</ActiveCol>
     <RangeSelection>R35C2:R35C3</RangeSelection>
    </Pane>
   </Panes>
   <ProtectObjects>False</ProtectObjects>
   <ProtectScenarios>False</ProtectScenarios>
  </WorksheetOptions>
 </Worksheet>
 <Worksheet ss:Name="hidden1">
  <Table ss:ExpandedColumnCount="2" ss:ExpandedRowCount="26" x:FullColumns="1"
   x:FullRows="1">
   <Row>
    <Cell><Data ss:Type="Number">117284625918</Data></Cell>
    <Cell><Data ss:Type="Number">0</Data></Cell>
   </Row>
   <Row>
    <Cell><Data ss:Type="Number">23734661062</Data></Cell>
    <Cell><Data ss:Type="Number">0</Data></Cell>
   </Row>
   <Row>
    <Cell><Data ss:Type="Number">108166784834</Data></Cell>
    <Cell><Data ss:Type="Number">0</Data></Cell>
   </Row>
   <Row>
    <Cell><Data ss:Type="Number">23631127759</Data></Cell>
    <Cell><Data ss:Type="Number">0</Data></Cell>
   </Row>
   <Row>
    <Cell><Data ss:Type="Number">98443981</Data></Cell>
    <Cell><Data ss:Type="Number">0</Data></Cell>
   </Row>
   <Row>
    <Cell><Data ss:Type="Number">1099909218</Data></Cell>
    <Cell><Data ss:Type="Number">0</Data></Cell>
   </Row>
   <Row>
    <Cell><Data ss:Type="Number">49106</Data></Cell>
    <Cell><Data ss:Type="Number">11785</Data></Cell>
   </Row>
   <Row>
    <Cell><Data ss:Type="Number">152521315</Data></Cell>
    <Cell><Data ss:Type="Number">36481591</Data></Cell>
   </Row>
   <Row>
    <Cell><Data ss:Type="Number">8464556917</Data></Cell>
    <Cell><Data ss:Type="Number">0</Data></Cell>
   </Row>
   <Row>
    <Cell><Data ss:Type="Number">1988923486</Data></Cell>
    <Cell><Data ss:Type="Number">0</Data></Cell>
   </Row>
   <Row>
    <Cell><Data ss:Type="Number">549932847</Data></Cell>
    <Cell><Data ss:Type="Number">0</Data></Cell>
   </Row>
   <Row>
    <Cell><Data ss:Type="Number">2149492</Data></Cell>
    <Cell><Data ss:Type="Number">0</Data></Cell>
   </Row>
   <Row>
    <Cell><Data ss:Type="Number">214025976</Data></Cell>
    <Cell><Data ss:Type="Number">0</Data></Cell>
   </Row>
   <Row>
    <Cell><Data ss:Type="Number">57104599</Data></Cell>
    <Cell><Data ss:Type="Number">0</Data></Cell>
   </Row>
   <Row>
    <Cell><Data ss:Type="Number">248372507</Data></Cell>
    <Cell><Data ss:Type="Number">0</Data></Cell>
   </Row>
   <Row>
    <Cell><Data ss:Type="Number">66676325</Data></Cell>
    <Cell><Data ss:Type="Number">0</Data></Cell>
   </Row>
   <Row>
    <Cell><Data ss:Type="Number">0</Data></Cell>
    <Cell><Data ss:Type="Number">41467543</Data></Cell>
   </Row>
   <Row>
    <Cell><Data ss:Type="Number">0</Data></Cell>
    <Cell><Data ss:Type="Number">977519</Data></Cell>
   </Row>
   <Row>
    <Cell><Data ss:Type="Number">0</Data></Cell>
    <Cell><Data ss:Type="Number">78938438</Data></Cell>
   </Row>
   <Row>
    <Cell><Data ss:Type="Number">1908791691</Data></Cell>
    <Cell><Data ss:Type="Number">0</Data></Cell>
   </Row>
   <Row>
    <Cell><Data ss:Type="Number">25638555</Data></Cell>
    <Cell><Data ss:Type="Number">0</Data></Cell>
   </Row>
   <Row>
    <Cell><Data ss:Type="Number">1402103426</Data></Cell>
    <Cell><Data ss:Type="Number">0</Data></Cell>
   </Row>
   <Row>
    <Cell><Data ss:Type="Number">1362547</Data></Cell>
    <Cell><Data ss:Type="Number">0</Data></Cell>
   </Row>
   <Row>
    <Cell><Data ss:Type="Number">323184</Data></Cell>
    <Cell><Data ss:Type="Number">0</Data></Cell>
   </Row>
   <Row>
    <Cell><Data ss:Type="Number">182965</Data></Cell>
    <Cell><Data ss:Type="Number">0</Data></Cell>
   </Row>
   <Row>
    <Cell><Data ss:Type="Number">289098267710</Data></Cell>
    <Cell><Data ss:Type="Number">157876876</Data></Cell>
   </Row>
  </Table>
  <WorksheetOptions xmlns="urn:schemas-microsoft-com:office:excel">
   <Visible>SheetHidden</Visible>
   <Zoom>75</Zoom>
   <ProtectObjects>False</ProtectObjects>
   <ProtectScenarios>False</ProtectScenarios>
  </WorksheetOptions>
 </Worksheet>
 <Worksheet ss:Name="hidden2">
  <Table ss:ExpandedColumnCount="1" ss:ExpandedRowCount="12" x:FullColumns="1"
   x:FullRows="1">
   <Row>
    <Cell><Data ss:Type="Number">36386192439</Data></Cell>
   </Row>
   <Row>
    <Cell><Data ss:Type="Number">14743410</Data></Cell>
   </Row>
   <Row>
    <Cell><Data ss:Type="Number">1478318</Data></Cell>
   </Row>
   <Row>
    <Cell><Data ss:Type="Number">170231538</Data></Cell>
   </Row>
   <Row>
    <Cell><Data ss:Type="Number">4229744</Data></Cell>
   </Row>
   <Row>
    <Cell><Data ss:Type="Number">381618</Data></Cell>
   </Row>
   <Row>
    <Cell><Data ss:Type="Number">1282385</Data></Cell>
   </Row>
   <Row>
    <Cell><Data ss:Type="Number">169801</Data></Cell>
   </Row>
   <Row>
    <Cell><Data ss:Type="Number">259335</Data></Cell>
   </Row>
   <Row>
    <Cell><Data ss:Type="Number">1572129387</Data></Cell>
   </Row>
   <Row>
    <Cell><Data ss:Type="Number">27926231</Data></Cell>
   </Row>
   <Row>
    <Cell><Data ss:Type="Number">38179024206</Data></Cell>
   </Row>
  </Table>
  <WorksheetOptions xmlns="urn:schemas-microsoft-com:office:excel">
   <Visible>SheetHidden</Visible>
   <Zoom>75</Zoom>
   <ProtectObjects>False</ProtectObjects>
   <ProtectScenarios>False</ProtectScenarios>
  </WorksheetOptions>
 </Worksheet>
 <Worksheet ss:Name="hidden3">
  <Table ss:ExpandedColumnCount="1" ss:ExpandedRowCount="8" x:FullColumns="1"
   x:FullRows="1">
   <Row>
    <Cell><Data ss:Type="Number">438592601</Data></Cell>
   </Row>
   <Row>
    <Cell><Data ss:Type="Number">390488147</Data></Cell>
   </Row>
   <Row>
    <Cell><Data ss:Type="Number">62720719</Data></Cell>
   </Row>
   <Row>
    <Cell><Data ss:Type="Number">14616265</Data></Cell>
   </Row>
   <Row>
    <Cell><Data ss:Type="Number">12479</Data></Cell>
   </Row>
   <Row>
    <Cell><Data ss:Type="Number">3300</Data></Cell>
   </Row>
   <Row>
    <Cell><Data ss:Type="Number">2113</Data></Cell>
   </Row>
   <Row>
    <Cell><Data ss:Type="Number">906435624</Data></Cell>
   </Row>
  </Table>
  <WorksheetOptions xmlns="urn:schemas-microsoft-com:office:excel">
   <Visible>SheetHidden</Visible>
   <Zoom>75</Zoom>
   <ProtectObjects>False</ProtectObjects>
   <ProtectScenarios>False</ProtectScenarios>
  </WorksheetOptions>
 </Worksheet>
 <Worksheet ss:Name="hidden4">
  <Table ss:ExpandedColumnCount="1" ss:ExpandedRowCount="4" x:FullColumns="1"
   x:FullRows="1">
   <Row>
    <Cell><Data ss:Type="Number">23539628</Data></Cell>
   </Row>
   <Row>
    <Cell><Data ss:Type="Number">99199</Data></Cell>
   </Row>
   <Row>
    <Cell><Data ss:Type="Number">8174031</Data></Cell>
   </Row>
   <Row>
    <Cell><Data ss:Type="Number">31812858</Data></Cell>
   </Row>
  </Table>
  <WorksheetOptions xmlns="urn:schemas-microsoft-com:office:excel">
   <Visible>SheetHidden</Visible>
   <Zoom>75</Zoom>
   <ProtectObjects>False</ProtectObjects>
   <ProtectScenarios>False</ProtectScenarios>
  </WorksheetOptions>
 </Worksheet>
 <Worksheet ss:Name="hidden5">
  <Table ss:ExpandedColumnCount="1" ss:ExpandedRowCount="10" x:FullColumns="1"
   x:FullRows="1">
   <Row>
    <Cell><Data ss:Type="Number">709055503</Data></Cell>
   </Row>
   <Row>
    <Cell><Data ss:Type="Number">646949627</Data></Cell>
   </Row>
   <Row>
    <Cell><Data ss:Type="Number">65489370</Data></Cell>
   </Row>
   <Row>
    <Cell><Data ss:Type="Number">13003422</Data></Cell>
   </Row>
   <Row>
    <Cell><Data ss:Type="Number">15508302</Data></Cell>
   </Row>
   <Row>
    <Cell><Data ss:Type="Number">4243983</Data></Cell>
   </Row>
   <Row>
    <Cell><Data ss:Type="Number">10268</Data></Cell>
   </Row>
   <Row>
    <Cell><Data ss:Type="Number">7177</Data></Cell>
   </Row>
   <Row>
    <Cell><Data ss:Type="Number">780</Data></Cell>
   </Row>
   <Row>
    <Cell><Data ss:Type="Number">1454268485</Data></Cell>
   </Row>
  </Table>
  <WorksheetOptions xmlns="urn:schemas-microsoft-com:office:excel">
   <Visible>SheetHidden</Visible>
   <Zoom>75</Zoom>
   <ProtectObjects>False</ProtectObjects>
   <ProtectScenarios>False</ProtectScenarios>
  </WorksheetOptions>
 </Worksheet>
 <Worksheet ss:Name="hidden6">
  <Table ss:ExpandedColumnCount="2" ss:ExpandedRowCount="38" x:FullColumns="1"
   x:FullRows="1">
   <Column ss:AutoFitWidth="0" ss:Width="171"/>
   <Row>
    <Cell><Data ss:Type="String">на 01.01.2009 г.</Data></Cell>
    <Cell><Data ss:Type="Number">1</Data></Cell>
   </Row>
   <Row>
    <Cell><Data ss:Type="String">на 01.12.2008 г.</Data></Cell>
    <Cell><Data ss:Type="Number">2</Data></Cell>
   </Row>
   <Row>
    <Cell><Data ss:Type="String">на 01.10.2008 г.</Data></Cell>
    <Cell><Data ss:Type="Number">3</Data></Cell>
   </Row>
   <Row>
    <Cell><Data ss:Type="String">на 01.01.2008 г.</Data></Cell>
    <Cell><Data ss:Type="Number">4</Data></Cell>
   </Row>
   <Row>
    <Cell><Data ss:Type="String">на 01 января 2009 года</Data></Cell>
    <Cell><Data ss:Type="Number">5</Data></Cell>
   </Row>
   <Row>
    <Cell><Data ss:Type="String">на 01 декабря 2008 года</Data></Cell>
    <Cell><Data ss:Type="Number">6</Data></Cell>
   </Row>
   <Row>
    <Cell><Data ss:Type="String">на 01 октября 2008 года</Data></Cell>
    <Cell><Data ss:Type="Number">7</Data></Cell>
   </Row>
   <Row>
    <Cell><Data ss:Type="String">на 01 января 2008 года</Data></Cell>
    <Cell><Data ss:Type="Number">8</Data></Cell>
   </Row>
   <Row>
    <Cell ss:StyleID="s68"><Data ss:Type="String">по состоянию на 01.01.2009 г.</Data></Cell>
    <Cell><Data ss:Type="Number">9</Data></Cell>
   </Row>
   <Row>
    <Cell><Data ss:Type="String">по состоянию на 01.12.2008 г.</Data></Cell>
    <Cell><Data ss:Type="Number">10</Data></Cell>
   </Row>
   <Row>
    <Cell><Data ss:Type="String">по состоянию на 01.10.2008 г.</Data></Cell>
    <Cell><Data ss:Type="Number">11</Data></Cell>
   </Row>
   <Row>
    <Cell><Data ss:Type="String">по состоянию на 01.01.2008 г.</Data></Cell>
    <Cell><Data ss:Type="Number">12</Data></Cell>
   </Row>
   <Row>
    <Cell><Data ss:Type="String">по состоянию на 01 января 2009 года</Data></Cell>
    <Cell><Data ss:Type="Number">13</Data></Cell>
   </Row>
   <Row>
    <Cell><Data ss:Type="String">по состоянию на 01 декабря 2008 года</Data></Cell>
    <Cell><Data ss:Type="Number">14</Data></Cell>
   </Row>
   <Row>
    <Cell><Data ss:Type="String">по состоянию на 01 октября 2008 года</Data></Cell>
    <Cell><Data ss:Type="Number">15</Data></Cell>
   </Row>
   <Row>
    <Cell><Data ss:Type="String">по состоянию на 01 января 2008 года</Data></Cell>
    <Cell><Data ss:Type="Number">16</Data></Cell>
   </Row>
   <Row>
    <Cell><Data ss:Type="String">в  январe 2009 года</Data></Cell>
    <Cell><Data ss:Type="Number">17</Data></Cell>
   </Row>
   <Row>
    <Cell><Data ss:Type="String">на январь</Data></Cell>
    <Cell><Data ss:Type="Number">18</Data></Cell>
   </Row>
   <Row>
    <Cell><Data ss:Type="String">за январь</Data></Cell>
    <Cell><Data ss:Type="Number">19</Data></Cell>
   </Row>
   <Row>
    <Cell><Data ss:Type="String">в январе</Data></Cell>
    <Cell><Data ss:Type="Number">20</Data></Cell>
   </Row>
   <Row>
    <Cell><Data ss:Type="String">на январь 2009 г.</Data></Cell>
    <Cell><Data ss:Type="Number">21</Data></Cell>
   </Row>
   <Row>
    <Cell><Data ss:Type="String">за январь  2009 г.</Data></Cell>
    <Cell><Data ss:Type="Number">22</Data></Cell>
   </Row>
   <Row>
    <Cell><Data ss:Type="String">за январь  2009 г.</Data></Cell>
    <Cell><Data ss:Type="Number">23</Data></Cell>
   </Row>
   <Row>
    <Cell><Data ss:Type="String">на январь 2008 г.</Data></Cell>
    <Cell><Data ss:Type="Number">24</Data></Cell>
   </Row>
   <Row>
    <Cell><Data ss:Type="String">за январь  2008 г.</Data></Cell>
    <Cell><Data ss:Type="Number">25</Data></Cell>
   </Row>
   <Row>
    <Cell><Data ss:Type="String">в январе  2008 г.</Data></Cell>
    <Cell><Data ss:Type="Number">26</Data></Cell>
   </Row>
   <Row>
    <Cell><Data ss:Type="String">12 мес.</Data></Cell>
    <Cell><Data ss:Type="Number">27</Data></Cell>
   </Row>
   <Row>
    <Cell><Data ss:Type="String">за 12 мес.</Data></Cell>
    <Cell><Data ss:Type="Number">28</Data></Cell>
   </Row>
   <Row>
    <Cell><Data ss:Type="String">12 месяцев</Data></Cell>
    <Cell><Data ss:Type="Number">29</Data></Cell>
   </Row>
   <Row>
    <Cell><Data ss:Type="String">за 12 месяцев</Data></Cell>
    <Cell><Data ss:Type="Number">30</Data></Cell>
   </Row>
   <Row>
    <Cell><Data ss:Type="String">декабрь</Data></Cell>
    <Cell><Data ss:Type="Number">31</Data></Cell>
   </Row>
   <Row>
    <Cell><Data ss:Type="String">ноябрь</Data></Cell>
    <Cell><Data ss:Type="Number">32</Data></Cell>
   </Row>
   <Row>
    <Cell><Data ss:Type="String">октябрь</Data></Cell>
    <Cell><Data ss:Type="Number">33</Data></Cell>
   </Row>
   <Row>
    <Cell><Data ss:Type="String">Поступило         01.01.2009 г.        12 мес.</Data></Cell>
    <Cell><Data ss:Type="Number">34</Data></Cell>
   </Row>
   <Row>
    <Cell><Data ss:Type="String">в  декабрe 2008 года</Data></Cell>
    <Cell><Data ss:Type="Number">35</Data></Cell>
   </Row>
   <Row>
    <Cell><Data ss:Type="String">на 01.07.2008 г.</Data></Cell>
    <Cell><Data ss:Type="Number">36</Data></Cell>
   </Row>
   <Row>
    <Cell><Data ss:Type="String"> январь</Data></Cell>
    <Cell><Data ss:Type="Number">37</Data></Cell>
   </Row>
   <Row>
    <Cell><Data ss:Type="String">январь</Data></Cell>
    <Cell><Data ss:Type="Number">37</Data></Cell>
   </Row>
  </Table>
  <WorksheetOptions xmlns="urn:schemas-microsoft-com:office:excel">
   <Visible>SheetHidden</Visible>
   <Zoom>75</Zoom>
   <ProtectObjects>False</ProtectObjects>
   <ProtectScenarios>False</ProtectScenarios>
  </WorksheetOptions>
 </Worksheet>
</Workbook>
