<?xml version="1.0"?>
<?mso-application progid="Excel.Sheet"?>
<Workbook xmlns="urn:schemas-microsoft-com:office:spreadsheet"
 xmlns:o="urn:schemas-microsoft-com:office:office"
 xmlns:x="urn:schemas-microsoft-com:office:excel"
 xmlns:ss="urn:schemas-microsoft-com:office:spreadsheet"
 xmlns:html="http://www.w3.org/TR/REC-html40">
 <DocumentProperties xmlns="urn:schemas-microsoft-com:office:office">
  <Author>user</Author>
  <LastAuthor>balmaster</LastAuthor>
  <LastPrinted>2006-12-19T06:38:57Z</LastPrinted>
  <Created>2003-11-13T06:52:26Z</Created>
  <LastSaved>2010-03-23T13:48:25Z</LastSaved>
  <Company>мнс</Company>
  <Version>12.00</Version>
 </DocumentProperties>
 <ExcelWorkbook xmlns="urn:schemas-microsoft-com:office:excel">
  <WindowHeight>4875</WindowHeight>
  <WindowWidth>9405</WindowWidth>
  <WindowTopX>90</WindowTopX>
  <WindowTopY>30</WindowTopY>
  <ProtectStructure>False</ProtectStructure>
  <ProtectWindows>False</ProtectWindows>
 </ExcelWorkbook>
 <Styles>
  <Style ss:ID="Default" ss:Name="Normal">
   <Alignment ss:Vertical="Bottom"/>
   <Borders/>
   <Font ss:FontName="Arial Cyr" x:CharSet="204"/>
   <Interior/>
   <NumberFormat/>
   <Protection/>
  </Style>
  <Style ss:ID="m37736936">
   <Alignment ss:Horizontal="Justify" ss:Vertical="Center" ss:WrapText="1"/>
   <Borders>
    <Border ss:Position="Bottom" ss:LineStyle="Continuous" ss:Weight="1"/>
    <Border ss:Position="Left" ss:LineStyle="Continuous" ss:Weight="1"/>
    <Border ss:Position="Right" ss:LineStyle="Continuous" ss:Weight="1"/>
    <Border ss:Position="Top" ss:LineStyle="Continuous" ss:Weight="1"/>
   </Borders>
   <Font ss:FontName="Arial Cyr" x:CharSet="204" x:Family="Swiss" ss:Size="14"
    ss:Bold="1"/>
  </Style>
  <Style ss:ID="m37738056">
   <Alignment ss:Horizontal="Justify" ss:Vertical="Bottom" ss:WrapText="1"/>
   <Borders>
    <Border ss:Position="Bottom" ss:LineStyle="Continuous" ss:Weight="1"/>
    <Border ss:Position="Left" ss:LineStyle="Continuous" ss:Weight="1"/>
    <Border ss:Position="Right" ss:LineStyle="Continuous" ss:Weight="1"/>
    <Border ss:Position="Top" ss:LineStyle="Continuous" ss:Weight="1"/>
   </Borders>
   <Font ss:FontName="Arial Cyr" x:CharSet="204" x:Family="Swiss" ss:Size="14"
    ss:Bold="1"/>
  </Style>
  <Style ss:ID="m37738076">
   <Alignment ss:Horizontal="Justify" ss:Vertical="Bottom" ss:WrapText="1"/>
   <Borders>
    <Border ss:Position="Bottom" ss:LineStyle="Continuous" ss:Weight="1"/>
    <Border ss:Position="Left" ss:LineStyle="Continuous" ss:Weight="1"/>
    <Border ss:Position="Right" ss:LineStyle="Continuous" ss:Weight="1"/>
    <Border ss:Position="Top" ss:LineStyle="Continuous" ss:Weight="1"/>
   </Borders>
   <Font ss:FontName="Arial Cyr" x:CharSet="204" x:Family="Swiss" ss:Size="14"
    ss:Bold="1"/>
  </Style>
  <Style ss:ID="m37738096">
   <Alignment ss:Horizontal="Justify" ss:Vertical="Center" ss:WrapText="1"/>
   <Borders>
    <Border ss:Position="Bottom" ss:LineStyle="Continuous" ss:Weight="1"/>
    <Border ss:Position="Left" ss:LineStyle="Continuous" ss:Weight="1"/>
    <Border ss:Position="Right" ss:LineStyle="Continuous" ss:Weight="1"/>
    <Border ss:Position="Top" ss:LineStyle="Continuous" ss:Weight="1"/>
   </Borders>
   <Font ss:FontName="Arial Cyr" x:CharSet="204" x:Family="Swiss" ss:Size="14"
    ss:Bold="1"/>
  </Style>
  <Style ss:ID="s23">
   <Alignment ss:Horizontal="Center" ss:Vertical="Bottom"/>
   <Font ss:FontName="Arial Cyr" x:CharSet="204" x:Family="Swiss" ss:Size="12"
    ss:Bold="1"/>
  </Style>
  <Style ss:ID="s24">
   <Alignment ss:Horizontal="Center" ss:Vertical="Bottom"/>
   <Font ss:FontName="Arial Cyr" x:CharSet="204" x:Family="Swiss"/>
  </Style>
  <Style ss:ID="s25">
   <Font ss:FontName="Arial Cyr" x:CharSet="204" x:Family="Swiss"/>
  </Style>
  <Style ss:ID="s26">
   <Alignment ss:Horizontal="Right" ss:Vertical="Bottom"/>
   <Borders>
    <Border ss:Position="Bottom" ss:LineStyle="Continuous" ss:Weight="1"/>
   </Borders>
   <Font ss:FontName="Arial Cyr" x:CharSet="204" x:Family="Swiss" ss:Bold="1"
    ss:Italic="1"/>
  </Style>
  <Style ss:ID="s27">
   <Alignment ss:Horizontal="Center" ss:Vertical="Top" ss:WrapText="1"/>
   <Borders>
    <Border ss:Position="Bottom" ss:LineStyle="Continuous" ss:Weight="1"/>
    <Border ss:Position="Right" ss:LineStyle="Continuous" ss:Weight="1"/>
   </Borders>
   <Font ss:FontName="Arial Cyr" x:CharSet="204" x:Family="Swiss" ss:Bold="1"
    ss:Italic="1"/>
  </Style>
  <Style ss:ID="s28">
   <Font ss:FontName="Arial Cyr" x:CharSet="204" x:Family="Swiss" ss:Bold="1"
    ss:Italic="1"/>
  </Style>
  <Style ss:ID="s29">
   <Alignment ss:Horizontal="Right" ss:Vertical="Bottom" ss:WrapText="1"/>
   <Borders>
    <Border ss:Position="Bottom" ss:LineStyle="Continuous" ss:Weight="1"/>
    <Border ss:Position="Left" ss:LineStyle="Continuous" ss:Weight="1"/>
    <Border ss:Position="Right" ss:LineStyle="Continuous" ss:Weight="1"/>
    <Border ss:Position="Top" ss:LineStyle="Continuous" ss:Weight="1"/>
   </Borders>
   <Font ss:FontName="Arial Cyr" x:CharSet="204" x:Family="Swiss"/>
   <NumberFormat ss:Format="#,##0"/>
  </Style>
  <Style ss:ID="s30">
   <Alignment ss:Horizontal="Center" ss:Vertical="Top" ss:WrapText="1"/>
   <Font ss:FontName="Arial Cyr" x:CharSet="204" x:Family="Swiss" ss:Size="12"
    ss:Bold="1"/>
  </Style>
  <Style ss:ID="s31">
   <Alignment ss:Horizontal="Center" ss:Vertical="Top"/>
   <Font ss:FontName="Arial Cyr" x:CharSet="204" x:Family="Swiss" ss:Size="12"
    ss:Bold="1"/>
  </Style>
  <Style ss:ID="s32">
   <Alignment ss:Horizontal="Center" ss:Vertical="Bottom"/>
   <Font ss:FontName="Arial Cyr" x:CharSet="204" x:Family="Swiss" ss:Bold="1"/>
  </Style>
  <Style ss:ID="s33">
   <Alignment ss:Horizontal="Right" ss:Vertical="Bottom"/>
   <Borders>
    <Border ss:Position="Bottom" ss:LineStyle="Continuous" ss:Weight="1"/>
   </Borders>
   <Font ss:FontName="Arial Cyr" x:CharSet="204" ss:Bold="1"/>
  </Style>
  <Style ss:ID="s34">
   <Alignment ss:Horizontal="Center" ss:Vertical="Top" ss:WrapText="1"/>
   <Borders>
    <Border ss:Position="Bottom" ss:LineStyle="Continuous" ss:Weight="1"/>
    <Border ss:Position="Left" ss:LineStyle="Continuous" ss:Weight="1"/>
    <Border ss:Position="Right" ss:LineStyle="Continuous" ss:Weight="1"/>
   </Borders>
   <Font ss:FontName="Arial Cyr" x:CharSet="204" ss:Bold="1"/>
  </Style>
  <Style ss:ID="s35">
   <Alignment ss:Horizontal="Center" ss:Vertical="Top" ss:WrapText="1"/>
   <Borders>
    <Border ss:Position="Bottom" ss:LineStyle="Continuous" ss:Weight="1"/>
    <Border ss:Position="Right" ss:LineStyle="Continuous" ss:Weight="1"/>
   </Borders>
   <Font ss:FontName="Arial Cyr" x:CharSet="204" ss:Bold="1"/>
  </Style>
  <Style ss:ID="s36">
   <Alignment ss:Horizontal="Center" ss:Vertical="Center" ss:WrapText="1"/>
   <Borders>
    <Border ss:Position="Bottom" ss:LineStyle="Continuous" ss:Weight="1"/>
    <Border ss:Position="Left" ss:LineStyle="Continuous" ss:Weight="1"/>
    <Border ss:Position="Right" ss:LineStyle="Continuous" ss:Weight="1"/>
    <Border ss:Position="Top" ss:LineStyle="Continuous" ss:Weight="1"/>
   </Borders>
   <Font ss:FontName="Arial Cyr" x:CharSet="204" x:Family="Swiss" ss:Size="11"/>
  </Style>
  <Style ss:ID="s37">
   <Alignment ss:Horizontal="Center" ss:Vertical="Center" ss:WrapText="1"/>
   <Borders>
    <Border ss:Position="Bottom" ss:LineStyle="Continuous" ss:Weight="1"/>
    <Border ss:Position="Right" ss:LineStyle="Continuous" ss:Weight="1"/>
    <Border ss:Position="Top" ss:LineStyle="Continuous" ss:Weight="1"/>
   </Borders>
   <Font ss:FontName="Arial Cyr" x:CharSet="204" x:Family="Swiss" ss:Size="11"/>
  </Style>
  <Style ss:ID="s38">
   <Alignment ss:Horizontal="Left" ss:Vertical="Bottom"/>
   <Font ss:FontName="Arial Cyr" x:CharSet="204" ss:Bold="1"/>
  </Style>
  <Style ss:ID="s39">
   <Alignment ss:Horizontal="Right" ss:Vertical="Bottom"/>
   <Borders>
    <Border ss:Position="Bottom" ss:LineStyle="Continuous" ss:Weight="1"/>
   </Borders>
   <Font ss:FontName="Arial Cyr" x:CharSet="204" ss:Bold="1" ss:Italic="1"/>
  </Style>
  <Style ss:ID="s40">
   <Alignment ss:Horizontal="Right" ss:Vertical="Bottom" ss:WrapText="1"/>
   <Borders>
    <Border ss:Position="Bottom" ss:LineStyle="Continuous" ss:Weight="1"/>
    <Border ss:Position="Left" ss:LineStyle="Continuous" ss:Weight="1"/>
    <Border ss:Position="Right" ss:LineStyle="Continuous" ss:Weight="1"/>
    <Border ss:Position="Top" ss:LineStyle="Continuous" ss:Weight="1"/>
   </Borders>
   <Font ss:FontName="Arial Cyr" x:CharSet="204" x:Family="Swiss" ss:Size="11"/>
   <NumberFormat ss:Format="#,##0"/>
  </Style>
  <Style ss:ID="s41">
   <Alignment ss:Horizontal="Center" ss:Vertical="Top"/>
   <Font ss:FontName="Arial Cyr" x:CharSet="204" x:Family="Swiss" ss:Size="14"
    ss:Bold="1"/>
  </Style>
  <Style ss:ID="s42">
   <Alignment ss:Horizontal="Justify" ss:Vertical="Top" ss:WrapText="1"/>
   <Borders>
    <Border ss:Position="Bottom" ss:LineStyle="Continuous" ss:Weight="1"/>
    <Border ss:Position="Left" ss:LineStyle="Continuous" ss:Weight="1"/>
    <Border ss:Position="Right" ss:LineStyle="Continuous" ss:Weight="1"/>
   </Borders>
   <Font ss:FontName="Arial Cyr" x:CharSet="204" x:Family="Swiss" ss:Size="14"
    ss:Bold="1"/>
  </Style>
  <Style ss:ID="s43">
   <Alignment ss:Horizontal="Center" ss:Vertical="Top" ss:WrapText="1"/>
   <Borders>
    <Border ss:Position="Bottom" ss:LineStyle="Continuous" ss:Weight="1"/>
    <Border ss:Position="Right" ss:LineStyle="Continuous" ss:Weight="1"/>
   </Borders>
   <Font ss:FontName="Arial Cyr" x:CharSet="204" x:Family="Swiss" ss:Size="12"
    ss:Bold="1" ss:Italic="1"/>
  </Style>
  <Style ss:ID="s44">
   <Alignment ss:Horizontal="Center" ss:Vertical="Bottom" ss:WrapText="1"/>
   <Borders>
    <Border ss:Position="Bottom" ss:LineStyle="Continuous" ss:Weight="1"/>
    <Border ss:Position="Right" ss:LineStyle="Continuous" ss:Weight="1"/>
   </Borders>
   <Font ss:FontName="Arial CYR" x:CharSet="204" x:Family="Swiss" ss:Size="12"/>
  </Style>
  <Style ss:ID="s45">
   <Alignment ss:Horizontal="Center" ss:Vertical="Bottom" ss:WrapText="1"/>
   <Borders>
    <Border ss:Position="Bottom" ss:LineStyle="Continuous" ss:Weight="1"/>
    <Border ss:Position="Left" ss:LineStyle="Continuous" ss:Weight="1"/>
    <Border ss:Position="Right" ss:LineStyle="Continuous" ss:Weight="1"/>
    <Border ss:Position="Top" ss:LineStyle="Continuous" ss:Weight="1"/>
   </Borders>
   <Font ss:FontName="Arial CYR" x:CharSet="204" x:Family="Swiss" ss:Size="12"/>
  </Style>
  <Style ss:ID="s46">
   <Alignment ss:Horizontal="Right" ss:Vertical="Bottom"/>
   <Font ss:FontName="Arial Cyr" x:CharSet="204" x:Family="Swiss"/>
  </Style>
  <Style ss:ID="s47">
   <Alignment ss:Horizontal="Center" ss:Vertical="Bottom" ss:WrapText="1"/>
   <Font ss:FontName="Arial Cyr" x:CharSet="204" x:Family="Swiss" ss:Size="12"
    ss:Bold="1"/>
  </Style>
  <Style ss:ID="s48">
   <Alignment ss:Horizontal="Center" ss:Vertical="Bottom"/>
   <Borders>
    <Border ss:Position="Bottom" ss:LineStyle="Continuous" ss:Weight="1"/>
   </Borders>
   <Font ss:FontName="Arial Cyr" x:CharSet="204" x:Family="Swiss" ss:Bold="1"
    ss:Italic="1"/>
  </Style>
  <Style ss:ID="s49">
   <Alignment ss:Horizontal="Center" ss:Vertical="Bottom" ss:WrapText="1"/>
   <Borders>
    <Border ss:Position="Bottom" ss:LineStyle="Continuous" ss:Weight="1"/>
    <Border ss:Position="Right" ss:LineStyle="Continuous" ss:Weight="1"/>
   </Borders>
   <Font ss:FontName="Arial Cyr" x:CharSet="204" x:Family="Swiss"/>
   <NumberFormat ss:Format="#,##0"/>
  </Style>
  <Style ss:ID="s50">
   <Alignment ss:Horizontal="Center" ss:Vertical="Bottom" ss:WrapText="1"/>
   <Borders>
    <Border ss:Position="Bottom" ss:LineStyle="Continuous" ss:Weight="1"/>
    <Border ss:Position="Left" ss:LineStyle="Continuous" ss:Weight="1"/>
    <Border ss:Position="Top" ss:LineStyle="Continuous" ss:Weight="1"/>
   </Borders>
   <Font ss:FontName="Arial Cyr" x:CharSet="204" x:Family="Swiss"/>
   <NumberFormat ss:Format="#,##0"/>
  </Style>
  <Style ss:ID="s51">
   <Alignment ss:Horizontal="Center" ss:Vertical="Bottom"/>
   <Borders>
    <Border ss:Position="Bottom" ss:LineStyle="Continuous" ss:Weight="1"/>
   </Borders>
   <Font ss:FontName="Arial Cyr" x:CharSet="204" ss:Bold="1"/>
  </Style>
  <Style ss:ID="s52">
   <Alignment ss:Horizontal="Center" ss:Vertical="Bottom" ss:WrapText="1"/>
   <Borders>
    <Border ss:Position="Bottom" ss:LineStyle="Continuous" ss:Weight="1"/>
    <Border ss:Position="Left" ss:LineStyle="Continuous" ss:Weight="1"/>
    <Border ss:Position="Right" ss:LineStyle="Continuous" ss:Weight="1"/>
    <Border ss:Position="Top" ss:LineStyle="Continuous" ss:Weight="1"/>
   </Borders>
   <Font ss:FontName="Arial Cyr" x:CharSet="204" x:Family="Swiss"/>
   <NumberFormat ss:Format="#,##0"/>
  </Style>
  <Style ss:ID="s53">
   <Alignment ss:Horizontal="Center" ss:Vertical="Bottom" ss:WrapText="1"/>
   <Borders>
    <Border ss:Position="Left" ss:LineStyle="Continuous" ss:Weight="1"/>
    <Border ss:Position="Right" ss:LineStyle="Continuous" ss:Weight="1"/>
    <Border ss:Position="Top" ss:LineStyle="Continuous" ss:Weight="1"/>
   </Borders>
   <Font ss:FontName="Arial Cyr" x:CharSet="204" x:Family="Swiss"/>
   <NumberFormat ss:Format="#,##0"/>
  </Style>
  <Style ss:ID="s54">
   <Alignment ss:Horizontal="Center" ss:Vertical="Bottom" ss:WrapText="1"/>
   <Borders>
    <Border ss:Position="Bottom" ss:LineStyle="Continuous" ss:Weight="1"/>
    <Border ss:Position="Left" ss:LineStyle="Continuous" ss:Weight="1"/>
    <Border ss:Position="Right" ss:LineStyle="Continuous" ss:Weight="1"/>
    <Border ss:Position="Top" ss:LineStyle="Continuous" ss:Weight="1"/>
   </Borders>
   <Font ss:FontName="Arial Cyr" x:CharSet="204" ss:Bold="1"/>
   <NumberFormat ss:Format="#,##0"/>
  </Style>
  <Style ss:ID="s55">
   <Alignment ss:Horizontal="Justify" ss:Vertical="Top" ss:WrapText="1"/>
   <Borders/>
   <Font ss:FontName="Arial Cyr" x:CharSet="204" ss:Size="11" ss:Bold="1"/>
   <Interior/>
  </Style>
  <Style ss:ID="s56">
   <Font ss:FontName="Arial Cyr" x:CharSet="204" ss:Bold="1"/>
  </Style>
  <Style ss:ID="s57">
   <Alignment ss:Horizontal="Justify" ss:Vertical="Bottom" ss:WrapText="1"/>
   <Borders>
    <Border ss:Position="Bottom" ss:LineStyle="Continuous" ss:Weight="1"/>
    <Border ss:Position="Left" ss:LineStyle="Continuous" ss:Weight="1"/>
    <Border ss:Position="Right" ss:LineStyle="Continuous" ss:Weight="1"/>
   </Borders>
   <Font ss:FontName="Arial Cyr" x:CharSet="204" x:Family="Swiss" ss:Size="11"/>
  </Style>
  <Style ss:ID="s58">
   <Alignment ss:Horizontal="Justify" ss:Vertical="Bottom" ss:WrapText="1"/>
   <Borders>
    <Border ss:Position="Bottom" ss:LineStyle="Continuous" ss:Weight="1"/>
    <Border ss:Position="Left" ss:LineStyle="Continuous" ss:Weight="1"/>
    <Border ss:Position="Right" ss:LineStyle="Continuous" ss:Weight="1"/>
    <Border ss:Position="Top" ss:LineStyle="Continuous" ss:Weight="1"/>
   </Borders>
   <Font ss:FontName="Arial Cyr" x:CharSet="204" x:Family="Swiss" ss:Size="11"/>
  </Style>
  <Style ss:ID="s59">
   <Alignment ss:Horizontal="Left" ss:Vertical="Bottom" ss:WrapText="1"/>
   <Borders>
    <Border ss:Position="Bottom" ss:LineStyle="Continuous" ss:Weight="1"/>
    <Border ss:Position="Left" ss:LineStyle="Continuous" ss:Weight="1"/>
    <Border ss:Position="Right" ss:LineStyle="Continuous" ss:Weight="1"/>
   </Borders>
   <Font ss:FontName="Arial Cyr" x:CharSet="204" x:Family="Swiss" ss:Size="11"/>
  </Style>
  <Style ss:ID="s60">
   <Alignment ss:Vertical="Bottom" ss:WrapText="1"/>
   <Borders>
    <Border ss:Position="Bottom" ss:LineStyle="Continuous" ss:Weight="1"/>
    <Border ss:Position="Left" ss:LineStyle="Continuous" ss:Weight="1"/>
    <Border ss:Position="Right" ss:LineStyle="Continuous" ss:Weight="1"/>
    <Border ss:Position="Top" ss:LineStyle="Continuous" ss:Weight="1"/>
   </Borders>
   <Font ss:FontName="Arial Cyr" x:CharSet="204" x:Family="Swiss" ss:Size="11"/>
  </Style>
  <Style ss:ID="s61">
   <Alignment ss:Vertical="Bottom" ss:WrapText="1"/>
   <Borders>
    <Border ss:Position="Bottom" ss:LineStyle="Continuous" ss:Weight="1"/>
    <Border ss:Position="Left" ss:LineStyle="Continuous" ss:Weight="1"/>
    <Border ss:Position="Right" ss:LineStyle="Continuous" ss:Weight="1"/>
   </Borders>
   <Font ss:FontName="Arial Cyr" x:CharSet="204" x:Family="Swiss" ss:Size="11"/>
  </Style>
  <Style ss:ID="s62">
   <Alignment ss:Horizontal="Right" ss:Vertical="Bottom" ss:WrapText="1"/>
   <Borders>
    <Border ss:Position="Bottom" ss:LineStyle="Continuous" ss:Weight="1"/>
    <Border ss:Position="Left" ss:LineStyle="Continuous" ss:Weight="1"/>
    <Border ss:Position="Right" ss:LineStyle="Continuous" ss:Weight="1"/>
   </Borders>
   <Font ss:FontName="Arial Cyr" x:CharSet="204" x:Family="Swiss"/>
   <NumberFormat ss:Format="#,##0"/>
  </Style>
  <Style ss:ID="s63">
   <Alignment ss:Horizontal="Left" ss:Vertical="Bottom" ss:WrapText="1"/>
   <Borders>
    <Border ss:Position="Bottom" ss:LineStyle="Continuous" ss:Weight="1"/>
    <Border ss:Position="Left" ss:LineStyle="Continuous" ss:Weight="1"/>
    <Border ss:Position="Right" ss:LineStyle="Continuous" ss:Weight="1"/>
    <Border ss:Position="Top" ss:LineStyle="Continuous" ss:Weight="1"/>
   </Borders>
   <Font ss:FontName="Arial Cyr" x:CharSet="204" x:Family="Swiss" ss:Size="11"/>
  </Style>
  <Style ss:ID="s64">
   <Alignment ss:Horizontal="Justify" ss:Vertical="Bottom" ss:WrapText="1"/>
   <Borders>
    <Border ss:Position="Bottom" ss:LineStyle="Continuous" ss:Weight="1"/>
    <Border ss:Position="Left" ss:LineStyle="Continuous" ss:Weight="1"/>
    <Border ss:Position="Right" ss:LineStyle="Continuous" ss:Weight="1"/>
    <Border ss:Position="Top" ss:LineStyle="Continuous" ss:Weight="1"/>
   </Borders>
   <Font ss:FontName="Arial Cyr" x:CharSet="204" ss:Size="11" ss:Bold="1"/>
  </Style>
  <Style ss:ID="s65">
   <Alignment ss:Horizontal="Justify" ss:Vertical="Bottom"/>
   <Borders>
    <Border ss:Position="Bottom" ss:LineStyle="Continuous" ss:Weight="1"/>
    <Border ss:Position="Left" ss:LineStyle="Continuous" ss:Weight="1"/>
    <Border ss:Position="Right" ss:LineStyle="Continuous" ss:Weight="1"/>
   </Borders>
   <Font ss:FontName="Arial Cyr" x:CharSet="204" x:Family="Swiss" ss:Size="11"/>
  </Style>
  <Style ss:ID="s66">
   <Font ss:FontName="Arial Cyr" x:CharSet="204" x:Family="Swiss" ss:Size="11"
    ss:Bold="1"/>
  </Style>
  <Style ss:ID="s67">
   <Alignment ss:Horizontal="Left" ss:Vertical="Bottom"/>
   <Font ss:FontName="Arial Cyr" x:CharSet="204" x:Family="Swiss" ss:Bold="1"/>
  </Style>
  <Style ss:ID="s73">
   <Alignment ss:Horizontal="Center" ss:Vertical="Top" ss:WrapText="1"/>
   <Font ss:FontName="Arial Cyr" x:CharSet="204" x:Family="Swiss" ss:Size="14"
    ss:Bold="1"/>
  </Style>
 </Styles>
 <Worksheet ss:Name="Р.А">
  <Names>
   <NamedRange ss:Name="Print_Titles" ss:RefersTo="=Р.А!R5:R9"/>
  </Names>
  <Table ss:ExpandedColumnCount="4" ss:ExpandedRowCount="37" x:FullColumns="1"
   x:FullRows="1" ss:StyleID="s25" ss:DefaultColumnWidth="46.5">
   <Column ss:StyleID="s25" ss:AutoFitWidth="0" ss:Width="429"/>
   <Column ss:StyleID="s25" ss:AutoFitWidth="0" ss:Width="42.75"/>
   <Column ss:StyleID="s24" ss:AutoFitWidth="0" ss:Width="94.5"/>
   <Column ss:StyleID="s24" ss:AutoFitWidth="0" ss:Width="98.25"/>
   <Row ss:Height="15.75">
    <Cell ss:StyleID="s23"/>
    <Cell ss:StyleID="s23"/>
    <Cell ss:StyleID="s23"/>
    <Cell><Data ss:Type="String">Форма № 5 - П</Data></Cell>
   </Row>
   <Row ss:AutoFitHeight="0" ss:Height="22.5">
    <Cell ss:StyleID="s23"/>
    <Cell ss:StyleID="s23"/>
    <Cell ss:StyleID="s23"/>
   </Row>
   <Row ss:AutoFitHeight="0" ss:Height="24">
    <Cell ss:MergeAcross="3" ss:StyleID="s73"><Data ss:Type="String">Отчет о налоговой базе и структуре начислений по налогу на прибыль организаций</Data></Cell>
   </Row>
   <Row ss:AutoFitHeight="0" ss:Height="18">
    <Cell ss:StyleID="s30"/>
    <Cell ss:StyleID="s31"/>
    <Cell ss:StyleID="s31"/>
    <Cell ss:StyleID="s31"/>
   </Row>
   <Row ss:AutoFitHeight="0" ss:Height="13.5">
    <Cell ss:MergeAcross="3" ss:StyleID="s23"><Data ss:Type="String">по состоянию на 01.01.2008 г.</Data><NamedCell
      ss:Name="Print_Titles"/></Cell>
   </Row>
   <Row ss:AutoFitHeight="0" ss:Height="13.5">
    <Cell ss:StyleID="s32"><NamedCell ss:Name="Print_Titles"/></Cell>
    <Cell ss:StyleID="s32"><NamedCell ss:Name="Print_Titles"/></Cell>
    <Cell ss:StyleID="s32"><NamedCell ss:Name="Print_Titles"/></Cell>
    <Cell ss:StyleID="s32"><NamedCell ss:Name="Print_Titles"/></Cell>
   </Row>
   <Row>
    <Cell ss:StyleID="s67"><Data ss:Type="String">Всего по России</Data><NamedCell
      ss:Name="Print_Titles"/></Cell>
    <Cell ss:StyleID="s26"><NamedCell ss:Name="Print_Titles"/></Cell>
    <Cell ss:StyleID="s48"><NamedCell ss:Name="Print_Titles"/></Cell>
    <Cell ss:StyleID="s51"><Data ss:Type="String">тыс. рублей</Data><NamedCell
      ss:Name="Print_Titles"/></Cell>
   </Row>
   <Row ss:AutoFitHeight="0" ss:Height="58.875">
    <Cell ss:StyleID="s36"><Data ss:Type="String">Показатели</Data><NamedCell
      ss:Name="Print_Titles"/></Cell>
    <Cell ss:StyleID="s37"><Data ss:Type="String">Код строки</Data><NamedCell
      ss:Name="Print_Titles"/></Cell>
    <Cell ss:StyleID="s37"><Data ss:Type="String">Значение показателей</Data><NamedCell
      ss:Name="Print_Titles"/></Cell>
    <Cell ss:StyleID="s37"><Data ss:Type="String">Сумма недопоступления налога</Data><NamedCell
      ss:Name="Print_Titles"/></Cell>
   </Row>
   <Row ss:StyleID="s28">
    <Cell ss:StyleID="s34"><Data ss:Type="String">А</Data><NamedCell
      ss:Name="Print_Titles"/></Cell>
    <Cell ss:StyleID="s35"><Data ss:Type="String">Б</Data><NamedCell
      ss:Name="Print_Titles"/></Cell>
    <Cell ss:StyleID="s35"><Data ss:Type="Number">1</Data><NamedCell
      ss:Name="Print_Titles"/></Cell>
    <Cell ss:StyleID="s35"><Data ss:Type="Number">2</Data><NamedCell
      ss:Name="Print_Titles"/></Cell>
   </Row>
   <Row ss:AutoFitHeight="0" ss:Height="22.5" ss:StyleID="s28">
    <Cell ss:StyleID="s42"><Data ss:Type="String">              Раздел А</Data></Cell>
    <Cell ss:StyleID="s43"/>
    <Cell ss:StyleID="s27"/>
    <Cell ss:StyleID="s27"/>
   </Row>
   <Row ss:AutoFitHeight="0" ss:Height="20.25">
    <Cell ss:StyleID="s57"><Data ss:Type="String">Доходы от реализации </Data></Cell>
    <Cell ss:StyleID="s44"><Data ss:Type="Number">1000</Data></Cell>
    <Cell ss:StyleID="s62"><Data ss:Type="Number">106217520988</Data></Cell>
    <Cell ss:StyleID="s49"><Data ss:Type="String">Х</Data></Cell>
   </Row>
   <Row ss:AutoFitHeight="0" ss:Height="20.25">
    <Cell ss:StyleID="s57"><Data ss:Type="String">Внереализационные доходы </Data></Cell>
    <Cell ss:StyleID="s44"><Data ss:Type="Number">1010</Data></Cell>
    <Cell ss:StyleID="s62"><Data ss:Type="Number">16748922446</Data></Cell>
    <Cell ss:StyleID="s49"><Data ss:Type="String">Х</Data></Cell>
   </Row>
   <Row ss:AutoFitHeight="0" ss:Height="17.25">
    <Cell ss:StyleID="s58"><Data ss:Type="String">Расходы, уменьшающие сумму доходов от реализации </Data></Cell>
    <Cell ss:StyleID="s45"><Data ss:Type="Number">1020</Data></Cell>
    <Cell ss:StyleID="s62"><Data ss:Type="Number">99120746174</Data></Cell>
    <Cell ss:StyleID="s52"><Data ss:Type="String">Х</Data></Cell>
   </Row>
   <Row ss:AutoFitHeight="0" ss:Height="19.5">
    <Cell ss:StyleID="s57"><Data ss:Type="String">Внереализационные расходы</Data></Cell>
    <Cell ss:StyleID="s44"><Data ss:Type="Number">1030</Data></Cell>
    <Cell ss:StyleID="s62"><Data ss:Type="Number">15322151155</Data></Cell>
    <Cell ss:StyleID="s49"><Data ss:Type="String">Х</Data></Cell>
   </Row>
   <Row ss:AutoFitHeight="0" ss:Height="21.75">
    <Cell ss:StyleID="s57"><Data ss:Type="String">Убытки, отраженные в Приложении № 3 к Листу 02 декларации</Data></Cell>
    <Cell ss:StyleID="s44"><Data ss:Type="Number">1040</Data></Cell>
    <Cell ss:StyleID="s62"><Data ss:Type="Number">71302807</Data></Cell>
    <Cell ss:StyleID="s49"><Data ss:Type="String">Х</Data></Cell>
   </Row>
   <Row ss:AutoFitHeight="0" ss:Height="18">
    <Cell ss:StyleID="s57"><Data ss:Type="String">Доходы, исключаемые из прибыли</Data></Cell>
    <Cell ss:StyleID="s44"><Data ss:Type="Number">1050</Data></Cell>
    <Cell ss:StyleID="s62"><Data ss:Type="Number">787906644</Data></Cell>
    <Cell ss:StyleID="s49"><Data ss:Type="String">Х</Data></Cell>
   </Row>
   <Row ss:AutoFitHeight="0" ss:Height="39">
    <Cell ss:StyleID="s57"><Data ss:Type="String">Сумма льгот, предусмотренных ст. 2 Федерального закона от 06.08.2001 №110-ФЗ и ст.25 Федерального закона от 10.01.2006 №16-ФЗ</Data></Cell>
    <Cell ss:StyleID="s44"><Data ss:Type="Number">1060</Data></Cell>
    <Cell ss:StyleID="s62"><Data ss:Type="Number">3743502</Data></Cell>
    <Cell ss:StyleID="s62"><Data ss:Type="Number">898294</Data></Cell>
   </Row>
   <Row ss:AutoFitHeight="0" ss:Height="36.75">
    <Cell ss:StyleID="s57"><Data ss:Type="String">Сумма убытка или части убытка, уменьшающего  налоговую базу за отчетный (налоговый) период </Data></Cell>
    <Cell ss:StyleID="s44"><Data ss:Type="Number">1070</Data></Cell>
    <Cell ss:StyleID="s62"><Data ss:Type="Number">210021160</Data></Cell>
    <Cell ss:StyleID="s62"><Data ss:Type="Number">50298034</Data></Cell>
   </Row>
   <Row ss:AutoFitHeight="0" ss:Height="20.25">
    <Cell ss:StyleID="s58"><Data ss:Type="String">Налоговая база для исчисления налога </Data></Cell>
    <Cell ss:StyleID="s44"><Data ss:Type="Number">1080</Data></Cell>
    <Cell ss:StyleID="s62"><Data ss:Type="Number">8830069070</Data></Cell>
    <Cell ss:StyleID="s49"><Data ss:Type="String">Х</Data></Cell>
   </Row>
   <Row ss:AutoFitHeight="0" ss:Height="20.25">
    <Cell ss:StyleID="s58"><Data ss:Type="String">Сумма исчисленного налога на прибыль - всего </Data></Cell>
    <Cell ss:StyleID="s44"><Data ss:Type="Number">1090</Data></Cell>
    <Cell ss:StyleID="s62"><Data ss:Type="Number">2091235716</Data></Cell>
    <Cell ss:StyleID="s49"><Data ss:Type="String">Х</Data></Cell>
   </Row>
   <Row ss:AutoFitHeight="0" ss:Height="20.25">
    <Cell ss:StyleID="s59"><Data ss:Type="String">           в том числе в федеральный бюджет</Data></Cell>
    <Cell ss:StyleID="s44"><Data ss:Type="Number">1100</Data></Cell>
    <Cell ss:StyleID="s62"><Data ss:Type="Number">573952792</Data></Cell>
    <Cell ss:StyleID="s49"><Data ss:Type="String">Х</Data></Cell>
   </Row>
   <Row ss:AutoFitHeight="0" ss:Height="39.75">
    <Cell ss:StyleID="s60"><Data ss:Type="String">Сумма налога, выплаченная за пределами Российской Федерации и засчитываемая в уплату налога  согласно порядку, установленному ст.311 НК РФ </Data></Cell>
    <Cell ss:StyleID="s44"><Data ss:Type="Number">1110</Data></Cell>
    <Cell ss:StyleID="s62"><Data ss:Type="Number">2139840</Data></Cell>
    <Cell ss:StyleID="s49"><Data ss:Type="String">Х</Data></Cell>
   </Row>
   <Row ss:AutoFitHeight="0" ss:Height="21">
    <Cell ss:StyleID="s58"><Data ss:Type="String">Сумма налога на прибыль к доплате - всего </Data></Cell>
    <Cell ss:StyleID="s44"><Data ss:Type="Number">1120</Data></Cell>
    <Cell ss:StyleID="s62"><Data ss:Type="Number">290579433</Data></Cell>
    <Cell ss:StyleID="s53"><Data ss:Type="String">Х</Data></Cell>
   </Row>
   <Row ss:AutoFitHeight="0" ss:Height="18.75">
    <Cell ss:StyleID="s57"><Data ss:Type="String">           в том числе в федеральный бюджет </Data></Cell>
    <Cell ss:StyleID="s44"><Data ss:Type="Number">1130</Data></Cell>
    <Cell ss:StyleID="s62"><Data ss:Type="Number">78634718</Data></Cell>
    <Cell ss:StyleID="s52"><Data ss:Type="String">Х</Data></Cell>
   </Row>
   <Row ss:AutoFitHeight="0" ss:Height="25.5">
    <Cell ss:StyleID="s61"><Data ss:Type="String">Сумма налога на прибыль к уменьшению - всего  </Data></Cell>
    <Cell ss:StyleID="s44"><Data ss:Type="Number">1140</Data></Cell>
    <Cell ss:StyleID="s62"><Data ss:Type="Number">270236579</Data></Cell>
    <Cell ss:StyleID="s49"><Data ss:Type="String">Х</Data></Cell>
   </Row>
   <Row ss:AutoFitHeight="0" ss:Height="21.75">
    <Cell ss:StyleID="s57"><Data ss:Type="String">           в том числе в федеральный бюджет </Data></Cell>
    <Cell ss:StyleID="s44"><Data ss:Type="Number">1150</Data></Cell>
    <Cell ss:StyleID="s62"><Data ss:Type="Number">73192212</Data></Cell>
    <Cell ss:StyleID="s49"><Data ss:Type="String">Х</Data></Cell>
   </Row>
   <Row ss:AutoFitHeight="0" ss:Height="68.25">
    <Cell ss:StyleID="s61"><Data ss:Type="String">Сумма недопоступления налога на прибыль в связи с установлением законодательными (представительными) органами субъектов Российской Федерации пониженной ставки налога для отдельных категорий налогоплательщиков в соответствии с п.1 ст.284 НК РФ</Data></Cell>
    <Cell ss:StyleID="s44"><Data ss:Type="Number">1160</Data></Cell>
    <Cell ss:StyleID="s49"><Data ss:Type="String">Х</Data></Cell>
    <Cell ss:StyleID="s62"><Data ss:Type="Number">27872043</Data></Cell>
   </Row>
   <Row ss:AutoFitHeight="0" ss:Height="39">
    <Cell ss:StyleID="s61"><Data ss:Type="String">Сумма недопоступления налога  в связи с предоставлением льгот, предусмотренных ст.5 Федерального закона от 31.05.1999 № 104-ФЗ </Data></Cell>
    <Cell ss:StyleID="s44"><Data ss:Type="Number">1170</Data></Cell>
    <Cell ss:StyleID="s49"><Data ss:Type="String">Х</Data></Cell>
    <Cell ss:StyleID="s62"><Data ss:Type="Number">1689</Data></Cell>
   </Row>
   <Row ss:AutoFitHeight="0" ss:Height="52.5">
    <Cell ss:StyleID="s58"><Data ss:Type="String">Всего сумма недопоступления налога на прибыль организаций в связи с предоставлением льгот (строка 1060 графа 2+строка 1070 графа 2+строка 1160 графа 2+ строка 1170 графа 2)</Data></Cell>
    <Cell ss:StyleID="s44"><Data ss:Type="Number">1180</Data></Cell>
    <Cell ss:StyleID="s50"><Data ss:Type="String">Х</Data></Cell>
    <Cell ss:StyleID="s62"><Data ss:Type="Number">79070060</Data></Cell>
   </Row>
   <Row ss:AutoFitHeight="0" ss:Height="21.75">
    <Cell ss:StyleID="s57"><Data ss:Type="String">Остаток неперенесенного убытка на конец налогового периода - всего</Data></Cell>
    <Cell ss:StyleID="s44"><Data ss:Type="Number">1190</Data></Cell>
    <Cell ss:StyleID="s62"><Data ss:Type="Number">946206217</Data></Cell>
    <Cell ss:StyleID="s52"><Data ss:Type="String">Х</Data></Cell>
   </Row>
   <Row ss:AutoFitHeight="0" ss:Height="22.5">
    <Cell ss:StyleID="s57"><Data ss:Type="String">          в том числе убытка, полученного до 1 января 2002 года </Data></Cell>
    <Cell ss:StyleID="s44"><Data ss:Type="Number">1200</Data></Cell>
    <Cell ss:StyleID="s62"><Data ss:Type="Number">41028098</Data></Cell>
    <Cell ss:StyleID="s52"><Data ss:Type="String">Х</Data></Cell>
   </Row>
   <Row ss:AutoFitHeight="0" ss:Height="22.5">
    <Cell ss:StyleID="s57"><Data ss:Type="String">Сумма убытка организации, исчисленного при налогообложении</Data></Cell>
    <Cell ss:StyleID="s44"><Data ss:Type="Number">1210</Data></Cell>
    <Cell ss:StyleID="s62"><Data ss:Type="Number">433776563</Data></Cell>
    <Cell ss:StyleID="s52"><Data ss:Type="String">Х</Data></Cell>
   </Row>
   <Row ss:AutoFitHeight="0" ss:Height="37.5">
    <Cell ss:StyleID="s57"><Data ss:Type="String">Количество налогоплательщиков, данные по которым приведены в Разделе А - всего, в том числе</Data></Cell>
    <Cell ss:StyleID="s44"><Data ss:Type="Number">1220</Data></Cell>
    <Cell ss:StyleID="s62"><Data ss:Type="Number">1302529</Data></Cell>
    <Cell ss:StyleID="s54"><Data ss:Type="String">Х</Data></Cell>
   </Row>
   <Row ss:AutoFitHeight="0" ss:Height="21.75">
    <Cell ss:StyleID="s57"><Data ss:Type="String">         количество организаций, имеющих нулевой финансовый результат                                                                   </Data></Cell>
    <Cell ss:StyleID="s44"><Data ss:Type="Number">1230</Data></Cell>
    <Cell ss:StyleID="s62"><Data ss:Type="Number">339292</Data></Cell>
    <Cell ss:StyleID="s54"><Data ss:Type="String">Х</Data></Cell>
   </Row>
   <Row ss:AutoFitHeight="0" ss:Height="22.5">
    <Cell ss:StyleID="s57"><Data ss:Type="String">         количество убыточных организаций                                                                  </Data></Cell>
    <Cell ss:StyleID="s44"><Data ss:Type="Number">1240</Data></Cell>
    <Cell ss:StyleID="s62"><Data ss:Type="Number">179920</Data></Cell>
    <Cell ss:StyleID="s54"><Data ss:Type="String">Х</Data></Cell>
   </Row>
   <Row ss:Index="37" ss:AutoFitHeight="0" ss:Height="30"/>
  </Table>
  <WorksheetOptions xmlns="urn:schemas-microsoft-com:office:excel">
   <PageSetup>
    <Layout x:CenterHorizontal="1"/>
    <Header x:Margin="0.15748031496062992"/>
    <Footer x:Margin="0.23622047244094491"/>
    <PageMargins x:Bottom="0.27559055118110237" x:Left="0.39370078740157483"
     x:Right="0.19685039370078741" x:Top="0.23622047244094491"/>
   </PageSetup>
   <Print>
    <ValidPrinterInfo/>
    <PaperSizeIndex>9</PaperSizeIndex>
    <Scale>75</Scale>
    <HorizontalResolution>600</HorizontalResolution>
    <VerticalResolution>300</VerticalResolution>
   </Print>
   <Zoom>75</Zoom>
   <Selected/>
   <Panes>
    <Pane>
     <Number>3</Number>
     <ActiveRow>15</ActiveRow>
     <ActiveCol>2</ActiveCol>
    </Pane>
   </Panes>
   <ProtectObjects>False</ProtectObjects>
   <ProtectScenarios>False</ProtectScenarios>
  </WorksheetOptions>
 </Worksheet>
 <Worksheet ss:Name="Р.Б">
  <Table ss:ExpandedColumnCount="4" ss:ExpandedRowCount="20" x:FullColumns="1"
   x:FullRows="1" ss:StyleID="s25" ss:DefaultColumnWidth="46.5">
   <Column ss:StyleID="s25" ss:AutoFitWidth="0" ss:Width="494.25"/>
   <Column ss:StyleID="s25" ss:AutoFitWidth="0" ss:Width="48"/>
   <Column ss:StyleID="s25" ss:AutoFitWidth="0" ss:Width="104.25"/>
   <Row>
    <Cell ss:Index="3" ss:StyleID="s46"><Data ss:Type="String">Форма № 5 - П</Data></Cell>
   </Row>
   <Row>
    <Cell ss:Index="3" ss:StyleID="s24"/>
   </Row>
   <Row ss:Height="18">
    <Cell ss:MergeAcross="2" ss:StyleID="s73"><Data ss:Type="String">Отчет о налоговой базе и структуре начислений по налогу на прибыль организаций</Data></Cell>
    <Cell ss:StyleID="s41"/>
   </Row>
   <Row ss:Height="15.75">
    <Cell ss:StyleID="s30"/>
    <Cell ss:StyleID="s31"/>
    <Cell ss:StyleID="s31"/>
    <Cell ss:StyleID="s31"/>
   </Row>
   <Row ss:AutoFitHeight="0" ss:Height="13.875">
    <Cell ss:MergeAcross="2" ss:StyleID="s47"><Data ss:Type="String">по состоянию на 01.01.2008 г.</Data></Cell>
    <Cell ss:StyleID="s23"/>
   </Row>
   <Row ss:AutoFitHeight="0" ss:Height="13.875">
    <Cell ss:StyleID="s47"/>
    <Cell ss:StyleID="s47"/>
    <Cell ss:StyleID="s47"/>
    <Cell ss:StyleID="s23"/>
   </Row>
   <Row>
    <Cell ss:StyleID="s38"><Data ss:Type="String">Всего по России</Data></Cell>
    <Cell ss:StyleID="s26"/>
    <Cell ss:StyleID="s33"><Data ss:Type="String">тыс. рублей</Data></Cell>
   </Row>
   <Row ss:AutoFitHeight="0" ss:Height="45.75">
    <Cell ss:StyleID="s36"><Data ss:Type="String">Показатели</Data></Cell>
    <Cell ss:StyleID="s37"><Data ss:Type="String">Код строки</Data></Cell>
    <Cell ss:StyleID="s37"><Data ss:Type="String">Значение показателей</Data></Cell>
   </Row>
   <Row ss:StyleID="s28">
    <Cell ss:StyleID="s34"><Data ss:Type="String">А</Data></Cell>
    <Cell ss:StyleID="s35"><Data ss:Type="String">Б</Data></Cell>
    <Cell ss:StyleID="s35"><Data ss:Type="Number">1</Data></Cell>
   </Row>
   <Row ss:AutoFitHeight="0" ss:Height="24" ss:StyleID="s28">
    <Cell ss:MergeAcross="2" ss:StyleID="m37736936"><Data ss:Type="String">                         Раздел Б</Data></Cell>
   </Row>
   <Row ss:AutoFitHeight="0" ss:Height="36">
    <Cell ss:StyleID="s58"><Data ss:Type="String">Из суммы расходов, уменьшающих сумму доходов от реализации:&#10;    прямые расходы, относящиеся к реализованным  товарам, работам, услугам </Data></Cell>
    <Cell ss:StyleID="s45"><Data ss:Type="Number">1300</Data></Cell>
    <Cell ss:StyleID="s29"><Data ss:Type="Number">28416599142</Data></Cell>
   </Row>
   <Row ss:AutoFitHeight="0" ss:Height="27">
    <Cell ss:StyleID="s58"><Data ss:Type="String">   расходы на НИОКР  </Data></Cell>
    <Cell ss:StyleID="s44"><Data ss:Type="Number">1310</Data></Cell>
    <Cell ss:StyleID="s29"><Data ss:Type="Number">16232857</Data></Cell>
   </Row>
   <Row ss:AutoFitHeight="0" ss:Height="27.75">
    <Cell ss:StyleID="s58"><Data ss:Type="String">     из них: расходы  на НИОКР, не давшие положительного результата  </Data></Cell>
    <Cell ss:StyleID="s44"><Data ss:Type="Number">1320</Data></Cell>
    <Cell ss:StyleID="s29"><Data ss:Type="Number">1368375</Data></Cell>
   </Row>
   <Row ss:AutoFitHeight="0" ss:Height="71.25">
    <Cell ss:StyleID="s63"><Data ss:Type="String">   расходы на капитальные вложения в размере 10% первоначальной стоимости  &#10;   основных средств (за исключением основных средств, полученных безвозмездно)&#10;   и (или) расходов, понесенных в случаях достройки, дооборудования, модернизации,&#10;   технического перевооружения, частичной ликвидации основных средств (п.1.1 ст.259 НК РФ)                                                                                                                                                                                                                                    </Data></Cell>
    <Cell ss:StyleID="s45"><Data ss:Type="Number">1330</Data></Cell>
    <Cell ss:StyleID="s29"><Data ss:Type="Number">137120476</Data></Cell>
   </Row>
   <Row ss:AutoFitHeight="0" ss:Height="35.25">
    <Cell ss:StyleID="s58"><Data ss:Type="String">   расходы, осуществленные  налогоплательщиком-организацией, использующим &#10;   труд инвалидов, согласно пп.38 п.1 ст.264 НК РФ</Data></Cell>
    <Cell ss:StyleID="s45"><Data ss:Type="Number">1340</Data></Cell>
    <Cell ss:StyleID="s29"><Data ss:Type="Number">437720</Data></Cell>
   </Row>
   <Row ss:AutoFitHeight="0" ss:Height="48">
    <Cell ss:StyleID="s58"><Data ss:Type="String">   расходы налогоплательщиков-общественных организаций инвалидов, а также &#10;   налогоплательщиков-учреждений, единственными собственниками имущества&#10;   которых являются общественные организации инвалидов, согласно пп.39 п.1 ст.264 НК РФ</Data></Cell>
    <Cell ss:StyleID="s45"><Data ss:Type="Number">1350</Data></Cell>
    <Cell ss:StyleID="s29"><Data ss:Type="Number">1226578</Data></Cell>
   </Row>
   <Row ss:AutoFitHeight="0" ss:Height="59.25">
    <Cell ss:StyleID="s58"><Data ss:Type="String">   суммы убытков прошлых лет по объектам обслуживающих производств и  &#10;   хозяйств, включая объекты жилищно-коммунальной и социально-культурной&#10;   сферы, учитываемые в уменьшение прибыли текущего отчетного (налогового)&#10;   периода, полученной по указанным видам деятельности </Data></Cell>
    <Cell ss:StyleID="s45"><Data ss:Type="Number">1360</Data></Cell>
    <Cell ss:StyleID="s29"><Data ss:Type="Number">117357</Data></Cell>
   </Row>
   <Row ss:AutoFitHeight="0" ss:Height="33.75">
    <Cell ss:StyleID="s58"><Data ss:Type="String">   расходы по созданию резерва предстоящих расходов, направляемых на цели,&#10;   обеспечивающие социальную защиту инвалидов</Data></Cell>
    <Cell ss:StyleID="s45"><Data ss:Type="Number">1370</Data></Cell>
    <Cell ss:StyleID="s29"><Data ss:Type="Number">1659635</Data></Cell>
   </Row>
   <Row ss:AutoFitHeight="0" ss:Height="34.5">
    <Cell ss:StyleID="s64"><ss:Data ss:Type="String"
      xmlns="http://www.w3.org/TR/REC-html40"><B>Справочно: </B><Font>                                                                                                                                                                        Сумма начисленной амортизации за отчетный (налоговый) период - всего</Font></ss:Data></Cell>
    <Cell ss:StyleID="s45"><Data ss:Type="Number">1380</Data></Cell>
    <Cell ss:StyleID="s29"><Data ss:Type="Number">1483919945</Data></Cell>
   </Row>
   <Row ss:AutoFitHeight="0" ss:Height="21">
    <Cell ss:StyleID="s58"><Data ss:Type="String">    в том числе по нематериальным активам</Data></Cell>
    <Cell ss:StyleID="s45"><Data ss:Type="Number">1390</Data></Cell>
    <Cell ss:StyleID="s29"><Data ss:Type="Number">24121265</Data></Cell>
   </Row>
  </Table>
  <WorksheetOptions xmlns="urn:schemas-microsoft-com:office:excel">
   <PageSetup>
    <Layout x:CenterHorizontal="1"/>
    <Header x:Margin="0.51181102362204722"/>
    <Footer x:Margin="0.51181102362204722"/>
    <PageMargins x:Bottom="0.98425196850393704" x:Left="0.39370078740157483"
     x:Right="0" x:Top="0.98425196850393704"/>
   </PageSetup>
   <Print>
    <ValidPrinterInfo/>
    <PaperSizeIndex>9</PaperSizeIndex>
    <Scale>75</Scale>
    <HorizontalResolution>600</HorizontalResolution>
    <VerticalResolution>600</VerticalResolution>
   </Print>
   <Zoom>75</Zoom>
   <Panes>
    <Pane>
     <Number>3</Number>
     <ActiveRow>12</ActiveRow>
     <ActiveCol>2</ActiveCol>
    </Pane>
   </Panes>
   <ProtectObjects>False</ProtectObjects>
   <ProtectScenarios>False</ProtectScenarios>
  </WorksheetOptions>
 </Worksheet>
 <Worksheet ss:Name="Р.Г,Д,Е">
  <Names>
   <NamedRange ss:Name="Print_Titles" ss:RefersTo="='Р.Г,Д,Е'!R7:R9"/>
  </Names>
  <Table ss:ExpandedColumnCount="4" ss:ExpandedRowCount="37" x:FullColumns="1"
   x:FullRows="1" ss:StyleID="s25" ss:DefaultColumnWidth="46.5">
   <Column ss:StyleID="s25" ss:AutoFitWidth="0" ss:Width="455.25"/>
   <Column ss:StyleID="s25" ss:AutoFitWidth="0" ss:Width="54.75"/>
   <Column ss:StyleID="s25" ss:AutoFitWidth="0" ss:Width="108.75"/>
   <Row>
    <Cell ss:Index="3" ss:StyleID="s24"><Data ss:Type="String">Форма № 5 - П</Data></Cell>
   </Row>
   <Row>
    <Cell ss:Index="3" ss:StyleID="s24"/>
   </Row>
   <Row ss:Height="18">
    <Cell ss:MergeAcross="2" ss:StyleID="s73"><Data ss:Type="String">Отчет о налоговой базе и структуре начислений по налогу на прибыль организаций</Data></Cell>
    <Cell ss:StyleID="s41"/>
   </Row>
   <Row ss:Height="15.75">
    <Cell ss:StyleID="s30"/>
    <Cell ss:StyleID="s31"/>
    <Cell ss:StyleID="s31"/>
    <Cell ss:StyleID="s31"/>
   </Row>
   <Row ss:Height="15.75">
    <Cell ss:MergeAcross="2" ss:StyleID="s47"><Data ss:Type="String">по состоянию на 01.01.2008 г.</Data></Cell>
   </Row>
   <Row ss:Index="7">
    <Cell ss:StyleID="s38"><Data ss:Type="String">Всего по России</Data><NamedCell
      ss:Name="Print_Titles"/></Cell>
    <Cell ss:StyleID="s39"><NamedCell ss:Name="Print_Titles"/></Cell>
    <Cell ss:StyleID="s33"><Data ss:Type="String">тыс. рублей</Data><NamedCell
      ss:Name="Print_Titles"/></Cell>
   </Row>
   <Row ss:AutoFitHeight="0" ss:Height="34.875">
    <Cell ss:StyleID="s36"><Data ss:Type="String">Показатели</Data><NamedCell
      ss:Name="Print_Titles"/></Cell>
    <Cell ss:StyleID="s37"><Data ss:Type="String">Код строки</Data><NamedCell
      ss:Name="Print_Titles"/></Cell>
    <Cell ss:StyleID="s37"><Data ss:Type="String">Значение показателей</Data><NamedCell
      ss:Name="Print_Titles"/></Cell>
   </Row>
   <Row ss:StyleID="s28">
    <Cell ss:StyleID="s34"><Data ss:Type="String">А</Data><NamedCell
      ss:Name="Print_Titles"/></Cell>
    <Cell ss:StyleID="s35"><Data ss:Type="String">Б</Data><NamedCell
      ss:Name="Print_Titles"/></Cell>
    <Cell ss:StyleID="s35"><Data ss:Type="Number">1</Data><NamedCell
      ss:Name="Print_Titles"/></Cell>
   </Row>
   <Row ss:AutoFitHeight="0" ss:Height="19.5">
    <Cell ss:MergeAcross="2" ss:StyleID="m37738096"><Data ss:Type="String">                         Раздел Г</Data></Cell>
   </Row>
   <Row ss:AutoFitHeight="0" ss:Height="18.75">
    <Cell ss:StyleID="s58"><Data ss:Type="String">Доходы сельскохозяйственных товаропроизводителей - всего</Data></Cell>
    <Cell ss:StyleID="s44"><Data ss:Type="Number">1600</Data></Cell>
    <Cell ss:StyleID="s40"><Data ss:Type="Number">332997101</Data></Cell>
   </Row>
   <Row ss:AutoFitHeight="0" ss:Height="18.75">
    <Cell ss:StyleID="s58"><Data ss:Type="String">Расходы сельскохозяйственных товаропроизводителей - всего</Data></Cell>
    <Cell ss:StyleID="s44"><Data ss:Type="Number">1610</Data></Cell>
    <Cell ss:StyleID="s40"><Data ss:Type="Number">282666894</Data></Cell>
   </Row>
   <Row ss:AutoFitHeight="0" ss:Height="18.75">
    <Cell ss:StyleID="s57"><Data ss:Type="String">Налоговая база</Data></Cell>
    <Cell ss:StyleID="s44"><Data ss:Type="Number">1620</Data></Cell>
    <Cell ss:StyleID="s40"><Data ss:Type="Number">58202279</Data></Cell>
   </Row>
   <Row ss:AutoFitHeight="0" ss:Height="21">
    <Cell ss:StyleID="s57"><Data ss:Type="String">Сумма убытка организации, исчисленного при налогообложении</Data></Cell>
    <Cell ss:StyleID="s44"><Data ss:Type="Number">1630</Data></Cell>
    <Cell ss:StyleID="s40"><Data ss:Type="Number">7872072</Data></Cell>
   </Row>
   <Row ss:AutoFitHeight="0" ss:Height="34.5">
    <Cell ss:StyleID="s57"><Data ss:Type="String">Количество налогоплательщиков, данные по которым приведены в Разделе Г - всего, в том числе</Data></Cell>
    <Cell ss:StyleID="s44"><Data ss:Type="Number">1640</Data></Cell>
    <Cell ss:StyleID="s40"><Data ss:Type="Number">13042</Data></Cell>
   </Row>
   <Row ss:AutoFitHeight="0" ss:Height="21">
    <Cell ss:StyleID="s57"><Data ss:Type="String">         количество организаций, имеющих нулевой финансовый результат                                                                   </Data></Cell>
    <Cell ss:StyleID="s44"><Data ss:Type="Number">1650</Data></Cell>
    <Cell ss:StyleID="s40"><Data ss:Type="Number">3033</Data></Cell>
   </Row>
   <Row ss:AutoFitHeight="0" ss:Height="21">
    <Cell ss:StyleID="s57"><Data ss:Type="String">         количество убыточных организаций                                                                  </Data></Cell>
    <Cell ss:StyleID="s44"><Data ss:Type="Number">1660</Data></Cell>
    <Cell ss:StyleID="s40"><Data ss:Type="Number">2157</Data></Cell>
   </Row>
   <Row ss:AutoFitHeight="0" ss:Height="22.5">
    <Cell ss:MergeAcross="2" ss:StyleID="m37738056"><Data ss:Type="String">                         Раздел Д</Data></Cell>
   </Row>
   <Row ss:AutoFitHeight="0" ss:Height="34.5">
    <Cell ss:StyleID="s58"><Data ss:Type="String">Сумма налога, начисленная с дивидендов, выплаченных за отчетные (налоговый) периоды - всего (Раздел А Листа 03 декларации)</Data></Cell>
    <Cell ss:StyleID="s44"><Data ss:Type="Number">1700</Data></Cell>
    <Cell ss:StyleID="s40"><Data ss:Type="Number">25808433</Data></Cell>
   </Row>
   <Row ss:AutoFitHeight="0" ss:Height="36">
    <Cell ss:StyleID="s58"><Data ss:Type="String">Сумма налога, начисленная с доходов, выплаченных за отчетные (налоговый) периоды - всего (Раздел Б Листа 03 декларации)</Data></Cell>
    <Cell ss:StyleID="s44"><Data ss:Type="Number">1710</Data></Cell>
    <Cell ss:StyleID="s40"><Data ss:Type="Number">39905</Data></Cell>
   </Row>
   <Row ss:AutoFitHeight="0" ss:Height="34.5">
    <Cell ss:StyleID="s58"><Data ss:Type="String">Сумма налога, начисленная с доходов, выплаченных за отчетные (налоговый) периоды - всего ( Лист  04 декларации)</Data></Cell>
    <Cell ss:StyleID="s44"><Data ss:Type="Number">1720</Data></Cell>
    <Cell ss:StyleID="s40"><Data ss:Type="Number">8236879</Data></Cell>
   </Row>
   <Row ss:AutoFitHeight="0" ss:Height="21">
    <Cell ss:MergeAcross="2" ss:StyleID="m37738076"><Data ss:Type="String">                         Раздел Е</Data></Cell>
   </Row>
   <Row ss:AutoFitHeight="0" ss:Height="18.75">
    <Cell ss:StyleID="s58"><Data ss:Type="String">Доходы иностранной организации - всего</Data></Cell>
    <Cell ss:StyleID="s44"><Data ss:Type="Number">1800</Data></Cell>
    <Cell ss:StyleID="s40"><Data ss:Type="Number">489264203</Data></Cell>
   </Row>
   <Row ss:AutoFitHeight="0" ss:Height="18.75">
    <Cell ss:StyleID="s58"><Data ss:Type="String">Расходы иностранной организации - всего</Data></Cell>
    <Cell ss:StyleID="s44"><Data ss:Type="Number">1810</Data></Cell>
    <Cell ss:StyleID="s40"><Data ss:Type="Number">428388857</Data></Cell>
   </Row>
   <Row ss:AutoFitHeight="0" ss:Height="19.5">
    <Cell ss:StyleID="s57"><Data ss:Type="String">Налоговая база для исчисления налога в федеральный бюджет</Data></Cell>
    <Cell ss:StyleID="s44"><Data ss:Type="Number">1820</Data></Cell>
    <Cell ss:StyleID="s40"><Data ss:Type="Number">50111182</Data></Cell>
   </Row>
   <Row ss:AutoFitHeight="0" ss:Height="19.5">
    <Cell ss:StyleID="s57"><Data ss:Type="String">Сумма убытка иностранной организации, исчисленного при налогообложении</Data></Cell>
    <Cell ss:StyleID="s44"><Data ss:Type="Number">1821</Data></Cell>
    <Cell ss:StyleID="s40"><Data ss:Type="Number">8033273</Data></Cell>
   </Row>
   <Row ss:AutoFitHeight="0" ss:Height="18">
    <Cell ss:StyleID="s57"><Data ss:Type="String">Сумма налога по расчету - всего,</Data></Cell>
    <Cell ss:StyleID="s44"><Data ss:Type="Number">1830</Data></Cell>
    <Cell ss:StyleID="s40"><Data ss:Type="Number">11871666</Data></Cell>
   </Row>
   <Row ss:AutoFitHeight="0" ss:Height="18">
    <Cell ss:StyleID="s65"><Data ss:Type="String">            в том числе в  федеральный бюджет</Data></Cell>
    <Cell ss:StyleID="s44"><Data ss:Type="Number">1840</Data></Cell>
    <Cell ss:StyleID="s40"><Data ss:Type="Number">3249704</Data></Cell>
   </Row>
   <Row ss:AutoFitHeight="0" ss:Height="32.25">
    <Cell ss:StyleID="s57"><Data ss:Type="String">Количество налогоплательщиков, данные по которым приведены в Разделе Е - всего, в том числе</Data></Cell>
    <Cell ss:StyleID="s44"><Data ss:Type="Number">1850</Data></Cell>
    <Cell ss:StyleID="s40"><Data ss:Type="Number">8678</Data></Cell>
   </Row>
   <Row ss:AutoFitHeight="0" ss:Height="18">
    <Cell ss:StyleID="s57"><Data ss:Type="String">         количество организаций, имеющих нулевой финансовый результат                                                                   </Data></Cell>
    <Cell ss:StyleID="s44"><Data ss:Type="Number">1860</Data></Cell>
    <Cell ss:StyleID="s40"><Data ss:Type="Number">5827</Data></Cell>
   </Row>
   <Row ss:AutoFitHeight="0" ss:Height="23.25">
    <Cell ss:StyleID="s57"><Data ss:Type="String">         количество убыточных организаций                                                                  </Data></Cell>
    <Cell ss:StyleID="s44"><Data ss:Type="Number">1870</Data></Cell>
    <Cell ss:StyleID="s40"><Data ss:Type="Number">726</Data></Cell>
   </Row>
   <Row ss:Index="36" ss:Height="15">
    <Cell ss:StyleID="s55"/>
    <Cell ss:StyleID="s66"/>
    <Cell ss:StyleID="s56"/>
   </Row>
   <Row ss:AutoFitHeight="0" ss:Height="15.75"/>
  </Table>
  <WorksheetOptions xmlns="urn:schemas-microsoft-com:office:excel">
   <PageSetup>
    <Layout x:CenterHorizontal="1"/>
    <Header x:Margin="0.15748031496062992"/>
    <Footer x:Margin="0.19685039370078741"/>
    <PageMargins x:Bottom="0.27559055118110237" x:Left="0.43307086614173229"
     x:Right="0.19685039370078741" x:Top="0.98425196850393704"/>
   </PageSetup>
   <Print>
    <ValidPrinterInfo/>
    <PaperSizeIndex>9</PaperSizeIndex>
    <Scale>75</Scale>
    <HorizontalResolution>600</HorizontalResolution>
    <VerticalResolution>300</VerticalResolution>
   </Print>
   <Zoom>75</Zoom>
   <TopRowVisible>18</TopRowVisible>
   <Panes>
    <Pane>
     <Number>3</Number>
     <ActiveRow>20</ActiveRow>
     <ActiveCol>2</ActiveCol>
    </Pane>
   </Panes>
   <ProtectObjects>False</ProtectObjects>
   <ProtectScenarios>False</ProtectScenarios>
  </WorksheetOptions>
 </Worksheet>
 <Worksheet ss:Name="hidden1">
  <Table ss:ExpandedColumnCount="2" ss:ExpandedRowCount="26" x:FullColumns="1"
   x:FullRows="1">
   <Row>
    <Cell><Data ss:Type="Number">106217520988</Data></Cell>
    <Cell><Data ss:Type="Number">0</Data></Cell>
   </Row>
   <Row>
    <Cell><Data ss:Type="Number">16748922446</Data></Cell>
    <Cell><Data ss:Type="Number">0</Data></Cell>
   </Row>
   <Row>
    <Cell><Data ss:Type="Number">99120746174</Data></Cell>
    <Cell><Data ss:Type="Number">0</Data></Cell>
   </Row>
   <Row>
    <Cell><Data ss:Type="Number">15322151155</Data></Cell>
    <Cell><Data ss:Type="Number">0</Data></Cell>
   </Row>
   <Row>
    <Cell><Data ss:Type="Number">71302807</Data></Cell>
    <Cell><Data ss:Type="Number">0</Data></Cell>
   </Row>
   <Row>
    <Cell><Data ss:Type="Number">787906644</Data></Cell>
    <Cell><Data ss:Type="Number">0</Data></Cell>
   </Row>
   <Row>
    <Cell><Data ss:Type="Number">3743502</Data></Cell>
    <Cell><Data ss:Type="Number">898294</Data></Cell>
   </Row>
   <Row>
    <Cell><Data ss:Type="Number">210021160</Data></Cell>
    <Cell><Data ss:Type="Number">50298034</Data></Cell>
   </Row>
   <Row>
    <Cell><Data ss:Type="Number">8830069070</Data></Cell>
    <Cell><Data ss:Type="Number">0</Data></Cell>
   </Row>
   <Row>
    <Cell><Data ss:Type="Number">2091235716</Data></Cell>
    <Cell><Data ss:Type="Number">0</Data></Cell>
   </Row>
   <Row>
    <Cell><Data ss:Type="Number">573952792</Data></Cell>
    <Cell><Data ss:Type="Number">0</Data></Cell>
   </Row>
   <Row>
    <Cell><Data ss:Type="Number">2139840</Data></Cell>
    <Cell><Data ss:Type="Number">0</Data></Cell>
   </Row>
   <Row>
    <Cell><Data ss:Type="Number">290579433</Data></Cell>
    <Cell><Data ss:Type="Number">0</Data></Cell>
   </Row>
   <Row>
    <Cell><Data ss:Type="Number">78634718</Data></Cell>
    <Cell><Data ss:Type="Number">0</Data></Cell>
   </Row>
   <Row>
    <Cell><Data ss:Type="Number">270236579</Data></Cell>
    <Cell><Data ss:Type="Number">0</Data></Cell>
   </Row>
   <Row>
    <Cell><Data ss:Type="Number">73192212</Data></Cell>
    <Cell><Data ss:Type="Number">0</Data></Cell>
   </Row>
   <Row>
    <Cell><Data ss:Type="Number">0</Data></Cell>
    <Cell><Data ss:Type="Number">27872043</Data></Cell>
   </Row>
   <Row>
    <Cell><Data ss:Type="Number">0</Data></Cell>
    <Cell><Data ss:Type="Number">1689</Data></Cell>
   </Row>
   <Row>
    <Cell><Data ss:Type="Number">0</Data></Cell>
    <Cell><Data ss:Type="Number">79070060</Data></Cell>
   </Row>
   <Row>
    <Cell><Data ss:Type="Number">946206217</Data></Cell>
    <Cell><Data ss:Type="Number">0</Data></Cell>
   </Row>
   <Row>
    <Cell><Data ss:Type="Number">41028098</Data></Cell>
    <Cell><Data ss:Type="Number">0</Data></Cell>
   </Row>
   <Row>
    <Cell><Data ss:Type="Number">433776563</Data></Cell>
    <Cell><Data ss:Type="Number">0</Data></Cell>
   </Row>
   <Row>
    <Cell><Data ss:Type="Number">1302529</Data></Cell>
    <Cell><Data ss:Type="Number">0</Data></Cell>
   </Row>
   <Row>
    <Cell><Data ss:Type="Number">339292</Data></Cell>
    <Cell><Data ss:Type="Number">0</Data></Cell>
   </Row>
   <Row>
    <Cell><Data ss:Type="Number">179920</Data></Cell>
    <Cell><Data ss:Type="Number">0</Data></Cell>
   </Row>
   <Row>
    <Cell><Data ss:Type="Number">252115187855</Data></Cell>
    <Cell><Data ss:Type="Number">158140120</Data></Cell>
   </Row>
  </Table>
  <WorksheetOptions xmlns="urn:schemas-microsoft-com:office:excel">
   <Visible>SheetHidden</Visible>
   <ProtectObjects>False</ProtectObjects>
   <ProtectScenarios>False</ProtectScenarios>
  </WorksheetOptions>
 </Worksheet>
 <Worksheet ss:Name="hidden2">
  <Table ss:ExpandedColumnCount="1" ss:ExpandedRowCount="11" x:FullColumns="1"
   x:FullRows="1">
   <Row>
    <Cell><Data ss:Type="Number">28416599142</Data></Cell>
   </Row>
   <Row>
    <Cell><Data ss:Type="Number">16232857</Data></Cell>
   </Row>
   <Row>
    <Cell><Data ss:Type="Number">1368375</Data></Cell>
   </Row>
   <Row>
    <Cell><Data ss:Type="Number">137120476</Data></Cell>
   </Row>
   <Row>
    <Cell><Data ss:Type="Number">437720</Data></Cell>
   </Row>
   <Row>
    <Cell><Data ss:Type="Number">1226578</Data></Cell>
   </Row>
   <Row>
    <Cell><Data ss:Type="Number">117357</Data></Cell>
   </Row>
   <Row>
    <Cell><Data ss:Type="Number">1659635</Data></Cell>
   </Row>
   <Row>
    <Cell><Data ss:Type="Number">1483919945</Data></Cell>
   </Row>
   <Row>
    <Cell><Data ss:Type="Number">24121265</Data></Cell>
   </Row>
   <Row>
    <Cell><Data ss:Type="Number">30082803350</Data></Cell>
   </Row>
  </Table>
  <WorksheetOptions xmlns="urn:schemas-microsoft-com:office:excel">
   <Visible>SheetHidden</Visible>
   <ProtectObjects>False</ProtectObjects>
   <ProtectScenarios>False</ProtectScenarios>
  </WorksheetOptions>
 </Worksheet>
 <Worksheet ss:Name="hidden3">
  <Table ss:ExpandedColumnCount="1" ss:ExpandedRowCount="8" x:FullColumns="1"
   x:FullRows="1">
   <Row>
    <Cell><Data ss:Type="Number">332997101</Data></Cell>
   </Row>
   <Row>
    <Cell><Data ss:Type="Number">282666894</Data></Cell>
   </Row>
   <Row>
    <Cell><Data ss:Type="Number">58202279</Data></Cell>
   </Row>
   <Row>
    <Cell><Data ss:Type="Number">7872072</Data></Cell>
   </Row>
   <Row>
    <Cell><Data ss:Type="Number">13042</Data></Cell>
   </Row>
   <Row>
    <Cell><Data ss:Type="Number">3033</Data></Cell>
   </Row>
   <Row>
    <Cell><Data ss:Type="Number">2157</Data></Cell>
   </Row>
   <Row>
    <Cell><Data ss:Type="Number">681756578</Data></Cell>
   </Row>
  </Table>
  <WorksheetOptions xmlns="urn:schemas-microsoft-com:office:excel">
   <Visible>SheetHidden</Visible>
   <Panes>
    <Pane>
     <Number>3</Number>
     <ActiveRow>41</ActiveRow>
     <ActiveCol>5</ActiveCol>
    </Pane>
   </Panes>
   <ProtectObjects>False</ProtectObjects>
   <ProtectScenarios>False</ProtectScenarios>
  </WorksheetOptions>
 </Worksheet>
 <Worksheet ss:Name="hidden4">
  <Table ss:ExpandedColumnCount="1" ss:ExpandedRowCount="4" x:FullColumns="1"
   x:FullRows="1">
   <Row>
    <Cell><Data ss:Type="Number">25808433</Data></Cell>
   </Row>
   <Row>
    <Cell><Data ss:Type="Number">39905</Data></Cell>
   </Row>
   <Row>
    <Cell><Data ss:Type="Number">8236879</Data></Cell>
   </Row>
   <Row>
    <Cell><Data ss:Type="Number">34085217</Data></Cell>
   </Row>
  </Table>
  <WorksheetOptions xmlns="urn:schemas-microsoft-com:office:excel">
   <Visible>SheetHidden</Visible>
   <ProtectObjects>False</ProtectObjects>
   <ProtectScenarios>False</ProtectScenarios>
  </WorksheetOptions>
 </Worksheet>
 <Worksheet ss:Name="hidden5">
  <Table ss:ExpandedColumnCount="1" ss:ExpandedRowCount="10" x:FullColumns="1"
   x:FullRows="1">
   <Row>
    <Cell><Data ss:Type="Number">489264203</Data></Cell>
   </Row>
   <Row>
    <Cell><Data ss:Type="Number">428388857</Data></Cell>
   </Row>
   <Row>
    <Cell><Data ss:Type="Number">50111182</Data></Cell>
   </Row>
   <Row>
    <Cell><Data ss:Type="Number">8033273</Data></Cell>
   </Row>
   <Row>
    <Cell><Data ss:Type="Number">11871666</Data></Cell>
   </Row>
   <Row>
    <Cell><Data ss:Type="Number">3249704</Data></Cell>
   </Row>
   <Row>
    <Cell><Data ss:Type="Number">8678</Data></Cell>
   </Row>
   <Row>
    <Cell><Data ss:Type="Number">5827</Data></Cell>
   </Row>
   <Row>
    <Cell><Data ss:Type="Number">726</Data></Cell>
   </Row>
   <Row>
    <Cell><Data ss:Type="Number">990934116</Data></Cell>
   </Row>
  </Table>
  <WorksheetOptions xmlns="urn:schemas-microsoft-com:office:excel">
   <Visible>SheetHidden</Visible>
   <ProtectObjects>False</ProtectObjects>
   <ProtectScenarios>False</ProtectScenarios>
  </WorksheetOptions>
 </Worksheet>
 <Worksheet ss:Name="hidden6">
  <Table ss:ExpandedColumnCount="2" ss:ExpandedRowCount="38" x:FullColumns="1"
   x:FullRows="1">
   <Row>
    <Cell><Data ss:Type="String">на 01.01.2008 г.</Data></Cell>
    <Cell><Data ss:Type="Number">1</Data></Cell>
   </Row>
   <Row>
    <Cell><Data ss:Type="String">на 01.12.2007 г.</Data></Cell>
    <Cell><Data ss:Type="Number">2</Data></Cell>
   </Row>
   <Row>
    <Cell><Data ss:Type="String">на 01.10.2007 г.</Data></Cell>
    <Cell><Data ss:Type="Number">3</Data></Cell>
   </Row>
   <Row>
    <Cell><Data ss:Type="String">на 01.01.2007 г.</Data></Cell>
    <Cell><Data ss:Type="Number">4</Data></Cell>
   </Row>
   <Row>
    <Cell><Data ss:Type="String">на 01 января 2008 года</Data></Cell>
    <Cell><Data ss:Type="Number">5</Data></Cell>
   </Row>
   <Row>
    <Cell><Data ss:Type="String">на 01 декабря 2007 года</Data></Cell>
    <Cell><Data ss:Type="Number">6</Data></Cell>
   </Row>
   <Row>
    <Cell><Data ss:Type="String">на 01 октября 2007 года</Data></Cell>
    <Cell><Data ss:Type="Number">7</Data></Cell>
   </Row>
   <Row>
    <Cell><Data ss:Type="String">на 01 января 2007 года</Data></Cell>
    <Cell><Data ss:Type="Number">8</Data></Cell>
   </Row>
   <Row>
    <Cell><Data ss:Type="String">по состоянию на 01.01.2008 г.</Data></Cell>
    <Cell><Data ss:Type="Number">9</Data></Cell>
   </Row>
   <Row>
    <Cell><Data ss:Type="String">по состоянию на 01.12.2007 г.</Data></Cell>
    <Cell><Data ss:Type="Number">10</Data></Cell>
   </Row>
   <Row>
    <Cell><Data ss:Type="String">по состоянию на 01.10.2007 г.</Data></Cell>
    <Cell><Data ss:Type="Number">11</Data></Cell>
   </Row>
   <Row>
    <Cell><Data ss:Type="String">по состоянию на 01.01.2007 г.</Data></Cell>
    <Cell><Data ss:Type="Number">12</Data></Cell>
   </Row>
   <Row>
    <Cell><Data ss:Type="String">по состоянию на 01 января 2008 года</Data></Cell>
    <Cell><Data ss:Type="Number">13</Data></Cell>
   </Row>
   <Row>
    <Cell><Data ss:Type="String">по состоянию на 01 декабря 2007 года</Data></Cell>
    <Cell><Data ss:Type="Number">14</Data></Cell>
   </Row>
   <Row>
    <Cell><Data ss:Type="String">по состоянию на 01 октября 2007 года</Data></Cell>
    <Cell><Data ss:Type="Number">15</Data></Cell>
   </Row>
   <Row>
    <Cell><Data ss:Type="String">по состоянию на 01 января 2007 года</Data></Cell>
    <Cell><Data ss:Type="Number">16</Data></Cell>
   </Row>
   <Row>
    <Cell><Data ss:Type="String">в  январe 2008 года</Data></Cell>
    <Cell><Data ss:Type="Number">17</Data></Cell>
   </Row>
   <Row>
    <Cell><Data ss:Type="String">на январь</Data></Cell>
    <Cell><Data ss:Type="Number">18</Data></Cell>
   </Row>
   <Row>
    <Cell><Data ss:Type="String">за январь</Data></Cell>
    <Cell><Data ss:Type="Number">19</Data></Cell>
   </Row>
   <Row>
    <Cell><Data ss:Type="String">в январе</Data></Cell>
    <Cell><Data ss:Type="Number">20</Data></Cell>
   </Row>
   <Row>
    <Cell><Data ss:Type="String">на январь 2008 г.</Data></Cell>
    <Cell><Data ss:Type="Number">21</Data></Cell>
   </Row>
   <Row>
    <Cell><Data ss:Type="String">за январь  2008 г.</Data></Cell>
    <Cell><Data ss:Type="Number">22</Data></Cell>
   </Row>
   <Row>
    <Cell><Data ss:Type="String">за январь  2008 г.</Data></Cell>
    <Cell><Data ss:Type="Number">23</Data></Cell>
   </Row>
   <Row>
    <Cell><Data ss:Type="String">на январь 2007 г.</Data></Cell>
    <Cell><Data ss:Type="Number">24</Data></Cell>
   </Row>
   <Row>
    <Cell><Data ss:Type="String">за январь  2007 г.</Data></Cell>
    <Cell><Data ss:Type="Number">25</Data></Cell>
   </Row>
   <Row>
    <Cell><Data ss:Type="String">в январе  2007 г.</Data></Cell>
    <Cell><Data ss:Type="Number">26</Data></Cell>
   </Row>
   <Row>
    <Cell><Data ss:Type="String">12 мес.</Data></Cell>
    <Cell><Data ss:Type="Number">27</Data></Cell>
   </Row>
   <Row>
    <Cell><Data ss:Type="String">за 12 мес.</Data></Cell>
    <Cell><Data ss:Type="Number">28</Data></Cell>
   </Row>
   <Row>
    <Cell><Data ss:Type="String">12 месяцев</Data></Cell>
    <Cell><Data ss:Type="Number">29</Data></Cell>
   </Row>
   <Row>
    <Cell><Data ss:Type="String">за 12 месяцев</Data></Cell>
    <Cell><Data ss:Type="Number">30</Data></Cell>
   </Row>
   <Row>
    <Cell><Data ss:Type="String">декабрь</Data></Cell>
    <Cell><Data ss:Type="Number">31</Data></Cell>
   </Row>
   <Row>
    <Cell><Data ss:Type="String">ноябрь</Data></Cell>
    <Cell><Data ss:Type="Number">32</Data></Cell>
   </Row>
   <Row>
    <Cell><Data ss:Type="String">октябрь</Data></Cell>
    <Cell><Data ss:Type="Number">33</Data></Cell>
   </Row>
   <Row>
    <Cell><Data ss:Type="String">Поступило         01.01.2008 г.        12 мес.</Data></Cell>
    <Cell><Data ss:Type="Number">34</Data></Cell>
   </Row>
   <Row>
    <Cell><Data ss:Type="String">в  декабрe 2007 года</Data></Cell>
    <Cell><Data ss:Type="Number">35</Data></Cell>
   </Row>
   <Row>
    <Cell><Data ss:Type="String">на 01.07.2007 г.</Data></Cell>
    <Cell><Data ss:Type="Number">36</Data></Cell>
   </Row>
   <Row>
    <Cell><Data ss:Type="String"> январь</Data></Cell>
    <Cell><Data ss:Type="Number">37</Data></Cell>
   </Row>
   <Row>
    <Cell><Data ss:Type="String">январь</Data></Cell>
    <Cell><Data ss:Type="Number">37</Data></Cell>
   </Row>
  </Table>
  <WorksheetOptions xmlns="urn:schemas-microsoft-com:office:excel">
   <Visible>SheetHidden</Visible>
   <ProtectObjects>False</ProtectObjects>
   <ProtectScenarios>False</ProtectScenarios>
  </WorksheetOptions>
 </Worksheet>
</Workbook>
