<?xml version="1.0"?>
<?mso-application progid="Excel.Sheet"?>
<Workbook xmlns="urn:schemas-microsoft-com:office:spreadsheet"
 xmlns:o="urn:schemas-microsoft-com:office:office"
 xmlns:x="urn:schemas-microsoft-com:office:excel"
 xmlns:ss="urn:schemas-microsoft-com:office:spreadsheet"
 xmlns:html="http://www.w3.org/TR/REC-html40">
 <DocumentProperties xmlns="urn:schemas-microsoft-com:office:office">
  <Author>userpc</Author>
  <LastAuthor>balmaster</LastAuthor>
  <LastPrinted>2009-02-25T15:21:22Z</LastPrinted>
  <Created>2007-12-25T07:22:12Z</Created>
  <LastSaved>2010-03-22T07:18:43Z</LastSaved>
  <Company>fns</Company>
  <Version>12.00</Version>
 </DocumentProperties>
 <ExcelWorkbook xmlns="urn:schemas-microsoft-com:office:excel">
  <WindowHeight>8835</WindowHeight>
  <WindowWidth>12120</WindowWidth>
  <WindowTopX>4035</WindowTopX>
  <WindowTopY>3735</WindowTopY>
  <ProtectStructure>False</ProtectStructure>
  <ProtectWindows>False</ProtectWindows>
 </ExcelWorkbook>
 <Styles>
  <Style ss:ID="Default" ss:Name="Normal">
   <Alignment ss:Vertical="Bottom"/>
   <Borders/>
   <Font ss:FontName="Arial Cyr" x:CharSet="204"/>
   <Interior/>
   <NumberFormat/>
   <Protection/>
  </Style>
  <Style ss:ID="m37736752">
   <Alignment ss:Horizontal="Center" ss:Vertical="Bottom" ss:WrapText="1"/>
   <Borders>
    <Border ss:Position="Bottom" ss:LineStyle="Continuous" ss:Weight="2"/>
    <Border ss:Position="Left" ss:LineStyle="Continuous" ss:Weight="2"/>
    <Border ss:Position="Right" ss:LineStyle="Continuous" ss:Weight="2"/>
    <Border ss:Position="Top" ss:LineStyle="Continuous" ss:Weight="2"/>
   </Borders>
   <Font ss:FontName="Arial Cyr" x:CharSet="204" x:Family="Swiss"/>
  </Style>
  <Style ss:ID="m37736792">
   <Alignment ss:Horizontal="Center" ss:Vertical="Bottom" ss:WrapText="1"/>
   <Borders>
    <Border ss:Position="Bottom" ss:LineStyle="Continuous" ss:Weight="2"/>
    <Border ss:Position="Left" ss:LineStyle="Continuous" ss:Weight="2"/>
    <Border ss:Position="Right" ss:LineStyle="Continuous" ss:Weight="2"/>
    <Border ss:Position="Top" ss:LineStyle="Continuous" ss:Weight="2"/>
   </Borders>
   <Font ss:FontName="Arial Cyr" x:CharSet="204" x:Family="Swiss"/>
  </Style>
  <Style ss:ID="s21">
   <Alignment ss:Horizontal="Justify" ss:Vertical="Bottom"/>
   <Font ss:FontName="Times New Roman" x:CharSet="204" x:Family="Roman" ss:Size="9"/>
  </Style>
  <Style ss:ID="s22">
   <Borders/>
  </Style>
  <Style ss:ID="s23">
   <Font ss:FontName="Arial Cyr" x:CharSet="204"/>
  </Style>
  <Style ss:ID="s24">
   <Alignment ss:Horizontal="Right" ss:Vertical="Bottom"/>
   <Font ss:FontName="Arial Cyr" x:CharSet="204"/>
  </Style>
  <Style ss:ID="s26">
   <Alignment ss:Horizontal="Justify" ss:Vertical="Top" ss:WrapText="1"/>
   <Borders/>
   <Font ss:FontName="Arial Cyr" x:CharSet="204"/>
  </Style>
  <Style ss:ID="s27">
   <Alignment ss:Horizontal="Center" ss:Vertical="Top" ss:WrapText="1"/>
   <Borders/>
   <Font ss:FontName="Arial Cyr" x:CharSet="204"/>
  </Style>
  <Style ss:ID="s28">
   <Font ss:FontName="Arial CYR" x:CharSet="204" ss:Size="12"/>
  </Style>
  <Style ss:ID="s29">
   <Alignment ss:Horizontal="Justify" ss:Vertical="Top" ss:WrapText="1"/>
   <Borders/>
   <Font ss:FontName="Arial Cyr" x:CharSet="204"/>
   <Interior/>
  </Style>
  <Style ss:ID="s30">
   <Alignment ss:Horizontal="Center" ss:Vertical="Center" ss:WrapText="1"/>
   <Borders>
    <Border ss:Position="Left" ss:LineStyle="Continuous" ss:Weight="2"/>
    <Border ss:Position="Right" ss:LineStyle="Continuous" ss:Weight="2"/>
    <Border ss:Position="Top" ss:LineStyle="Continuous" ss:Weight="2"/>
   </Borders>
   <Font ss:FontName="Arial Cyr" x:CharSet="204"/>
  </Style>
  <Style ss:ID="s31">
   <Alignment ss:Horizontal="Center" ss:Vertical="Center" ss:WrapText="1"/>
   <Borders>
    <Border ss:Position="Right" ss:LineStyle="Continuous" ss:Weight="2"/>
    <Border ss:Position="Top" ss:LineStyle="Continuous" ss:Weight="2"/>
   </Borders>
   <Font ss:FontName="Arial Cyr" x:CharSet="204"/>
  </Style>
  <Style ss:ID="s32">
   <Alignment ss:Horizontal="Center" ss:Vertical="Top" ss:WrapText="1"/>
   <Borders>
    <Border ss:Position="Bottom" ss:LineStyle="Continuous" ss:Weight="2"/>
    <Border ss:Position="Left" ss:LineStyle="Continuous" ss:Weight="2"/>
    <Border ss:Position="Right" ss:LineStyle="Continuous" ss:Weight="2"/>
    <Border ss:Position="Top" ss:LineStyle="Continuous" ss:Weight="2"/>
   </Borders>
   <Font ss:FontName="Arial Cyr" x:CharSet="204"/>
  </Style>
  <Style ss:ID="s33">
   <Alignment ss:Horizontal="Center" ss:Vertical="Top" ss:WrapText="1"/>
   <Borders/>
   <Font ss:FontName="Times New Roman" x:Family="Roman"/>
  </Style>
  <Style ss:ID="s34">
   <Alignment ss:Horizontal="Justify" ss:Vertical="Top" ss:WrapText="1"/>
   <Borders/>
   <Font ss:FontName="Times New Roman" x:Family="Roman" ss:Size="12"/>
  </Style>
  <Style ss:ID="s35">
   <Alignment ss:Horizontal="Center" ss:Vertical="Bottom" ss:WrapText="1"/>
   <Borders/>
   <Font ss:FontName="Arial Cyr" x:CharSet="204"/>
   <Interior/>
  </Style>
  <Style ss:ID="s36">
   <Alignment ss:Horizontal="Center" ss:Vertical="Bottom"/>
   <Font ss:FontName="Arial Cyr" x:CharSet="204"/>
  </Style>
  <Style ss:ID="s37">
   <Alignment ss:Vertical="Bottom" ss:WrapText="1"/>
   <Borders>
    <Border ss:Position="Bottom" ss:LineStyle="Continuous" ss:Weight="2"/>
    <Border ss:Position="Left" ss:LineStyle="Continuous" ss:Weight="2"/>
    <Border ss:Position="Right" ss:LineStyle="Continuous" ss:Weight="2"/>
    <Border ss:Position="Top" ss:LineStyle="Continuous" ss:Weight="2"/>
   </Borders>
   <Font ss:FontName="Arial Cyr" x:CharSet="204" x:Family="Swiss"/>
  </Style>
  <Style ss:ID="s38">
   <Alignment ss:Horizontal="Center" ss:Vertical="Bottom" ss:WrapText="1"/>
   <Borders>
    <Border ss:Position="Bottom" ss:LineStyle="Continuous" ss:Weight="2"/>
    <Border ss:Position="Left" ss:LineStyle="Continuous" ss:Weight="2"/>
    <Border ss:Position="Right" ss:LineStyle="Continuous" ss:Weight="2"/>
    <Border ss:Position="Top" ss:LineStyle="Continuous" ss:Weight="2"/>
   </Borders>
   <Font ss:FontName="Arial Cyr" x:CharSet="204" x:Family="Swiss"/>
  </Style>
  <Style ss:ID="s39">
   <Alignment ss:Horizontal="Justify" ss:Vertical="Top" ss:WrapText="1"/>
   <Borders/>
   <Font ss:FontName="Arial Cyr" x:CharSet="204" x:Family="Swiss" ss:Size="11"
    ss:Bold="1"/>
  </Style>
  <Style ss:ID="s40">
   <Alignment ss:Horizontal="Left" ss:Vertical="Bottom"/>
   <Font ss:FontName="Arial Cyr" x:CharSet="204" x:Family="Swiss" ss:Size="11"
    ss:Bold="1"/>
  </Style>
  <Style ss:ID="s41">
   <Alignment ss:Vertical="Bottom" ss:WrapText="1"/>
   <Borders>
    <Border ss:Position="Bottom" ss:LineStyle="Continuous" ss:Weight="2"/>
    <Border ss:Position="Left" ss:LineStyle="Continuous" ss:Weight="2"/>
    <Border ss:Position="Right" ss:LineStyle="Continuous" ss:Weight="2"/>
   </Borders>
   <Font ss:FontName="Arial Cyr" x:CharSet="204" x:Family="Swiss"/>
  </Style>
  <Style ss:ID="s42">
   <Alignment ss:Horizontal="Center" ss:Vertical="Bottom" ss:WrapText="1"/>
   <Borders>
    <Border ss:Position="Bottom" ss:LineStyle="Continuous" ss:Weight="2"/>
    <Border ss:Position="Right" ss:LineStyle="Continuous" ss:Weight="2"/>
   </Borders>
   <Font ss:FontName="Arial Cyr" x:CharSet="204" x:Family="Swiss"/>
   <NumberFormat ss:Format="@"/>
  </Style>
  <Style ss:ID="s43">
   <Alignment ss:Horizontal="Center" ss:Vertical="Bottom" ss:WrapText="1"/>
   <Borders>
    <Border ss:Position="Bottom" ss:LineStyle="Continuous" ss:Weight="2"/>
    <Border ss:Position="Right" ss:LineStyle="Continuous" ss:Weight="2"/>
   </Borders>
   <Font ss:FontName="Arial Cyr" x:CharSet="204" x:Family="Swiss"/>
  </Style>
  <Style ss:ID="s44">
   <Alignment ss:Horizontal="Justify" ss:Vertical="Bottom" ss:WrapText="1"/>
   <Borders>
    <Border ss:Position="Bottom" ss:LineStyle="Continuous" ss:Weight="2"/>
    <Border ss:Position="Left" ss:LineStyle="Continuous" ss:Weight="2"/>
    <Border ss:Position="Right" ss:LineStyle="Continuous" ss:Weight="2"/>
   </Borders>
   <Font ss:FontName="Arial Cyr" x:CharSet="204" x:Family="Swiss"/>
  </Style>
  <Style ss:ID="s45">
   <Alignment ss:Horizontal="Center" ss:Vertical="Bottom" ss:WrapText="1"/>
   <Borders>
    <Border ss:Position="Bottom" ss:LineStyle="Continuous" ss:Weight="2"/>
    <Border ss:Position="Right" ss:LineStyle="Continuous" ss:Weight="2"/>
    <Border ss:Position="Top" ss:LineStyle="Continuous" ss:Weight="2"/>
   </Borders>
   <Font ss:FontName="Arial Cyr" x:CharSet="204" x:Family="Swiss"/>
  </Style>
  <Style ss:ID="s46">
   <Alignment ss:Horizontal="Justify" ss:Vertical="Bottom" ss:WrapText="1"/>
   <Borders>
    <Border ss:Position="Bottom" ss:LineStyle="Continuous" ss:Weight="2"/>
    <Border ss:Position="Left" ss:LineStyle="Continuous" ss:Weight="2"/>
    <Border ss:Position="Right" ss:LineStyle="Continuous" ss:Weight="2"/>
    <Border ss:Position="Top" ss:LineStyle="Continuous" ss:Weight="2"/>
   </Borders>
   <Font ss:FontName="Arial Cyr" x:CharSet="204" x:Family="Swiss"/>
  </Style>
  <Style ss:ID="s47">
   <Alignment ss:Horizontal="Center" ss:Vertical="Bottom" ss:WrapText="1"/>
   <Borders>
    <Border ss:Position="Bottom" ss:LineStyle="Continuous" ss:Weight="2"/>
    <Border ss:Position="Left" ss:LineStyle="Continuous" ss:Weight="2"/>
    <Border ss:Position="Right" ss:LineStyle="Continuous" ss:Weight="2"/>
   </Borders>
   <Font ss:FontName="Arial Cyr" x:CharSet="204" x:Family="Swiss"/>
  </Style>
  <Style ss:ID="s48">
   <Alignment ss:Vertical="Bottom" ss:WrapText="1"/>
   <Borders>
    <Border ss:Position="Bottom" ss:LineStyle="Continuous" ss:Weight="2"/>
    <Border ss:Position="Left" ss:LineStyle="Continuous" ss:Weight="2"/>
   </Borders>
   <Font ss:FontName="Arial Cyr" x:CharSet="204" x:Family="Swiss"/>
  </Style>
  <Style ss:ID="s49">
   <Alignment ss:Horizontal="Center" ss:Vertical="Bottom" ss:WrapText="1"/>
   <Borders>
    <Border ss:Position="Bottom" ss:LineStyle="Continuous" ss:Weight="2"/>
    <Border ss:Position="Right" ss:LineStyle="Continuous" ss:Weight="2"/>
   </Borders>
   <Font ss:FontName="Arial Cyr" x:CharSet="204" x:Family="Swiss"/>
   <NumberFormat ss:Format="#,##0"/>
  </Style>
  <Style ss:ID="s50">
   <Alignment ss:Horizontal="Right" ss:Vertical="Bottom" ss:WrapText="1"/>
   <Borders>
    <Border ss:Position="Bottom" ss:LineStyle="Continuous" ss:Weight="2"/>
    <Border ss:Position="Right" ss:LineStyle="Continuous" ss:Weight="2"/>
   </Borders>
   <Font ss:FontName="Arial Cyr" x:CharSet="204" x:Family="Swiss"/>
   <NumberFormat ss:Format="#,##0"/>
  </Style>
  <Style ss:ID="s51">
   <Alignment ss:Horizontal="Center" ss:Vertical="Bottom" ss:WrapText="1"/>
   <Borders>
    <Border ss:Position="Bottom" ss:LineStyle="Continuous" ss:Weight="2"/>
    <Border ss:Position="Right" ss:LineStyle="Continuous" ss:Weight="2"/>
    <Border ss:Position="Top" ss:LineStyle="Continuous" ss:Weight="2"/>
   </Borders>
   <Font ss:FontName="Arial Cyr" x:CharSet="204" x:Family="Swiss"/>
   <NumberFormat ss:Format="#,##0"/>
  </Style>
  <Style ss:ID="s52">
   <Alignment ss:Horizontal="Right" ss:Vertical="Bottom" ss:WrapText="1"/>
   <Borders>
    <Border ss:Position="Bottom" ss:LineStyle="Continuous" ss:Weight="2"/>
    <Border ss:Position="Right" ss:LineStyle="Continuous" ss:Weight="2"/>
    <Border ss:Position="Top" ss:LineStyle="Continuous" ss:Weight="2"/>
   </Borders>
   <Font ss:FontName="Arial Cyr" x:CharSet="204" x:Family="Swiss"/>
   <NumberFormat ss:Format="#,##0"/>
  </Style>
  <Style ss:ID="s69">
   <Alignment ss:Horizontal="Right" ss:Vertical="Bottom" ss:WrapText="1"/>
   <Font ss:FontName="Arial Cyr" x:CharSet="204"/>
  </Style>
  <Style ss:ID="s70">
   <Alignment ss:Horizontal="Center" ss:Vertical="Bottom" ss:WrapText="1"/>
   <Font ss:FontName="Arial CYR" x:CharSet="204" ss:Size="12" ss:Bold="1"/>
  </Style>
  <Style ss:ID="s75">
   <Alignment ss:Horizontal="Left" ss:Vertical="Top" ss:WrapText="1"/>
   <Borders>
    <Border ss:Position="Left" ss:LineStyle="Continuous" ss:Weight="2"/>
    <Border ss:Position="Top" ss:LineStyle="Continuous" ss:Weight="2"/>
   </Borders>
   <Font ss:FontName="Arial Cyr" x:CharSet="204" x:Family="Swiss" ss:Size="11"
    ss:Bold="1"/>
  </Style>
  <Style ss:ID="s86">
   <Alignment ss:Horizontal="Center" ss:Vertical="Bottom" ss:WrapText="1"/>
   <Font ss:FontName="Arial Cyr" x:CharSet="204"/>
  </Style>
 </Styles>
 <Worksheet ss:Name="Раздел">
  <Table ss:ExpandedColumnCount="6" ss:ExpandedRowCount="35" x:FullColumns="1"
   x:FullRows="1">
   <Column ss:AutoFitWidth="0" ss:Width="327"/>
   <Column ss:AutoFitWidth="0" ss:Width="54.75"/>
   <Column ss:AutoFitWidth="0" ss:Width="57.75"/>
   <Column ss:AutoFitWidth="0" ss:Width="89.25"/>
   <Column ss:AutoFitWidth="0" ss:Width="78"/>
   <Row>
    <Cell ss:StyleID="s23"/>
    <Cell ss:StyleID="s23"/>
    <Cell ss:StyleID="s23"/>
    <Cell ss:StyleID="s23"/>
    <Cell ss:StyleID="s24"><Data ss:Type="String">форма №5-ПВ</Data></Cell>
   </Row>
   <Row ss:Height="15.75">
    <Cell ss:MergeAcross="4" ss:StyleID="s70"><Data ss:Type="String">ОТЧЕТ</Data></Cell>
   </Row>
   <Row ss:Height="15.75">
    <Cell ss:MergeAcross="4" ss:StyleID="s70"><Data ss:Type="String">о налоговой базе и структуре начислений по акцизам на пиво</Data></Cell>
   </Row>
   <Row ss:Height="15.75">
    <Cell ss:MergeAcross="4" ss:StyleID="s70"><Data ss:Type="String">за 2008 год      </Data></Cell>
   </Row>
   <Row ss:Height="15.75">
    <Cell ss:StyleID="s40"><Data ss:Type="String">Всего по России</Data></Cell>
    <Cell ss:StyleID="s23"/>
    <Cell ss:StyleID="s23"/>
    <Cell ss:StyleID="s23"/>
    <Cell ss:StyleID="s23"/>
   </Row>
   <Row ss:Height="26.25">
    <Cell ss:StyleID="s30"><Data ss:Type="String">Показатели</Data></Cell>
    <Cell ss:StyleID="s30"><Data ss:Type="String">Код строки </Data></Cell>
    <Cell ss:StyleID="s30"><Data ss:Type="String">Код вида продукции</Data></Cell>
    <Cell ss:StyleID="s30"><Data ss:Type="String">Значение показателей</Data></Cell>
    <Cell ss:StyleID="s31"><Data ss:Type="String">Сумма акциза (тыс.руб.)</Data></Cell>
   </Row>
   <Row ss:Height="13.5">
    <Cell ss:StyleID="s32"><Data ss:Type="String">А</Data></Cell>
    <Cell ss:StyleID="s32"><Data ss:Type="String">Б</Data></Cell>
    <Cell ss:StyleID="s32"><Data ss:Type="String">В</Data></Cell>
    <Cell ss:StyleID="s32"><Data ss:Type="Number">1</Data></Cell>
    <Cell ss:StyleID="s32"><Data ss:Type="Number">2</Data></Cell>
   </Row>
   <Row ss:AutoFitHeight="0" ss:Height="42">
    <Cell ss:StyleID="s41"><Data ss:Type="String">Операции, подлежащие налогообложению акцизами (за исключением экспорта)                                                          010=030+040</Data></Cell>
    <Cell ss:StyleID="s42"><Data ss:Type="String">010</Data></Cell>
    <Cell ss:StyleID="s43"><Data ss:Type="String">Х</Data></Cell>
    <Cell ss:StyleID="s49"><Data ss:Type="String">Х</Data></Cell>
    <Cell ss:StyleID="s50"><Data ss:Type="Number">29074700</Data></Cell>
   </Row>
   <Row ss:AutoFitHeight="0" ss:Height="26.25">
    <Cell ss:StyleID="s44"><Data ss:Type="String">-&#160;пиво с нормативным (стандартизированным) содержанием объемной доли этилового спирта до 0,5 процента включительно</Data></Cell>
    <Cell ss:StyleID="s42"><Data ss:Type="String">020</Data></Cell>
    <Cell ss:StyleID="s43"><Data ss:Type="Number">310</Data></Cell>
    <Cell ss:StyleID="s50"><Data ss:Type="Number">618874730</Data></Cell>
    <Cell ss:StyleID="s49"><Data ss:Type="String">Х</Data></Cell>
   </Row>
   <Row ss:AutoFitHeight="0" ss:Height="26.25">
    <Cell ss:StyleID="s44"><Data ss:Type="String">-&#160;пиво с нормативным (стандартизированным) содержанием объемной доли этилового спирта свыше 0,5 до 8,6  процента включительно</Data></Cell>
    <Cell ss:StyleID="s42"><Data ss:Type="String">030</Data></Cell>
    <Cell ss:StyleID="s43"><Data ss:Type="Number">320</Data></Cell>
    <Cell ss:StyleID="s50"><Data ss:Type="Number">10831368055</Data></Cell>
    <Cell ss:StyleID="s50"><Data ss:Type="Number">29071853</Data></Cell>
   </Row>
   <Row ss:AutoFitHeight="0" ss:Height="26.25">
    <Cell ss:StyleID="s44"><Data ss:Type="String">-&#160;пиво с нормативным (стандартизированным) содержанием объемной доли этилового спирта свыше 8,6  процента </Data></Cell>
    <Cell ss:StyleID="s42"><Data ss:Type="String">040</Data></Cell>
    <Cell ss:StyleID="s43"><Data ss:Type="Number">330</Data></Cell>
    <Cell ss:StyleID="s50"><Data ss:Type="Number">327191</Data></Cell>
    <Cell ss:StyleID="s50"><Data ss:Type="Number">2847</Data></Cell>
   </Row>
   <Row ss:AutoFitHeight="0" ss:Height="15">
    <Cell ss:StyleID="s44"><Data ss:Type="String">Сумма акциза, подлежащая вычету         050=070+080</Data></Cell>
    <Cell ss:StyleID="s42"><Data ss:Type="String">050</Data></Cell>
    <Cell ss:StyleID="s43"><Data ss:Type="String">Х</Data></Cell>
    <Cell ss:StyleID="s49"><Data ss:Type="String">Х</Data></Cell>
    <Cell ss:StyleID="s50"><Data ss:Type="Number">62783</Data></Cell>
   </Row>
   <Row ss:AutoFitHeight="0" ss:Height="26.25">
    <Cell ss:StyleID="s44"><Data ss:Type="String">-&#160;пиво с нормативным (стандартизированным) содержанием объемной доли этилового спирта до 0,5 процента включительно</Data></Cell>
    <Cell ss:StyleID="s42"><Data ss:Type="String">060</Data></Cell>
    <Cell ss:StyleID="s43"><Data ss:Type="Number">310</Data></Cell>
    <Cell ss:StyleID="s49"><Data ss:Type="String">Х</Data></Cell>
    <Cell ss:StyleID="s49"><Data ss:Type="String">Х</Data></Cell>
   </Row>
   <Row ss:AutoFitHeight="0" ss:Height="26.25">
    <Cell ss:StyleID="s44"><Data ss:Type="String">-&#160;пиво с нормативным (стандартизированным) содержанием объемной доли этилового спирта свыше 0,5 до 8,6  процента включительно</Data></Cell>
    <Cell ss:StyleID="s42"><Data ss:Type="String">070</Data></Cell>
    <Cell ss:StyleID="s43"><Data ss:Type="Number">320</Data></Cell>
    <Cell ss:StyleID="s49"><Data ss:Type="String">Х</Data></Cell>
    <Cell ss:StyleID="s50"><Data ss:Type="Number">62752</Data></Cell>
   </Row>
   <Row ss:AutoFitHeight="0" ss:Height="30">
    <Cell ss:StyleID="s44"><Data ss:Type="String">-&#160;пиво с нормативным (стандартизированным) содержанием объемной доли этилового спирта свыше 8,6  процента </Data></Cell>
    <Cell ss:StyleID="s42"><Data ss:Type="String">080</Data></Cell>
    <Cell ss:StyleID="s43"><Data ss:Type="Number">330</Data></Cell>
    <Cell ss:StyleID="s49"><Data ss:Type="String">Х</Data></Cell>
    <Cell ss:StyleID="s50"><Data ss:Type="Number">31</Data></Cell>
   </Row>
   <Row ss:AutoFitHeight="0" ss:Height="41.25">
    <Cell ss:StyleID="s41"><Data ss:Type="String">Реализация пива на экспорт при отсутствии поручительства банков или банковской гарантии                                    090=110+120</Data></Cell>
    <Cell ss:StyleID="s42"><Data ss:Type="String">090</Data></Cell>
    <Cell ss:StyleID="s43"><Data ss:Type="String">Х</Data></Cell>
    <Cell ss:StyleID="s49"><Data ss:Type="String">Х</Data></Cell>
    <Cell ss:StyleID="s50"><Data ss:Type="Number">250930</Data></Cell>
   </Row>
   <Row ss:AutoFitHeight="0" ss:Height="30">
    <Cell ss:StyleID="s44"><Data ss:Type="String">-&#160;пиво с нормативным (стандартизированным) содержанием объемной доли этилового спирта до 0,5 процента включительно</Data></Cell>
    <Cell ss:StyleID="s42"><Data ss:Type="Number">100</Data></Cell>
    <Cell ss:StyleID="s43"><Data ss:Type="Number">310</Data></Cell>
    <Cell ss:StyleID="s50"><Data ss:Type="Number">1169100</Data></Cell>
    <Cell ss:StyleID="s49"><Data ss:Type="String">Х</Data></Cell>
   </Row>
   <Row ss:AutoFitHeight="0" ss:Height="30">
    <Cell ss:StyleID="s44"><Data ss:Type="String">-&#160;пиво с нормативным (стандартизированным) содержанием объемной доли этилового спирта свыше 0,5 до 8,6  процента включительно</Data></Cell>
    <Cell ss:StyleID="s43"><Data ss:Type="Number">110</Data></Cell>
    <Cell ss:StyleID="s43"><Data ss:Type="Number">320</Data></Cell>
    <Cell ss:StyleID="s50"><Data ss:Type="Number">91809611</Data></Cell>
    <Cell ss:StyleID="s50"><Data ss:Type="Number">250930</Data></Cell>
   </Row>
   <Row ss:AutoFitHeight="0" ss:Height="30">
    <Cell ss:StyleID="s44"><Data ss:Type="String">-&#160;пиво с нормативным (стандартизированным) содержанием объемной доли этилового спирта свыше 8,6  процента </Data></Cell>
    <Cell ss:StyleID="s43"><Data ss:Type="Number">120</Data></Cell>
    <Cell ss:StyleID="s43"><Data ss:Type="Number">330</Data></Cell>
    <Cell ss:StyleID="s50"><Data ss:Type="Number">0</Data></Cell>
    <Cell ss:StyleID="s50"><Data ss:Type="Number">0</Data></Cell>
   </Row>
   <Row ss:AutoFitHeight="0" ss:Height="41.25">
    <Cell ss:StyleID="s37"><Data ss:Type="String">Сумма акциза, предъявленная к возмещению, по пиву, факт экспорта которого документально подтвержден                130=150+160</Data></Cell>
    <Cell ss:StyleID="s45"><Data ss:Type="Number">130</Data></Cell>
    <Cell ss:StyleID="s45"><Data ss:Type="String">Х</Data></Cell>
    <Cell ss:StyleID="s51"><Data ss:Type="String">Х</Data></Cell>
    <Cell ss:StyleID="s52"><Data ss:Type="Number">208993</Data></Cell>
   </Row>
   <Row ss:AutoFitHeight="0" ss:Height="30">
    <Cell ss:StyleID="s44"><Data ss:Type="String">-&#160;пиво с нормативным (стандартизированным) содержанием объемной доли этилового спирта до 0,5 процента включительно</Data></Cell>
    <Cell ss:StyleID="s43"><Data ss:Type="Number">140</Data></Cell>
    <Cell ss:StyleID="s38"><Data ss:Type="Number">310</Data></Cell>
    <Cell ss:StyleID="s50"><Data ss:Type="Number">0</Data></Cell>
    <Cell ss:StyleID="s49"><Data ss:Type="String">Х</Data></Cell>
   </Row>
   <Row ss:AutoFitHeight="0" ss:Height="30">
    <Cell ss:StyleID="s46"><Data ss:Type="String">-&#160;пиво с нормативным (стандартизированным) содержанием объемной доли этилового спирта свыше 0,5 до 8,6  процента включительно</Data></Cell>
    <Cell ss:StyleID="s45"><Data ss:Type="Number">150</Data></Cell>
    <Cell ss:StyleID="s38"><Data ss:Type="Number">320</Data></Cell>
    <Cell ss:StyleID="s50"><Data ss:Type="Number">83735250</Data></Cell>
    <Cell ss:StyleID="s50"><Data ss:Type="Number">208993</Data></Cell>
   </Row>
   <Row ss:AutoFitHeight="0" ss:Height="30">
    <Cell ss:StyleID="s46"><Data ss:Type="String">-&#160;пиво с нормативным (стандартизированным) содержанием объемной доли этилового спирта свыше 8,6  процента </Data></Cell>
    <Cell ss:StyleID="s38"><Data ss:Type="Number">160</Data></Cell>
    <Cell ss:StyleID="s47"><Data ss:Type="Number">330</Data></Cell>
    <Cell ss:StyleID="s50"><Data ss:Type="Number">0</Data></Cell>
    <Cell ss:StyleID="s50"><Data ss:Type="Number">0</Data></Cell>
   </Row>
   <Row ss:AutoFitHeight="0" ss:Height="15.75">
    <Cell ss:StyleID="s26"/>
    <Cell ss:StyleID="s27"/>
    <Cell ss:StyleID="s27"/>
    <Cell ss:StyleID="s27"/>
    <Cell ss:StyleID="s27"/>
   </Row>
   <Row ss:AutoFitHeight="0" ss:Height="15.75">
    <Cell ss:StyleID="s39"/>
    <Cell ss:StyleID="s27"/>
    <Cell ss:StyleID="s27"/>
    <Cell ss:StyleID="s27"/>
    <Cell ss:StyleID="s27"/>
   </Row>
   <Row ss:AutoFitHeight="0" ss:Height="15.75">
    <Cell ss:MergeDown="1" ss:StyleID="s75"><Data ss:Type="String">Справочно к отчету</Data></Cell>
    <Cell ss:MergeDown="2" ss:StyleID="m37736752"><Data ss:Type="Number">200</Data></Cell>
    <Cell ss:MergeAcross="2" ss:MergeDown="2" ss:StyleID="m37736792"><Data
      ss:Type="Number">574</Data></Cell>
   </Row>
   <Row ss:AutoFitHeight="0" ss:Height="12"/>
   <Row ss:AutoFitHeight="0" ss:Height="27.75">
    <Cell ss:StyleID="s48"><Data ss:Type="String">Количество налогоплательщиков, представивших налоговые декларации (единиц)</Data></Cell>
   </Row>
   <Row ss:AutoFitHeight="0" ss:Height="15.75">
    <Cell ss:StyleID="s34"/>
    <Cell ss:StyleID="s33"/>
    <Cell ss:StyleID="s27"/>
    <Cell ss:StyleID="s27"/>
    <Cell ss:StyleID="s27"/>
   </Row>
   <Row ss:AutoFitHeight="0" ss:Height="15.75">
    <Cell ss:StyleID="s26"/>
    <Cell ss:StyleID="s27"/>
    <Cell ss:StyleID="s27"/>
    <Cell ss:StyleID="s27"/>
    <Cell ss:StyleID="s27"/>
   </Row>
   <Row ss:Height="15">
    <Cell ss:StyleID="s28"/>
    <Cell ss:StyleID="s23"/>
    <Cell ss:StyleID="s23"/>
    <Cell ss:StyleID="s23"/>
    <Cell ss:StyleID="s23"/>
   </Row>
   <Row>
    <Cell ss:StyleID="s35"/>
    <Cell ss:StyleID="s36"/>
    <Cell ss:StyleID="s36"/>
    <Cell ss:MergeAcross="1" ss:StyleID="s86"/>
   </Row>
   <Row>
    <Cell ss:StyleID="s29"/>
    <Cell ss:StyleID="s23"/>
    <Cell ss:StyleID="s23"/>
    <Cell ss:MergeAcross="1" ss:StyleID="s69"/>
   </Row>
   <Row>
    <Cell ss:StyleID="s21"/>
    <Cell ss:Index="6" ss:StyleID="s22"/>
   </Row>
   <Row>
    <Cell ss:StyleID="s21"/>
   </Row>
  </Table>
  <WorksheetOptions xmlns="urn:schemas-microsoft-com:office:excel">
   <PageSetup>
    <Layout x:CenterHorizontal="1"/>
    <Header x:Margin="0.19685039370078741"/>
    <Footer x:Margin="0.51181102362204722"/>
    <PageMargins x:Bottom="0.78740157480314965" x:Left="0" x:Right="0"
     x:Top="0.39370078740157483"/>
   </PageSetup>
   <Print>
    <ValidPrinterInfo/>
    <PaperSizeIndex>9</PaperSizeIndex>
    <Scale>85</Scale>
    <HorizontalResolution>300</HorizontalResolution>
    <VerticalResolution>300</VerticalResolution>
   </Print>
   <Zoom>75</Zoom>
   <Selected/>
   <Panes>
    <Pane>
     <Number>3</Number>
     <RangeSelection>R1:R65536</RangeSelection>
    </Pane>
   </Panes>
   <ProtectObjects>False</ProtectObjects>
   <ProtectScenarios>False</ProtectScenarios>
  </WorksheetOptions>
 </Worksheet>
 <Worksheet ss:Name="hidden1">
  <Table ss:ExpandedColumnCount="2" ss:ExpandedRowCount="17" x:FullColumns="1"
   x:FullRows="1">
   <Row>
    <Cell><Data ss:Type="Number">0</Data></Cell>
    <Cell><Data ss:Type="Number">29074700</Data></Cell>
   </Row>
   <Row>
    <Cell><Data ss:Type="Number">618874730</Data></Cell>
    <Cell><Data ss:Type="Number">0</Data></Cell>
   </Row>
   <Row>
    <Cell><Data ss:Type="Number">10831368055</Data></Cell>
    <Cell><Data ss:Type="Number">29071853</Data></Cell>
   </Row>
   <Row>
    <Cell><Data ss:Type="Number">327191</Data></Cell>
    <Cell><Data ss:Type="Number">2847</Data></Cell>
   </Row>
   <Row>
    <Cell><Data ss:Type="Number">0</Data></Cell>
    <Cell><Data ss:Type="Number">62783</Data></Cell>
   </Row>
   <Row>
    <Cell><Data ss:Type="Number">0</Data></Cell>
    <Cell><Data ss:Type="Number">0</Data></Cell>
   </Row>
   <Row>
    <Cell><Data ss:Type="Number">0</Data></Cell>
    <Cell><Data ss:Type="Number">62752</Data></Cell>
   </Row>
   <Row>
    <Cell><Data ss:Type="Number">0</Data></Cell>
    <Cell><Data ss:Type="Number">31</Data></Cell>
   </Row>
   <Row>
    <Cell><Data ss:Type="Number">0</Data></Cell>
    <Cell><Data ss:Type="Number">250930</Data></Cell>
   </Row>
   <Row>
    <Cell><Data ss:Type="Number">1169100</Data></Cell>
    <Cell><Data ss:Type="Number">0</Data></Cell>
   </Row>
   <Row>
    <Cell><Data ss:Type="Number">91809611</Data></Cell>
    <Cell><Data ss:Type="Number">250930</Data></Cell>
   </Row>
   <Row>
    <Cell><Data ss:Type="Number">0</Data></Cell>
    <Cell><Data ss:Type="Number">0</Data></Cell>
   </Row>
   <Row>
    <Cell><Data ss:Type="Number">0</Data></Cell>
    <Cell><Data ss:Type="Number">208993</Data></Cell>
   </Row>
   <Row>
    <Cell><Data ss:Type="Number">0</Data></Cell>
    <Cell><Data ss:Type="Number">0</Data></Cell>
   </Row>
   <Row>
    <Cell><Data ss:Type="Number">83735250</Data></Cell>
    <Cell><Data ss:Type="Number">208993</Data></Cell>
   </Row>
   <Row>
    <Cell><Data ss:Type="Number">0</Data></Cell>
    <Cell><Data ss:Type="Number">0</Data></Cell>
   </Row>
   <Row>
    <Cell><Data ss:Type="Number">11627283937</Data></Cell>
    <Cell><Data ss:Type="Number">59194812</Data></Cell>
   </Row>
  </Table>
  <WorksheetOptions xmlns="urn:schemas-microsoft-com:office:excel">
   <Visible>SheetHidden</Visible>
   <ProtectObjects>False</ProtectObjects>
   <ProtectScenarios>False</ProtectScenarios>
  </WorksheetOptions>
 </Worksheet>
 <Worksheet ss:Name="hidden2">
  <Table ss:ExpandedColumnCount="1" ss:ExpandedRowCount="1" x:FullColumns="1"
   x:FullRows="1">
   <Row>
    <Cell><Data ss:Type="Number">574</Data></Cell>
   </Row>
  </Table>
  <WorksheetOptions xmlns="urn:schemas-microsoft-com:office:excel">
   <Visible>SheetHidden</Visible>
   <ProtectObjects>False</ProtectObjects>
   <ProtectScenarios>False</ProtectScenarios>
  </WorksheetOptions>
 </Worksheet>
</Workbook>
