<?xml version="1.0"?>
<?mso-application progid="Excel.Sheet"?>
<Workbook xmlns="urn:schemas-microsoft-com:office:spreadsheet"
 xmlns:o="urn:schemas-microsoft-com:office:office"
 xmlns:x="urn:schemas-microsoft-com:office:excel"
 xmlns:ss="urn:schemas-microsoft-com:office:spreadsheet"
 xmlns:html="http://www.w3.org/TR/REC-html40">
 <DocumentProperties xmlns="urn:schemas-microsoft-com:office:office">
  <Author>user</Author>
  <LastAuthor>balmaster</LastAuthor>
  <LastPrinted>2007-01-10T06:46:15Z</LastPrinted>
  <Created>2003-08-26T06:51:08Z</Created>
  <LastSaved>2010-03-23T13:02:03Z</LastSaved>
  <Company>мнс</Company>
  <Version>12.00</Version>
 </DocumentProperties>
 <ExcelWorkbook xmlns="urn:schemas-microsoft-com:office:excel">
  <WindowHeight>4875</WindowHeight>
  <WindowWidth>9405</WindowWidth>
  <WindowTopX>90</WindowTopX>
  <WindowTopY>30</WindowTopY>
  <ProtectStructure>False</ProtectStructure>
  <ProtectWindows>False</ProtectWindows>
 </ExcelWorkbook>
 <Styles>
  <Style ss:ID="Default" ss:Name="Normal">
   <Alignment ss:Vertical="Bottom"/>
   <Borders/>
   <Font ss:FontName="Arial Cyr" x:CharSet="204"/>
   <Interior/>
   <NumberFormat/>
   <Protection/>
  </Style>
  <Style ss:ID="s23">
   <Borders/>
   <Font ss:FontName="Arial Cyr" x:CharSet="204" x:Family="Swiss"/>
  </Style>
  <Style ss:ID="s24">
   <Font ss:FontName="Arial Cyr" x:CharSet="204" x:Family="Swiss"/>
  </Style>
  <Style ss:ID="s25">
   <Alignment ss:Horizontal="Center" ss:Vertical="Bottom"/>
   <Font ss:FontName="Arial Cyr" x:CharSet="204" x:Family="Swiss"/>
  </Style>
  <Style ss:ID="s26">
   <Alignment ss:Horizontal="Center" ss:Vertical="Center" ss:WrapText="1"/>
   <Borders>
    <Border ss:Position="Bottom" ss:LineStyle="Continuous" ss:Weight="1"/>
    <Border ss:Position="Left" ss:LineStyle="Continuous" ss:Weight="1"/>
    <Border ss:Position="Right" ss:LineStyle="Continuous" ss:Weight="1"/>
    <Border ss:Position="Top" ss:LineStyle="Continuous" ss:Weight="1"/>
   </Borders>
   <Font ss:FontName="Arial Cyr" x:CharSet="204" x:Family="Swiss"/>
  </Style>
  <Style ss:ID="s27">
   <Alignment ss:Horizontal="Center" ss:Vertical="Bottom" ss:WrapText="1"/>
   <Borders>
    <Border ss:Position="Bottom" ss:LineStyle="Continuous" ss:Weight="1"/>
    <Border ss:Position="Right" ss:LineStyle="Continuous" ss:Weight="1"/>
    <Border ss:Position="Top" ss:LineStyle="Continuous" ss:Weight="1"/>
   </Borders>
   <Font ss:FontName="Arial Cyr" x:CharSet="204" x:Family="Swiss"/>
  </Style>
  <Style ss:ID="s28">
   <Alignment ss:Horizontal="Right" ss:Vertical="Bottom" ss:WrapText="1"/>
   <Borders>
    <Border ss:Position="Bottom" ss:LineStyle="Continuous" ss:Weight="1"/>
    <Border ss:Position="Left" ss:LineStyle="Continuous" ss:Weight="1"/>
    <Border ss:Position="Right" ss:LineStyle="Continuous" ss:Weight="1"/>
    <Border ss:Position="Top" ss:LineStyle="Continuous" ss:Weight="1"/>
   </Borders>
   <Font ss:FontName="Arial Cyr" x:CharSet="204" x:Family="Swiss"/>
   <NumberFormat ss:Format="#,##0"/>
  </Style>
  <Style ss:ID="s29">
   <Borders>
    <Border ss:Position="Bottom" ss:LineStyle="Continuous" ss:Weight="1"/>
    <Border ss:Position="Top" ss:LineStyle="Continuous" ss:Weight="1"/>
   </Borders>
   <Font ss:FontName="Arial Cyr" x:CharSet="204" x:Family="Swiss"/>
  </Style>
  <Style ss:ID="s30">
   <Alignment ss:Horizontal="Center" ss:Vertical="Bottom" ss:WrapText="1"/>
   <Borders>
    <Border ss:Position="Bottom" ss:LineStyle="Continuous" ss:Weight="1"/>
    <Border ss:Position="Left" ss:LineStyle="Continuous" ss:Weight="1"/>
    <Border ss:Position="Right" ss:LineStyle="Continuous" ss:Weight="1"/>
    <Border ss:Position="Top" ss:LineStyle="Continuous" ss:Weight="1"/>
   </Borders>
   <Font ss:FontName="Arial Cyr" x:CharSet="204" x:Family="Swiss"/>
  </Style>
  <Style ss:ID="s31">
   <Alignment ss:Horizontal="Center" ss:Vertical="Bottom"/>
   <Borders>
    <Border ss:Position="Bottom" ss:LineStyle="Continuous" ss:Weight="1"/>
    <Border ss:Position="Left" ss:LineStyle="Continuous" ss:Weight="1"/>
    <Border ss:Position="Right" ss:LineStyle="Continuous" ss:Weight="1"/>
    <Border ss:Position="Top" ss:LineStyle="Continuous" ss:Weight="1"/>
   </Borders>
   <Font ss:FontName="Arial Cyr" x:CharSet="204" x:Family="Swiss"/>
  </Style>
  <Style ss:ID="s32">
   <Alignment ss:Horizontal="Right" ss:Vertical="Bottom"/>
   <Font ss:FontName="Arial Cyr" x:CharSet="204" x:Family="Swiss"/>
  </Style>
  <Style ss:ID="s33">
   <Alignment ss:Horizontal="Right" ss:Vertical="Bottom"/>
   <Borders/>
   <Font ss:FontName="Arial Cyr" x:CharSet="204" x:Family="Swiss"/>
  </Style>
  <Style ss:ID="s34">
   <Alignment ss:Horizontal="Right" ss:Vertical="Bottom"/>
   <Borders>
    <Border ss:Position="Left" ss:LineStyle="Continuous" ss:Weight="1"/>
    <Border ss:Position="Right" ss:LineStyle="Continuous" ss:Weight="1"/>
   </Borders>
   <Font ss:FontName="Arial Cyr" x:CharSet="204" x:Family="Swiss"/>
  </Style>
  <Style ss:ID="s35">
   <Alignment ss:Horizontal="Center" ss:Vertical="Bottom" ss:WrapText="1"/>
   <Borders>
    <Border ss:Position="Bottom" ss:LineStyle="Continuous" ss:Weight="1"/>
    <Border ss:Position="Left" ss:LineStyle="Continuous" ss:Weight="1"/>
    <Border ss:Position="Right" ss:LineStyle="Continuous" ss:Weight="1"/>
    <Border ss:Position="Top" ss:LineStyle="Continuous" ss:Weight="1"/>
   </Borders>
   <Font ss:FontName="Arial Cyr" x:CharSet="204" x:Family="Swiss"/>
   <NumberFormat ss:Format="#,##0"/>
  </Style>
  <Style ss:ID="s36">
   <Alignment ss:Horizontal="Center" ss:Vertical="Bottom" ss:WrapText="1"/>
   <Borders>
    <Border ss:Position="Bottom" ss:LineStyle="Continuous" ss:Weight="1"/>
    <Border ss:Position="Right" ss:LineStyle="Continuous" ss:Weight="1"/>
    <Border ss:Position="Top" ss:LineStyle="Continuous" ss:Weight="1"/>
   </Borders>
   <Font ss:FontName="Arial Cyr" x:CharSet="204" x:Family="Swiss"/>
   <NumberFormat ss:Format="@"/>
  </Style>
  <Style ss:ID="s37">
   <Alignment ss:Horizontal="Center" ss:Vertical="Bottom" ss:WrapText="1"/>
   <Borders>
    <Border ss:Position="Bottom" ss:LineStyle="Continuous" ss:Weight="1"/>
    <Border ss:Position="Left" ss:LineStyle="Continuous" ss:Weight="1"/>
    <Border ss:Position="Right" ss:LineStyle="Continuous" ss:Weight="1"/>
    <Border ss:Position="Top" ss:LineStyle="Continuous" ss:Weight="1"/>
   </Borders>
   <Font ss:FontName="Arial Cyr" x:CharSet="204" x:Family="Swiss"/>
   <NumberFormat ss:Format="@"/>
  </Style>
  <Style ss:ID="s38">
   <Alignment ss:Horizontal="Center" ss:Vertical="Bottom" ss:WrapText="1"/>
   <Borders>
    <Border ss:Position="Bottom" ss:LineStyle="Continuous" ss:Weight="1"/>
    <Border ss:Position="Right" ss:LineStyle="Continuous" ss:Weight="1"/>
   </Borders>
   <Font ss:FontName="Arial Cyr" x:CharSet="204" x:Family="Swiss"/>
   <NumberFormat ss:Format="@"/>
  </Style>
  <Style ss:ID="s39">
   <Alignment ss:Horizontal="Center" ss:Vertical="Bottom" ss:WrapText="1"/>
   <Borders>
    <Border ss:Position="Right" ss:LineStyle="Continuous" ss:Weight="1"/>
   </Borders>
   <Font ss:FontName="Arial Cyr" x:CharSet="204" x:Family="Swiss"/>
   <NumberFormat ss:Format="@"/>
  </Style>
  <Style ss:ID="s40">
   <Alignment ss:Horizontal="Center" ss:Vertical="Bottom"/>
   <Borders>
    <Border ss:Position="Bottom" ss:LineStyle="Continuous" ss:Weight="1"/>
    <Border ss:Position="Top" ss:LineStyle="Continuous" ss:Weight="1"/>
   </Borders>
   <Font ss:FontName="Arial Cyr" x:CharSet="204" x:Family="Swiss"/>
  </Style>
  <Style ss:ID="s41">
   <Alignment ss:Horizontal="Left" ss:Vertical="Bottom" ss:WrapText="1"/>
   <Borders>
    <Border ss:Position="Bottom" ss:LineStyle="Continuous" ss:Weight="1"/>
    <Border ss:Position="Left" ss:LineStyle="Continuous" ss:Weight="1"/>
    <Border ss:Position="Right" ss:LineStyle="Continuous" ss:Weight="1"/>
    <Border ss:Position="Top" ss:LineStyle="Continuous" ss:Weight="1"/>
   </Borders>
   <Font ss:FontName="Arial Cyr" x:CharSet="204" x:Family="Swiss"/>
  </Style>
  <Style ss:ID="s42">
   <Alignment ss:Horizontal="Right" ss:Vertical="Bottom" ss:WrapText="1"/>
   <Borders/>
   <Font ss:FontName="Arial Cyr" x:CharSet="204" x:Family="Swiss"/>
   <Interior/>
  </Style>
  <Style ss:ID="s43">
   <Alignment ss:Horizontal="Center" ss:Vertical="Bottom" ss:WrapText="1"/>
   <Borders>
    <Border ss:Position="Bottom" ss:LineStyle="Continuous" ss:Weight="1"/>
    <Border ss:Position="Left" ss:LineStyle="Continuous" ss:Weight="1"/>
    <Border ss:Position="Right" ss:LineStyle="Continuous" ss:Weight="1"/>
    <Border ss:Position="Top" ss:LineStyle="Continuous" ss:Weight="1"/>
   </Borders>
   <Font ss:FontName="Arial Cyr" x:CharSet="204" x:Family="Swiss"/>
   <Interior/>
   <NumberFormat ss:Format="#,##0"/>
  </Style>
  <Style ss:ID="s44">
   <Alignment ss:Horizontal="Center" ss:Vertical="Bottom"/>
   <Borders>
    <Border ss:Position="Bottom" ss:LineStyle="Continuous" ss:Weight="1"/>
    <Border ss:Position="Top" ss:LineStyle="Continuous" ss:Weight="1"/>
   </Borders>
   <Font ss:FontName="Arial Cyr" x:CharSet="204" x:Family="Swiss"/>
   <Interior/>
  </Style>
  <Style ss:ID="s45">
   <Alignment ss:Horizontal="Right" ss:Vertical="Bottom" ss:WrapText="1"/>
   <Borders>
    <Border ss:Position="Bottom" ss:LineStyle="Continuous" ss:Weight="1"/>
    <Border ss:Position="Left" ss:LineStyle="Continuous" ss:Weight="1"/>
    <Border ss:Position="Right" ss:LineStyle="Continuous" ss:Weight="1"/>
    <Border ss:Position="Top" ss:LineStyle="Continuous" ss:Weight="1"/>
   </Borders>
   <Font ss:FontName="Arial Cyr" x:CharSet="204" x:Family="Swiss"/>
  </Style>
  <Style ss:ID="s46">
   <Alignment ss:Horizontal="Left" ss:Vertical="Center"/>
   <Borders>
    <Border ss:Position="Bottom" ss:LineStyle="Continuous" ss:Weight="1"/>
   </Borders>
   <Font ss:FontName="Arial Cyr" x:CharSet="204" x:Family="Swiss" ss:Bold="1"/>
  </Style>
  <Style ss:ID="s47">
   <Alignment ss:Horizontal="Left" ss:Vertical="Bottom" ss:WrapText="1"/>
   <Borders>
    <Border ss:Position="Left" ss:LineStyle="Continuous" ss:Weight="1"/>
    <Border ss:Position="Right" ss:LineStyle="Continuous" ss:Weight="1"/>
    <Border ss:Position="Top" ss:LineStyle="Continuous" ss:Weight="1"/>
   </Borders>
   <Font ss:FontName="Arial Cyr" x:CharSet="204" x:Family="Swiss"/>
   <NumberFormat ss:Format="@"/>
  </Style>
  <Style ss:ID="s48">
   <Alignment ss:Horizontal="Left" ss:Vertical="Bottom" ss:WrapText="1"/>
   <Borders>
    <Border ss:Position="Left" ss:LineStyle="Continuous" ss:Weight="1"/>
    <Border ss:Position="Right" ss:LineStyle="Continuous" ss:Weight="1"/>
    <Border ss:Position="Top" ss:LineStyle="Continuous" ss:Weight="1"/>
   </Borders>
   <Font ss:FontName="Arial Cyr" x:CharSet="204" x:Family="Swiss"/>
  </Style>
  <Style ss:ID="s49">
   <Alignment ss:Vertical="Bottom" ss:WrapText="1"/>
   <Borders>
    <Border ss:Position="Left" ss:LineStyle="Continuous" ss:Weight="1"/>
    <Border ss:Position="Right" ss:LineStyle="Continuous" ss:Weight="1"/>
    <Border ss:Position="Top" ss:LineStyle="Continuous" ss:Weight="1"/>
   </Borders>
   <Font ss:FontName="Arial Cyr" x:CharSet="204" x:Family="Swiss"/>
   <Interior/>
  </Style>
  <Style ss:ID="s50">
   <Alignment ss:Horizontal="Center" ss:Vertical="Center" ss:WrapText="1"/>
   <Borders>
    <Border ss:Position="Bottom" ss:LineStyle="Continuous" ss:Weight="1"/>
    <Border ss:Position="Left" ss:LineStyle="Continuous" ss:Weight="1"/>
    <Border ss:Position="Right" ss:LineStyle="Continuous" ss:Weight="1"/>
    <Border ss:Position="Top" ss:LineStyle="Continuous" ss:Weight="1"/>
   </Borders>
   <Font ss:FontName="Arial Cyr" x:CharSet="204" ss:Bold="1"/>
  </Style>
  <Style ss:ID="s60">
   <Alignment ss:Horizontal="Right" ss:Vertical="Bottom"/>
   <Borders>
    <Border ss:Position="Bottom" ss:LineStyle="Continuous" ss:Weight="1"/>
   </Borders>
   <Font ss:FontName="Arial Cyr" x:CharSet="204" ss:Bold="1"/>
  </Style>
  <Style ss:ID="s62">
   <Alignment ss:Horizontal="Center" ss:Vertical="Center"/>
   <Font ss:FontName="Arial Cyr" x:CharSet="204" x:Family="Swiss" ss:Bold="1"/>
  </Style>
  <Style ss:ID="s63">
   <Alignment ss:Horizontal="Center" ss:Vertical="Center"/>
   <Font ss:FontName="Arial Cyr" x:CharSet="204" x:Family="Swiss" ss:Size="12"
    ss:Bold="1"/>
  </Style>
  <Style ss:ID="s65">
   <Alignment ss:Horizontal="Center" ss:Vertical="Center"/>
   <Font ss:FontName="Arial Cyr" x:CharSet="204" x:Family="Swiss" ss:Size="11"
    ss:Bold="1"/>
  </Style>
 </Styles>
 <Worksheet ss:Name="5-ТИ">
  <Names>
   <NamedRange ss:Name="Print_Area" ss:RefersTo="='5-ТИ'!R1C1:R31C5"/>
  </Names>
  <Table ss:ExpandedColumnCount="33" ss:ExpandedRowCount="765" x:FullColumns="1"
   x:FullRows="1" ss:StyleID="s24" ss:DefaultColumnWidth="46.5">
   <Column ss:StyleID="s24" ss:AutoFitWidth="0" ss:Width="241.5"/>
   <Column ss:StyleID="s25" ss:AutoFitWidth="0" ss:Width="42.75"/>
   <Column ss:StyleID="s32" ss:AutoFitWidth="0" ss:Width="53.25"/>
   <Column ss:StyleID="s32" ss:AutoFitWidth="0" ss:Width="82.5"/>
   <Column ss:StyleID="s34" ss:AutoFitWidth="0" ss:Width="82.5"/>
   <Column ss:StyleID="s23" ss:AutoFitWidth="0" ss:Span="27"/>
   <Row ss:Height="25.5">
    <Cell ss:Index="5" ss:StyleID="s42"><Data ss:Type="String">Форма № 5 -ТИ&#10;годовая</Data><NamedCell
      ss:Name="Print_Area"/></Cell>
   </Row>
   <Row ss:AutoFitHeight="0" ss:Height="15.75">
    <Cell ss:MergeAcross="4" ss:StyleID="s62"><Data ss:Type="String">ОТЧЕТ</Data><NamedCell
      ss:Name="Print_Area"/></Cell>
   </Row>
   <Row ss:AutoFitHeight="0" ss:Height="18">
    <Cell ss:MergeAcross="4" ss:StyleID="s63"><Data ss:Type="String">о налоговой базе и структуре начислений по акцизам на табачные изделия</Data><NamedCell
      ss:Name="Print_Area"/></Cell>
   </Row>
   <Row ss:AutoFitHeight="0" ss:Height="15.5625">
    <Cell ss:MergeAcross="4" ss:StyleID="s65"><Data ss:Type="String">за 2006 год</Data><NamedCell
      ss:Name="Print_Area"/></Cell>
   </Row>
   <Row ss:AutoFitHeight="0" ss:Height="15">
    <Cell ss:StyleID="s46"><Data ss:Type="String">Всего по России</Data><NamedCell
      ss:Name="Print_Area"/></Cell>
    <Cell ss:StyleID="s24"><NamedCell ss:Name="Print_Area"/></Cell>
    <Cell ss:StyleID="s24"><NamedCell ss:Name="Print_Area"/></Cell>
    <Cell ss:MergeAcross="1" ss:StyleID="s60"><NamedCell ss:Name="Print_Area"/></Cell>
   </Row>
   <Row ss:AutoFitHeight="0" ss:Height="40.5">
    <Cell ss:StyleID="s26"><NamedCell ss:Name="Print_Area"/></Cell>
    <Cell ss:StyleID="s26"><Data ss:Type="String">Код строки</Data><NamedCell
      ss:Name="Print_Area"/></Cell>
    <Cell ss:StyleID="s26"><Data ss:Type="String">Код вида продукции</Data><NamedCell
      ss:Name="Print_Area"/></Cell>
    <Cell ss:StyleID="s26"><Data ss:Type="String">Значение показателей</Data><NamedCell
      ss:Name="Print_Area"/></Cell>
    <Cell ss:StyleID="s26"><Data ss:Type="String">Сумма акциза &#10;тыс.рублей</Data><NamedCell
      ss:Name="Print_Area"/></Cell>
   </Row>
   <Row>
    <Cell ss:StyleID="s50"><Data ss:Type="String">А</Data><NamedCell
      ss:Name="Print_Area"/></Cell>
    <Cell ss:StyleID="s50"><Data ss:Type="String">Б</Data><NamedCell
      ss:Name="Print_Area"/></Cell>
    <Cell ss:StyleID="s50"><Data ss:Type="String">В</Data><NamedCell
      ss:Name="Print_Area"/></Cell>
    <Cell ss:StyleID="s50"><Data ss:Type="Number">1</Data><NamedCell
      ss:Name="Print_Area"/></Cell>
    <Cell ss:StyleID="s50"><Data ss:Type="Number">2</Data><NamedCell
      ss:Name="Print_Area"/></Cell>
   </Row>
   <Row ss:AutoFitHeight="0" ss:Height="42" ss:StyleID="s29">
    <Cell ss:StyleID="s41"><Data ss:Type="String"> Реализация (передача) табачных изделий, &#10; кроме экспорта&#10; 010=020+030+040+050+060+070+080+090</Data><NamedCell
      ss:Name="Print_Area"/></Cell>
    <Cell ss:StyleID="s36"><Data ss:Type="String">010</Data><NamedCell
      ss:Name="Print_Area"/></Cell>
    <Cell ss:StyleID="s30"><Data ss:Type="String">Х</Data><NamedCell
      ss:Name="Print_Area"/></Cell>
    <Cell ss:StyleID="s45"><Data ss:Type="String">Х</Data><NamedCell
      ss:Name="Print_Area"/></Cell>
    <Cell ss:StyleID="s28"><Data ss:Type="Number">36503267</Data><NamedCell
      ss:Name="Print_Area"/></Cell>
    <Cell ss:StyleID="s23"/>
    <Cell ss:StyleID="s23"/>
    <Cell ss:StyleID="s23"/>
    <Cell ss:StyleID="s23"/>
    <Cell ss:StyleID="s23"/>
    <Cell ss:StyleID="s23"/>
    <Cell ss:StyleID="s23"/>
    <Cell ss:StyleID="s23"/>
    <Cell ss:StyleID="s23"/>
    <Cell ss:StyleID="s23"/>
    <Cell ss:StyleID="s23"/>
    <Cell ss:StyleID="s23"/>
    <Cell ss:StyleID="s23"/>
    <Cell ss:StyleID="s23"/>
    <Cell ss:StyleID="s23"/>
    <Cell ss:StyleID="s23"/>
    <Cell ss:StyleID="s23"/>
    <Cell ss:StyleID="s23"/>
    <Cell ss:StyleID="s23"/>
    <Cell ss:StyleID="s23"/>
    <Cell ss:StyleID="s23"/>
    <Cell ss:StyleID="s23"/>
    <Cell ss:StyleID="s23"/>
    <Cell ss:StyleID="s23"/>
    <Cell ss:StyleID="s23"/>
    <Cell ss:StyleID="s23"/>
    <Cell ss:StyleID="s23"/>
    <Cell ss:StyleID="s23"/>
   </Row>
   <Row ss:AutoFitHeight="0" ss:Height="26.25" ss:StyleID="s29">
    <Cell ss:StyleID="s47"><Data ss:Type="String">           в том числе:&#10; табак трубочный (кг)</Data><NamedCell
      ss:Name="Print_Area"/></Cell>
    <Cell ss:StyleID="s37"><Data ss:Type="String">020</Data><NamedCell
      ss:Name="Print_Area"/></Cell>
    <Cell ss:StyleID="s35"><Data ss:Type="Number">410</Data><NamedCell
      ss:Name="Print_Area"/></Cell>
    <Cell ss:StyleID="s28"><NamedCell ss:Name="Print_Area"/></Cell>
    <Cell ss:StyleID="s28"><NamedCell ss:Name="Print_Area"/></Cell>
    <Cell ss:StyleID="s23"/>
    <Cell ss:StyleID="s23"/>
    <Cell ss:StyleID="s23"/>
    <Cell ss:StyleID="s23"/>
    <Cell ss:StyleID="s23"/>
    <Cell ss:StyleID="s23"/>
    <Cell ss:StyleID="s23"/>
    <Cell ss:StyleID="s23"/>
    <Cell ss:StyleID="s23"/>
    <Cell ss:StyleID="s23"/>
    <Cell ss:StyleID="s23"/>
    <Cell ss:StyleID="s23"/>
    <Cell ss:StyleID="s23"/>
    <Cell ss:StyleID="s23"/>
    <Cell ss:StyleID="s23"/>
    <Cell ss:StyleID="s23"/>
    <Cell ss:StyleID="s23"/>
    <Cell ss:StyleID="s23"/>
    <Cell ss:StyleID="s23"/>
    <Cell ss:StyleID="s23"/>
    <Cell ss:StyleID="s23"/>
    <Cell ss:StyleID="s23"/>
    <Cell ss:StyleID="s23"/>
    <Cell ss:StyleID="s23"/>
    <Cell ss:StyleID="s23"/>
    <Cell ss:StyleID="s23"/>
    <Cell ss:StyleID="s23"/>
    <Cell ss:StyleID="s23"/>
   </Row>
   <Row ss:AutoFitHeight="0" ss:Height="42.75">
    <Cell ss:StyleID="s48"><Data ss:Type="String"> табак курительный, за исключением табака,  &#10; используемого в качестве сырья для &#10; производства табачной продукции (кг)</Data><NamedCell
      ss:Name="Print_Area"/></Cell>
    <Cell ss:StyleID="s38"><Data ss:Type="String">030</Data><NamedCell
      ss:Name="Print_Area"/></Cell>
    <Cell ss:StyleID="s35"><Data ss:Type="Number">420</Data><NamedCell
      ss:Name="Print_Area"/></Cell>
    <Cell ss:StyleID="s28"><Data ss:Type="Number">1098</Data><NamedCell
      ss:Name="Print_Area"/></Cell>
    <Cell ss:StyleID="s28"><Data ss:Type="Number">304</Data><NamedCell
      ss:Name="Print_Area"/></Cell>
   </Row>
   <Row ss:AutoFitHeight="0" ss:Height="18">
    <Cell ss:StyleID="s48"><Data ss:Type="String"> сигары (шт.)</Data><NamedCell
      ss:Name="Print_Area"/></Cell>
    <Cell ss:StyleID="s38"><Data ss:Type="String">040</Data><NamedCell
      ss:Name="Print_Area"/></Cell>
    <Cell ss:StyleID="s35"><Data ss:Type="Number">430</Data><NamedCell
      ss:Name="Print_Area"/></Cell>
    <Cell ss:StyleID="s28"><NamedCell ss:Name="Print_Area"/></Cell>
    <Cell ss:StyleID="s28"><NamedCell ss:Name="Print_Area"/></Cell>
   </Row>
   <Row ss:AutoFitHeight="0" ss:Height="18">
    <Cell ss:StyleID="s48"><Data ss:Type="String"> сигариллы (тыс.шт.)</Data><NamedCell
      ss:Name="Print_Area"/></Cell>
    <Cell ss:StyleID="s39"><Data ss:Type="String">050</Data><NamedCell
      ss:Name="Print_Area"/></Cell>
    <Cell ss:StyleID="s35"><Data ss:Type="Number">440</Data><NamedCell
      ss:Name="Print_Area"/></Cell>
    <Cell ss:StyleID="s28"><Data ss:Type="Number">1116</Data><NamedCell
      ss:Name="Print_Area"/></Cell>
    <Cell ss:StyleID="s28"><Data ss:Type="Number">223</Data><NamedCell
      ss:Name="Print_Area"/></Cell>
   </Row>
   <Row ss:AutoFitHeight="0" ss:Height="18">
    <Cell ss:StyleID="s41"><Data ss:Type="String"> сигареты с фильтром (тыс.шт.)</Data><NamedCell
      ss:Name="Print_Area"/></Cell>
    <Cell ss:StyleID="s36"><Data ss:Type="String">060</Data><NamedCell
      ss:Name="Print_Area"/></Cell>
    <Cell ss:StyleID="s43"><Data ss:Type="Number">452</Data><NamedCell
      ss:Name="Print_Area"/></Cell>
    <Cell ss:StyleID="s28"><Data ss:Type="Number">356906006</Data><NamedCell
      ss:Name="Print_Area"/></Cell>
    <Cell ss:StyleID="s28"><Data ss:Type="Number">27838669</Data><NamedCell
      ss:Name="Print_Area"/></Cell>
   </Row>
   <Row ss:AutoFitHeight="0" ss:Height="18">
    <Cell ss:StyleID="s41"><Data ss:Type="String"> сигареты с фильтром (руб.)</Data><NamedCell
      ss:Name="Print_Area"/></Cell>
    <Cell ss:StyleID="s37"><Data ss:Type="String">070</Data><NamedCell
      ss:Name="Print_Area"/></Cell>
    <Cell ss:StyleID="s43"><Data ss:Type="Number">453</Data><NamedCell
      ss:Name="Print_Area"/></Cell>
    <Cell ss:StyleID="s28"><Data ss:Type="Number">85499653193</Data><NamedCell
      ss:Name="Print_Area"/></Cell>
    <Cell ss:StyleID="s28"><Data ss:Type="Number">6839971</Data><NamedCell
      ss:Name="Print_Area"/></Cell>
   </Row>
   <Row ss:AutoFitHeight="0" ss:Height="18">
    <Cell ss:StyleID="s48"><Data ss:Type="String"> сигареты без фильтра, папиросы (тыс.шт.)</Data><NamedCell
      ss:Name="Print_Area"/></Cell>
    <Cell ss:StyleID="s37"><Data ss:Type="String">080</Data><NamedCell
      ss:Name="Print_Area"/></Cell>
    <Cell ss:StyleID="s43"><Data ss:Type="Number">462</Data><NamedCell
      ss:Name="Print_Area"/></Cell>
    <Cell ss:StyleID="s28"><Data ss:Type="Number">45765991</Data><NamedCell
      ss:Name="Print_Area"/></Cell>
    <Cell ss:StyleID="s28"><Data ss:Type="Number">1601810</Data><NamedCell
      ss:Name="Print_Area"/></Cell>
   </Row>
   <Row ss:AutoFitHeight="0" ss:Height="18" ss:StyleID="s29">
    <Cell ss:StyleID="s48"><Data ss:Type="String"> сигареты без фильтра, папиросы (руб.)</Data><NamedCell
      ss:Name="Print_Area"/></Cell>
    <Cell ss:StyleID="s39"><Data ss:Type="String">090</Data><NamedCell
      ss:Name="Print_Area"/></Cell>
    <Cell ss:StyleID="s44"><Data ss:Type="Number">463</Data><NamedCell
      ss:Name="Print_Area"/></Cell>
    <Cell ss:StyleID="s28"><Data ss:Type="Number">2778618547</Data><NamedCell
      ss:Name="Print_Area"/></Cell>
    <Cell ss:StyleID="s28"><Data ss:Type="Number">222290</Data><NamedCell
      ss:Name="Print_Area"/></Cell>
    <Cell ss:StyleID="s23"/>
    <Cell ss:StyleID="s23"/>
    <Cell ss:StyleID="s23"/>
    <Cell ss:StyleID="s23"/>
    <Cell ss:StyleID="s23"/>
    <Cell ss:StyleID="s23"/>
    <Cell ss:StyleID="s23"/>
    <Cell ss:StyleID="s23"/>
    <Cell ss:StyleID="s23"/>
    <Cell ss:StyleID="s23"/>
    <Cell ss:StyleID="s23"/>
    <Cell ss:StyleID="s23"/>
    <Cell ss:StyleID="s23"/>
    <Cell ss:StyleID="s23"/>
    <Cell ss:StyleID="s23"/>
    <Cell ss:StyleID="s23"/>
    <Cell ss:StyleID="s23"/>
    <Cell ss:StyleID="s23"/>
    <Cell ss:StyleID="s23"/>
    <Cell ss:StyleID="s23"/>
    <Cell ss:StyleID="s23"/>
    <Cell ss:StyleID="s23"/>
    <Cell ss:StyleID="s23"/>
    <Cell ss:StyleID="s23"/>
    <Cell ss:StyleID="s23"/>
    <Cell ss:StyleID="s23"/>
    <Cell ss:StyleID="s23"/>
    <Cell ss:StyleID="s23"/>
   </Row>
   <Row ss:AutoFitHeight="0" ss:Height="56.25" ss:StyleID="s29">
    <Cell ss:StyleID="s49"><Data ss:Type="String"> Реализация на экспорт табачных изделий &#10; при отсутствии поручительства банка &#10; (банковской гарантии)&#10; 100=110+120+130+140+150+160+170+180</Data><NamedCell
      ss:Name="Print_Area"/></Cell>
    <Cell ss:StyleID="s37"><Data ss:Type="String">100</Data><NamedCell
      ss:Name="Print_Area"/></Cell>
    <Cell ss:StyleID="s40"><Data ss:Type="String">Х</Data><NamedCell
      ss:Name="Print_Area"/></Cell>
    <Cell ss:StyleID="s28"><Data ss:Type="String">Х</Data><NamedCell
      ss:Name="Print_Area"/></Cell>
    <Cell ss:StyleID="s28"><Data ss:Type="Number">59765</Data><NamedCell
      ss:Name="Print_Area"/></Cell>
    <Cell ss:StyleID="s23"/>
    <Cell ss:StyleID="s23"/>
    <Cell ss:StyleID="s23"/>
    <Cell ss:StyleID="s23"/>
    <Cell ss:StyleID="s23"/>
    <Cell ss:StyleID="s23"/>
    <Cell ss:StyleID="s23"/>
    <Cell ss:StyleID="s23"/>
    <Cell ss:StyleID="s23"/>
    <Cell ss:StyleID="s23"/>
    <Cell ss:StyleID="s23"/>
    <Cell ss:StyleID="s23"/>
    <Cell ss:StyleID="s23"/>
    <Cell ss:StyleID="s23"/>
    <Cell ss:StyleID="s23"/>
    <Cell ss:StyleID="s23"/>
    <Cell ss:StyleID="s23"/>
    <Cell ss:StyleID="s23"/>
    <Cell ss:StyleID="s23"/>
    <Cell ss:StyleID="s23"/>
    <Cell ss:StyleID="s23"/>
    <Cell ss:StyleID="s23"/>
    <Cell ss:StyleID="s23"/>
    <Cell ss:StyleID="s23"/>
    <Cell ss:StyleID="s23"/>
    <Cell ss:StyleID="s23"/>
    <Cell ss:StyleID="s23"/>
    <Cell ss:StyleID="s23"/>
   </Row>
   <Row ss:AutoFitHeight="0" ss:Height="26.25" ss:StyleID="s29">
    <Cell ss:StyleID="s47"><Data ss:Type="String">           в том числе:&#10; табак трубочный (кг)</Data><NamedCell
      ss:Name="Print_Area"/></Cell>
    <Cell ss:StyleID="s36"><Data ss:Type="String">110</Data><NamedCell
      ss:Name="Print_Area"/></Cell>
    <Cell ss:StyleID="s40"><Data ss:Type="Number">410</Data><NamedCell
      ss:Name="Print_Area"/></Cell>
    <Cell ss:StyleID="s28"><NamedCell ss:Name="Print_Area"/></Cell>
    <Cell ss:StyleID="s28"><NamedCell ss:Name="Print_Area"/></Cell>
    <Cell ss:StyleID="s23"/>
    <Cell ss:StyleID="s23"/>
    <Cell ss:StyleID="s23"/>
    <Cell ss:StyleID="s23"/>
    <Cell ss:StyleID="s23"/>
    <Cell ss:StyleID="s23"/>
    <Cell ss:StyleID="s23"/>
    <Cell ss:StyleID="s23"/>
    <Cell ss:StyleID="s23"/>
    <Cell ss:StyleID="s23"/>
    <Cell ss:StyleID="s23"/>
    <Cell ss:StyleID="s23"/>
    <Cell ss:StyleID="s23"/>
    <Cell ss:StyleID="s23"/>
    <Cell ss:StyleID="s23"/>
    <Cell ss:StyleID="s23"/>
    <Cell ss:StyleID="s23"/>
    <Cell ss:StyleID="s23"/>
    <Cell ss:StyleID="s23"/>
    <Cell ss:StyleID="s23"/>
    <Cell ss:StyleID="s23"/>
    <Cell ss:StyleID="s23"/>
    <Cell ss:StyleID="s23"/>
    <Cell ss:StyleID="s23"/>
    <Cell ss:StyleID="s23"/>
    <Cell ss:StyleID="s23"/>
    <Cell ss:StyleID="s23"/>
    <Cell ss:StyleID="s23"/>
   </Row>
   <Row ss:AutoFitHeight="0" ss:Height="42.75" ss:StyleID="s29">
    <Cell ss:StyleID="s48"><Data ss:Type="String"> табак курительный, за исключением табака,  &#10; используемого в качестве сырья для &#10; производства табачной продукции (кг)</Data><NamedCell
      ss:Name="Print_Area"/></Cell>
    <Cell ss:StyleID="s36"><Data ss:Type="String">120</Data><NamedCell
      ss:Name="Print_Area"/></Cell>
    <Cell ss:StyleID="s40"><Data ss:Type="Number">420</Data><NamedCell
      ss:Name="Print_Area"/></Cell>
    <Cell ss:StyleID="s28"><NamedCell ss:Name="Print_Area"/></Cell>
    <Cell ss:StyleID="s28"><NamedCell ss:Name="Print_Area"/></Cell>
    <Cell ss:StyleID="s23"/>
    <Cell ss:StyleID="s23"/>
    <Cell ss:StyleID="s23"/>
    <Cell ss:StyleID="s23"/>
    <Cell ss:StyleID="s23"/>
    <Cell ss:StyleID="s23"/>
    <Cell ss:StyleID="s23"/>
    <Cell ss:StyleID="s23"/>
    <Cell ss:StyleID="s23"/>
    <Cell ss:StyleID="s23"/>
    <Cell ss:StyleID="s23"/>
    <Cell ss:StyleID="s23"/>
    <Cell ss:StyleID="s23"/>
    <Cell ss:StyleID="s23"/>
    <Cell ss:StyleID="s23"/>
    <Cell ss:StyleID="s23"/>
    <Cell ss:StyleID="s23"/>
    <Cell ss:StyleID="s23"/>
    <Cell ss:StyleID="s23"/>
    <Cell ss:StyleID="s23"/>
    <Cell ss:StyleID="s23"/>
    <Cell ss:StyleID="s23"/>
    <Cell ss:StyleID="s23"/>
    <Cell ss:StyleID="s23"/>
    <Cell ss:StyleID="s23"/>
    <Cell ss:StyleID="s23"/>
    <Cell ss:StyleID="s23"/>
    <Cell ss:StyleID="s23"/>
   </Row>
   <Row ss:AutoFitHeight="0" ss:Height="18" ss:StyleID="s29">
    <Cell ss:StyleID="s48"><Data ss:Type="String"> сигары (шт.)</Data><NamedCell
      ss:Name="Print_Area"/></Cell>
    <Cell ss:StyleID="s36"><Data ss:Type="String">130</Data><NamedCell
      ss:Name="Print_Area"/></Cell>
    <Cell ss:StyleID="s40"><Data ss:Type="Number">430</Data><NamedCell
      ss:Name="Print_Area"/></Cell>
    <Cell ss:StyleID="s28"><NamedCell ss:Name="Print_Area"/></Cell>
    <Cell ss:StyleID="s28"><NamedCell ss:Name="Print_Area"/></Cell>
    <Cell ss:StyleID="s23"/>
    <Cell ss:StyleID="s23"/>
    <Cell ss:StyleID="s23"/>
    <Cell ss:StyleID="s23"/>
    <Cell ss:StyleID="s23"/>
    <Cell ss:StyleID="s23"/>
    <Cell ss:StyleID="s23"/>
    <Cell ss:StyleID="s23"/>
    <Cell ss:StyleID="s23"/>
    <Cell ss:StyleID="s23"/>
    <Cell ss:StyleID="s23"/>
    <Cell ss:StyleID="s23"/>
    <Cell ss:StyleID="s23"/>
    <Cell ss:StyleID="s23"/>
    <Cell ss:StyleID="s23"/>
    <Cell ss:StyleID="s23"/>
    <Cell ss:StyleID="s23"/>
    <Cell ss:StyleID="s23"/>
    <Cell ss:StyleID="s23"/>
    <Cell ss:StyleID="s23"/>
    <Cell ss:StyleID="s23"/>
    <Cell ss:StyleID="s23"/>
    <Cell ss:StyleID="s23"/>
    <Cell ss:StyleID="s23"/>
    <Cell ss:StyleID="s23"/>
    <Cell ss:StyleID="s23"/>
    <Cell ss:StyleID="s23"/>
    <Cell ss:StyleID="s23"/>
   </Row>
   <Row ss:AutoFitHeight="0" ss:Height="18" ss:StyleID="s29">
    <Cell ss:StyleID="s48"><Data ss:Type="String"> сигариллы (тыс.шт.)</Data><NamedCell
      ss:Name="Print_Area"/></Cell>
    <Cell ss:StyleID="s36"><Data ss:Type="String">140</Data><NamedCell
      ss:Name="Print_Area"/></Cell>
    <Cell ss:StyleID="s40"><Data ss:Type="Number">440</Data><NamedCell
      ss:Name="Print_Area"/></Cell>
    <Cell ss:StyleID="s28"><NamedCell ss:Name="Print_Area"/></Cell>
    <Cell ss:StyleID="s28"><NamedCell ss:Name="Print_Area"/></Cell>
    <Cell ss:StyleID="s23"/>
    <Cell ss:StyleID="s23"/>
    <Cell ss:StyleID="s23"/>
    <Cell ss:StyleID="s23"/>
    <Cell ss:StyleID="s23"/>
    <Cell ss:StyleID="s23"/>
    <Cell ss:StyleID="s23"/>
    <Cell ss:StyleID="s23"/>
    <Cell ss:StyleID="s23"/>
    <Cell ss:StyleID="s23"/>
    <Cell ss:StyleID="s23"/>
    <Cell ss:StyleID="s23"/>
    <Cell ss:StyleID="s23"/>
    <Cell ss:StyleID="s23"/>
    <Cell ss:StyleID="s23"/>
    <Cell ss:StyleID="s23"/>
    <Cell ss:StyleID="s23"/>
    <Cell ss:StyleID="s23"/>
    <Cell ss:StyleID="s23"/>
    <Cell ss:StyleID="s23"/>
    <Cell ss:StyleID="s23"/>
    <Cell ss:StyleID="s23"/>
    <Cell ss:StyleID="s23"/>
    <Cell ss:StyleID="s23"/>
    <Cell ss:StyleID="s23"/>
    <Cell ss:StyleID="s23"/>
    <Cell ss:StyleID="s23"/>
    <Cell ss:StyleID="s23"/>
   </Row>
   <Row ss:AutoFitHeight="0" ss:Height="18" ss:StyleID="s29">
    <Cell ss:StyleID="s41"><Data ss:Type="String"> сигареты с фильтром (тыс.шт.)</Data><NamedCell
      ss:Name="Print_Area"/></Cell>
    <Cell ss:StyleID="s36"><Data ss:Type="String">150</Data><NamedCell
      ss:Name="Print_Area"/></Cell>
    <Cell ss:StyleID="s44"><Data ss:Type="Number">452</Data><NamedCell
      ss:Name="Print_Area"/></Cell>
    <Cell ss:StyleID="s28"><Data ss:Type="Number">786443</Data><NamedCell
      ss:Name="Print_Area"/></Cell>
    <Cell ss:StyleID="s28"><Data ss:Type="Number">42628</Data><NamedCell
      ss:Name="Print_Area"/></Cell>
    <Cell ss:StyleID="s23"/>
    <Cell ss:StyleID="s23"/>
    <Cell ss:StyleID="s23"/>
    <Cell ss:StyleID="s23"/>
    <Cell ss:StyleID="s23"/>
    <Cell ss:StyleID="s23"/>
    <Cell ss:StyleID="s23"/>
    <Cell ss:StyleID="s23"/>
    <Cell ss:StyleID="s23"/>
    <Cell ss:StyleID="s23"/>
    <Cell ss:StyleID="s23"/>
    <Cell ss:StyleID="s23"/>
    <Cell ss:StyleID="s23"/>
    <Cell ss:StyleID="s23"/>
    <Cell ss:StyleID="s23"/>
    <Cell ss:StyleID="s23"/>
    <Cell ss:StyleID="s23"/>
    <Cell ss:StyleID="s23"/>
    <Cell ss:StyleID="s23"/>
    <Cell ss:StyleID="s23"/>
    <Cell ss:StyleID="s23"/>
    <Cell ss:StyleID="s23"/>
    <Cell ss:StyleID="s23"/>
    <Cell ss:StyleID="s23"/>
    <Cell ss:StyleID="s23"/>
    <Cell ss:StyleID="s23"/>
    <Cell ss:StyleID="s23"/>
    <Cell ss:StyleID="s23"/>
   </Row>
   <Row ss:AutoFitHeight="0" ss:Height="18" ss:StyleID="s29">
    <Cell ss:StyleID="s41"><Data ss:Type="String"> сигареты с фильтром (руб.)</Data><NamedCell
      ss:Name="Print_Area"/></Cell>
    <Cell ss:StyleID="s36"><Data ss:Type="String">160</Data><NamedCell
      ss:Name="Print_Area"/></Cell>
    <Cell ss:StyleID="s44"><Data ss:Type="Number">453</Data><NamedCell
      ss:Name="Print_Area"/></Cell>
    <Cell ss:StyleID="s28"><Data ss:Type="Number">205222609</Data><NamedCell
      ss:Name="Print_Area"/></Cell>
    <Cell ss:StyleID="s28"><Data ss:Type="Number">16417</Data><NamedCell
      ss:Name="Print_Area"/></Cell>
    <Cell ss:StyleID="s23"/>
    <Cell ss:StyleID="s23"/>
    <Cell ss:StyleID="s23"/>
    <Cell ss:StyleID="s23"/>
    <Cell ss:StyleID="s23"/>
    <Cell ss:StyleID="s23"/>
    <Cell ss:StyleID="s23"/>
    <Cell ss:StyleID="s23"/>
    <Cell ss:StyleID="s23"/>
    <Cell ss:StyleID="s23"/>
    <Cell ss:StyleID="s23"/>
    <Cell ss:StyleID="s23"/>
    <Cell ss:StyleID="s23"/>
    <Cell ss:StyleID="s23"/>
    <Cell ss:StyleID="s23"/>
    <Cell ss:StyleID="s23"/>
    <Cell ss:StyleID="s23"/>
    <Cell ss:StyleID="s23"/>
    <Cell ss:StyleID="s23"/>
    <Cell ss:StyleID="s23"/>
    <Cell ss:StyleID="s23"/>
    <Cell ss:StyleID="s23"/>
    <Cell ss:StyleID="s23"/>
    <Cell ss:StyleID="s23"/>
    <Cell ss:StyleID="s23"/>
    <Cell ss:StyleID="s23"/>
    <Cell ss:StyleID="s23"/>
    <Cell ss:StyleID="s23"/>
   </Row>
   <Row ss:AutoFitHeight="0" ss:Height="18" ss:StyleID="s29">
    <Cell ss:StyleID="s48"><Data ss:Type="String"> сигареты без фильтра, папиросы (тыс.шт.)</Data><NamedCell
      ss:Name="Print_Area"/></Cell>
    <Cell ss:StyleID="s36"><Data ss:Type="String">170</Data><NamedCell
      ss:Name="Print_Area"/></Cell>
    <Cell ss:StyleID="s44"><Data ss:Type="Number">462</Data><NamedCell
      ss:Name="Print_Area"/></Cell>
    <Cell ss:StyleID="s28"><Data ss:Type="Number">3796881</Data><NamedCell
      ss:Name="Print_Area"/></Cell>
    <Cell ss:StyleID="s28"><Data ss:Type="Number">635</Data><NamedCell
      ss:Name="Print_Area"/></Cell>
    <Cell ss:StyleID="s23"/>
    <Cell ss:StyleID="s23"/>
    <Cell ss:StyleID="s23"/>
    <Cell ss:StyleID="s23"/>
    <Cell ss:StyleID="s23"/>
    <Cell ss:StyleID="s23"/>
    <Cell ss:StyleID="s23"/>
    <Cell ss:StyleID="s23"/>
    <Cell ss:StyleID="s23"/>
    <Cell ss:StyleID="s23"/>
    <Cell ss:StyleID="s23"/>
    <Cell ss:StyleID="s23"/>
    <Cell ss:StyleID="s23"/>
    <Cell ss:StyleID="s23"/>
    <Cell ss:StyleID="s23"/>
    <Cell ss:StyleID="s23"/>
    <Cell ss:StyleID="s23"/>
    <Cell ss:StyleID="s23"/>
    <Cell ss:StyleID="s23"/>
    <Cell ss:StyleID="s23"/>
    <Cell ss:StyleID="s23"/>
    <Cell ss:StyleID="s23"/>
    <Cell ss:StyleID="s23"/>
    <Cell ss:StyleID="s23"/>
    <Cell ss:StyleID="s23"/>
    <Cell ss:StyleID="s23"/>
    <Cell ss:StyleID="s23"/>
    <Cell ss:StyleID="s23"/>
   </Row>
   <Row ss:AutoFitHeight="0" ss:Height="18" ss:StyleID="s29">
    <Cell ss:StyleID="s48"><Data ss:Type="String"> сигареты без фильтра, папиросы (руб.)</Data><NamedCell
      ss:Name="Print_Area"/></Cell>
    <Cell ss:StyleID="s36"><Data ss:Type="String">180</Data><NamedCell
      ss:Name="Print_Area"/></Cell>
    <Cell ss:StyleID="s44"><Data ss:Type="Number">463</Data><NamedCell
      ss:Name="Print_Area"/></Cell>
    <Cell ss:StyleID="s28"><Data ss:Type="Number">1061113</Data><NamedCell
      ss:Name="Print_Area"/></Cell>
    <Cell ss:StyleID="s28"><Data ss:Type="Number">85</Data><NamedCell
      ss:Name="Print_Area"/></Cell>
    <Cell ss:StyleID="s23"/>
    <Cell ss:StyleID="s23"/>
    <Cell ss:StyleID="s23"/>
    <Cell ss:StyleID="s23"/>
    <Cell ss:StyleID="s23"/>
    <Cell ss:StyleID="s23"/>
    <Cell ss:StyleID="s23"/>
    <Cell ss:StyleID="s23"/>
    <Cell ss:StyleID="s23"/>
    <Cell ss:StyleID="s23"/>
    <Cell ss:StyleID="s23"/>
    <Cell ss:StyleID="s23"/>
    <Cell ss:StyleID="s23"/>
    <Cell ss:StyleID="s23"/>
    <Cell ss:StyleID="s23"/>
    <Cell ss:StyleID="s23"/>
    <Cell ss:StyleID="s23"/>
    <Cell ss:StyleID="s23"/>
    <Cell ss:StyleID="s23"/>
    <Cell ss:StyleID="s23"/>
    <Cell ss:StyleID="s23"/>
    <Cell ss:StyleID="s23"/>
    <Cell ss:StyleID="s23"/>
    <Cell ss:StyleID="s23"/>
    <Cell ss:StyleID="s23"/>
    <Cell ss:StyleID="s23"/>
    <Cell ss:StyleID="s23"/>
    <Cell ss:StyleID="s23"/>
   </Row>
   <Row ss:AutoFitHeight="0" ss:Height="20.0625" ss:StyleID="s29">
    <Cell ss:StyleID="s41"><Data ss:Type="String"> Налоговые вычеты</Data><NamedCell
      ss:Name="Print_Area"/></Cell>
    <Cell ss:StyleID="s27"><Data ss:Type="Number">190</Data><NamedCell
      ss:Name="Print_Area"/></Cell>
    <Cell ss:StyleID="s35"><Data ss:Type="String">Х</Data><NamedCell
      ss:Name="Print_Area"/></Cell>
    <Cell ss:StyleID="s28"><Data ss:Type="String">Х</Data><NamedCell
      ss:Name="Print_Area"/></Cell>
    <Cell ss:StyleID="s28"><Data ss:Type="Number">1098</Data><NamedCell
      ss:Name="Print_Area"/></Cell>
    <Cell ss:StyleID="s23"/>
    <Cell ss:StyleID="s23"/>
    <Cell ss:StyleID="s23"/>
    <Cell ss:StyleID="s23"/>
    <Cell ss:StyleID="s23"/>
    <Cell ss:StyleID="s23"/>
    <Cell ss:StyleID="s23"/>
    <Cell ss:StyleID="s23"/>
    <Cell ss:StyleID="s23"/>
    <Cell ss:StyleID="s23"/>
    <Cell ss:StyleID="s23"/>
    <Cell ss:StyleID="s23"/>
    <Cell ss:StyleID="s23"/>
    <Cell ss:StyleID="s23"/>
    <Cell ss:StyleID="s23"/>
    <Cell ss:StyleID="s23"/>
    <Cell ss:StyleID="s23"/>
    <Cell ss:StyleID="s23"/>
    <Cell ss:StyleID="s23"/>
    <Cell ss:StyleID="s23"/>
    <Cell ss:StyleID="s23"/>
    <Cell ss:StyleID="s23"/>
    <Cell ss:StyleID="s23"/>
    <Cell ss:StyleID="s23"/>
    <Cell ss:StyleID="s23"/>
    <Cell ss:StyleID="s23"/>
    <Cell ss:StyleID="s23"/>
    <Cell ss:StyleID="s23"/>
   </Row>
   <Row ss:AutoFitHeight="0" ss:Height="20.0625">
    <Cell ss:StyleID="s41"><Data ss:Type="String"> Сумма акциза, подлежащая уплате в бюджет (руб.)</Data><NamedCell
      ss:Name="Print_Area"/></Cell>
    <Cell ss:StyleID="s31"><Data ss:Type="Number">200</Data><NamedCell
      ss:Name="Print_Area"/></Cell>
    <Cell ss:StyleID="s35"><Data ss:Type="String">Х</Data><NamedCell
      ss:Name="Print_Area"/></Cell>
    <Cell ss:StyleID="s28"><Data ss:Type="String">Х</Data><NamedCell
      ss:Name="Print_Area"/></Cell>
    <Cell ss:StyleID="s28"><Data ss:Type="Number">36940817</Data><NamedCell
      ss:Name="Print_Area"/></Cell>
   </Row>
   <Row>
    <Cell ss:Index="5" ss:StyleID="s33"><NamedCell ss:Name="Print_Area"/></Cell>
   </Row>
   <Row>
    <Cell ss:Index="5" ss:StyleID="s33"><NamedCell ss:Name="Print_Area"/></Cell>
   </Row>
   <Row>
    <Cell ss:Index="4" ss:MergeAcross="1"><NamedCell ss:Name="Print_Area"/></Cell>
   </Row>
   <Row>
    <Cell ss:Index="5" ss:StyleID="s33"><NamedCell ss:Name="Print_Area"/></Cell>
   </Row>
   <Row>
    <Cell ss:Index="5" ss:StyleID="s33"/>
   </Row>
   <Row>
    <Cell ss:Index="5" ss:StyleID="s33"/>
   </Row>
   <Row>
    <Cell ss:Index="5" ss:StyleID="s33"/>
   </Row>
   <Row>
    <Cell ss:Index="5" ss:StyleID="s33"/>
   </Row>
   <Row>
    <Cell ss:Index="5" ss:StyleID="s33"/>
   </Row>
   <Row>
    <Cell ss:Index="5" ss:StyleID="s33"/>
   </Row>
   <Row>
    <Cell ss:Index="5" ss:StyleID="s33"/>
   </Row>
   <Row>
    <Cell ss:Index="5" ss:StyleID="s33"/>
   </Row>
   <Row>
    <Cell ss:Index="5" ss:StyleID="s33"/>
   </Row>
   <Row>
    <Cell ss:Index="5" ss:StyleID="s33"/>
   </Row>
   <Row>
    <Cell ss:Index="5" ss:StyleID="s33"/>
   </Row>
   <Row>
    <Cell ss:Index="5" ss:StyleID="s33"/>
   </Row>
   <Row>
    <Cell ss:Index="5" ss:StyleID="s33"/>
   </Row>
   <Row>
    <Cell ss:Index="5" ss:StyleID="s33"/>
   </Row>
   <Row>
    <Cell ss:Index="5" ss:StyleID="s33"/>
   </Row>
   <Row>
    <Cell ss:Index="5" ss:StyleID="s33"/>
   </Row>
   <Row>
    <Cell ss:Index="5" ss:StyleID="s33"/>
   </Row>
   <Row>
    <Cell ss:Index="5" ss:StyleID="s33"/>
   </Row>
   <Row>
    <Cell ss:Index="5" ss:StyleID="s33"/>
   </Row>
   <Row>
    <Cell ss:Index="5" ss:StyleID="s33"/>
   </Row>
   <Row>
    <Cell ss:Index="5" ss:StyleID="s33"/>
   </Row>
   <Row>
    <Cell ss:Index="5" ss:StyleID="s33"/>
   </Row>
   <Row>
    <Cell ss:Index="5" ss:StyleID="s33"/>
   </Row>
   <Row>
    <Cell ss:Index="5" ss:StyleID="s33"/>
   </Row>
   <Row>
    <Cell ss:Index="5" ss:StyleID="s33"/>
   </Row>
   <Row>
    <Cell ss:Index="5" ss:StyleID="s33"/>
   </Row>
   <Row>
    <Cell ss:Index="5" ss:StyleID="s33"/>
   </Row>
   <Row>
    <Cell ss:Index="5" ss:StyleID="s33"/>
   </Row>
   <Row>
    <Cell ss:Index="5" ss:StyleID="s33"/>
   </Row>
   <Row>
    <Cell ss:Index="5" ss:StyleID="s33"/>
   </Row>
   <Row>
    <Cell ss:Index="5" ss:StyleID="s33"/>
   </Row>
   <Row>
    <Cell ss:Index="5" ss:StyleID="s33"/>
   </Row>
   <Row>
    <Cell ss:Index="5" ss:StyleID="s33"/>
   </Row>
   <Row>
    <Cell ss:Index="5" ss:StyleID="s33"/>
   </Row>
   <Row>
    <Cell ss:Index="5" ss:StyleID="s33"/>
   </Row>
   <Row>
    <Cell ss:Index="5" ss:StyleID="s33"/>
   </Row>
   <Row>
    <Cell ss:Index="5" ss:StyleID="s33"/>
   </Row>
   <Row>
    <Cell ss:Index="5" ss:StyleID="s33"/>
   </Row>
   <Row>
    <Cell ss:Index="5" ss:StyleID="s33"/>
   </Row>
   <Row>
    <Cell ss:Index="5" ss:StyleID="s33"/>
   </Row>
   <Row>
    <Cell ss:Index="5" ss:StyleID="s33"/>
   </Row>
   <Row>
    <Cell ss:Index="5" ss:StyleID="s33"/>
   </Row>
   <Row>
    <Cell ss:Index="5" ss:StyleID="s33"/>
   </Row>
   <Row>
    <Cell ss:Index="5" ss:StyleID="s33"/>
   </Row>
   <Row>
    <Cell ss:Index="5" ss:StyleID="s33"/>
   </Row>
   <Row>
    <Cell ss:Index="5" ss:StyleID="s33"/>
   </Row>
   <Row>
    <Cell ss:Index="5" ss:StyleID="s33"/>
   </Row>
   <Row>
    <Cell ss:Index="5" ss:StyleID="s33"/>
   </Row>
   <Row>
    <Cell ss:Index="5" ss:StyleID="s33"/>
   </Row>
   <Row>
    <Cell ss:Index="5" ss:StyleID="s33"/>
   </Row>
   <Row>
    <Cell ss:Index="5" ss:StyleID="s33"/>
   </Row>
   <Row>
    <Cell ss:Index="5" ss:StyleID="s33"/>
   </Row>
   <Row>
    <Cell ss:Index="5" ss:StyleID="s33"/>
   </Row>
   <Row>
    <Cell ss:Index="5" ss:StyleID="s33"/>
   </Row>
   <Row>
    <Cell ss:Index="5" ss:StyleID="s33"/>
   </Row>
   <Row>
    <Cell ss:Index="5" ss:StyleID="s33"/>
   </Row>
   <Row>
    <Cell ss:Index="5" ss:StyleID="s33"/>
   </Row>
   <Row>
    <Cell ss:Index="5" ss:StyleID="s33"/>
   </Row>
   <Row>
    <Cell ss:Index="5" ss:StyleID="s33"/>
   </Row>
   <Row>
    <Cell ss:Index="5" ss:StyleID="s33"/>
   </Row>
   <Row>
    <Cell ss:Index="5" ss:StyleID="s33"/>
   </Row>
   <Row>
    <Cell ss:Index="5" ss:StyleID="s33"/>
   </Row>
   <Row>
    <Cell ss:Index="5" ss:StyleID="s33"/>
   </Row>
   <Row>
    <Cell ss:Index="5" ss:StyleID="s33"/>
   </Row>
   <Row>
    <Cell ss:Index="5" ss:StyleID="s33"/>
   </Row>
   <Row>
    <Cell ss:Index="5" ss:StyleID="s33"/>
   </Row>
   <Row>
    <Cell ss:Index="5" ss:StyleID="s33"/>
   </Row>
   <Row>
    <Cell ss:Index="5" ss:StyleID="s33"/>
   </Row>
   <Row>
    <Cell ss:Index="5" ss:StyleID="s33"/>
   </Row>
   <Row>
    <Cell ss:Index="5" ss:StyleID="s33"/>
   </Row>
   <Row>
    <Cell ss:Index="5" ss:StyleID="s33"/>
   </Row>
   <Row>
    <Cell ss:Index="5" ss:StyleID="s33"/>
   </Row>
   <Row>
    <Cell ss:Index="5" ss:StyleID="s33"/>
   </Row>
   <Row>
    <Cell ss:Index="5" ss:StyleID="s33"/>
   </Row>
   <Row>
    <Cell ss:Index="5" ss:StyleID="s33"/>
   </Row>
   <Row>
    <Cell ss:Index="5" ss:StyleID="s33"/>
   </Row>
   <Row>
    <Cell ss:Index="5" ss:StyleID="s33"/>
   </Row>
   <Row>
    <Cell ss:Index="5" ss:StyleID="s33"/>
   </Row>
   <Row>
    <Cell ss:Index="5" ss:StyleID="s33"/>
   </Row>
   <Row>
    <Cell ss:Index="5" ss:StyleID="s33"/>
   </Row>
   <Row>
    <Cell ss:Index="5" ss:StyleID="s33"/>
   </Row>
   <Row>
    <Cell ss:Index="5" ss:StyleID="s33"/>
   </Row>
   <Row>
    <Cell ss:Index="5" ss:StyleID="s33"/>
   </Row>
   <Row>
    <Cell ss:Index="5" ss:StyleID="s33"/>
   </Row>
   <Row>
    <Cell ss:Index="5" ss:StyleID="s33"/>
   </Row>
   <Row>
    <Cell ss:Index="5" ss:StyleID="s33"/>
   </Row>
   <Row>
    <Cell ss:Index="5" ss:StyleID="s33"/>
   </Row>
   <Row>
    <Cell ss:Index="5" ss:StyleID="s33"/>
   </Row>
   <Row>
    <Cell ss:Index="5" ss:StyleID="s33"/>
   </Row>
   <Row>
    <Cell ss:Index="5" ss:StyleID="s33"/>
   </Row>
   <Row>
    <Cell ss:Index="5" ss:StyleID="s33"/>
   </Row>
   <Row>
    <Cell ss:Index="5" ss:StyleID="s33"/>
   </Row>
   <Row>
    <Cell ss:Index="5" ss:StyleID="s33"/>
   </Row>
   <Row>
    <Cell ss:Index="5" ss:StyleID="s33"/>
   </Row>
   <Row>
    <Cell ss:Index="5" ss:StyleID="s33"/>
   </Row>
   <Row>
    <Cell ss:Index="5" ss:StyleID="s33"/>
   </Row>
   <Row>
    <Cell ss:Index="5" ss:StyleID="s33"/>
   </Row>
   <Row>
    <Cell ss:Index="5" ss:StyleID="s33"/>
   </Row>
   <Row>
    <Cell ss:Index="5" ss:StyleID="s33"/>
   </Row>
   <Row>
    <Cell ss:Index="5" ss:StyleID="s33"/>
   </Row>
   <Row>
    <Cell ss:Index="5" ss:StyleID="s33"/>
   </Row>
   <Row>
    <Cell ss:Index="5" ss:StyleID="s33"/>
   </Row>
   <Row>
    <Cell ss:Index="5" ss:StyleID="s33"/>
   </Row>
   <Row>
    <Cell ss:Index="5" ss:StyleID="s33"/>
   </Row>
   <Row>
    <Cell ss:Index="5" ss:StyleID="s33"/>
   </Row>
   <Row>
    <Cell ss:Index="5" ss:StyleID="s33"/>
   </Row>
   <Row>
    <Cell ss:Index="5" ss:StyleID="s33"/>
   </Row>
   <Row>
    <Cell ss:Index="5" ss:StyleID="s33"/>
   </Row>
   <Row>
    <Cell ss:Index="5" ss:StyleID="s33"/>
   </Row>
   <Row>
    <Cell ss:Index="5" ss:StyleID="s33"/>
   </Row>
   <Row>
    <Cell ss:Index="5" ss:StyleID="s33"/>
   </Row>
   <Row>
    <Cell ss:Index="5" ss:StyleID="s33"/>
   </Row>
   <Row>
    <Cell ss:Index="5" ss:StyleID="s33"/>
   </Row>
   <Row>
    <Cell ss:Index="5" ss:StyleID="s33"/>
   </Row>
   <Row>
    <Cell ss:Index="5" ss:StyleID="s33"/>
   </Row>
   <Row>
    <Cell ss:Index="5" ss:StyleID="s33"/>
   </Row>
   <Row>
    <Cell ss:Index="5" ss:StyleID="s33"/>
   </Row>
   <Row>
    <Cell ss:Index="5" ss:StyleID="s33"/>
   </Row>
   <Row>
    <Cell ss:Index="5" ss:StyleID="s33"/>
   </Row>
   <Row>
    <Cell ss:Index="5" ss:StyleID="s33"/>
   </Row>
   <Row>
    <Cell ss:Index="5" ss:StyleID="s33"/>
   </Row>
   <Row>
    <Cell ss:Index="5" ss:StyleID="s33"/>
   </Row>
   <Row>
    <Cell ss:Index="5" ss:StyleID="s33"/>
   </Row>
   <Row>
    <Cell ss:Index="5" ss:StyleID="s33"/>
   </Row>
   <Row>
    <Cell ss:Index="5" ss:StyleID="s33"/>
   </Row>
   <Row>
    <Cell ss:Index="5" ss:StyleID="s33"/>
   </Row>
   <Row>
    <Cell ss:Index="5" ss:StyleID="s33"/>
   </Row>
   <Row>
    <Cell ss:Index="5" ss:StyleID="s33"/>
   </Row>
   <Row>
    <Cell ss:Index="5" ss:StyleID="s33"/>
   </Row>
   <Row>
    <Cell ss:Index="5" ss:StyleID="s33"/>
   </Row>
   <Row>
    <Cell ss:Index="5" ss:StyleID="s33"/>
   </Row>
   <Row>
    <Cell ss:Index="5" ss:StyleID="s33"/>
   </Row>
   <Row>
    <Cell ss:Index="5" ss:StyleID="s33"/>
   </Row>
   <Row>
    <Cell ss:Index="5" ss:StyleID="s33"/>
   </Row>
   <Row>
    <Cell ss:Index="5" ss:StyleID="s33"/>
   </Row>
   <Row>
    <Cell ss:Index="5" ss:StyleID="s33"/>
   </Row>
   <Row>
    <Cell ss:Index="5" ss:StyleID="s33"/>
   </Row>
   <Row>
    <Cell ss:Index="5" ss:StyleID="s33"/>
   </Row>
   <Row>
    <Cell ss:Index="5" ss:StyleID="s33"/>
   </Row>
   <Row>
    <Cell ss:Index="5" ss:StyleID="s33"/>
   </Row>
   <Row>
    <Cell ss:Index="5" ss:StyleID="s33"/>
   </Row>
   <Row>
    <Cell ss:Index="5" ss:StyleID="s33"/>
   </Row>
   <Row>
    <Cell ss:Index="5" ss:StyleID="s33"/>
   </Row>
   <Row>
    <Cell ss:Index="5" ss:StyleID="s33"/>
   </Row>
   <Row>
    <Cell ss:Index="5" ss:StyleID="s33"/>
   </Row>
   <Row>
    <Cell ss:Index="5" ss:StyleID="s33"/>
   </Row>
   <Row>
    <Cell ss:Index="5" ss:StyleID="s33"/>
   </Row>
   <Row>
    <Cell ss:Index="5" ss:StyleID="s33"/>
   </Row>
   <Row>
    <Cell ss:Index="5" ss:StyleID="s33"/>
   </Row>
   <Row>
    <Cell ss:Index="5" ss:StyleID="s33"/>
   </Row>
   <Row>
    <Cell ss:Index="5" ss:StyleID="s33"/>
   </Row>
   <Row>
    <Cell ss:Index="5" ss:StyleID="s33"/>
   </Row>
   <Row>
    <Cell ss:Index="5" ss:StyleID="s33"/>
   </Row>
   <Row>
    <Cell ss:Index="5" ss:StyleID="s33"/>
   </Row>
   <Row>
    <Cell ss:Index="5" ss:StyleID="s33"/>
   </Row>
   <Row>
    <Cell ss:Index="5" ss:StyleID="s33"/>
   </Row>
   <Row>
    <Cell ss:Index="5" ss:StyleID="s33"/>
   </Row>
   <Row>
    <Cell ss:Index="5" ss:StyleID="s33"/>
   </Row>
   <Row>
    <Cell ss:Index="5" ss:StyleID="s33"/>
   </Row>
   <Row>
    <Cell ss:Index="5" ss:StyleID="s33"/>
   </Row>
   <Row>
    <Cell ss:Index="5" ss:StyleID="s33"/>
   </Row>
   <Row>
    <Cell ss:Index="5" ss:StyleID="s33"/>
   </Row>
   <Row>
    <Cell ss:Index="5" ss:StyleID="s33"/>
   </Row>
   <Row>
    <Cell ss:Index="5" ss:StyleID="s33"/>
   </Row>
   <Row>
    <Cell ss:Index="5" ss:StyleID="s33"/>
   </Row>
   <Row>
    <Cell ss:Index="5" ss:StyleID="s33"/>
   </Row>
   <Row>
    <Cell ss:Index="5" ss:StyleID="s33"/>
   </Row>
   <Row>
    <Cell ss:Index="5" ss:StyleID="s33"/>
   </Row>
   <Row>
    <Cell ss:Index="5" ss:StyleID="s33"/>
   </Row>
   <Row>
    <Cell ss:Index="5" ss:StyleID="s33"/>
   </Row>
   <Row>
    <Cell ss:Index="5" ss:StyleID="s33"/>
   </Row>
   <Row>
    <Cell ss:Index="5" ss:StyleID="s33"/>
   </Row>
   <Row>
    <Cell ss:Index="5" ss:StyleID="s33"/>
   </Row>
   <Row>
    <Cell ss:Index="5" ss:StyleID="s33"/>
   </Row>
   <Row>
    <Cell ss:Index="5" ss:StyleID="s33"/>
   </Row>
   <Row>
    <Cell ss:Index="5" ss:StyleID="s33"/>
   </Row>
   <Row>
    <Cell ss:Index="5" ss:StyleID="s33"/>
   </Row>
   <Row>
    <Cell ss:Index="5" ss:StyleID="s33"/>
   </Row>
   <Row>
    <Cell ss:Index="5" ss:StyleID="s33"/>
   </Row>
   <Row>
    <Cell ss:Index="5" ss:StyleID="s33"/>
   </Row>
   <Row>
    <Cell ss:Index="5" ss:StyleID="s33"/>
   </Row>
   <Row>
    <Cell ss:Index="5" ss:StyleID="s33"/>
   </Row>
   <Row>
    <Cell ss:Index="5" ss:StyleID="s33"/>
   </Row>
   <Row>
    <Cell ss:Index="5" ss:StyleID="s33"/>
   </Row>
   <Row>
    <Cell ss:Index="5" ss:StyleID="s33"/>
   </Row>
   <Row>
    <Cell ss:Index="5" ss:StyleID="s33"/>
   </Row>
   <Row>
    <Cell ss:Index="5" ss:StyleID="s33"/>
   </Row>
   <Row>
    <Cell ss:Index="5" ss:StyleID="s33"/>
   </Row>
   <Row>
    <Cell ss:Index="5" ss:StyleID="s33"/>
   </Row>
   <Row>
    <Cell ss:Index="5" ss:StyleID="s33"/>
   </Row>
   <Row>
    <Cell ss:Index="5" ss:StyleID="s33"/>
   </Row>
   <Row>
    <Cell ss:Index="5" ss:StyleID="s33"/>
   </Row>
   <Row>
    <Cell ss:Index="5" ss:StyleID="s33"/>
   </Row>
   <Row>
    <Cell ss:Index="5" ss:StyleID="s33"/>
   </Row>
   <Row>
    <Cell ss:Index="5" ss:StyleID="s33"/>
   </Row>
   <Row>
    <Cell ss:Index="5" ss:StyleID="s33"/>
   </Row>
   <Row>
    <Cell ss:Index="5" ss:StyleID="s33"/>
   </Row>
   <Row>
    <Cell ss:Index="5" ss:StyleID="s33"/>
   </Row>
   <Row>
    <Cell ss:Index="5" ss:StyleID="s33"/>
   </Row>
   <Row>
    <Cell ss:Index="5" ss:StyleID="s33"/>
   </Row>
   <Row>
    <Cell ss:Index="5" ss:StyleID="s33"/>
   </Row>
   <Row>
    <Cell ss:Index="5" ss:StyleID="s33"/>
   </Row>
   <Row>
    <Cell ss:Index="5" ss:StyleID="s33"/>
   </Row>
   <Row>
    <Cell ss:Index="5" ss:StyleID="s33"/>
   </Row>
   <Row>
    <Cell ss:Index="5" ss:StyleID="s33"/>
   </Row>
   <Row>
    <Cell ss:Index="5" ss:StyleID="s33"/>
   </Row>
   <Row>
    <Cell ss:Index="5" ss:StyleID="s33"/>
   </Row>
   <Row>
    <Cell ss:Index="5" ss:StyleID="s33"/>
   </Row>
   <Row>
    <Cell ss:Index="5" ss:StyleID="s33"/>
   </Row>
   <Row>
    <Cell ss:Index="5" ss:StyleID="s33"/>
   </Row>
   <Row>
    <Cell ss:Index="5" ss:StyleID="s33"/>
   </Row>
   <Row>
    <Cell ss:Index="5" ss:StyleID="s33"/>
   </Row>
   <Row>
    <Cell ss:Index="5" ss:StyleID="s33"/>
   </Row>
   <Row>
    <Cell ss:Index="5" ss:StyleID="s33"/>
   </Row>
   <Row>
    <Cell ss:Index="5" ss:StyleID="s33"/>
   </Row>
   <Row>
    <Cell ss:Index="5" ss:StyleID="s33"/>
   </Row>
   <Row>
    <Cell ss:Index="5" ss:StyleID="s33"/>
   </Row>
   <Row>
    <Cell ss:Index="5" ss:StyleID="s33"/>
   </Row>
   <Row>
    <Cell ss:Index="5" ss:StyleID="s33"/>
   </Row>
   <Row>
    <Cell ss:Index="5" ss:StyleID="s33"/>
   </Row>
   <Row>
    <Cell ss:Index="5" ss:StyleID="s33"/>
   </Row>
   <Row>
    <Cell ss:Index="5" ss:StyleID="s33"/>
   </Row>
   <Row>
    <Cell ss:Index="5" ss:StyleID="s33"/>
   </Row>
   <Row>
    <Cell ss:Index="5" ss:StyleID="s33"/>
   </Row>
   <Row>
    <Cell ss:Index="5" ss:StyleID="s33"/>
   </Row>
   <Row>
    <Cell ss:Index="5" ss:StyleID="s33"/>
   </Row>
   <Row>
    <Cell ss:Index="5" ss:StyleID="s33"/>
   </Row>
   <Row>
    <Cell ss:Index="5" ss:StyleID="s33"/>
   </Row>
   <Row>
    <Cell ss:Index="5" ss:StyleID="s33"/>
   </Row>
   <Row>
    <Cell ss:Index="5" ss:StyleID="s33"/>
   </Row>
   <Row>
    <Cell ss:Index="5" ss:StyleID="s33"/>
   </Row>
   <Row>
    <Cell ss:Index="5" ss:StyleID="s33"/>
   </Row>
   <Row>
    <Cell ss:Index="5" ss:StyleID="s33"/>
   </Row>
   <Row>
    <Cell ss:Index="5" ss:StyleID="s33"/>
   </Row>
   <Row>
    <Cell ss:Index="5" ss:StyleID="s33"/>
   </Row>
   <Row>
    <Cell ss:Index="5" ss:StyleID="s33"/>
   </Row>
   <Row>
    <Cell ss:Index="5" ss:StyleID="s33"/>
   </Row>
   <Row>
    <Cell ss:Index="5" ss:StyleID="s33"/>
   </Row>
   <Row>
    <Cell ss:Index="5" ss:StyleID="s33"/>
   </Row>
   <Row>
    <Cell ss:Index="5" ss:StyleID="s33"/>
   </Row>
   <Row>
    <Cell ss:Index="5" ss:StyleID="s33"/>
   </Row>
   <Row>
    <Cell ss:Index="5" ss:StyleID="s33"/>
   </Row>
   <Row>
    <Cell ss:Index="5" ss:StyleID="s33"/>
   </Row>
   <Row>
    <Cell ss:Index="5" ss:StyleID="s33"/>
   </Row>
   <Row>
    <Cell ss:Index="5" ss:StyleID="s33"/>
   </Row>
   <Row>
    <Cell ss:Index="5" ss:StyleID="s33"/>
   </Row>
   <Row>
    <Cell ss:Index="5" ss:StyleID="s33"/>
   </Row>
   <Row>
    <Cell ss:Index="5" ss:StyleID="s33"/>
   </Row>
   <Row>
    <Cell ss:Index="5" ss:StyleID="s33"/>
   </Row>
   <Row>
    <Cell ss:Index="5" ss:StyleID="s33"/>
   </Row>
   <Row>
    <Cell ss:Index="5" ss:StyleID="s33"/>
   </Row>
   <Row>
    <Cell ss:Index="5" ss:StyleID="s33"/>
   </Row>
   <Row>
    <Cell ss:Index="5" ss:StyleID="s33"/>
   </Row>
   <Row>
    <Cell ss:Index="5" ss:StyleID="s33"/>
   </Row>
   <Row>
    <Cell ss:Index="5" ss:StyleID="s33"/>
   </Row>
   <Row>
    <Cell ss:Index="5" ss:StyleID="s33"/>
   </Row>
   <Row>
    <Cell ss:Index="5" ss:StyleID="s33"/>
   </Row>
   <Row>
    <Cell ss:Index="5" ss:StyleID="s33"/>
   </Row>
   <Row>
    <Cell ss:Index="5" ss:StyleID="s33"/>
   </Row>
   <Row>
    <Cell ss:Index="5" ss:StyleID="s33"/>
   </Row>
   <Row>
    <Cell ss:Index="5" ss:StyleID="s33"/>
   </Row>
   <Row>
    <Cell ss:Index="5" ss:StyleID="s33"/>
   </Row>
   <Row>
    <Cell ss:Index="5" ss:StyleID="s33"/>
   </Row>
   <Row>
    <Cell ss:Index="5" ss:StyleID="s33"/>
   </Row>
   <Row>
    <Cell ss:Index="5" ss:StyleID="s33"/>
   </Row>
   <Row>
    <Cell ss:Index="5" ss:StyleID="s33"/>
   </Row>
   <Row>
    <Cell ss:Index="5" ss:StyleID="s33"/>
   </Row>
   <Row>
    <Cell ss:Index="5" ss:StyleID="s33"/>
   </Row>
   <Row>
    <Cell ss:Index="5" ss:StyleID="s33"/>
   </Row>
   <Row>
    <Cell ss:Index="5" ss:StyleID="s33"/>
   </Row>
   <Row>
    <Cell ss:Index="5" ss:StyleID="s33"/>
   </Row>
   <Row>
    <Cell ss:Index="5" ss:StyleID="s33"/>
   </Row>
   <Row>
    <Cell ss:Index="5" ss:StyleID="s33"/>
   </Row>
   <Row>
    <Cell ss:Index="5" ss:StyleID="s33"/>
   </Row>
   <Row>
    <Cell ss:Index="5" ss:StyleID="s33"/>
   </Row>
   <Row>
    <Cell ss:Index="5" ss:StyleID="s33"/>
   </Row>
   <Row>
    <Cell ss:Index="5" ss:StyleID="s33"/>
   </Row>
   <Row>
    <Cell ss:Index="5" ss:StyleID="s33"/>
   </Row>
   <Row>
    <Cell ss:Index="5" ss:StyleID="s33"/>
   </Row>
   <Row>
    <Cell ss:Index="5" ss:StyleID="s33"/>
   </Row>
   <Row>
    <Cell ss:Index="5" ss:StyleID="s33"/>
   </Row>
   <Row>
    <Cell ss:Index="5" ss:StyleID="s33"/>
   </Row>
   <Row>
    <Cell ss:Index="5" ss:StyleID="s33"/>
   </Row>
   <Row>
    <Cell ss:Index="5" ss:StyleID="s33"/>
   </Row>
   <Row>
    <Cell ss:Index="5" ss:StyleID="s33"/>
   </Row>
   <Row>
    <Cell ss:Index="5" ss:StyleID="s33"/>
   </Row>
   <Row>
    <Cell ss:Index="5" ss:StyleID="s33"/>
   </Row>
   <Row>
    <Cell ss:Index="5" ss:StyleID="s33"/>
   </Row>
   <Row>
    <Cell ss:Index="5" ss:StyleID="s33"/>
   </Row>
   <Row>
    <Cell ss:Index="5" ss:StyleID="s33"/>
   </Row>
   <Row>
    <Cell ss:Index="5" ss:StyleID="s33"/>
   </Row>
   <Row>
    <Cell ss:Index="5" ss:StyleID="s33"/>
   </Row>
   <Row>
    <Cell ss:Index="5" ss:StyleID="s33"/>
   </Row>
   <Row>
    <Cell ss:Index="5" ss:StyleID="s33"/>
   </Row>
   <Row>
    <Cell ss:Index="5" ss:StyleID="s33"/>
   </Row>
   <Row>
    <Cell ss:Index="5" ss:StyleID="s33"/>
   </Row>
   <Row>
    <Cell ss:Index="5" ss:StyleID="s33"/>
   </Row>
   <Row>
    <Cell ss:Index="5" ss:StyleID="s33"/>
   </Row>
   <Row>
    <Cell ss:Index="5" ss:StyleID="s33"/>
   </Row>
   <Row>
    <Cell ss:Index="5" ss:StyleID="s33"/>
   </Row>
   <Row>
    <Cell ss:Index="5" ss:StyleID="s33"/>
   </Row>
   <Row>
    <Cell ss:Index="5" ss:StyleID="s33"/>
   </Row>
   <Row>
    <Cell ss:Index="5" ss:StyleID="s33"/>
   </Row>
   <Row>
    <Cell ss:Index="5" ss:StyleID="s33"/>
   </Row>
   <Row>
    <Cell ss:Index="5" ss:StyleID="s33"/>
   </Row>
   <Row>
    <Cell ss:Index="5" ss:StyleID="s33"/>
   </Row>
   <Row>
    <Cell ss:Index="5" ss:StyleID="s33"/>
   </Row>
   <Row>
    <Cell ss:Index="5" ss:StyleID="s33"/>
   </Row>
   <Row>
    <Cell ss:Index="5" ss:StyleID="s33"/>
   </Row>
   <Row>
    <Cell ss:Index="5" ss:StyleID="s33"/>
   </Row>
   <Row>
    <Cell ss:Index="5" ss:StyleID="s33"/>
   </Row>
   <Row>
    <Cell ss:Index="5" ss:StyleID="s33"/>
   </Row>
   <Row>
    <Cell ss:Index="5" ss:StyleID="s33"/>
   </Row>
   <Row>
    <Cell ss:Index="5" ss:StyleID="s33"/>
   </Row>
   <Row>
    <Cell ss:Index="5" ss:StyleID="s33"/>
   </Row>
   <Row>
    <Cell ss:Index="5" ss:StyleID="s33"/>
   </Row>
   <Row>
    <Cell ss:Index="5" ss:StyleID="s33"/>
   </Row>
   <Row>
    <Cell ss:Index="5" ss:StyleID="s33"/>
   </Row>
   <Row>
    <Cell ss:Index="5" ss:StyleID="s33"/>
   </Row>
   <Row>
    <Cell ss:Index="5" ss:StyleID="s33"/>
   </Row>
   <Row>
    <Cell ss:Index="5" ss:StyleID="s33"/>
   </Row>
   <Row>
    <Cell ss:Index="5" ss:StyleID="s33"/>
   </Row>
   <Row>
    <Cell ss:Index="5" ss:StyleID="s33"/>
   </Row>
   <Row>
    <Cell ss:Index="5" ss:StyleID="s33"/>
   </Row>
   <Row>
    <Cell ss:Index="5" ss:StyleID="s33"/>
   </Row>
   <Row>
    <Cell ss:Index="5" ss:StyleID="s33"/>
   </Row>
   <Row>
    <Cell ss:Index="5" ss:StyleID="s33"/>
   </Row>
   <Row>
    <Cell ss:Index="5" ss:StyleID="s33"/>
   </Row>
   <Row>
    <Cell ss:Index="5" ss:StyleID="s33"/>
   </Row>
   <Row>
    <Cell ss:Index="5" ss:StyleID="s33"/>
   </Row>
   <Row>
    <Cell ss:Index="5" ss:StyleID="s33"/>
   </Row>
   <Row>
    <Cell ss:Index="5" ss:StyleID="s33"/>
   </Row>
   <Row>
    <Cell ss:Index="5" ss:StyleID="s33"/>
   </Row>
   <Row>
    <Cell ss:Index="5" ss:StyleID="s33"/>
   </Row>
   <Row>
    <Cell ss:Index="5" ss:StyleID="s33"/>
   </Row>
   <Row>
    <Cell ss:Index="5" ss:StyleID="s33"/>
   </Row>
   <Row>
    <Cell ss:Index="5" ss:StyleID="s33"/>
   </Row>
   <Row>
    <Cell ss:Index="5" ss:StyleID="s33"/>
   </Row>
   <Row>
    <Cell ss:Index="5" ss:StyleID="s33"/>
   </Row>
   <Row>
    <Cell ss:Index="5" ss:StyleID="s33"/>
   </Row>
   <Row>
    <Cell ss:Index="5" ss:StyleID="s33"/>
   </Row>
   <Row>
    <Cell ss:Index="5" ss:StyleID="s33"/>
   </Row>
   <Row>
    <Cell ss:Index="5" ss:StyleID="s33"/>
   </Row>
   <Row>
    <Cell ss:Index="5" ss:StyleID="s33"/>
   </Row>
   <Row>
    <Cell ss:Index="5" ss:StyleID="s33"/>
   </Row>
   <Row>
    <Cell ss:Index="5" ss:StyleID="s33"/>
   </Row>
   <Row>
    <Cell ss:Index="5" ss:StyleID="s33"/>
   </Row>
   <Row>
    <Cell ss:Index="5" ss:StyleID="s33"/>
   </Row>
   <Row>
    <Cell ss:Index="5" ss:StyleID="s33"/>
   </Row>
   <Row>
    <Cell ss:Index="5" ss:StyleID="s33"/>
   </Row>
   <Row>
    <Cell ss:Index="5" ss:StyleID="s33"/>
   </Row>
   <Row>
    <Cell ss:Index="5" ss:StyleID="s33"/>
   </Row>
   <Row>
    <Cell ss:Index="5" ss:StyleID="s33"/>
   </Row>
   <Row>
    <Cell ss:Index="5" ss:StyleID="s33"/>
   </Row>
   <Row>
    <Cell ss:Index="5" ss:StyleID="s33"/>
   </Row>
   <Row>
    <Cell ss:Index="5" ss:StyleID="s33"/>
   </Row>
   <Row>
    <Cell ss:Index="5" ss:StyleID="s33"/>
   </Row>
   <Row>
    <Cell ss:Index="5" ss:StyleID="s33"/>
   </Row>
   <Row>
    <Cell ss:Index="5" ss:StyleID="s33"/>
   </Row>
   <Row>
    <Cell ss:Index="5" ss:StyleID="s33"/>
   </Row>
   <Row>
    <Cell ss:Index="5" ss:StyleID="s33"/>
   </Row>
   <Row>
    <Cell ss:Index="5" ss:StyleID="s33"/>
   </Row>
   <Row>
    <Cell ss:Index="5" ss:StyleID="s33"/>
   </Row>
   <Row>
    <Cell ss:Index="5" ss:StyleID="s33"/>
   </Row>
   <Row>
    <Cell ss:Index="5" ss:StyleID="s33"/>
   </Row>
   <Row>
    <Cell ss:Index="5" ss:StyleID="s33"/>
   </Row>
   <Row>
    <Cell ss:Index="5" ss:StyleID="s33"/>
   </Row>
   <Row>
    <Cell ss:Index="5" ss:StyleID="s33"/>
   </Row>
   <Row>
    <Cell ss:Index="5" ss:StyleID="s33"/>
   </Row>
   <Row>
    <Cell ss:Index="5" ss:StyleID="s33"/>
   </Row>
   <Row>
    <Cell ss:Index="5" ss:StyleID="s33"/>
   </Row>
   <Row>
    <Cell ss:Index="5" ss:StyleID="s33"/>
   </Row>
   <Row>
    <Cell ss:Index="5" ss:StyleID="s33"/>
   </Row>
   <Row>
    <Cell ss:Index="5" ss:StyleID="s33"/>
   </Row>
   <Row>
    <Cell ss:Index="5" ss:StyleID="s33"/>
   </Row>
   <Row>
    <Cell ss:Index="5" ss:StyleID="s33"/>
   </Row>
   <Row>
    <Cell ss:Index="5" ss:StyleID="s33"/>
   </Row>
   <Row>
    <Cell ss:Index="5" ss:StyleID="s33"/>
   </Row>
   <Row>
    <Cell ss:Index="5" ss:StyleID="s33"/>
   </Row>
   <Row>
    <Cell ss:Index="5" ss:StyleID="s33"/>
   </Row>
   <Row>
    <Cell ss:Index="5" ss:StyleID="s33"/>
   </Row>
   <Row>
    <Cell ss:Index="5" ss:StyleID="s33"/>
   </Row>
   <Row>
    <Cell ss:Index="5" ss:StyleID="s33"/>
   </Row>
   <Row>
    <Cell ss:Index="5" ss:StyleID="s33"/>
   </Row>
   <Row>
    <Cell ss:Index="5" ss:StyleID="s33"/>
   </Row>
   <Row>
    <Cell ss:Index="5" ss:StyleID="s33"/>
   </Row>
   <Row>
    <Cell ss:Index="5" ss:StyleID="s33"/>
   </Row>
   <Row>
    <Cell ss:Index="5" ss:StyleID="s33"/>
   </Row>
   <Row>
    <Cell ss:Index="5" ss:StyleID="s33"/>
   </Row>
   <Row>
    <Cell ss:Index="5" ss:StyleID="s33"/>
   </Row>
   <Row>
    <Cell ss:Index="5" ss:StyleID="s33"/>
   </Row>
   <Row>
    <Cell ss:Index="5" ss:StyleID="s33"/>
   </Row>
   <Row>
    <Cell ss:Index="5" ss:StyleID="s33"/>
   </Row>
   <Row>
    <Cell ss:Index="5" ss:StyleID="s33"/>
   </Row>
   <Row>
    <Cell ss:Index="5" ss:StyleID="s33"/>
   </Row>
   <Row>
    <Cell ss:Index="5" ss:StyleID="s33"/>
   </Row>
   <Row>
    <Cell ss:Index="5" ss:StyleID="s33"/>
   </Row>
   <Row>
    <Cell ss:Index="5" ss:StyleID="s33"/>
   </Row>
   <Row>
    <Cell ss:Index="5" ss:StyleID="s33"/>
   </Row>
   <Row>
    <Cell ss:Index="5" ss:StyleID="s33"/>
   </Row>
   <Row>
    <Cell ss:Index="5" ss:StyleID="s33"/>
   </Row>
   <Row>
    <Cell ss:Index="5" ss:StyleID="s33"/>
   </Row>
   <Row>
    <Cell ss:Index="5" ss:StyleID="s33"/>
   </Row>
   <Row>
    <Cell ss:Index="5" ss:StyleID="s33"/>
   </Row>
   <Row>
    <Cell ss:Index="5" ss:StyleID="s33"/>
   </Row>
   <Row>
    <Cell ss:Index="5" ss:StyleID="s33"/>
   </Row>
   <Row>
    <Cell ss:Index="5" ss:StyleID="s33"/>
   </Row>
   <Row>
    <Cell ss:Index="5" ss:StyleID="s33"/>
   </Row>
   <Row>
    <Cell ss:Index="5" ss:StyleID="s33"/>
   </Row>
   <Row>
    <Cell ss:Index="5" ss:StyleID="s33"/>
   </Row>
   <Row>
    <Cell ss:Index="5" ss:StyleID="s33"/>
   </Row>
   <Row>
    <Cell ss:Index="5" ss:StyleID="s33"/>
   </Row>
   <Row>
    <Cell ss:Index="5" ss:StyleID="s33"/>
   </Row>
   <Row>
    <Cell ss:Index="5" ss:StyleID="s33"/>
   </Row>
   <Row>
    <Cell ss:Index="5" ss:StyleID="s33"/>
   </Row>
   <Row>
    <Cell ss:Index="5" ss:StyleID="s33"/>
   </Row>
   <Row>
    <Cell ss:Index="5" ss:StyleID="s33"/>
   </Row>
   <Row>
    <Cell ss:Index="5" ss:StyleID="s33"/>
   </Row>
   <Row>
    <Cell ss:Index="5" ss:StyleID="s33"/>
   </Row>
   <Row>
    <Cell ss:Index="5" ss:StyleID="s33"/>
   </Row>
   <Row>
    <Cell ss:Index="5" ss:StyleID="s33"/>
   </Row>
   <Row>
    <Cell ss:Index="5" ss:StyleID="s33"/>
   </Row>
   <Row>
    <Cell ss:Index="5" ss:StyleID="s33"/>
   </Row>
   <Row>
    <Cell ss:Index="5" ss:StyleID="s33"/>
   </Row>
   <Row>
    <Cell ss:Index="5" ss:StyleID="s33"/>
   </Row>
   <Row>
    <Cell ss:Index="5" ss:StyleID="s33"/>
   </Row>
   <Row>
    <Cell ss:Index="5" ss:StyleID="s33"/>
   </Row>
   <Row>
    <Cell ss:Index="5" ss:StyleID="s33"/>
   </Row>
   <Row>
    <Cell ss:Index="5" ss:StyleID="s33"/>
   </Row>
   <Row>
    <Cell ss:Index="5" ss:StyleID="s33"/>
   </Row>
   <Row>
    <Cell ss:Index="5" ss:StyleID="s33"/>
   </Row>
   <Row>
    <Cell ss:Index="5" ss:StyleID="s33"/>
   </Row>
   <Row>
    <Cell ss:Index="5" ss:StyleID="s33"/>
   </Row>
   <Row>
    <Cell ss:Index="5" ss:StyleID="s33"/>
   </Row>
   <Row>
    <Cell ss:Index="5" ss:StyleID="s33"/>
   </Row>
   <Row>
    <Cell ss:Index="5" ss:StyleID="s33"/>
   </Row>
   <Row>
    <Cell ss:Index="5" ss:StyleID="s33"/>
   </Row>
   <Row>
    <Cell ss:Index="5" ss:StyleID="s33"/>
   </Row>
   <Row>
    <Cell ss:Index="5" ss:StyleID="s33"/>
   </Row>
   <Row>
    <Cell ss:Index="5" ss:StyleID="s33"/>
   </Row>
   <Row>
    <Cell ss:Index="5" ss:StyleID="s33"/>
   </Row>
   <Row>
    <Cell ss:Index="5" ss:StyleID="s33"/>
   </Row>
   <Row>
    <Cell ss:Index="5" ss:StyleID="s33"/>
   </Row>
   <Row>
    <Cell ss:Index="5" ss:StyleID="s33"/>
   </Row>
   <Row>
    <Cell ss:Index="5" ss:StyleID="s33"/>
   </Row>
   <Row>
    <Cell ss:Index="5" ss:StyleID="s33"/>
   </Row>
   <Row>
    <Cell ss:Index="5" ss:StyleID="s33"/>
   </Row>
   <Row>
    <Cell ss:Index="5" ss:StyleID="s33"/>
   </Row>
   <Row>
    <Cell ss:Index="5" ss:StyleID="s33"/>
   </Row>
   <Row>
    <Cell ss:Index="5" ss:StyleID="s33"/>
   </Row>
   <Row>
    <Cell ss:Index="5" ss:StyleID="s33"/>
   </Row>
   <Row>
    <Cell ss:Index="5" ss:StyleID="s33"/>
   </Row>
   <Row>
    <Cell ss:Index="5" ss:StyleID="s33"/>
   </Row>
   <Row>
    <Cell ss:Index="5" ss:StyleID="s33"/>
   </Row>
   <Row>
    <Cell ss:Index="5" ss:StyleID="s33"/>
   </Row>
   <Row>
    <Cell ss:Index="5" ss:StyleID="s33"/>
   </Row>
   <Row>
    <Cell ss:Index="5" ss:StyleID="s33"/>
   </Row>
   <Row>
    <Cell ss:Index="5" ss:StyleID="s33"/>
   </Row>
   <Row>
    <Cell ss:Index="5" ss:StyleID="s33"/>
   </Row>
   <Row>
    <Cell ss:Index="5" ss:StyleID="s33"/>
   </Row>
   <Row>
    <Cell ss:Index="5" ss:StyleID="s33"/>
   </Row>
   <Row>
    <Cell ss:Index="5" ss:StyleID="s33"/>
   </Row>
   <Row>
    <Cell ss:Index="5" ss:StyleID="s33"/>
   </Row>
   <Row>
    <Cell ss:Index="5" ss:StyleID="s33"/>
   </Row>
   <Row>
    <Cell ss:Index="5" ss:StyleID="s33"/>
   </Row>
   <Row>
    <Cell ss:Index="5" ss:StyleID="s33"/>
   </Row>
   <Row>
    <Cell ss:Index="5" ss:StyleID="s33"/>
   </Row>
   <Row>
    <Cell ss:Index="5" ss:StyleID="s33"/>
   </Row>
   <Row>
    <Cell ss:Index="5" ss:StyleID="s33"/>
   </Row>
   <Row>
    <Cell ss:Index="5" ss:StyleID="s33"/>
   </Row>
   <Row>
    <Cell ss:Index="5" ss:StyleID="s33"/>
   </Row>
   <Row>
    <Cell ss:Index="5" ss:StyleID="s33"/>
   </Row>
   <Row>
    <Cell ss:Index="5" ss:StyleID="s33"/>
   </Row>
   <Row>
    <Cell ss:Index="5" ss:StyleID="s33"/>
   </Row>
   <Row>
    <Cell ss:Index="5" ss:StyleID="s33"/>
   </Row>
   <Row>
    <Cell ss:Index="5" ss:StyleID="s33"/>
   </Row>
   <Row>
    <Cell ss:Index="5" ss:StyleID="s33"/>
   </Row>
   <Row>
    <Cell ss:Index="5" ss:StyleID="s33"/>
   </Row>
   <Row>
    <Cell ss:Index="5" ss:StyleID="s33"/>
   </Row>
   <Row>
    <Cell ss:Index="5" ss:StyleID="s33"/>
   </Row>
   <Row>
    <Cell ss:Index="5" ss:StyleID="s33"/>
   </Row>
   <Row>
    <Cell ss:Index="5" ss:StyleID="s33"/>
   </Row>
   <Row>
    <Cell ss:Index="5" ss:StyleID="s33"/>
   </Row>
   <Row>
    <Cell ss:Index="5" ss:StyleID="s33"/>
   </Row>
   <Row>
    <Cell ss:Index="5" ss:StyleID="s33"/>
   </Row>
   <Row>
    <Cell ss:Index="5" ss:StyleID="s33"/>
   </Row>
   <Row>
    <Cell ss:Index="5" ss:StyleID="s33"/>
   </Row>
   <Row>
    <Cell ss:Index="5" ss:StyleID="s33"/>
   </Row>
   <Row>
    <Cell ss:Index="5" ss:StyleID="s33"/>
   </Row>
   <Row>
    <Cell ss:Index="5" ss:StyleID="s33"/>
   </Row>
   <Row>
    <Cell ss:Index="5" ss:StyleID="s33"/>
   </Row>
   <Row>
    <Cell ss:Index="5" ss:StyleID="s33"/>
   </Row>
   <Row>
    <Cell ss:Index="5" ss:StyleID="s33"/>
   </Row>
   <Row>
    <Cell ss:Index="5" ss:StyleID="s33"/>
   </Row>
   <Row>
    <Cell ss:Index="5" ss:StyleID="s33"/>
   </Row>
   <Row>
    <Cell ss:Index="5" ss:StyleID="s33"/>
   </Row>
   <Row>
    <Cell ss:Index="5" ss:StyleID="s33"/>
   </Row>
   <Row>
    <Cell ss:Index="5" ss:StyleID="s33"/>
   </Row>
   <Row>
    <Cell ss:Index="5" ss:StyleID="s33"/>
   </Row>
   <Row>
    <Cell ss:Index="5" ss:StyleID="s33"/>
   </Row>
   <Row>
    <Cell ss:Index="5" ss:StyleID="s33"/>
   </Row>
   <Row>
    <Cell ss:Index="5" ss:StyleID="s33"/>
   </Row>
   <Row>
    <Cell ss:Index="5" ss:StyleID="s33"/>
   </Row>
   <Row>
    <Cell ss:Index="5" ss:StyleID="s33"/>
   </Row>
   <Row>
    <Cell ss:Index="5" ss:StyleID="s33"/>
   </Row>
   <Row>
    <Cell ss:Index="5" ss:StyleID="s33"/>
   </Row>
   <Row>
    <Cell ss:Index="5" ss:StyleID="s33"/>
   </Row>
   <Row>
    <Cell ss:Index="5" ss:StyleID="s33"/>
   </Row>
   <Row>
    <Cell ss:Index="5" ss:StyleID="s33"/>
   </Row>
   <Row>
    <Cell ss:Index="5" ss:StyleID="s33"/>
   </Row>
   <Row>
    <Cell ss:Index="5" ss:StyleID="s33"/>
   </Row>
   <Row>
    <Cell ss:Index="5" ss:StyleID="s33"/>
   </Row>
   <Row>
    <Cell ss:Index="5" ss:StyleID="s33"/>
   </Row>
   <Row>
    <Cell ss:Index="5" ss:StyleID="s33"/>
   </Row>
   <Row>
    <Cell ss:Index="5" ss:StyleID="s33"/>
   </Row>
   <Row>
    <Cell ss:Index="5" ss:StyleID="s33"/>
   </Row>
   <Row>
    <Cell ss:Index="5" ss:StyleID="s33"/>
   </Row>
   <Row>
    <Cell ss:Index="5" ss:StyleID="s33"/>
   </Row>
   <Row>
    <Cell ss:Index="5" ss:StyleID="s33"/>
   </Row>
   <Row>
    <Cell ss:Index="5" ss:StyleID="s33"/>
   </Row>
   <Row>
    <Cell ss:Index="5" ss:StyleID="s33"/>
   </Row>
   <Row>
    <Cell ss:Index="5" ss:StyleID="s33"/>
   </Row>
   <Row>
    <Cell ss:Index="5" ss:StyleID="s33"/>
   </Row>
   <Row>
    <Cell ss:Index="5" ss:StyleID="s33"/>
   </Row>
   <Row>
    <Cell ss:Index="5" ss:StyleID="s33"/>
   </Row>
   <Row>
    <Cell ss:Index="5" ss:StyleID="s33"/>
   </Row>
   <Row>
    <Cell ss:Index="5" ss:StyleID="s33"/>
   </Row>
   <Row>
    <Cell ss:Index="5" ss:StyleID="s33"/>
   </Row>
   <Row>
    <Cell ss:Index="5" ss:StyleID="s33"/>
   </Row>
   <Row>
    <Cell ss:Index="5" ss:StyleID="s33"/>
   </Row>
   <Row>
    <Cell ss:Index="5" ss:StyleID="s33"/>
   </Row>
   <Row>
    <Cell ss:Index="5" ss:StyleID="s33"/>
   </Row>
   <Row>
    <Cell ss:Index="5" ss:StyleID="s33"/>
   </Row>
   <Row>
    <Cell ss:Index="5" ss:StyleID="s33"/>
   </Row>
   <Row>
    <Cell ss:Index="5" ss:StyleID="s33"/>
   </Row>
   <Row>
    <Cell ss:Index="5" ss:StyleID="s33"/>
   </Row>
   <Row>
    <Cell ss:Index="5" ss:StyleID="s33"/>
   </Row>
   <Row>
    <Cell ss:Index="5" ss:StyleID="s33"/>
   </Row>
   <Row>
    <Cell ss:Index="5" ss:StyleID="s33"/>
   </Row>
   <Row>
    <Cell ss:Index="5" ss:StyleID="s33"/>
   </Row>
   <Row>
    <Cell ss:Index="5" ss:StyleID="s33"/>
   </Row>
   <Row>
    <Cell ss:Index="5" ss:StyleID="s33"/>
   </Row>
   <Row>
    <Cell ss:Index="5" ss:StyleID="s33"/>
   </Row>
   <Row>
    <Cell ss:Index="5" ss:StyleID="s33"/>
   </Row>
   <Row>
    <Cell ss:Index="5" ss:StyleID="s33"/>
   </Row>
   <Row>
    <Cell ss:Index="5" ss:StyleID="s33"/>
   </Row>
   <Row>
    <Cell ss:Index="5" ss:StyleID="s33"/>
   </Row>
   <Row>
    <Cell ss:Index="5" ss:StyleID="s33"/>
   </Row>
   <Row>
    <Cell ss:Index="5" ss:StyleID="s33"/>
   </Row>
   <Row>
    <Cell ss:Index="5" ss:StyleID="s33"/>
   </Row>
   <Row>
    <Cell ss:Index="5" ss:StyleID="s33"/>
   </Row>
   <Row>
    <Cell ss:Index="5" ss:StyleID="s33"/>
   </Row>
   <Row>
    <Cell ss:Index="5" ss:StyleID="s33"/>
   </Row>
   <Row>
    <Cell ss:Index="5" ss:StyleID="s33"/>
   </Row>
   <Row>
    <Cell ss:Index="5" ss:StyleID="s33"/>
   </Row>
   <Row>
    <Cell ss:Index="5" ss:StyleID="s33"/>
   </Row>
   <Row>
    <Cell ss:Index="5" ss:StyleID="s33"/>
   </Row>
   <Row>
    <Cell ss:Index="5" ss:StyleID="s33"/>
   </Row>
   <Row>
    <Cell ss:Index="5" ss:StyleID="s33"/>
   </Row>
   <Row>
    <Cell ss:Index="5" ss:StyleID="s33"/>
   </Row>
   <Row>
    <Cell ss:Index="5" ss:StyleID="s33"/>
   </Row>
   <Row>
    <Cell ss:Index="5" ss:StyleID="s33"/>
   </Row>
   <Row>
    <Cell ss:Index="5" ss:StyleID="s33"/>
   </Row>
   <Row>
    <Cell ss:Index="5" ss:StyleID="s33"/>
   </Row>
   <Row>
    <Cell ss:Index="5" ss:StyleID="s33"/>
   </Row>
   <Row>
    <Cell ss:Index="5" ss:StyleID="s33"/>
   </Row>
   <Row>
    <Cell ss:Index="5" ss:StyleID="s33"/>
   </Row>
   <Row>
    <Cell ss:Index="5" ss:StyleID="s33"/>
   </Row>
   <Row>
    <Cell ss:Index="5" ss:StyleID="s33"/>
   </Row>
   <Row>
    <Cell ss:Index="5" ss:StyleID="s33"/>
   </Row>
   <Row>
    <Cell ss:Index="5" ss:StyleID="s33"/>
   </Row>
   <Row>
    <Cell ss:Index="5" ss:StyleID="s33"/>
   </Row>
   <Row>
    <Cell ss:Index="5" ss:StyleID="s33"/>
   </Row>
   <Row>
    <Cell ss:Index="5" ss:StyleID="s33"/>
   </Row>
   <Row>
    <Cell ss:Index="5" ss:StyleID="s33"/>
   </Row>
   <Row>
    <Cell ss:Index="5" ss:StyleID="s33"/>
   </Row>
   <Row>
    <Cell ss:Index="5" ss:StyleID="s33"/>
   </Row>
   <Row>
    <Cell ss:Index="5" ss:StyleID="s33"/>
   </Row>
   <Row>
    <Cell ss:Index="5" ss:StyleID="s33"/>
   </Row>
   <Row>
    <Cell ss:Index="5" ss:StyleID="s33"/>
   </Row>
   <Row>
    <Cell ss:Index="5" ss:StyleID="s33"/>
   </Row>
   <Row>
    <Cell ss:Index="5" ss:StyleID="s33"/>
   </Row>
   <Row>
    <Cell ss:Index="5" ss:StyleID="s33"/>
   </Row>
   <Row>
    <Cell ss:Index="5" ss:StyleID="s33"/>
   </Row>
   <Row>
    <Cell ss:Index="5" ss:StyleID="s33"/>
   </Row>
   <Row>
    <Cell ss:Index="5" ss:StyleID="s33"/>
   </Row>
   <Row>
    <Cell ss:Index="5" ss:StyleID="s33"/>
   </Row>
   <Row>
    <Cell ss:Index="5" ss:StyleID="s33"/>
   </Row>
   <Row>
    <Cell ss:Index="5" ss:StyleID="s33"/>
   </Row>
   <Row>
    <Cell ss:Index="5" ss:StyleID="s33"/>
   </Row>
   <Row>
    <Cell ss:Index="5" ss:StyleID="s33"/>
   </Row>
   <Row>
    <Cell ss:Index="5" ss:StyleID="s33"/>
   </Row>
   <Row>
    <Cell ss:Index="5" ss:StyleID="s33"/>
   </Row>
   <Row>
    <Cell ss:Index="5" ss:StyleID="s33"/>
   </Row>
   <Row>
    <Cell ss:Index="5" ss:StyleID="s33"/>
   </Row>
   <Row>
    <Cell ss:Index="5" ss:StyleID="s33"/>
   </Row>
   <Row>
    <Cell ss:Index="5" ss:StyleID="s33"/>
   </Row>
   <Row>
    <Cell ss:Index="5" ss:StyleID="s33"/>
   </Row>
   <Row>
    <Cell ss:Index="5" ss:StyleID="s33"/>
   </Row>
   <Row>
    <Cell ss:Index="5" ss:StyleID="s33"/>
   </Row>
   <Row>
    <Cell ss:Index="5" ss:StyleID="s33"/>
   </Row>
   <Row>
    <Cell ss:Index="5" ss:StyleID="s33"/>
   </Row>
   <Row>
    <Cell ss:Index="5" ss:StyleID="s33"/>
   </Row>
   <Row>
    <Cell ss:Index="5" ss:StyleID="s33"/>
   </Row>
   <Row>
    <Cell ss:Index="5" ss:StyleID="s33"/>
   </Row>
   <Row>
    <Cell ss:Index="5" ss:StyleID="s33"/>
   </Row>
   <Row>
    <Cell ss:Index="5" ss:StyleID="s33"/>
   </Row>
   <Row>
    <Cell ss:Index="5" ss:StyleID="s33"/>
   </Row>
   <Row>
    <Cell ss:Index="5" ss:StyleID="s33"/>
   </Row>
   <Row>
    <Cell ss:Index="5" ss:StyleID="s33"/>
   </Row>
   <Row>
    <Cell ss:Index="5" ss:StyleID="s33"/>
   </Row>
   <Row>
    <Cell ss:Index="5" ss:StyleID="s33"/>
   </Row>
   <Row>
    <Cell ss:Index="5" ss:StyleID="s33"/>
   </Row>
   <Row>
    <Cell ss:Index="5" ss:StyleID="s33"/>
   </Row>
   <Row>
    <Cell ss:Index="5" ss:StyleID="s33"/>
   </Row>
   <Row>
    <Cell ss:Index="5" ss:StyleID="s33"/>
   </Row>
   <Row>
    <Cell ss:Index="5" ss:StyleID="s33"/>
   </Row>
   <Row>
    <Cell ss:Index="5" ss:StyleID="s33"/>
   </Row>
   <Row>
    <Cell ss:Index="5" ss:StyleID="s33"/>
   </Row>
   <Row>
    <Cell ss:Index="5" ss:StyleID="s33"/>
   </Row>
   <Row>
    <Cell ss:Index="5" ss:StyleID="s33"/>
   </Row>
   <Row>
    <Cell ss:Index="5" ss:StyleID="s33"/>
   </Row>
   <Row>
    <Cell ss:Index="5" ss:StyleID="s33"/>
   </Row>
   <Row>
    <Cell ss:Index="5" ss:StyleID="s33"/>
   </Row>
   <Row>
    <Cell ss:Index="5" ss:StyleID="s33"/>
   </Row>
   <Row>
    <Cell ss:Index="5" ss:StyleID="s33"/>
   </Row>
   <Row>
    <Cell ss:Index="5" ss:StyleID="s33"/>
   </Row>
   <Row>
    <Cell ss:Index="5" ss:StyleID="s33"/>
   </Row>
   <Row>
    <Cell ss:Index="5" ss:StyleID="s33"/>
   </Row>
   <Row>
    <Cell ss:Index="5" ss:StyleID="s33"/>
   </Row>
   <Row>
    <Cell ss:Index="5" ss:StyleID="s33"/>
   </Row>
   <Row>
    <Cell ss:Index="5" ss:StyleID="s33"/>
   </Row>
   <Row>
    <Cell ss:Index="5" ss:StyleID="s33"/>
   </Row>
   <Row>
    <Cell ss:Index="5" ss:StyleID="s33"/>
   </Row>
   <Row>
    <Cell ss:Index="5" ss:StyleID="s33"/>
   </Row>
   <Row>
    <Cell ss:Index="5" ss:StyleID="s33"/>
   </Row>
   <Row>
    <Cell ss:Index="5" ss:StyleID="s33"/>
   </Row>
   <Row>
    <Cell ss:Index="5" ss:StyleID="s33"/>
   </Row>
   <Row>
    <Cell ss:Index="5" ss:StyleID="s33"/>
   </Row>
   <Row>
    <Cell ss:Index="5" ss:StyleID="s33"/>
   </Row>
   <Row>
    <Cell ss:Index="5" ss:StyleID="s33"/>
   </Row>
   <Row>
    <Cell ss:Index="5" ss:StyleID="s33"/>
   </Row>
   <Row>
    <Cell ss:Index="5" ss:StyleID="s33"/>
   </Row>
   <Row>
    <Cell ss:Index="5" ss:StyleID="s33"/>
   </Row>
   <Row>
    <Cell ss:Index="5" ss:StyleID="s33"/>
   </Row>
   <Row>
    <Cell ss:Index="5" ss:StyleID="s33"/>
   </Row>
   <Row>
    <Cell ss:Index="5" ss:StyleID="s33"/>
   </Row>
   <Row>
    <Cell ss:Index="5" ss:StyleID="s33"/>
   </Row>
   <Row>
    <Cell ss:Index="5" ss:StyleID="s33"/>
   </Row>
   <Row>
    <Cell ss:Index="5" ss:StyleID="s33"/>
   </Row>
   <Row>
    <Cell ss:Index="5" ss:StyleID="s33"/>
   </Row>
   <Row>
    <Cell ss:Index="5" ss:StyleID="s33"/>
   </Row>
   <Row>
    <Cell ss:Index="5" ss:StyleID="s33"/>
   </Row>
   <Row>
    <Cell ss:Index="5" ss:StyleID="s33"/>
   </Row>
   <Row>
    <Cell ss:Index="5" ss:StyleID="s33"/>
   </Row>
   <Row>
    <Cell ss:Index="5" ss:StyleID="s33"/>
   </Row>
   <Row>
    <Cell ss:Index="5" ss:StyleID="s33"/>
   </Row>
   <Row>
    <Cell ss:Index="5" ss:StyleID="s33"/>
   </Row>
   <Row>
    <Cell ss:Index="5" ss:StyleID="s33"/>
   </Row>
   <Row>
    <Cell ss:Index="5" ss:StyleID="s33"/>
   </Row>
   <Row>
    <Cell ss:Index="5" ss:StyleID="s33"/>
   </Row>
   <Row>
    <Cell ss:Index="5" ss:StyleID="s33"/>
   </Row>
   <Row>
    <Cell ss:Index="5" ss:StyleID="s33"/>
   </Row>
   <Row>
    <Cell ss:Index="5" ss:StyleID="s33"/>
   </Row>
   <Row>
    <Cell ss:Index="5" ss:StyleID="s33"/>
   </Row>
   <Row>
    <Cell ss:Index="5" ss:StyleID="s33"/>
   </Row>
   <Row>
    <Cell ss:Index="5" ss:StyleID="s33"/>
   </Row>
   <Row>
    <Cell ss:Index="5" ss:StyleID="s33"/>
   </Row>
   <Row>
    <Cell ss:Index="5" ss:StyleID="s33"/>
   </Row>
   <Row>
    <Cell ss:Index="5" ss:StyleID="s33"/>
   </Row>
   <Row>
    <Cell ss:Index="5" ss:StyleID="s33"/>
   </Row>
   <Row>
    <Cell ss:Index="5" ss:StyleID="s33"/>
   </Row>
   <Row>
    <Cell ss:Index="5" ss:StyleID="s33"/>
   </Row>
   <Row>
    <Cell ss:Index="5" ss:StyleID="s33"/>
   </Row>
   <Row>
    <Cell ss:Index="5" ss:StyleID="s33"/>
   </Row>
   <Row>
    <Cell ss:Index="5" ss:StyleID="s33"/>
   </Row>
   <Row>
    <Cell ss:Index="5" ss:StyleID="s33"/>
   </Row>
   <Row>
    <Cell ss:Index="5" ss:StyleID="s33"/>
   </Row>
   <Row>
    <Cell ss:Index="5" ss:StyleID="s33"/>
   </Row>
   <Row>
    <Cell ss:Index="5" ss:StyleID="s33"/>
   </Row>
   <Row>
    <Cell ss:Index="5" ss:StyleID="s33"/>
   </Row>
   <Row>
    <Cell ss:Index="5" ss:StyleID="s33"/>
   </Row>
   <Row>
    <Cell ss:Index="5" ss:StyleID="s33"/>
   </Row>
   <Row>
    <Cell ss:Index="5" ss:StyleID="s33"/>
   </Row>
   <Row>
    <Cell ss:Index="5" ss:StyleID="s33"/>
   </Row>
   <Row>
    <Cell ss:Index="5" ss:StyleID="s33"/>
   </Row>
   <Row>
    <Cell ss:Index="5" ss:StyleID="s33"/>
   </Row>
   <Row>
    <Cell ss:Index="5" ss:StyleID="s33"/>
   </Row>
   <Row>
    <Cell ss:Index="5" ss:StyleID="s33"/>
   </Row>
   <Row>
    <Cell ss:Index="5" ss:StyleID="s33"/>
   </Row>
   <Row>
    <Cell ss:Index="5" ss:StyleID="s33"/>
   </Row>
   <Row>
    <Cell ss:Index="5" ss:StyleID="s33"/>
   </Row>
   <Row>
    <Cell ss:Index="5" ss:StyleID="s33"/>
   </Row>
   <Row>
    <Cell ss:Index="5" ss:StyleID="s33"/>
   </Row>
   <Row>
    <Cell ss:Index="5" ss:StyleID="s33"/>
   </Row>
   <Row>
    <Cell ss:Index="5" ss:StyleID="s33"/>
   </Row>
   <Row>
    <Cell ss:Index="5" ss:StyleID="s33"/>
   </Row>
   <Row>
    <Cell ss:Index="5" ss:StyleID="s33"/>
   </Row>
   <Row>
    <Cell ss:Index="5" ss:StyleID="s33"/>
   </Row>
   <Row>
    <Cell ss:Index="5" ss:StyleID="s33"/>
   </Row>
   <Row>
    <Cell ss:Index="5" ss:StyleID="s33"/>
   </Row>
   <Row>
    <Cell ss:Index="5" ss:StyleID="s33"/>
   </Row>
   <Row>
    <Cell ss:Index="5" ss:StyleID="s33"/>
   </Row>
   <Row>
    <Cell ss:Index="5" ss:StyleID="s33"/>
   </Row>
   <Row>
    <Cell ss:Index="5" ss:StyleID="s33"/>
   </Row>
   <Row>
    <Cell ss:Index="5" ss:StyleID="s33"/>
   </Row>
   <Row>
    <Cell ss:Index="5" ss:StyleID="s33"/>
   </Row>
   <Row>
    <Cell ss:Index="5" ss:StyleID="s33"/>
   </Row>
   <Row>
    <Cell ss:Index="5" ss:StyleID="s33"/>
   </Row>
   <Row>
    <Cell ss:Index="5" ss:StyleID="s33"/>
   </Row>
   <Row>
    <Cell ss:Index="5" ss:StyleID="s33"/>
   </Row>
   <Row>
    <Cell ss:Index="5" ss:StyleID="s33"/>
   </Row>
   <Row>
    <Cell ss:Index="5" ss:StyleID="s33"/>
   </Row>
   <Row>
    <Cell ss:Index="5" ss:StyleID="s33"/>
   </Row>
   <Row>
    <Cell ss:Index="5" ss:StyleID="s33"/>
   </Row>
   <Row>
    <Cell ss:Index="5" ss:StyleID="s33"/>
   </Row>
   <Row>
    <Cell ss:Index="5" ss:StyleID="s33"/>
   </Row>
   <Row>
    <Cell ss:Index="5" ss:StyleID="s33"/>
   </Row>
   <Row>
    <Cell ss:Index="5" ss:StyleID="s33"/>
   </Row>
   <Row>
    <Cell ss:Index="5" ss:StyleID="s33"/>
   </Row>
   <Row>
    <Cell ss:Index="5" ss:StyleID="s33"/>
   </Row>
   <Row>
    <Cell ss:Index="5" ss:StyleID="s33"/>
   </Row>
   <Row>
    <Cell ss:Index="5" ss:StyleID="s33"/>
   </Row>
   <Row>
    <Cell ss:Index="5" ss:StyleID="s33"/>
   </Row>
   <Row>
    <Cell ss:Index="5" ss:StyleID="s33"/>
   </Row>
   <Row>
    <Cell ss:Index="5" ss:StyleID="s33"/>
   </Row>
   <Row>
    <Cell ss:Index="5" ss:StyleID="s33"/>
   </Row>
   <Row>
    <Cell ss:Index="5" ss:StyleID="s33"/>
   </Row>
   <Row>
    <Cell ss:Index="5" ss:StyleID="s33"/>
   </Row>
   <Row>
    <Cell ss:Index="5" ss:StyleID="s33"/>
   </Row>
   <Row>
    <Cell ss:Index="5" ss:StyleID="s33"/>
   </Row>
   <Row>
    <Cell ss:Index="5" ss:StyleID="s33"/>
   </Row>
   <Row>
    <Cell ss:Index="5" ss:StyleID="s33"/>
   </Row>
   <Row>
    <Cell ss:Index="5" ss:StyleID="s33"/>
   </Row>
  </Table>
  <WorksheetOptions xmlns="urn:schemas-microsoft-com:office:excel">
   <PageSetup>
    <Layout x:CenterHorizontal="1"/>
    <Header x:Margin="0.19685039370078741"/>
    <Footer x:Margin="0.15748031496062992"/>
    <PageMargins x:Bottom="0.78740157480314965" x:Left="0.78740157480314965"
     x:Right="0.39370078740157483" x:Top="0.39370078740157483"/>
   </PageSetup>
   <Print>
    <ValidPrinterInfo/>
    <PaperSizeIndex>9</PaperSizeIndex>
    <Scale>95</Scale>
    <HorizontalResolution>600</HorizontalResolution>
    <VerticalResolution>300</VerticalResolution>
   </Print>
   <PageBreakZoom>60</PageBreakZoom>
   <Selected/>
   <Panes>
    <Pane>
     <Number>3</Number>
     <ActiveRow>7</ActiveRow>
     <ActiveCol>4</ActiveCol>
    </Pane>
   </Panes>
   <ProtectObjects>False</ProtectObjects>
   <ProtectScenarios>False</ProtectScenarios>
  </WorksheetOptions>
 </Worksheet>
 <Worksheet ss:Name="hidden1">
  <Table ss:ExpandedColumnCount="2" ss:ExpandedRowCount="21" x:FullColumns="1"
   x:FullRows="1">
   <Row>
    <Cell><Data ss:Type="Number">0</Data></Cell>
    <Cell><Data ss:Type="Number">36503267</Data></Cell>
   </Row>
   <Row>
    <Cell><Data ss:Type="Number">0</Data></Cell>
    <Cell><Data ss:Type="Number">0</Data></Cell>
   </Row>
   <Row>
    <Cell><Data ss:Type="Number">1098</Data></Cell>
    <Cell><Data ss:Type="Number">304</Data></Cell>
   </Row>
   <Row>
    <Cell><Data ss:Type="Number">0</Data></Cell>
    <Cell><Data ss:Type="Number">0</Data></Cell>
   </Row>
   <Row>
    <Cell><Data ss:Type="Number">1116</Data></Cell>
    <Cell><Data ss:Type="Number">223</Data></Cell>
   </Row>
   <Row>
    <Cell><Data ss:Type="Number">356906006</Data></Cell>
    <Cell><Data ss:Type="Number">27838669</Data></Cell>
   </Row>
   <Row>
    <Cell><Data ss:Type="Number">85499653193</Data></Cell>
    <Cell><Data ss:Type="Number">6839971</Data></Cell>
   </Row>
   <Row>
    <Cell><Data ss:Type="Number">45765991</Data></Cell>
    <Cell><Data ss:Type="Number">1601810</Data></Cell>
   </Row>
   <Row>
    <Cell><Data ss:Type="Number">2778618547</Data></Cell>
    <Cell><Data ss:Type="Number">222290</Data></Cell>
   </Row>
   <Row>
    <Cell><Data ss:Type="Number">0</Data></Cell>
    <Cell><Data ss:Type="Number">59765</Data></Cell>
   </Row>
   <Row>
    <Cell><Data ss:Type="Number">0</Data></Cell>
    <Cell><Data ss:Type="Number">0</Data></Cell>
   </Row>
   <Row>
    <Cell><Data ss:Type="Number">0</Data></Cell>
    <Cell><Data ss:Type="Number">0</Data></Cell>
   </Row>
   <Row>
    <Cell><Data ss:Type="Number">0</Data></Cell>
    <Cell><Data ss:Type="Number">0</Data></Cell>
   </Row>
   <Row>
    <Cell><Data ss:Type="Number">0</Data></Cell>
    <Cell><Data ss:Type="Number">0</Data></Cell>
   </Row>
   <Row>
    <Cell><Data ss:Type="Number">786443</Data></Cell>
    <Cell><Data ss:Type="Number">42628</Data></Cell>
   </Row>
   <Row>
    <Cell><Data ss:Type="Number">205222609</Data></Cell>
    <Cell><Data ss:Type="Number">16417</Data></Cell>
   </Row>
   <Row>
    <Cell><Data ss:Type="Number">3796881</Data></Cell>
    <Cell><Data ss:Type="Number">635</Data></Cell>
   </Row>
   <Row>
    <Cell><Data ss:Type="Number">1061113</Data></Cell>
    <Cell><Data ss:Type="Number">85</Data></Cell>
   </Row>
   <Row>
    <Cell><Data ss:Type="Number">0</Data></Cell>
    <Cell><Data ss:Type="Number">1098</Data></Cell>
   </Row>
   <Row>
    <Cell><Data ss:Type="Number">0</Data></Cell>
    <Cell><Data ss:Type="Number">36940817</Data></Cell>
   </Row>
   <Row>
    <Cell><Data ss:Type="Number">88891812997</Data></Cell>
    <Cell><Data ss:Type="Number">110067979</Data></Cell>
   </Row>
  </Table>
  <WorksheetOptions xmlns="urn:schemas-microsoft-com:office:excel">
   <Visible>SheetHidden</Visible>
   <ProtectObjects>False</ProtectObjects>
   <ProtectScenarios>False</ProtectScenarios>
  </WorksheetOptions>
 </Worksheet>
</Workbook>
