<?xml version="1.0"?>
<?mso-application progid="Excel.Sheet"?>
<Workbook xmlns="urn:schemas-microsoft-com:office:spreadsheet"
 xmlns:o="urn:schemas-microsoft-com:office:office"
 xmlns:x="urn:schemas-microsoft-com:office:excel"
 xmlns:ss="urn:schemas-microsoft-com:office:spreadsheet"
 xmlns:html="http://www.w3.org/TR/REC-html40">
 <DocumentProperties xmlns="urn:schemas-microsoft-com:office:office">
  <Author>fcod-00-067</Author>
  <LastAuthor>balmaster</LastAuthor>
  <LastPrinted>2007-06-20T08:08:26Z</LastPrinted>
  <Created>2006-03-02T12:22:42Z</Created>
  <LastSaved>2010-03-23T13:02:28Z</LastSaved>
  <Company>МРИ ЦОД России</Company>
  <Version>12.00</Version>
 </DocumentProperties>
 <ExcelWorkbook xmlns="urn:schemas-microsoft-com:office:excel">
  <WindowHeight>9120</WindowHeight>
  <WindowWidth>7650</WindowWidth>
  <WindowTopX>7665</WindowTopX>
  <WindowTopY>-15</WindowTopY>
  <ProtectStructure>False</ProtectStructure>
  <ProtectWindows>False</ProtectWindows>
 </ExcelWorkbook>
 <Styles>
  <Style ss:ID="Default" ss:Name="Normal">
   <Alignment ss:Vertical="Bottom"/>
   <Borders/>
   <Font ss:FontName="Arial Cyr" x:CharSet="204"/>
   <Interior/>
   <NumberFormat/>
   <Protection/>
  </Style>
  <Style ss:ID="s21">
   <Alignment ss:Vertical="Bottom" ss:WrapText="1"/>
   <Font ss:FontName="Times New Roman" x:Family="Roman"/>
  </Style>
  <Style ss:ID="s22">
   <Alignment ss:Horizontal="Center" ss:Vertical="Center" ss:WrapText="1"/>
   <Font ss:FontName="Times New Roman" x:Family="Roman"/>
   <NumberFormat ss:Format="@"/>
  </Style>
  <Style ss:ID="s23">
   <Alignment ss:Horizontal="Center" ss:Vertical="Bottom" ss:WrapText="1"/>
   <Borders>
    <Border ss:Position="Bottom" ss:LineStyle="Continuous" ss:Weight="1"/>
    <Border ss:Position="Left" ss:LineStyle="Continuous" ss:Weight="1"/>
    <Border ss:Position="Right" ss:LineStyle="Continuous" ss:Weight="1"/>
    <Border ss:Position="Top" ss:LineStyle="Continuous" ss:Weight="1"/>
   </Borders>
   <Font ss:FontName="Times New Roman" x:Family="Roman"/>
  </Style>
  <Style ss:ID="s24">
   <Alignment ss:Horizontal="Center" ss:Vertical="Center" ss:WrapText="1"/>
   <Borders>
    <Border ss:Position="Bottom" ss:LineStyle="Continuous" ss:Weight="1"/>
    <Border ss:Position="Left" ss:LineStyle="Continuous" ss:Weight="1"/>
    <Border ss:Position="Right" ss:LineStyle="Continuous" ss:Weight="1"/>
    <Border ss:Position="Top" ss:LineStyle="Continuous" ss:Weight="1"/>
   </Borders>
   <Font ss:FontName="Times New Roman" x:Family="Roman" ss:Size="12"/>
   <NumberFormat ss:Format="@"/>
  </Style>
  <Style ss:ID="s25">
   <Alignment ss:Horizontal="Center" ss:Vertical="Bottom" ss:WrapText="1"/>
   <Borders>
    <Border ss:Position="Bottom" ss:LineStyle="Continuous" ss:Weight="1"/>
    <Border ss:Position="Left" ss:LineStyle="Continuous" ss:Weight="1"/>
    <Border ss:Position="Right" ss:LineStyle="Continuous" ss:Weight="1"/>
    <Border ss:Position="Top" ss:LineStyle="Continuous" ss:Weight="1"/>
   </Borders>
   <Font ss:FontName="Times New Roman" x:Family="Roman" ss:Size="12"/>
  </Style>
  <Style ss:ID="s26">
   <Alignment ss:Horizontal="Right" ss:Vertical="Center" ss:WrapText="1"/>
   <Font ss:FontName="Arial CYR" x:CharSet="204" x:Family="Swiss"/>
  </Style>
  <Style ss:ID="s27">
   <Alignment ss:Vertical="Bottom" ss:WrapText="1"/>
   <Borders>
    <Border ss:Position="Bottom" ss:LineStyle="Continuous" ss:Weight="1"/>
   </Borders>
   <Font ss:FontName="Arial CYR" x:CharSet="204" x:Family="Swiss" ss:Bold="1"/>
  </Style>
  <Style ss:ID="s28">
   <Alignment ss:Horizontal="Right" ss:Vertical="Bottom" ss:WrapText="1"/>
   <Borders>
    <Border ss:Position="Bottom" ss:LineStyle="Continuous" ss:Weight="1"/>
   </Borders>
   <Font ss:FontName="Arial CYR" x:CharSet="204" x:Family="Swiss" ss:Bold="1"/>
  </Style>
  <Style ss:ID="s29">
   <Alignment ss:Horizontal="Left" ss:Vertical="Center" ss:WrapText="1"/>
   <Borders>
    <Border ss:Position="Bottom" ss:LineStyle="Continuous" ss:Weight="1"/>
    <Border ss:Position="Left" ss:LineStyle="Continuous" ss:Weight="1"/>
    <Border ss:Position="Right" ss:LineStyle="Continuous" ss:Weight="1"/>
    <Border ss:Position="Top" ss:LineStyle="Continuous" ss:Weight="1"/>
   </Borders>
   <Font ss:FontName="Arial CYR" x:CharSet="204" x:Family="Swiss"/>
  </Style>
  <Style ss:ID="s30">
   <Alignment ss:Horizontal="Left" ss:Vertical="Bottom"/>
   <Font ss:FontName="Arial CYR" x:CharSet="204" x:Family="Swiss" ss:Bold="1"/>
  </Style>
  <Style ss:ID="s31">
   <Alignment ss:Horizontal="Center" ss:Vertical="Center" ss:WrapText="1"/>
   <Borders>
    <Border ss:Position="Bottom" ss:LineStyle="Continuous" ss:Weight="1"/>
    <Border ss:Position="Left" ss:LineStyle="Continuous" ss:Weight="1"/>
    <Border ss:Position="Right" ss:LineStyle="Continuous" ss:Weight="1"/>
    <Border ss:Position="Top" ss:LineStyle="Continuous" ss:Weight="1"/>
   </Borders>
   <Font ss:FontName="Arial CYR" x:CharSet="204" x:Family="Swiss"/>
   <NumberFormat ss:Format="@"/>
  </Style>
  <Style ss:ID="s32">
   <Alignment ss:Horizontal="Center" ss:Vertical="Top" ss:WrapText="1"/>
   <Borders>
    <Border ss:Position="Bottom" ss:LineStyle="Continuous" ss:Weight="1"/>
    <Border ss:Position="Left" ss:LineStyle="Continuous" ss:Weight="1"/>
    <Border ss:Position="Right" ss:LineStyle="Continuous" ss:Weight="1"/>
    <Border ss:Position="Top" ss:LineStyle="Continuous" ss:Weight="1"/>
   </Borders>
   <Font ss:FontName="Arial CYR" x:CharSet="204" x:Family="Swiss"/>
  </Style>
  <Style ss:ID="s33">
   <Alignment ss:Horizontal="Center" ss:Vertical="Center" ss:WrapText="1"/>
   <Borders>
    <Border ss:Position="Bottom" ss:LineStyle="Continuous" ss:Weight="1"/>
    <Border ss:Position="Left" ss:LineStyle="Continuous" ss:Weight="1"/>
    <Border ss:Position="Right" ss:LineStyle="Continuous" ss:Weight="1"/>
    <Border ss:Position="Top" ss:LineStyle="Continuous" ss:Weight="1"/>
   </Borders>
   <Font ss:FontName="Arial CYR" x:CharSet="204" x:Family="Swiss"/>
  </Style>
  <Style ss:ID="s34">
   <Font ss:FontName="Arial CYR" x:CharSet="204" x:Family="Swiss"/>
  </Style>
  <Style ss:ID="s35">
   <Alignment ss:Horizontal="Center" ss:Vertical="Bottom" ss:WrapText="1"/>
   <Borders>
    <Border ss:Position="Bottom" ss:LineStyle="Continuous" ss:Weight="1"/>
    <Border ss:Position="Left" ss:LineStyle="Continuous" ss:Weight="1"/>
    <Border ss:Position="Right" ss:LineStyle="Continuous" ss:Weight="1"/>
    <Border ss:Position="Top" ss:LineStyle="Continuous" ss:Weight="1"/>
   </Borders>
   <Font ss:FontName="Arial CYR" x:CharSet="204" x:Family="Swiss"/>
   <NumberFormat ss:Format="Fixed"/>
  </Style>
  <Style ss:ID="s36">
   <Alignment ss:Horizontal="Right" ss:Vertical="Bottom" ss:WrapText="1"/>
   <Borders>
    <Border ss:Position="Bottom" ss:LineStyle="Continuous" ss:Weight="1"/>
    <Border ss:Position="Left" ss:LineStyle="Continuous" ss:Weight="1"/>
    <Border ss:Position="Right" ss:LineStyle="Continuous" ss:Weight="1"/>
    <Border ss:Position="Top" ss:LineStyle="Continuous" ss:Weight="1"/>
   </Borders>
   <Font ss:FontName="Arial CYR" x:CharSet="204" x:Family="Swiss"/>
   <NumberFormat ss:Format="#,##0"/>
  </Style>
  <Style ss:ID="s37">
   <Alignment ss:Vertical="Bottom" ss:WrapText="1"/>
   <Borders>
    <Border ss:Position="Bottom" ss:LineStyle="Continuous" ss:Weight="1"/>
    <Border ss:Position="Left" ss:LineStyle="Continuous" ss:Weight="1"/>
    <Border ss:Position="Right" ss:LineStyle="Continuous" ss:Weight="1"/>
    <Border ss:Position="Top" ss:LineStyle="Continuous" ss:Weight="1"/>
   </Borders>
   <Font ss:FontName="Arial CYR" x:CharSet="204" x:Family="Swiss" ss:Bold="1"/>
  </Style>
  <Style ss:ID="s38">
   <Alignment ss:Vertical="Bottom" ss:WrapText="1"/>
   <Borders>
    <Border ss:Position="Bottom" ss:LineStyle="Continuous" ss:Weight="1"/>
    <Border ss:Position="Left" ss:LineStyle="Continuous" ss:Weight="1"/>
    <Border ss:Position="Right" ss:LineStyle="Continuous" ss:Weight="1"/>
    <Border ss:Position="Top" ss:LineStyle="Continuous" ss:Weight="1"/>
   </Borders>
   <Font ss:FontName="Arial CYR" x:CharSet="204" x:Family="Swiss"/>
  </Style>
  <Style ss:ID="s39">
   <Alignment ss:Horizontal="Left" ss:Vertical="Bottom" ss:Indent="2"
    ss:WrapText="1"/>
   <Borders>
    <Border ss:Position="Bottom" ss:LineStyle="Continuous" ss:Weight="1"/>
    <Border ss:Position="Left" ss:LineStyle="Continuous" ss:Weight="1"/>
    <Border ss:Position="Right" ss:LineStyle="Continuous" ss:Weight="1"/>
    <Border ss:Position="Top" ss:LineStyle="Continuous" ss:Weight="1"/>
   </Borders>
   <Font ss:FontName="Arial CYR" x:CharSet="204" x:Family="Swiss"/>
  </Style>
  <Style ss:ID="s40">
   <Alignment ss:Horizontal="Center" ss:Vertical="Center" ss:WrapText="1"/>
   <Font ss:FontName="Times New Roman" x:CharSet="204" x:Family="Roman" ss:Bold="1"/>
  </Style>
  <Style ss:ID="s43">
   <Alignment ss:Horizontal="Center" ss:Vertical="Bottom" ss:WrapText="1"/>
   <Font ss:FontName="Arial CYR" x:CharSet="204" x:Family="Swiss" ss:Size="14"
    ss:Bold="1"/>
  </Style>
  <Style ss:ID="s44">
   <Alignment ss:Horizontal="Center" ss:Vertical="Bottom" ss:WrapText="1"/>
   <Font ss:FontName="Arial CYR" x:CharSet="204" x:Family="Swiss" ss:Size="11"
    ss:Bold="1"/>
  </Style>
 </Styles>
 <Worksheet ss:Name="Р.1">
  <Names>
   <NamedRange ss:Name="Print_Titles" ss:RefersTo="=Р.1!R3:R6"/>
   <NamedRange ss:Name="Print_Area" ss:RefersTo="=Р.1!R1C1:R37C4"/>
  </Names>
  <Table ss:ExpandedColumnCount="4" ss:ExpandedRowCount="37" x:FullColumns="1"
   x:FullRows="1">
   <Column ss:AutoFitWidth="0" ss:Width="280.5"/>
   <Column ss:AutoFitWidth="0" ss:Width="46.5"/>
   <Column ss:AutoFitWidth="0" ss:Width="92.25"/>
   <Column ss:AutoFitWidth="0" ss:Width="95.25"/>
   <Row ss:AutoFitHeight="0" ss:Height="24.75">
    <Cell ss:StyleID="s40"><NamedCell ss:Name="Print_Area"/></Cell>
    <Cell ss:StyleID="s22"><NamedCell ss:Name="Print_Area"/></Cell>
    <Cell ss:StyleID="s21"><NamedCell ss:Name="Print_Area"/></Cell>
    <Cell ss:StyleID="s26"><Data ss:Type="String">Форма № 5-ТН&#10;Т.1</Data><NamedCell
      ss:Name="Print_Area"/></Cell>
   </Row>
   <Row ss:AutoFitHeight="0" ss:Height="33">
    <Cell ss:MergeAcross="3" ss:StyleID="s43"><Data ss:Type="String">ОТЧЕТ &#10;о структуре начислений по транспортному налогу</Data><NamedCell
      ss:Name="Print_Area"/></Cell>
   </Row>
   <Row ss:AutoFitHeight="0" ss:Height="16.5">
    <Cell ss:MergeAcross="3" ss:StyleID="s44"><Data ss:Type="String">на 01.01.2007 г.</Data><NamedCell
      ss:Name="Print_Titles"/><NamedCell ss:Name="Print_Area"/></Cell>
   </Row>
   <Row ss:AutoFitHeight="0" ss:Height="12">
    <Cell ss:StyleID="s30"><Data ss:Type="String">Всего по России</Data><NamedCell
      ss:Name="Print_Titles"/><NamedCell ss:Name="Print_Area"/></Cell>
    <Cell ss:StyleID="s27"><NamedCell ss:Name="Print_Titles"/><NamedCell
      ss:Name="Print_Area"/></Cell>
    <Cell ss:StyleID="s27"><NamedCell ss:Name="Print_Titles"/><NamedCell
      ss:Name="Print_Area"/></Cell>
    <Cell ss:StyleID="s28"><NamedCell ss:Name="Print_Titles"/><NamedCell
      ss:Name="Print_Area"/></Cell>
   </Row>
   <Row ss:Height="25.5">
    <Cell ss:StyleID="s29"><NamedCell ss:Name="Print_Titles"/><NamedCell
      ss:Name="Print_Area"/></Cell>
    <Cell ss:StyleID="s31"><Data ss:Type="String">код строки </Data><NamedCell
      ss:Name="Print_Titles"/><NamedCell ss:Name="Print_Area"/></Cell>
    <Cell ss:StyleID="s32"><Data ss:Type="String">По организациям</Data><NamedCell
      ss:Name="Print_Titles"/><NamedCell ss:Name="Print_Area"/></Cell>
    <Cell ss:StyleID="s33"><Data ss:Type="String">По физическим лицам</Data><NamedCell
      ss:Name="Print_Titles"/><NamedCell ss:Name="Print_Area"/></Cell>
   </Row>
   <Row ss:Height="15.75">
    <Cell ss:StyleID="s23"><Data ss:Type="String">А</Data><NamedCell
      ss:Name="Print_Titles"/><NamedCell ss:Name="Print_Area"/></Cell>
    <Cell ss:StyleID="s24"><Data ss:Type="String">Б</Data><NamedCell
      ss:Name="Print_Titles"/><NamedCell ss:Name="Print_Area"/></Cell>
    <Cell ss:StyleID="s25"><Data ss:Type="Number">1</Data><NamedCell
      ss:Name="Print_Titles"/><NamedCell ss:Name="Print_Area"/></Cell>
    <Cell ss:StyleID="s25"><Data ss:Type="Number">2</Data><NamedCell
      ss:Name="Print_Titles"/><NamedCell ss:Name="Print_Area"/></Cell>
   </Row>
   <Row ss:AutoFitHeight="0" ss:Height="30">
    <Cell ss:StyleID="s37"><Data ss:Type="String">1. Количество налогоплательщиков, которым(и) начислен налог к уплате в бюджет, единиц</Data><NamedCell
      ss:Name="Print_Area"/></Cell>
    <Cell ss:StyleID="s35"><Data ss:Type="String">010</Data><NamedCell
      ss:Name="Print_Area"/></Cell>
    <Cell ss:StyleID="s36"><Data ss:Type="Number">360129</Data><NamedCell
      ss:Name="Print_Area"/></Cell>
    <Cell ss:StyleID="s36"><Data ss:Type="Number">22112485</Data><NamedCell
      ss:Name="Print_Area"/></Cell>
   </Row>
   <Row ss:AutoFitHeight="0" ss:Height="30">
    <Cell ss:StyleID="s37"><Data ss:Type="String">2. Количество транспортных средств в базе данных налогового органа – всего, единиц    </Data><NamedCell
      ss:Name="Print_Area"/></Cell>
    <Cell ss:StyleID="s35"><Data ss:Type="String">020</Data><NamedCell
      ss:Name="Print_Area"/></Cell>
    <Cell ss:StyleID="s36"><Data ss:Type="Number">4237562</Data><NamedCell
      ss:Name="Print_Area"/></Cell>
    <Cell ss:StyleID="s36"><Data ss:Type="Number">31856546</Data><NamedCell
      ss:Name="Print_Area"/></Cell>
   </Row>
   <Row ss:AutoFitHeight="0" ss:Height="30">
    <Cell ss:StyleID="s38"><Data ss:Type="String">                   в том числе:&#10;    наземных транспортных средств </Data><NamedCell
      ss:Name="Print_Area"/></Cell>
    <Cell ss:StyleID="s35"><Data ss:Type="String">030</Data><NamedCell
      ss:Name="Print_Area"/></Cell>
    <Cell ss:StyleID="s36"><Data ss:Type="Number">4200304</Data><NamedCell
      ss:Name="Print_Area"/></Cell>
    <Cell ss:StyleID="s36"><Data ss:Type="Number">31570899</Data><NamedCell
      ss:Name="Print_Area"/></Cell>
   </Row>
   <Row ss:AutoFitHeight="0" ss:Height="38.25">
    <Cell ss:StyleID="s39"><Data ss:Type="String">             из них &#10;   зарегистрированных  в подразделениях &#10;   Госавтоинспекции МВД России</Data><NamedCell
      ss:Name="Print_Area"/></Cell>
    <Cell ss:StyleID="s35"><Data ss:Type="String">040</Data><NamedCell
      ss:Name="Print_Area"/></Cell>
    <Cell ss:StyleID="s36"><Data ss:Type="Number">3524164</Data><NamedCell
      ss:Name="Print_Area"/></Cell>
    <Cell ss:StyleID="s36"><Data ss:Type="Number">30189490</Data><NamedCell
      ss:Name="Print_Area"/></Cell>
   </Row>
   <Row ss:AutoFitHeight="0" ss:Height="16.5">
    <Cell ss:StyleID="s38"><Data ss:Type="String">   водных транспортных средств           </Data><NamedCell
      ss:Name="Print_Area"/></Cell>
    <Cell ss:StyleID="s35"><Data ss:Type="String">050</Data><NamedCell
      ss:Name="Print_Area"/></Cell>
    <Cell ss:StyleID="s36"><Data ss:Type="Number">35151</Data><NamedCell
      ss:Name="Print_Area"/></Cell>
    <Cell ss:StyleID="s36"><Data ss:Type="Number">285578</Data><NamedCell
      ss:Name="Print_Area"/></Cell>
   </Row>
   <Row ss:AutoFitHeight="0" ss:Height="16.5">
    <Cell ss:StyleID="s38"><Data ss:Type="String">   воздушных транспортных средств </Data><NamedCell
      ss:Name="Print_Area"/></Cell>
    <Cell ss:StyleID="s35"><Data ss:Type="String">060</Data><NamedCell
      ss:Name="Print_Area"/></Cell>
    <Cell ss:StyleID="s36"><Data ss:Type="Number">2107</Data><NamedCell
      ss:Name="Print_Area"/></Cell>
    <Cell ss:StyleID="s36"><Data ss:Type="Number">69</Data><NamedCell
      ss:Name="Print_Area"/></Cell>
   </Row>
   <Row ss:AutoFitHeight="0" ss:Height="30">
    <Cell ss:StyleID="s37"><Data ss:Type="String">3. Количество транспортных средств, по которым начислен налог к уплате в бюджет – всего, единиц</Data><NamedCell
      ss:Name="Print_Area"/></Cell>
    <Cell ss:StyleID="s35"><Data ss:Type="String">070</Data><NamedCell
      ss:Name="Print_Area"/></Cell>
    <Cell ss:StyleID="s36"><Data ss:Type="Number">3707465</Data><NamedCell
      ss:Name="Print_Area"/></Cell>
    <Cell ss:StyleID="s36"><Data ss:Type="Number">29798144</Data><NamedCell
      ss:Name="Print_Area"/></Cell>
   </Row>
   <Row ss:AutoFitHeight="0" ss:Height="30">
    <Cell ss:StyleID="s38"><Data ss:Type="String">                   в том числе:&#10;   наземных транспортных средств</Data><NamedCell
      ss:Name="Print_Area"/></Cell>
    <Cell ss:StyleID="s35"><Data ss:Type="String">080</Data><NamedCell
      ss:Name="Print_Area"/></Cell>
    <Cell ss:StyleID="s36"><Data ss:Type="Number">3676584</Data><NamedCell
      ss:Name="Print_Area"/></Cell>
    <Cell ss:StyleID="s36"><Data ss:Type="Number">29530851</Data><NamedCell
      ss:Name="Print_Area"/></Cell>
   </Row>
   <Row ss:AutoFitHeight="0" ss:Height="38.25">
    <Cell ss:StyleID="s39"><Data ss:Type="String">             из них &#10;зарегистрированных  в подразделениях Госавтоинспекции МВД России</Data><NamedCell
      ss:Name="Print_Area"/></Cell>
    <Cell ss:StyleID="s35"><Data ss:Type="String">090</Data><NamedCell
      ss:Name="Print_Area"/></Cell>
    <Cell ss:StyleID="s36"><Data ss:Type="Number">3167627</Data><NamedCell
      ss:Name="Print_Area"/></Cell>
    <Cell ss:StyleID="s36"><Data ss:Type="Number">28688398</Data><NamedCell
      ss:Name="Print_Area"/></Cell>
   </Row>
   <Row ss:AutoFitHeight="0" ss:Height="16.5">
    <Cell ss:StyleID="s38"><Data ss:Type="String">   водных транспортных средств </Data><NamedCell
      ss:Name="Print_Area"/></Cell>
    <Cell ss:StyleID="s35"><Data ss:Type="String">100</Data><NamedCell
      ss:Name="Print_Area"/></Cell>
    <Cell ss:StyleID="s36"><Data ss:Type="Number">29639</Data><NamedCell
      ss:Name="Print_Area"/></Cell>
    <Cell ss:StyleID="s36"><Data ss:Type="Number">267227</Data><NamedCell
      ss:Name="Print_Area"/></Cell>
   </Row>
   <Row ss:AutoFitHeight="0" ss:Height="16.5">
    <Cell ss:StyleID="s38"><Data ss:Type="String">   воздушных транспортных средств </Data><NamedCell
      ss:Name="Print_Area"/></Cell>
    <Cell ss:StyleID="s35"><Data ss:Type="String">110</Data><NamedCell
      ss:Name="Print_Area"/></Cell>
    <Cell ss:StyleID="s36"><Data ss:Type="Number">1242</Data><NamedCell
      ss:Name="Print_Area"/></Cell>
    <Cell ss:StyleID="s36"><Data ss:Type="Number">66</Data><NamedCell
      ss:Name="Print_Area"/></Cell>
   </Row>
   <Row ss:AutoFitHeight="0" ss:Height="30">
    <Cell ss:StyleID="s37"><Data ss:Type="String">4. Сумма налога, подлежащая уплате в бюджет  – всего, тыс. руб.</Data><NamedCell
      ss:Name="Print_Area"/></Cell>
    <Cell ss:StyleID="s35"><Data ss:Type="String">120</Data><NamedCell
      ss:Name="Print_Area"/></Cell>
    <Cell ss:StyleID="s36"><Data ss:Type="Number">13459927</Data><NamedCell
      ss:Name="Print_Area"/></Cell>
    <Cell ss:StyleID="s36"><Data ss:Type="Number">30053378</Data><NamedCell
      ss:Name="Print_Area"/></Cell>
   </Row>
   <Row ss:AutoFitHeight="0" ss:Height="33.75">
    <Cell ss:StyleID="s38"><Data ss:Type="String">                   в том числе:&#10;   по наземным транспортным средствам </Data><NamedCell
      ss:Name="Print_Area"/></Cell>
    <Cell ss:StyleID="s35"><Data ss:Type="String">130</Data><NamedCell
      ss:Name="Print_Area"/></Cell>
    <Cell ss:StyleID="s36"><Data ss:Type="Number">12881676</Data><NamedCell
      ss:Name="Print_Area"/></Cell>
    <Cell ss:StyleID="s36"><Data ss:Type="Number">29806903</Data><NamedCell
      ss:Name="Print_Area"/></Cell>
   </Row>
   <Row ss:AutoFitHeight="0" ss:Height="17.25">
    <Cell ss:StyleID="s38"><Data ss:Type="String">   по водным транспортным средствам </Data><NamedCell
      ss:Name="Print_Area"/></Cell>
    <Cell ss:StyleID="s35"><Data ss:Type="String">140</Data><NamedCell
      ss:Name="Print_Area"/></Cell>
    <Cell ss:StyleID="s36"><Data ss:Type="Number">413036</Data><NamedCell
      ss:Name="Print_Area"/></Cell>
    <Cell ss:StyleID="s36"><Data ss:Type="Number">245447</Data><NamedCell
      ss:Name="Print_Area"/></Cell>
   </Row>
   <Row ss:AutoFitHeight="0" ss:Height="19.5">
    <Cell ss:StyleID="s38"><Data ss:Type="String">   по воздушным транспортным средствам </Data><NamedCell
      ss:Name="Print_Area"/></Cell>
    <Cell ss:StyleID="s35"><Data ss:Type="String">150</Data><NamedCell
      ss:Name="Print_Area"/></Cell>
    <Cell ss:StyleID="s36"><Data ss:Type="Number">165215</Data><NamedCell
      ss:Name="Print_Area"/></Cell>
    <Cell ss:StyleID="s36"><Data ss:Type="Number">1028</Data><NamedCell
      ss:Name="Print_Area"/></Cell>
   </Row>
   <Row ss:AutoFitHeight="0" ss:Height="52.5">
    <Cell ss:StyleID="s37"><Data ss:Type="String">5. Количество транспортных средств, по которым налог не начислен к уплате в бюджет  в связи с предоставлением налоговых льгот и освобождения от уплаты налога – всего, единиц</Data><NamedCell
      ss:Name="Print_Area"/></Cell>
    <Cell ss:StyleID="s35"><Data ss:Type="String">160</Data><NamedCell
      ss:Name="Print_Area"/></Cell>
    <Cell ss:StyleID="s36"><Data ss:Type="Number">513136</Data><NamedCell
      ss:Name="Print_Area"/></Cell>
    <Cell ss:StyleID="s36"><Data ss:Type="Number">2050290</Data><NamedCell
      ss:Name="Print_Area"/></Cell>
   </Row>
   <Row ss:AutoFitHeight="0" ss:Height="30.75">
    <Cell ss:StyleID="s38"><Data ss:Type="String">                   в том числе:&#10;   наземных транспортных средств</Data><NamedCell
      ss:Name="Print_Area"/></Cell>
    <Cell ss:StyleID="s35"><Data ss:Type="String">170</Data><NamedCell
      ss:Name="Print_Area"/></Cell>
    <Cell ss:StyleID="s36"><Data ss:Type="Number">507103</Data><NamedCell
      ss:Name="Print_Area"/></Cell>
    <Cell ss:StyleID="s36"><Data ss:Type="Number">2032820</Data><NamedCell
      ss:Name="Print_Area"/></Cell>
   </Row>
   <Row ss:AutoFitHeight="0" ss:Height="16.5">
    <Cell ss:StyleID="s38"><Data ss:Type="String">   водных транспортных средств</Data><NamedCell
      ss:Name="Print_Area"/></Cell>
    <Cell ss:StyleID="s35"><Data ss:Type="String">180</Data><NamedCell
      ss:Name="Print_Area"/></Cell>
    <Cell ss:StyleID="s36"><Data ss:Type="Number">5192</Data><NamedCell
      ss:Name="Print_Area"/></Cell>
    <Cell ss:StyleID="s36"><Data ss:Type="Number">17467</Data><NamedCell
      ss:Name="Print_Area"/></Cell>
   </Row>
   <Row ss:AutoFitHeight="0" ss:Height="16.5">
    <Cell ss:StyleID="s38"><Data ss:Type="String">   воздушных транспортных средств</Data><NamedCell
      ss:Name="Print_Area"/></Cell>
    <Cell ss:StyleID="s35"><Data ss:Type="String">190</Data><NamedCell
      ss:Name="Print_Area"/></Cell>
    <Cell ss:StyleID="s36"><Data ss:Type="Number">841</Data><NamedCell
      ss:Name="Print_Area"/></Cell>
    <Cell ss:StyleID="s36"><Data ss:Type="Number">3</Data><NamedCell
      ss:Name="Print_Area"/></Cell>
   </Row>
   <Row ss:AutoFitHeight="0" ss:Height="38.25">
    <Cell ss:StyleID="s37"><Data ss:Type="String">6. Сумма налога, не поступившая в бюджет в связи с предоставлением налогоплательщикам налоговых льгот</Data><NamedCell
      ss:Name="Print_Area"/></Cell>
    <Cell ss:StyleID="s35"><Data ss:Type="String">200</Data><NamedCell
      ss:Name="Print_Area"/></Cell>
    <Cell ss:StyleID="s36"><Data ss:Type="Number">1434343</Data><NamedCell
      ss:Name="Print_Area"/></Cell>
    <Cell ss:StyleID="s36"><Data ss:Type="Number">3289212</Data><NamedCell
      ss:Name="Print_Area"/></Cell>
   </Row>
   <Row ss:AutoFitHeight="0" ss:Height="51">
    <Cell ss:StyleID="s38"><Data ss:Type="String">                   в том числе:&#10;    по льготам, установленным НК РФ, по льготам, &#10;    предоставляемым в соответствии со ст.7 НК РФ   &#10;    международными договорами Российской Федерации</Data><NamedCell
      ss:Name="Print_Area"/></Cell>
    <Cell ss:StyleID="s35"><Data ss:Type="String">210</Data><NamedCell
      ss:Name="Print_Area"/></Cell>
    <Cell ss:StyleID="s36"><Data ss:Type="Number">13506</Data><NamedCell
      ss:Name="Print_Area"/></Cell>
    <Cell ss:StyleID="s36"><Data ss:Type="Number">7897</Data><NamedCell
      ss:Name="Print_Area"/></Cell>
   </Row>
   <Row ss:AutoFitHeight="0" ss:Height="30">
    <Cell ss:StyleID="s38"><Data ss:Type="String">    по льготам, установленным законодательством &#10;    субъектов Российской Федерации</Data><NamedCell
      ss:Name="Print_Area"/></Cell>
    <Cell ss:StyleID="s35"><Data ss:Type="String">220</Data><NamedCell
      ss:Name="Print_Area"/></Cell>
    <Cell ss:StyleID="s36"><Data ss:Type="Number">1420837</Data><NamedCell
      ss:Name="Print_Area"/></Cell>
    <Cell ss:StyleID="s36"><Data ss:Type="Number">3281315</Data><NamedCell
      ss:Name="Print_Area"/></Cell>
   </Row>
   <Row>
    <Cell ss:StyleID="s34"><NamedCell ss:Name="Print_Area"/></Cell>
    <Cell ss:StyleID="s34"><NamedCell ss:Name="Print_Area"/></Cell>
    <Cell ss:StyleID="s34"><NamedCell ss:Name="Print_Area"/></Cell>
    <Cell ss:StyleID="s34"><NamedCell ss:Name="Print_Area"/></Cell>
   </Row>
   <Row>
    <Cell ss:StyleID="s34"><NamedCell ss:Name="Print_Area"/></Cell>
    <Cell ss:StyleID="s34"><NamedCell ss:Name="Print_Area"/></Cell>
    <Cell ss:StyleID="s34"><NamedCell ss:Name="Print_Area"/></Cell>
    <Cell ss:StyleID="s34"><NamedCell ss:Name="Print_Area"/></Cell>
   </Row>
   <Row>
    <Cell ss:StyleID="s34"><NamedCell ss:Name="Print_Area"/></Cell>
    <Cell ss:StyleID="s34"><NamedCell ss:Name="Print_Area"/></Cell>
    <Cell ss:StyleID="s34"><NamedCell ss:Name="Print_Area"/></Cell>
    <Cell ss:StyleID="s34"><NamedCell ss:Name="Print_Area"/></Cell>
   </Row>
   <Row>
    <Cell ss:StyleID="s34"><NamedCell ss:Name="Print_Area"/></Cell>
    <Cell ss:StyleID="s34"><NamedCell ss:Name="Print_Area"/></Cell>
    <Cell ss:StyleID="s34"><NamedCell ss:Name="Print_Area"/></Cell>
    <Cell ss:StyleID="s34"><NamedCell ss:Name="Print_Area"/></Cell>
   </Row>
   <Row>
    <Cell ss:StyleID="s34"><NamedCell ss:Name="Print_Area"/></Cell>
    <Cell ss:StyleID="s34"><NamedCell ss:Name="Print_Area"/></Cell>
    <Cell ss:StyleID="s34"><NamedCell ss:Name="Print_Area"/></Cell>
    <Cell ss:StyleID="s34"><NamedCell ss:Name="Print_Area"/></Cell>
   </Row>
   <Row>
    <Cell ss:StyleID="s34"><NamedCell ss:Name="Print_Area"/></Cell>
    <Cell ss:StyleID="s34"><NamedCell ss:Name="Print_Area"/></Cell>
    <Cell ss:StyleID="s34"><NamedCell ss:Name="Print_Area"/></Cell>
    <Cell ss:StyleID="s34"><NamedCell ss:Name="Print_Area"/></Cell>
   </Row>
   <Row>
    <Cell ss:StyleID="s34"><NamedCell ss:Name="Print_Area"/></Cell>
    <Cell ss:StyleID="s34"><NamedCell ss:Name="Print_Area"/></Cell>
    <Cell ss:StyleID="s34"><NamedCell ss:Name="Print_Area"/></Cell>
    <Cell ss:StyleID="s34"><NamedCell ss:Name="Print_Area"/></Cell>
   </Row>
   <Row>
    <Cell ss:StyleID="s34"><NamedCell ss:Name="Print_Area"/></Cell>
    <Cell ss:StyleID="s34"><NamedCell ss:Name="Print_Area"/></Cell>
    <Cell ss:StyleID="s34"><NamedCell ss:Name="Print_Area"/></Cell>
    <Cell ss:StyleID="s34"><NamedCell ss:Name="Print_Area"/></Cell>
   </Row>
   <Row>
    <Cell ss:StyleID="s34"><NamedCell ss:Name="Print_Area"/></Cell>
    <Cell ss:StyleID="s34"><NamedCell ss:Name="Print_Area"/></Cell>
    <Cell ss:StyleID="s34"><NamedCell ss:Name="Print_Area"/></Cell>
    <Cell ss:StyleID="s34"><NamedCell ss:Name="Print_Area"/></Cell>
   </Row>
  </Table>
  <WorksheetOptions xmlns="urn:schemas-microsoft-com:office:excel">
   <PageSetup>
    <Layout x:CenterHorizontal="1"/>
    <Header x:Margin="0.11811023622047245" x:Data="&amp;R&amp;P"/>
    <Footer x:Margin="0"/>
    <PageMargins x:Bottom="0.39370078740157483" x:Left="0" x:Right="0"
     x:Top="0.39370078740157483"/>
   </PageSetup>
   <Print>
    <ValidPrinterInfo/>
    <PaperSizeIndex>9</PaperSizeIndex>
    <Scale>90</Scale>
    <HorizontalResolution>300</HorizontalResolution>
    <VerticalResolution>300</VerticalResolution>
   </Print>
   <PageBreakZoom>60</PageBreakZoom>
   <Selected/>
   <FreezePanes/>
   <FrozenNoSplit/>
   <SplitHorizontal>6</SplitHorizontal>
   <TopRowBottomPane>6</TopRowBottomPane>
   <SplitVertical>2</SplitVertical>
   <LeftColumnRightPane>2</LeftColumnRightPane>
   <ActivePane>0</ActivePane>
   <Panes>
    <Pane>
     <Number>3</Number>
    </Pane>
    <Pane>
     <Number>1</Number>
    </Pane>
    <Pane>
     <Number>2</Number>
     <ActiveRow>7</ActiveRow>
    </Pane>
    <Pane>
     <Number>0</Number>
     <ActiveRow>9</ActiveRow>
     <ActiveCol>3</ActiveCol>
    </Pane>
   </Panes>
   <ProtectObjects>False</ProtectObjects>
   <ProtectScenarios>False</ProtectScenarios>
  </WorksheetOptions>
 </Worksheet>
 <Worksheet ss:Name="hidden1">
  <Table ss:ExpandedColumnCount="2" ss:ExpandedRowCount="23" x:FullColumns="1"
   x:FullRows="1">
   <Row>
    <Cell><Data ss:Type="Number">360129</Data></Cell>
    <Cell><Data ss:Type="Number">22112485</Data></Cell>
   </Row>
   <Row>
    <Cell><Data ss:Type="Number">4237562</Data></Cell>
    <Cell><Data ss:Type="Number">31856546</Data></Cell>
   </Row>
   <Row>
    <Cell><Data ss:Type="Number">4200304</Data></Cell>
    <Cell><Data ss:Type="Number">31570899</Data></Cell>
   </Row>
   <Row>
    <Cell><Data ss:Type="Number">3524164</Data></Cell>
    <Cell><Data ss:Type="Number">30189490</Data></Cell>
   </Row>
   <Row>
    <Cell><Data ss:Type="Number">35151</Data></Cell>
    <Cell><Data ss:Type="Number">285578</Data></Cell>
   </Row>
   <Row>
    <Cell><Data ss:Type="Number">2107</Data></Cell>
    <Cell><Data ss:Type="Number">69</Data></Cell>
   </Row>
   <Row>
    <Cell><Data ss:Type="Number">3707465</Data></Cell>
    <Cell><Data ss:Type="Number">29798144</Data></Cell>
   </Row>
   <Row>
    <Cell><Data ss:Type="Number">3676584</Data></Cell>
    <Cell><Data ss:Type="Number">29530851</Data></Cell>
   </Row>
   <Row>
    <Cell><Data ss:Type="Number">3167627</Data></Cell>
    <Cell><Data ss:Type="Number">28688398</Data></Cell>
   </Row>
   <Row>
    <Cell><Data ss:Type="Number">29639</Data></Cell>
    <Cell><Data ss:Type="Number">267227</Data></Cell>
   </Row>
   <Row>
    <Cell><Data ss:Type="Number">1242</Data></Cell>
    <Cell><Data ss:Type="Number">66</Data></Cell>
   </Row>
   <Row>
    <Cell><Data ss:Type="Number">13459927</Data></Cell>
    <Cell><Data ss:Type="Number">30053378</Data></Cell>
   </Row>
   <Row>
    <Cell><Data ss:Type="Number">12881676</Data></Cell>
    <Cell><Data ss:Type="Number">29806903</Data></Cell>
   </Row>
   <Row>
    <Cell><Data ss:Type="Number">413036</Data></Cell>
    <Cell><Data ss:Type="Number">245447</Data></Cell>
   </Row>
   <Row>
    <Cell><Data ss:Type="Number">165215</Data></Cell>
    <Cell><Data ss:Type="Number">1028</Data></Cell>
   </Row>
   <Row>
    <Cell><Data ss:Type="Number">513136</Data></Cell>
    <Cell><Data ss:Type="Number">2050290</Data></Cell>
   </Row>
   <Row>
    <Cell><Data ss:Type="Number">507103</Data></Cell>
    <Cell><Data ss:Type="Number">2032820</Data></Cell>
   </Row>
   <Row>
    <Cell><Data ss:Type="Number">5192</Data></Cell>
    <Cell><Data ss:Type="Number">17467</Data></Cell>
   </Row>
   <Row>
    <Cell><Data ss:Type="Number">841</Data></Cell>
    <Cell><Data ss:Type="Number">3</Data></Cell>
   </Row>
   <Row>
    <Cell><Data ss:Type="Number">1434343</Data></Cell>
    <Cell><Data ss:Type="Number">3289212</Data></Cell>
   </Row>
   <Row>
    <Cell><Data ss:Type="Number">13506</Data></Cell>
    <Cell><Data ss:Type="Number">7897</Data></Cell>
   </Row>
   <Row>
    <Cell><Data ss:Type="Number">1420837</Data></Cell>
    <Cell><Data ss:Type="Number">3281315</Data></Cell>
   </Row>
   <Row>
    <Cell><Data ss:Type="Number">53756786</Data></Cell>
    <Cell><Data ss:Type="Number">275085513</Data></Cell>
   </Row>
  </Table>
  <WorksheetOptions xmlns="urn:schemas-microsoft-com:office:excel">
   <Visible>SheetHidden</Visible>
   <ProtectObjects>False</ProtectObjects>
   <ProtectScenarios>False</ProtectScenarios>
  </WorksheetOptions>
 </Worksheet>
 <Worksheet ss:Name="hidden2">
  <Table ss:ExpandedColumnCount="2" ss:ExpandedRowCount="38" x:FullColumns="1"
   x:FullRows="1">
   <Column ss:AutoFitWidth="0" ss:Width="249"/>
   <Row>
    <Cell><Data ss:Type="String">на 01.01.2007 г.</Data></Cell>
    <Cell><Data ss:Type="Number">1</Data></Cell>
   </Row>
   <Row>
    <Cell><Data ss:Type="String">на 01.12.2006 г.</Data></Cell>
    <Cell><Data ss:Type="Number">2</Data></Cell>
   </Row>
   <Row>
    <Cell><Data ss:Type="String">на 01.10.2006 г.</Data></Cell>
    <Cell><Data ss:Type="Number">3</Data></Cell>
   </Row>
   <Row>
    <Cell><Data ss:Type="String">на 01.01.2006 г.</Data></Cell>
    <Cell><Data ss:Type="Number">4</Data></Cell>
   </Row>
   <Row>
    <Cell><Data ss:Type="String">на 01 января 2007 года</Data></Cell>
    <Cell><Data ss:Type="Number">5</Data></Cell>
   </Row>
   <Row>
    <Cell><Data ss:Type="String">на 01 декабря 2006 года</Data></Cell>
    <Cell><Data ss:Type="Number">6</Data></Cell>
   </Row>
   <Row>
    <Cell><Data ss:Type="String">на 01 октября 2006 года</Data></Cell>
    <Cell><Data ss:Type="Number">7</Data></Cell>
   </Row>
   <Row>
    <Cell><Data ss:Type="String">на 01 января 2006 года</Data></Cell>
    <Cell><Data ss:Type="Number">8</Data></Cell>
   </Row>
   <Row>
    <Cell><Data ss:Type="String">по состоянию на 01.01.2007 г.</Data></Cell>
    <Cell><Data ss:Type="Number">9</Data></Cell>
   </Row>
   <Row>
    <Cell><Data ss:Type="String">по состоянию на 01.12.2006 г.</Data></Cell>
    <Cell><Data ss:Type="Number">10</Data></Cell>
   </Row>
   <Row>
    <Cell><Data ss:Type="String">по состоянию на 01.10.2006 г.</Data></Cell>
    <Cell><Data ss:Type="Number">11</Data></Cell>
   </Row>
   <Row>
    <Cell><Data ss:Type="String">по состоянию на 01.01.2006 г.</Data></Cell>
    <Cell><Data ss:Type="Number">12</Data></Cell>
   </Row>
   <Row>
    <Cell><Data ss:Type="String">по состоянию на 01 января 2007 года</Data></Cell>
    <Cell><Data ss:Type="Number">13</Data></Cell>
   </Row>
   <Row>
    <Cell><Data ss:Type="String">по состоянию на 01 декабря 2006 года</Data></Cell>
    <Cell><Data ss:Type="Number">14</Data></Cell>
   </Row>
   <Row>
    <Cell><Data ss:Type="String">по состоянию на 01 октября 2006 года</Data></Cell>
    <Cell><Data ss:Type="Number">15</Data></Cell>
   </Row>
   <Row>
    <Cell><Data ss:Type="String">по состоянию на 01 января 2006 года</Data></Cell>
    <Cell><Data ss:Type="Number">16</Data></Cell>
   </Row>
   <Row>
    <Cell><Data ss:Type="String">в  январe 2007 года</Data></Cell>
    <Cell><Data ss:Type="Number">17</Data></Cell>
   </Row>
   <Row>
    <Cell><Data ss:Type="String">на январь</Data></Cell>
    <Cell><Data ss:Type="Number">18</Data></Cell>
   </Row>
   <Row>
    <Cell><Data ss:Type="String">за январь</Data></Cell>
    <Cell><Data ss:Type="Number">19</Data></Cell>
   </Row>
   <Row>
    <Cell><Data ss:Type="String">в январе</Data></Cell>
    <Cell><Data ss:Type="Number">20</Data></Cell>
   </Row>
   <Row>
    <Cell><Data ss:Type="String">на январь 2007 г.</Data></Cell>
    <Cell><Data ss:Type="Number">21</Data></Cell>
   </Row>
   <Row>
    <Cell><Data ss:Type="String">за январь  2007 г.</Data></Cell>
    <Cell><Data ss:Type="Number">22</Data></Cell>
   </Row>
   <Row>
    <Cell><Data ss:Type="String">за январь  2007 г.</Data></Cell>
    <Cell><Data ss:Type="Number">23</Data></Cell>
   </Row>
   <Row>
    <Cell><Data ss:Type="String">на январь 2006 г.</Data></Cell>
    <Cell><Data ss:Type="Number">24</Data></Cell>
   </Row>
   <Row>
    <Cell><Data ss:Type="String">за январь  2006 г.</Data></Cell>
    <Cell><Data ss:Type="Number">25</Data></Cell>
   </Row>
   <Row>
    <Cell><Data ss:Type="String">в январе  2006 г.</Data></Cell>
    <Cell><Data ss:Type="Number">26</Data></Cell>
   </Row>
   <Row>
    <Cell><Data ss:Type="String">12 мес.</Data></Cell>
    <Cell><Data ss:Type="Number">27</Data></Cell>
   </Row>
   <Row>
    <Cell><Data ss:Type="String">за 12 мес.</Data></Cell>
    <Cell><Data ss:Type="Number">28</Data></Cell>
   </Row>
   <Row>
    <Cell><Data ss:Type="String">12 месяцев</Data></Cell>
    <Cell><Data ss:Type="Number">29</Data></Cell>
   </Row>
   <Row>
    <Cell><Data ss:Type="String">за 12 месяцев</Data></Cell>
    <Cell><Data ss:Type="Number">30</Data></Cell>
   </Row>
   <Row>
    <Cell><Data ss:Type="String">декабрь</Data></Cell>
    <Cell><Data ss:Type="Number">31</Data></Cell>
   </Row>
   <Row>
    <Cell><Data ss:Type="String">ноябрь</Data></Cell>
    <Cell><Data ss:Type="Number">32</Data></Cell>
   </Row>
   <Row>
    <Cell><Data ss:Type="String">октябрь</Data></Cell>
    <Cell><Data ss:Type="Number">33</Data></Cell>
   </Row>
   <Row>
    <Cell><Data ss:Type="String">Поступило         01.01.2007 г.        12 мес.</Data></Cell>
    <Cell><Data ss:Type="Number">34</Data></Cell>
   </Row>
   <Row>
    <Cell><Data ss:Type="String">в  декабрe 2006 года</Data></Cell>
    <Cell><Data ss:Type="Number">35</Data></Cell>
   </Row>
   <Row>
    <Cell><Data ss:Type="String">на 01.07.2006 г.</Data></Cell>
    <Cell><Data ss:Type="Number">36</Data></Cell>
   </Row>
   <Row>
    <Cell><Data ss:Type="String"> январь</Data></Cell>
    <Cell><Data ss:Type="Number">37</Data></Cell>
   </Row>
   <Row>
    <Cell><Data ss:Type="String">январь</Data></Cell>
    <Cell><Data ss:Type="Number">37</Data></Cell>
   </Row>
  </Table>
  <WorksheetOptions xmlns="urn:schemas-microsoft-com:office:excel">
   <Visible>SheetHidden</Visible>
   <ProtectObjects>False</ProtectObjects>
   <ProtectScenarios>False</ProtectScenarios>
  </WorksheetOptions>
 </Worksheet>
</Workbook>
