<?xml version="1.0"?>
<?mso-application progid="Excel.Sheet"?>
<Workbook xmlns="urn:schemas-microsoft-com:office:spreadsheet"
 xmlns:o="urn:schemas-microsoft-com:office:office"
 xmlns:x="urn:schemas-microsoft-com:office:excel"
 xmlns:ss="urn:schemas-microsoft-com:office:spreadsheet"
 xmlns:html="http://www.w3.org/TR/REC-html40">
 <DocumentProperties xmlns="urn:schemas-microsoft-com:office:office">
  <Author>fcod-00-067</Author>
  <LastAuthor>balmaster</LastAuthor>
  <LastPrinted>2010-05-27T12:42:16Z</LastPrinted>
  <Created>2006-03-02T12:22:42Z</Created>
  <LastSaved>2010-05-31T09:35:51Z</LastSaved>
  <Company>МРИ ЦОД России</Company>
  <Version>12.00</Version>
 </DocumentProperties>
 <ExcelWorkbook xmlns="urn:schemas-microsoft-com:office:excel">
  <WindowHeight>11640</WindowHeight>
  <WindowWidth>9600</WindowWidth>
  <WindowTopX>-15</WindowTopX>
  <WindowTopY>-15</WindowTopY>
  <ProtectStructure>False</ProtectStructure>
  <ProtectWindows>False</ProtectWindows>
 </ExcelWorkbook>
 <Styles>
  <Style ss:ID="Default" ss:Name="Normal">
   <Alignment ss:Vertical="Bottom"/>
   <Borders/>
   <Font ss:FontName="Arial Cyr" x:CharSet="204"/>
   <Interior/>
   <NumberFormat/>
   <Protection/>
  </Style>
  <Style ss:ID="s21">
   <Alignment ss:Vertical="Bottom" ss:WrapText="1"/>
   <Font ss:FontName="Times New Roman" x:Family="Roman"/>
  </Style>
  <Style ss:ID="s22">
   <Alignment ss:Horizontal="Center" ss:Vertical="Center" ss:WrapText="1"/>
   <Font ss:FontName="Times New Roman" x:Family="Roman"/>
   <NumberFormat ss:Format="@"/>
  </Style>
  <Style ss:ID="s23">
   <Alignment ss:Horizontal="Center" ss:Vertical="Bottom" ss:WrapText="1"/>
   <Borders>
    <Border ss:Position="Bottom" ss:LineStyle="Continuous" ss:Weight="1"/>
    <Border ss:Position="Left" ss:LineStyle="Continuous" ss:Weight="1"/>
    <Border ss:Position="Right" ss:LineStyle="Continuous" ss:Weight="1"/>
    <Border ss:Position="Top" ss:LineStyle="Continuous" ss:Weight="1"/>
   </Borders>
   <Font ss:FontName="Times New Roman" x:Family="Roman"/>
  </Style>
  <Style ss:ID="s24">
   <Alignment ss:Horizontal="Center" ss:Vertical="Center" ss:WrapText="1"/>
   <Borders>
    <Border ss:Position="Bottom" ss:LineStyle="Continuous" ss:Weight="1"/>
    <Border ss:Position="Left" ss:LineStyle="Continuous" ss:Weight="1"/>
    <Border ss:Position="Right" ss:LineStyle="Continuous" ss:Weight="1"/>
    <Border ss:Position="Top" ss:LineStyle="Continuous" ss:Weight="1"/>
   </Borders>
   <Font ss:FontName="Times New Roman" x:Family="Roman" ss:Size="12"/>
   <NumberFormat ss:Format="@"/>
  </Style>
  <Style ss:ID="s25">
   <Alignment ss:Horizontal="Center" ss:Vertical="Bottom" ss:WrapText="1"/>
   <Borders>
    <Border ss:Position="Bottom" ss:LineStyle="Continuous" ss:Weight="1"/>
    <Border ss:Position="Left" ss:LineStyle="Continuous" ss:Weight="1"/>
    <Border ss:Position="Right" ss:LineStyle="Continuous" ss:Weight="1"/>
    <Border ss:Position="Top" ss:LineStyle="Continuous" ss:Weight="1"/>
   </Borders>
   <Font ss:FontName="Times New Roman" x:Family="Roman" ss:Size="12"/>
  </Style>
  <Style ss:ID="s26">
   <Alignment ss:Horizontal="Right" ss:Vertical="Center" ss:WrapText="1"/>
   <Font ss:FontName="Arial CYR" x:CharSet="204" x:Family="Swiss"/>
  </Style>
  <Style ss:ID="s27">
   <Alignment ss:Horizontal="Left" ss:Vertical="Center" ss:WrapText="1"/>
   <Borders>
    <Border ss:Position="Bottom" ss:LineStyle="Continuous" ss:Weight="1"/>
    <Border ss:Position="Left" ss:LineStyle="Continuous" ss:Weight="1"/>
    <Border ss:Position="Right" ss:LineStyle="Continuous" ss:Weight="1"/>
    <Border ss:Position="Top" ss:LineStyle="Continuous" ss:Weight="1"/>
   </Borders>
   <Font ss:FontName="Arial CYR" x:CharSet="204" x:Family="Swiss"/>
  </Style>
  <Style ss:ID="s28">
   <Alignment ss:Horizontal="Center" ss:Vertical="Center" ss:WrapText="1"/>
   <Borders>
    <Border ss:Position="Bottom" ss:LineStyle="Continuous" ss:Weight="1"/>
    <Border ss:Position="Left" ss:LineStyle="Continuous" ss:Weight="1"/>
    <Border ss:Position="Right" ss:LineStyle="Continuous" ss:Weight="1"/>
    <Border ss:Position="Top" ss:LineStyle="Continuous" ss:Weight="1"/>
   </Borders>
   <Font ss:FontName="Arial CYR" x:CharSet="204" x:Family="Swiss"/>
   <NumberFormat ss:Format="@"/>
  </Style>
  <Style ss:ID="s29">
   <Alignment ss:Horizontal="Center" ss:Vertical="Top" ss:WrapText="1"/>
   <Borders>
    <Border ss:Position="Bottom" ss:LineStyle="Continuous" ss:Weight="1"/>
    <Border ss:Position="Left" ss:LineStyle="Continuous" ss:Weight="1"/>
    <Border ss:Position="Right" ss:LineStyle="Continuous" ss:Weight="1"/>
    <Border ss:Position="Top" ss:LineStyle="Continuous" ss:Weight="1"/>
   </Borders>
   <Font ss:FontName="Arial CYR" x:CharSet="204" x:Family="Swiss"/>
  </Style>
  <Style ss:ID="s30">
   <Alignment ss:Horizontal="Right" ss:Vertical="Bottom" ss:WrapText="1"/>
   <Borders>
    <Border ss:Position="Bottom" ss:LineStyle="Continuous" ss:Weight="1"/>
    <Border ss:Position="Left" ss:LineStyle="Continuous" ss:Weight="1"/>
    <Border ss:Position="Right" ss:LineStyle="Continuous" ss:Weight="1"/>
    <Border ss:Position="Top" ss:LineStyle="Continuous" ss:Weight="1"/>
   </Borders>
   <Font ss:FontName="Arial CYR" x:CharSet="204" x:Family="Swiss"/>
   <NumberFormat ss:Format="#,##0"/>
  </Style>
  <Style ss:ID="s31">
   <Alignment ss:Vertical="Bottom" ss:WrapText="1"/>
   <Borders>
    <Border ss:Position="Bottom" ss:LineStyle="Continuous" ss:Weight="1"/>
    <Border ss:Position="Left" ss:LineStyle="Continuous" ss:Weight="1"/>
    <Border ss:Position="Right" ss:LineStyle="Continuous" ss:Weight="1"/>
    <Border ss:Position="Top" ss:LineStyle="Continuous" ss:Weight="1"/>
   </Borders>
   <Font ss:FontName="Arial CYR" x:CharSet="204" x:Family="Swiss" ss:Bold="1"/>
  </Style>
  <Style ss:ID="s32">
   <Alignment ss:Horizontal="Center" ss:Vertical="Bottom" ss:WrapText="1"/>
   <Borders>
    <Border ss:Position="Bottom" ss:LineStyle="Continuous" ss:Weight="1"/>
    <Border ss:Position="Left" ss:LineStyle="Continuous" ss:Weight="1"/>
    <Border ss:Position="Right" ss:LineStyle="Continuous" ss:Weight="1"/>
    <Border ss:Position="Top" ss:LineStyle="Continuous" ss:Weight="1"/>
   </Borders>
   <Font ss:FontName="Arial CYR" x:CharSet="204" x:Family="Swiss"/>
   <NumberFormat/>
  </Style>
  <Style ss:ID="s33">
   <Alignment ss:Horizontal="Left" ss:Vertical="Bottom"/>
  </Style>
  <Style ss:ID="s34">
   <Alignment ss:Horizontal="Right" ss:Vertical="Bottom"/>
  </Style>
  <Style ss:ID="s35">
   <Alignment ss:Horizontal="Left" ss:Vertical="Bottom" ss:Indent="1"
    ss:WrapText="1"/>
   <Borders>
    <Border ss:Position="Bottom" ss:LineStyle="Continuous" ss:Weight="1"/>
    <Border ss:Position="Left" ss:LineStyle="Continuous" ss:Weight="1"/>
    <Border ss:Position="Right" ss:LineStyle="Continuous" ss:Weight="1"/>
    <Border ss:Position="Top" ss:LineStyle="Continuous" ss:Weight="1"/>
   </Borders>
   <Font ss:FontName="Arial CYR" x:CharSet="204" x:Family="Swiss"/>
  </Style>
  <Style ss:ID="s36">
   <Alignment ss:Horizontal="Left" ss:Vertical="Bottom" ss:Indent="3"
    ss:WrapText="1"/>
   <Borders>
    <Border ss:Position="Bottom" ss:LineStyle="Continuous" ss:Weight="1"/>
    <Border ss:Position="Left" ss:LineStyle="Continuous" ss:Weight="1"/>
    <Border ss:Position="Right" ss:LineStyle="Continuous" ss:Weight="1"/>
    <Border ss:Position="Top" ss:LineStyle="Continuous" ss:Weight="1"/>
   </Borders>
   <Font ss:FontName="Arial CYR" x:CharSet="204" x:Family="Swiss"/>
  </Style>
  <Style ss:ID="s42">
   <Alignment ss:Horizontal="Left" ss:Vertical="Bottom" ss:WrapText="1"/>
   <Font ss:FontName="Arial CYR" x:CharSet="204" x:Family="Swiss" ss:Bold="1"/>
  </Style>
  <Style ss:ID="s43">
   <Alignment ss:Horizontal="Left" ss:Vertical="Bottom"/>
   <Borders>
    <Border ss:Position="Bottom" ss:LineStyle="Continuous" ss:Weight="1"/>
   </Borders>
   <Font ss:FontName="Arial CYR" x:CharSet="204" x:Family="Swiss" ss:Bold="1"/>
  </Style>
  <Style ss:ID="s44">
   <Alignment ss:Horizontal="Center" ss:Vertical="Bottom" ss:WrapText="1"/>
   <Font ss:FontName="Arial CYR" x:CharSet="204" x:Family="Swiss" ss:Size="14"
    ss:Bold="1"/>
  </Style>
  <Style ss:ID="s45">
   <Alignment ss:Horizontal="Center" ss:Vertical="Bottom" ss:WrapText="1"/>
   <Font ss:FontName="Arial CYR" x:CharSet="204" x:Family="Swiss" ss:Bold="1"/>
  </Style>
  <Style ss:ID="s46">
   <Alignment ss:Horizontal="Center" ss:Vertical="Bottom" ss:WrapText="1"/>
   <Font ss:FontName="Arial CYR" x:CharSet="204" x:Family="Swiss" ss:Size="12"
    ss:Bold="1"/>
  </Style>
 </Styles>
 <Worksheet ss:Name="Р.1">
  <Names>
   <NamedRange ss:Name="Print_Titles" ss:RefersTo="=Р.1!R4:R8"/>
   <NamedRange ss:Name="Print_Area" ss:RefersTo="=Р.1!R1C1:R26C3"/>
  </Names>
  <Table ss:ExpandedColumnCount="3" ss:ExpandedRowCount="28" x:FullColumns="1"
   x:FullRows="1">
   <Column ss:AutoFitWidth="0" ss:Width="290.25"/>
   <Column ss:AutoFitWidth="0" ss:Width="46.5"/>
   <Column ss:AutoFitWidth="0" ss:Width="92.25"/>
   <Row ss:AutoFitHeight="0" ss:Height="27">
    <Cell ss:StyleID="s21"><NamedCell ss:Name="Print_Area"/></Cell>
    <Cell ss:StyleID="s22"><NamedCell ss:Name="Print_Area"/></Cell>
    <Cell ss:StyleID="s26"><Data ss:Type="String">Форма № 5-ТН&#10;Т.1</Data><NamedCell
      ss:Name="Print_Area"/></Cell>
   </Row>
   <Row ss:AutoFitHeight="0" ss:Height="54.75">
    <Cell ss:MergeAcross="2" ss:StyleID="s44"><Data ss:Type="String">ОТЧЕТ &#10;о структуре начислений по транспортному налогу</Data><NamedCell
      ss:Name="Print_Area"/></Cell>
   </Row>
   <Row ss:AutoFitHeight="0" ss:Height="48.75">
    <Cell ss:MergeAcross="2" ss:StyleID="s46"><Data ss:Type="String">Раздел I. &#10;Отчет о структуре начислений по транспортному налогу по юридическим лицам</Data><NamedCell
      ss:Name="Print_Area"/></Cell>
   </Row>
   <Row ss:AutoFitHeight="0" ss:Height="15">
    <Cell ss:MergeAcross="2" ss:StyleID="s45"><Data ss:Type="String">по состоянию на 01.01.2010 г.</Data><NamedCell
      ss:Name="Print_Titles"/><NamedCell ss:Name="Print_Area"/></Cell>
   </Row>
   <Row ss:AutoFitHeight="0" ss:Height="15">
    <Cell ss:MergeAcross="2" ss:StyleID="s42"><NamedCell ss:Name="Print_Titles"/><NamedCell
      ss:Name="Print_Area"/></Cell>
   </Row>
   <Row ss:AutoFitHeight="0" ss:Height="15">
    <Cell ss:MergeAcross="2" ss:StyleID="s43"><Data ss:Type="String">Всего по России</Data><NamedCell
      ss:Name="Print_Titles"/><NamedCell ss:Name="Print_Area"/></Cell>
   </Row>
   <Row ss:AutoFitHeight="0" ss:Height="27">
    <Cell ss:StyleID="s27"><NamedCell ss:Name="Print_Titles"/><NamedCell
      ss:Name="Print_Area"/></Cell>
    <Cell ss:StyleID="s28"><Data ss:Type="String">код строки </Data><NamedCell
      ss:Name="Print_Titles"/><NamedCell ss:Name="Print_Area"/></Cell>
    <Cell ss:StyleID="s29"><Data ss:Type="String">Значение&#10;показателя</Data><NamedCell
      ss:Name="Print_Titles"/><NamedCell ss:Name="Print_Area"/></Cell>
   </Row>
   <Row ss:Height="15.75">
    <Cell ss:StyleID="s23"><Data ss:Type="String">А</Data><NamedCell
      ss:Name="Print_Titles"/><NamedCell ss:Name="Print_Area"/></Cell>
    <Cell ss:StyleID="s24"><Data ss:Type="String">Б</Data><NamedCell
      ss:Name="Print_Titles"/><NamedCell ss:Name="Print_Area"/></Cell>
    <Cell ss:StyleID="s25"><Data ss:Type="Number">1</Data><NamedCell
      ss:Name="Print_Titles"/><NamedCell ss:Name="Print_Area"/></Cell>
   </Row>
   <Row ss:AutoFitHeight="0" ss:Height="30">
    <Cell ss:StyleID="s31"><Data ss:Type="String">1. Количество налогоплательщиков, которыми исчислен налог к уплате в бюджет, единиц</Data><NamedCell
      ss:Name="Print_Area"/></Cell>
    <Cell ss:StyleID="s32"><Data ss:Type="Number">1010</Data><NamedCell
      ss:Name="Print_Area"/></Cell>
    <Cell ss:StyleID="s30"><Data ss:Type="Number">392487</Data><NamedCell
      ss:Name="Print_Area"/></Cell>
   </Row>
   <Row ss:AutoFitHeight="0" ss:Height="30">
    <Cell ss:StyleID="s31"><ss:Data ss:Type="String"
      xmlns="http://www.w3.org/TR/REC-html40"><B>2. Количество транспортных средств в базе данных налогового органа – всего, единиц,</B><Font> в том числе:</Font><B>  </B></ss:Data><NamedCell
      ss:Name="Print_Area"/></Cell>
    <Cell ss:StyleID="s32"><Data ss:Type="Number">1020</Data><NamedCell
      ss:Name="Print_Area"/></Cell>
    <Cell ss:StyleID="s30"><Data ss:Type="Number">4472562</Data><NamedCell
      ss:Name="Print_Area"/></Cell>
   </Row>
   <Row ss:AutoFitHeight="0">
    <Cell ss:StyleID="s35"><Data ss:Type="String">наземных транспортных средств </Data><NamedCell
      ss:Name="Print_Area"/></Cell>
    <Cell ss:StyleID="s32"><Data ss:Type="Number">1030</Data><NamedCell
      ss:Name="Print_Area"/></Cell>
    <Cell ss:StyleID="s30"><Data ss:Type="Number">4430037</Data><NamedCell
      ss:Name="Print_Area"/></Cell>
   </Row>
   <Row ss:AutoFitHeight="0" ss:Height="27">
    <Cell ss:StyleID="s36"><Data ss:Type="String">из них зарегистрированных  в подразделениях Госавтоинспекции МВД России</Data><NamedCell
      ss:Name="Print_Area"/></Cell>
    <Cell ss:StyleID="s32"><Data ss:Type="Number">1040</Data><NamedCell
      ss:Name="Print_Area"/></Cell>
    <Cell ss:StyleID="s30"><Data ss:Type="Number">3639140</Data><NamedCell
      ss:Name="Print_Area"/></Cell>
   </Row>
   <Row ss:AutoFitHeight="0">
    <Cell ss:StyleID="s35"><Data ss:Type="String">водных транспортных средств           </Data><NamedCell
      ss:Name="Print_Area"/></Cell>
    <Cell ss:StyleID="s32"><Data ss:Type="Number">1050</Data><NamedCell
      ss:Name="Print_Area"/></Cell>
    <Cell ss:StyleID="s30"><Data ss:Type="Number">40590</Data><NamedCell
      ss:Name="Print_Area"/></Cell>
   </Row>
   <Row ss:AutoFitHeight="0">
    <Cell ss:StyleID="s35"><Data ss:Type="String">воздушных транспортных средств </Data><NamedCell
      ss:Name="Print_Area"/></Cell>
    <Cell ss:StyleID="s32"><Data ss:Type="Number">1060</Data><NamedCell
      ss:Name="Print_Area"/></Cell>
    <Cell ss:StyleID="s30"><Data ss:Type="Number">1935</Data><NamedCell
      ss:Name="Print_Area"/></Cell>
   </Row>
   <Row ss:AutoFitHeight="0" ss:Height="41.25">
    <Cell ss:StyleID="s31"><ss:Data ss:Type="String"
      xmlns="http://www.w3.org/TR/REC-html40"><B>3. Количество транспортных средств, по которым начислен налог к уплате в бюджет – всего, единиц, </B><Font>в том числе:</Font></ss:Data><NamedCell
      ss:Name="Print_Area"/></Cell>
    <Cell ss:StyleID="s32"><Data ss:Type="Number">1070</Data><NamedCell
      ss:Name="Print_Area"/></Cell>
    <Cell ss:StyleID="s30"><Data ss:Type="Number">4001023</Data><NamedCell
      ss:Name="Print_Area"/></Cell>
   </Row>
   <Row ss:AutoFitHeight="0">
    <Cell ss:StyleID="s35"><Data ss:Type="String">наземных транспортных средств</Data><NamedCell
      ss:Name="Print_Area"/></Cell>
    <Cell ss:StyleID="s32"><Data ss:Type="Number">1080</Data><NamedCell
      ss:Name="Print_Area"/></Cell>
    <Cell ss:StyleID="s30"><Data ss:Type="Number">3963564</Data><NamedCell
      ss:Name="Print_Area"/></Cell>
   </Row>
   <Row ss:AutoFitHeight="0" ss:Height="27">
    <Cell ss:StyleID="s36"><Data ss:Type="String">из них зарегистрированных  в подразделениях Госавтоинспекции МВД России</Data><NamedCell
      ss:Name="Print_Area"/></Cell>
    <Cell ss:StyleID="s32"><Data ss:Type="Number">1090</Data><NamedCell
      ss:Name="Print_Area"/></Cell>
    <Cell ss:StyleID="s30"><Data ss:Type="Number">3325034</Data><NamedCell
      ss:Name="Print_Area"/></Cell>
   </Row>
   <Row ss:AutoFitHeight="0">
    <Cell ss:StyleID="s35"><Data ss:Type="String">водных транспортных средств </Data><NamedCell
      ss:Name="Print_Area"/></Cell>
    <Cell ss:StyleID="s32"><Data ss:Type="Number">1100</Data><NamedCell
      ss:Name="Print_Area"/></Cell>
    <Cell ss:StyleID="s30"><Data ss:Type="Number">35809</Data><NamedCell
      ss:Name="Print_Area"/></Cell>
   </Row>
   <Row ss:AutoFitHeight="0">
    <Cell ss:StyleID="s35"><Data ss:Type="String">воздушных транспортных средств </Data><NamedCell
      ss:Name="Print_Area"/></Cell>
    <Cell ss:StyleID="s32"><Data ss:Type="Number">1110</Data><NamedCell
      ss:Name="Print_Area"/></Cell>
    <Cell ss:StyleID="s30"><Data ss:Type="Number">1650</Data><NamedCell
      ss:Name="Print_Area"/></Cell>
   </Row>
   <Row ss:AutoFitHeight="0" ss:Height="30">
    <Cell ss:StyleID="s31"><ss:Data ss:Type="String"
      xmlns="http://www.w3.org/TR/REC-html40"><B>4. Сумма налога, подлежащая уплате в бюджет  – всего, тыс. руб., </B><Font>в том числе:</Font></ss:Data><NamedCell
      ss:Name="Print_Area"/></Cell>
    <Cell ss:StyleID="s32"><Data ss:Type="Number">1120</Data><NamedCell
      ss:Name="Print_Area"/></Cell>
    <Cell ss:StyleID="s30"><Data ss:Type="Number">20053490</Data><NamedCell
      ss:Name="Print_Area"/></Cell>
   </Row>
   <Row ss:AutoFitHeight="0">
    <Cell ss:StyleID="s35"><Data ss:Type="String">по наземным транспортным средствам </Data><NamedCell
      ss:Name="Print_Area"/></Cell>
    <Cell ss:StyleID="s32"><Data ss:Type="Number">1130</Data><NamedCell
      ss:Name="Print_Area"/></Cell>
    <Cell ss:StyleID="s30"><Data ss:Type="Number">19064330</Data><NamedCell
      ss:Name="Print_Area"/></Cell>
   </Row>
   <Row ss:AutoFitHeight="0">
    <Cell ss:StyleID="s35"><Data ss:Type="String">по водным транспортным средствам </Data><NamedCell
      ss:Name="Print_Area"/></Cell>
    <Cell ss:StyleID="s32"><Data ss:Type="Number">1140</Data><NamedCell
      ss:Name="Print_Area"/></Cell>
    <Cell ss:StyleID="s30"><Data ss:Type="Number">561543</Data><NamedCell
      ss:Name="Print_Area"/></Cell>
   </Row>
   <Row ss:AutoFitHeight="0">
    <Cell ss:StyleID="s35"><Data ss:Type="String">по воздушным транспортным средствам </Data><NamedCell
      ss:Name="Print_Area"/></Cell>
    <Cell ss:StyleID="s32"><Data ss:Type="Number">1150</Data><NamedCell
      ss:Name="Print_Area"/></Cell>
    <Cell ss:StyleID="s30"><Data ss:Type="Number">427617</Data><NamedCell
      ss:Name="Print_Area"/></Cell>
   </Row>
   <Row ss:AutoFitHeight="0" ss:Height="41.25">
    <Cell ss:StyleID="s31"><ss:Data ss:Type="String"
      xmlns="http://www.w3.org/TR/REC-html40"><B>5. Сумма налога, не поступившая в бюджет в связи с предоставлением налогоплательщикам налоговых льгот, </B><Font>в том числе:</Font></ss:Data><NamedCell
      ss:Name="Print_Area"/></Cell>
    <Cell ss:StyleID="s32"><Data ss:Type="Number">1160</Data><NamedCell
      ss:Name="Print_Area"/></Cell>
    <Cell ss:StyleID="s30"><Data ss:Type="Number">1455351</Data><NamedCell
      ss:Name="Print_Area"/></Cell>
   </Row>
   <Row ss:AutoFitHeight="0" ss:Height="38.25">
    <Cell ss:StyleID="s35"><Data ss:Type="String">по льготам, предоставляемым в соответствии со ст.7 НК РФ международными договорами Российской Федерации</Data><NamedCell
      ss:Name="Print_Area"/></Cell>
    <Cell ss:StyleID="s32"><Data ss:Type="Number">1170</Data><NamedCell
      ss:Name="Print_Area"/></Cell>
    <Cell ss:StyleID="s30"><Data ss:Type="Number">1196</Data><NamedCell
      ss:Name="Print_Area"/></Cell>
   </Row>
   <Row ss:AutoFitHeight="0" ss:Height="27">
    <Cell ss:StyleID="s35"><Data ss:Type="String">по льготам, установленным законодательством субъектов Российской Федерации</Data><NamedCell
      ss:Name="Print_Area"/></Cell>
    <Cell ss:StyleID="s32"><Data ss:Type="Number">1180</Data><NamedCell
      ss:Name="Print_Area"/></Cell>
    <Cell ss:StyleID="s30"><Data ss:Type="Number">1454155</Data><NamedCell
      ss:Name="Print_Area"/></Cell>
   </Row>
   <Row ss:Index="28">
    <Cell ss:StyleID="s33"/>
   </Row>
  </Table>
  <WorksheetOptions xmlns="urn:schemas-microsoft-com:office:excel">
   <PageSetup>
    <Layout x:CenterHorizontal="1"/>
    <Header x:Margin="0.19685039370078741" x:Data="&amp;R&amp;P"/>
    <Footer x:Margin="0.19685039370078741"/>
    <PageMargins x:Bottom="0.39370078740157483" x:Left="0.39370078740157483"
     x:Right="0.39370078740157483" x:Top="0.39370078740157483"/>
   </PageSetup>
   <Print>
    <ValidPrinterInfo/>
    <PaperSizeIndex>9</PaperSizeIndex>
    <Scale>110</Scale>
    <HorizontalResolution>300</HorizontalResolution>
    <VerticalResolution>300</VerticalResolution>
   </Print>
   <Zoom>75</Zoom>
   <PageBreakZoom>60</PageBreakZoom>
   <Selected/>
   <FreezePanes/>
   <FrozenNoSplit/>
   <SplitHorizontal>8</SplitHorizontal>
   <TopRowBottomPane>8</TopRowBottomPane>
   <SplitVertical>2</SplitVertical>
   <LeftColumnRightPane>2</LeftColumnRightPane>
   <ActivePane>0</ActivePane>
   <Panes>
    <Pane>
     <Number>3</Number>
    </Pane>
    <Pane>
     <Number>1</Number>
    </Pane>
    <Pane>
     <Number>2</Number>
     <ActiveRow>7</ActiveRow>
    </Pane>
    <Pane>
     <Number>0</Number>
     <ActiveRow>18</ActiveRow>
    </Pane>
   </Panes>
   <ProtectObjects>False</ProtectObjects>
   <ProtectScenarios>False</ProtectScenarios>
  </WorksheetOptions>
 </Worksheet>
 <Worksheet ss:Name="Р.2">
  <Names>
   <NamedRange ss:Name="Print_Titles" ss:RefersTo="=Р.2!R4:R8"/>
   <NamedRange ss:Name="Print_Area" ss:RefersTo="=Р.2!R1C1:R31C3"/>
  </Names>
  <Table ss:ExpandedColumnCount="3" ss:ExpandedRowCount="31" x:FullColumns="1"
   x:FullRows="1">
   <Column ss:AutoFitWidth="0" ss:Width="290.25"/>
   <Column ss:AutoFitWidth="0" ss:Width="46.5"/>
   <Column ss:AutoFitWidth="0" ss:Width="92.25"/>
   <Row ss:AutoFitHeight="0" ss:Height="27">
    <Cell ss:StyleID="s21"><NamedCell ss:Name="Print_Area"/></Cell>
    <Cell ss:StyleID="s22"><NamedCell ss:Name="Print_Area"/></Cell>
    <Cell ss:StyleID="s26"><Data ss:Type="String">Форма № 5-ТН&#10;Т.2</Data><NamedCell
      ss:Name="Print_Area"/></Cell>
   </Row>
   <Row ss:AutoFitHeight="0" ss:Height="54.75">
    <Cell ss:MergeAcross="2" ss:StyleID="s44"><Data ss:Type="String">ОТЧЕТ &#10;о структуре начислений по транспортному налогу</Data><NamedCell
      ss:Name="Print_Area"/></Cell>
   </Row>
   <Row ss:AutoFitHeight="0" ss:Height="48.75">
    <Cell ss:MergeAcross="2" ss:StyleID="s46"><Data ss:Type="String">Раздел II. &#10;Отчет о структуре начислений по транспортному налогу по физическим лицам</Data><NamedCell
      ss:Name="Print_Area"/></Cell>
   </Row>
   <Row ss:AutoFitHeight="0" ss:Height="15">
    <Cell ss:MergeAcross="2" ss:StyleID="s45"><Data ss:Type="String">по состоянию на 01.01.2010 г.</Data><NamedCell
      ss:Name="Print_Titles"/><NamedCell ss:Name="Print_Area"/></Cell>
   </Row>
   <Row ss:AutoFitHeight="0" ss:Height="15">
    <Cell ss:MergeAcross="2" ss:StyleID="s42"><NamedCell ss:Name="Print_Titles"/><NamedCell
      ss:Name="Print_Area"/></Cell>
   </Row>
   <Row ss:AutoFitHeight="0" ss:Height="15">
    <Cell ss:MergeAcross="2" ss:StyleID="s43"><Data ss:Type="String">Всего по России</Data><NamedCell
      ss:Name="Print_Titles"/><NamedCell ss:Name="Print_Area"/></Cell>
   </Row>
   <Row ss:AutoFitHeight="0" ss:Height="27">
    <Cell ss:StyleID="s27"><NamedCell ss:Name="Print_Titles"/><NamedCell
      ss:Name="Print_Area"/></Cell>
    <Cell ss:StyleID="s28"><Data ss:Type="String">код строки </Data><NamedCell
      ss:Name="Print_Titles"/><NamedCell ss:Name="Print_Area"/></Cell>
    <Cell ss:StyleID="s29"><Data ss:Type="String">Значение&#10;показателя</Data><NamedCell
      ss:Name="Print_Titles"/><NamedCell ss:Name="Print_Area"/></Cell>
   </Row>
   <Row ss:Height="15.75">
    <Cell ss:StyleID="s23"><Data ss:Type="String">А</Data><NamedCell
      ss:Name="Print_Titles"/><NamedCell ss:Name="Print_Area"/></Cell>
    <Cell ss:StyleID="s24"><Data ss:Type="String">Б</Data><NamedCell
      ss:Name="Print_Titles"/><NamedCell ss:Name="Print_Area"/></Cell>
    <Cell ss:StyleID="s25"><Data ss:Type="Number">1</Data><NamedCell
      ss:Name="Print_Titles"/><NamedCell ss:Name="Print_Area"/></Cell>
   </Row>
   <Row ss:AutoFitHeight="0" ss:Height="30">
    <Cell ss:StyleID="s31"><Data ss:Type="String">1. Количество налогоплательщиков, которым начислен налог к уплате в бюджет, единиц</Data><NamedCell
      ss:Name="Print_Area"/></Cell>
    <Cell ss:StyleID="s32"><Data ss:Type="Number">2010</Data><NamedCell
      ss:Name="Print_Area"/></Cell>
    <Cell ss:StyleID="s30"><Data ss:Type="Number">25952051</Data><NamedCell
      ss:Name="Print_Area"/></Cell>
   </Row>
   <Row ss:AutoFitHeight="0" ss:Height="30">
    <Cell ss:StyleID="s31"><ss:Data ss:Type="String"
      xmlns="http://www.w3.org/TR/REC-html40"><B>2. Количество транспортных средств в базе данных налогового органа – всего, единиц,</B><Font> в том числе:</Font><B>  </B></ss:Data><NamedCell
      ss:Name="Print_Area"/></Cell>
    <Cell ss:StyleID="s32"><Data ss:Type="Number">2020</Data><NamedCell
      ss:Name="Print_Area"/></Cell>
    <Cell ss:StyleID="s30"><Data ss:Type="Number">36908972</Data><NamedCell
      ss:Name="Print_Area"/></Cell>
   </Row>
   <Row ss:AutoFitHeight="0">
    <Cell ss:StyleID="s35"><Data ss:Type="String">наземных транспортных средств </Data><NamedCell
      ss:Name="Print_Area"/></Cell>
    <Cell ss:StyleID="s32"><Data ss:Type="Number">2030</Data><NamedCell
      ss:Name="Print_Area"/></Cell>
    <Cell ss:StyleID="s30"><Data ss:Type="Number">36479144</Data><NamedCell
      ss:Name="Print_Area"/></Cell>
   </Row>
   <Row ss:AutoFitHeight="0" ss:Height="27">
    <Cell ss:StyleID="s36"><Data ss:Type="String">из них зарегистрированных  в подразделениях Госавтоинспекции МВД России</Data><NamedCell
      ss:Name="Print_Area"/></Cell>
    <Cell ss:StyleID="s32"><Data ss:Type="Number">2040</Data><NamedCell
      ss:Name="Print_Area"/></Cell>
    <Cell ss:StyleID="s30"><Data ss:Type="Number">35793891</Data><NamedCell
      ss:Name="Print_Area"/></Cell>
   </Row>
   <Row ss:AutoFitHeight="0">
    <Cell ss:StyleID="s35"><Data ss:Type="String">водных транспортных средств           </Data><NamedCell
      ss:Name="Print_Area"/></Cell>
    <Cell ss:StyleID="s32"><Data ss:Type="Number">2050</Data><NamedCell
      ss:Name="Print_Area"/></Cell>
    <Cell ss:StyleID="s30"><Data ss:Type="Number">428940</Data><NamedCell
      ss:Name="Print_Area"/></Cell>
   </Row>
   <Row ss:AutoFitHeight="0">
    <Cell ss:StyleID="s35"><Data ss:Type="String">воздушных транспортных средств </Data><NamedCell
      ss:Name="Print_Area"/></Cell>
    <Cell ss:StyleID="s32"><Data ss:Type="Number">2060</Data><NamedCell
      ss:Name="Print_Area"/></Cell>
    <Cell ss:StyleID="s30"><Data ss:Type="Number">888</Data><NamedCell
      ss:Name="Print_Area"/></Cell>
   </Row>
   <Row ss:AutoFitHeight="0" ss:Height="41.25">
    <Cell ss:StyleID="s31"><ss:Data ss:Type="String"
      xmlns="http://www.w3.org/TR/REC-html40"><B>3. Количество транспортных средств, по которым начислен налог к уплате в бюджет – всего, единиц, </B><Font>в том числе:</Font></ss:Data><NamedCell
      ss:Name="Print_Area"/></Cell>
    <Cell ss:StyleID="s32"><Data ss:Type="Number">2070</Data><NamedCell
      ss:Name="Print_Area"/></Cell>
    <Cell ss:StyleID="s30"><Data ss:Type="Number">34988978</Data><NamedCell
      ss:Name="Print_Area"/></Cell>
   </Row>
   <Row ss:AutoFitHeight="0">
    <Cell ss:StyleID="s35"><Data ss:Type="String">наземных транспортных средств</Data><NamedCell
      ss:Name="Print_Area"/></Cell>
    <Cell ss:StyleID="s32"><Data ss:Type="Number">2080</Data><NamedCell
      ss:Name="Print_Area"/></Cell>
    <Cell ss:StyleID="s30"><Data ss:Type="Number">34571976</Data><NamedCell
      ss:Name="Print_Area"/></Cell>
   </Row>
   <Row ss:AutoFitHeight="0" ss:Height="27">
    <Cell ss:StyleID="s36"><Data ss:Type="String">из них зарегистрированных  в подразделениях Госавтоинспекции МВД России</Data><NamedCell
      ss:Name="Print_Area"/></Cell>
    <Cell ss:StyleID="s32"><Data ss:Type="Number">2090</Data><NamedCell
      ss:Name="Print_Area"/></Cell>
    <Cell ss:StyleID="s30"><Data ss:Type="Number">33948348</Data><NamedCell
      ss:Name="Print_Area"/></Cell>
   </Row>
   <Row ss:AutoFitHeight="0">
    <Cell ss:StyleID="s35"><Data ss:Type="String">водных транспортных средств </Data><NamedCell
      ss:Name="Print_Area"/></Cell>
    <Cell ss:StyleID="s32"><Data ss:Type="Number">2100</Data><NamedCell
      ss:Name="Print_Area"/></Cell>
    <Cell ss:StyleID="s30"><Data ss:Type="Number">416115</Data><NamedCell
      ss:Name="Print_Area"/></Cell>
   </Row>
   <Row ss:AutoFitHeight="0">
    <Cell ss:StyleID="s35"><Data ss:Type="String">воздушных транспортных средств </Data><NamedCell
      ss:Name="Print_Area"/></Cell>
    <Cell ss:StyleID="s32"><Data ss:Type="Number">2110</Data><NamedCell
      ss:Name="Print_Area"/></Cell>
    <Cell ss:StyleID="s30"><Data ss:Type="Number">887</Data><NamedCell
      ss:Name="Print_Area"/></Cell>
   </Row>
   <Row ss:AutoFitHeight="0" ss:Height="30">
    <Cell ss:StyleID="s31"><ss:Data ss:Type="String"
      xmlns="http://www.w3.org/TR/REC-html40"><B>4. Сумма налога, подлежащая уплате в бюджет  – всего, тыс. руб., </B><Font>в том числе:</Font></ss:Data><NamedCell
      ss:Name="Print_Area"/></Cell>
    <Cell ss:StyleID="s32"><Data ss:Type="Number">2120</Data><NamedCell
      ss:Name="Print_Area"/></Cell>
    <Cell ss:StyleID="s30"><Data ss:Type="Number">64779054</Data><NamedCell
      ss:Name="Print_Area"/></Cell>
   </Row>
   <Row ss:AutoFitHeight="0">
    <Cell ss:StyleID="s35"><Data ss:Type="String">по наземным транспортным средствам </Data><NamedCell
      ss:Name="Print_Area"/></Cell>
    <Cell ss:StyleID="s32"><Data ss:Type="Number">2130</Data><NamedCell
      ss:Name="Print_Area"/></Cell>
    <Cell ss:StyleID="s30"><Data ss:Type="Number">64213515</Data><NamedCell
      ss:Name="Print_Area"/></Cell>
   </Row>
   <Row ss:AutoFitHeight="0">
    <Cell ss:StyleID="s35"><Data ss:Type="String">по водным транспортным средствам </Data><NamedCell
      ss:Name="Print_Area"/></Cell>
    <Cell ss:StyleID="s32"><Data ss:Type="Number">2140</Data><NamedCell
      ss:Name="Print_Area"/></Cell>
    <Cell ss:StyleID="s30"><Data ss:Type="Number">543295</Data><NamedCell
      ss:Name="Print_Area"/></Cell>
   </Row>
   <Row ss:AutoFitHeight="0">
    <Cell ss:StyleID="s35"><Data ss:Type="String">по воздушным транспортным средствам </Data><NamedCell
      ss:Name="Print_Area"/></Cell>
    <Cell ss:StyleID="s32"><Data ss:Type="Number">2150</Data><NamedCell
      ss:Name="Print_Area"/></Cell>
    <Cell ss:StyleID="s30"><Data ss:Type="Number">22244</Data><NamedCell
      ss:Name="Print_Area"/></Cell>
   </Row>
   <Row ss:AutoFitHeight="0" ss:Height="41.25">
    <Cell ss:StyleID="s31"><ss:Data ss:Type="String"
      xmlns="http://www.w3.org/TR/REC-html40"><B>5. Сумма налога, не поступившая в бюджет в связи с предоставлением налогоплательщикам налоговых льгот, </B><Font>в том числе:</Font></ss:Data><NamedCell
      ss:Name="Print_Area"/></Cell>
    <Cell ss:StyleID="s32"><Data ss:Type="Number">2160</Data><NamedCell
      ss:Name="Print_Area"/></Cell>
    <Cell ss:StyleID="s30"><Data ss:Type="Number">4561901</Data><NamedCell
      ss:Name="Print_Area"/></Cell>
   </Row>
   <Row ss:AutoFitHeight="0" ss:Height="38.25">
    <Cell ss:StyleID="s35"><Data ss:Type="String">по льготам, предоставляемым в соответствии со ст.7 НК РФ международными договорами Российской Федерации</Data><NamedCell
      ss:Name="Print_Area"/></Cell>
    <Cell ss:StyleID="s32"><Data ss:Type="Number">2170</Data><NamedCell
      ss:Name="Print_Area"/></Cell>
    <Cell ss:StyleID="s30"><Data ss:Type="Number">1753</Data><NamedCell
      ss:Name="Print_Area"/></Cell>
   </Row>
   <Row ss:AutoFitHeight="0" ss:Height="27">
    <Cell ss:StyleID="s35"><Data ss:Type="String">по льготам, установленным законодательством субъектов Российской Федерации</Data><NamedCell
      ss:Name="Print_Area"/></Cell>
    <Cell ss:StyleID="s32"><Data ss:Type="Number">2180</Data><NamedCell
      ss:Name="Print_Area"/></Cell>
    <Cell ss:StyleID="s30"><Data ss:Type="Number">4560148</Data><NamedCell
      ss:Name="Print_Area"/></Cell>
   </Row>
   <Row ss:Index="28">
    <Cell ss:StyleID="s33"><NamedCell ss:Name="Print_Area"/></Cell>
   </Row>
   <Row ss:Index="31">
    <Cell ss:StyleID="s33"><NamedCell ss:Name="Print_Area"/></Cell>
    <Cell ss:Index="3" ss:StyleID="s34"><NamedCell ss:Name="Print_Area"/></Cell>
   </Row>
  </Table>
  <WorksheetOptions xmlns="urn:schemas-microsoft-com:office:excel">
   <PageSetup>
    <Layout x:CenterHorizontal="1"/>
    <Header x:Margin="0.19685039370078741" x:Data="&amp;R&amp;P"/>
    <Footer x:Margin="0.19685039370078741"/>
    <PageMargins x:Bottom="0.39370078740157483" x:Left="0.39370078740157483"
     x:Right="0.39370078740157483" x:Top="0.39370078740157483"/>
   </PageSetup>
   <Print>
    <ValidPrinterInfo/>
    <PaperSizeIndex>9</PaperSizeIndex>
    <Scale>110</Scale>
    <HorizontalResolution>300</HorizontalResolution>
    <VerticalResolution>300</VerticalResolution>
   </Print>
   <Zoom>75</Zoom>
   <PageBreakZoom>60</PageBreakZoom>
   <FreezePanes/>
   <FrozenNoSplit/>
   <SplitHorizontal>8</SplitHorizontal>
   <TopRowBottomPane>11</TopRowBottomPane>
   <SplitVertical>2</SplitVertical>
   <LeftColumnRightPane>2</LeftColumnRightPane>
   <ActivePane>0</ActivePane>
   <Panes>
    <Pane>
     <Number>3</Number>
     <ActiveRow>18</ActiveRow>
     <ActiveCol>2</ActiveCol>
    </Pane>
    <Pane>
     <Number>1</Number>
     <ActiveRow>18</ActiveRow>
    </Pane>
    <Pane>
     <Number>2</Number>
     <ActiveRow>18</ActiveRow>
     <ActiveCol>2</ActiveCol>
    </Pane>
    <Pane>
     <Number>0</Number>
     <ActiveRow>30</ActiveRow>
    </Pane>
   </Panes>
   <ProtectObjects>False</ProtectObjects>
   <ProtectScenarios>False</ProtectScenarios>
  </WorksheetOptions>
 </Worksheet>
 <Worksheet ss:Name="hidden1">
  <Table ss:ExpandedColumnCount="1" ss:ExpandedRowCount="19" x:FullColumns="1"
   x:FullRows="1">
   <Row>
    <Cell><Data ss:Type="Number">392487</Data></Cell>
   </Row>
   <Row>
    <Cell><Data ss:Type="Number">4472562</Data></Cell>
   </Row>
   <Row>
    <Cell><Data ss:Type="Number">4430037</Data></Cell>
   </Row>
   <Row>
    <Cell><Data ss:Type="Number">3639140</Data></Cell>
   </Row>
   <Row>
    <Cell><Data ss:Type="Number">40590</Data></Cell>
   </Row>
   <Row>
    <Cell><Data ss:Type="Number">1935</Data></Cell>
   </Row>
   <Row>
    <Cell><Data ss:Type="Number">4001023</Data></Cell>
   </Row>
   <Row>
    <Cell><Data ss:Type="Number">3963564</Data></Cell>
   </Row>
   <Row>
    <Cell><Data ss:Type="Number">3325034</Data></Cell>
   </Row>
   <Row>
    <Cell><Data ss:Type="Number">35809</Data></Cell>
   </Row>
   <Row>
    <Cell><Data ss:Type="Number">1650</Data></Cell>
   </Row>
   <Row>
    <Cell><Data ss:Type="Number">20053490</Data></Cell>
   </Row>
   <Row>
    <Cell><Data ss:Type="Number">19064330</Data></Cell>
   </Row>
   <Row>
    <Cell><Data ss:Type="Number">561543</Data></Cell>
   </Row>
   <Row>
    <Cell><Data ss:Type="Number">427617</Data></Cell>
   </Row>
   <Row>
    <Cell><Data ss:Type="Number">1455351</Data></Cell>
   </Row>
   <Row>
    <Cell><Data ss:Type="Number">1196</Data></Cell>
   </Row>
   <Row>
    <Cell><Data ss:Type="Number">1454155</Data></Cell>
   </Row>
   <Row>
    <Cell><Data ss:Type="Number">67321513</Data></Cell>
   </Row>
  </Table>
  <WorksheetOptions xmlns="urn:schemas-microsoft-com:office:excel">
   <Visible>SheetHidden</Visible>
   <ProtectObjects>False</ProtectObjects>
   <ProtectScenarios>False</ProtectScenarios>
  </WorksheetOptions>
 </Worksheet>
 <Worksheet ss:Name="hidden2">
  <Table ss:ExpandedColumnCount="1" ss:ExpandedRowCount="19" x:FullColumns="1"
   x:FullRows="1">
   <Row>
    <Cell><Data ss:Type="Number">25952051</Data></Cell>
   </Row>
   <Row>
    <Cell><Data ss:Type="Number">36908972</Data></Cell>
   </Row>
   <Row>
    <Cell><Data ss:Type="Number">36479144</Data></Cell>
   </Row>
   <Row>
    <Cell><Data ss:Type="Number">35793891</Data></Cell>
   </Row>
   <Row>
    <Cell><Data ss:Type="Number">428940</Data></Cell>
   </Row>
   <Row>
    <Cell><Data ss:Type="Number">888</Data></Cell>
   </Row>
   <Row>
    <Cell><Data ss:Type="Number">34988978</Data></Cell>
   </Row>
   <Row>
    <Cell><Data ss:Type="Number">34571976</Data></Cell>
   </Row>
   <Row>
    <Cell><Data ss:Type="Number">33948348</Data></Cell>
   </Row>
   <Row>
    <Cell><Data ss:Type="Number">416115</Data></Cell>
   </Row>
   <Row>
    <Cell><Data ss:Type="Number">887</Data></Cell>
   </Row>
   <Row>
    <Cell><Data ss:Type="Number">64779054</Data></Cell>
   </Row>
   <Row>
    <Cell><Data ss:Type="Number">64213515</Data></Cell>
   </Row>
   <Row>
    <Cell><Data ss:Type="Number">543295</Data></Cell>
   </Row>
   <Row>
    <Cell><Data ss:Type="Number">22244</Data></Cell>
   </Row>
   <Row>
    <Cell><Data ss:Type="Number">4561901</Data></Cell>
   </Row>
   <Row>
    <Cell><Data ss:Type="Number">1753</Data></Cell>
   </Row>
   <Row>
    <Cell><Data ss:Type="Number">4560148</Data></Cell>
   </Row>
   <Row>
    <Cell><Data ss:Type="Number">378172100</Data></Cell>
   </Row>
  </Table>
  <WorksheetOptions xmlns="urn:schemas-microsoft-com:office:excel">
   <Visible>SheetHidden</Visible>
   <ProtectObjects>False</ProtectObjects>
   <ProtectScenarios>False</ProtectScenarios>
  </WorksheetOptions>
 </Worksheet>
 <Worksheet ss:Name="hidden3">
  <Table ss:ExpandedColumnCount="2" ss:ExpandedRowCount="38" x:FullColumns="1"
   x:FullRows="1">
   <Row>
    <Cell><Data ss:Type="String">на 01.01.2010 г.</Data></Cell>
    <Cell><Data ss:Type="Number">1</Data></Cell>
   </Row>
   <Row>
    <Cell><Data ss:Type="String">на 01.12.2009 г.</Data></Cell>
    <Cell><Data ss:Type="Number">2</Data></Cell>
   </Row>
   <Row>
    <Cell><Data ss:Type="String">на 01.10.2009 г.</Data></Cell>
    <Cell><Data ss:Type="Number">3</Data></Cell>
   </Row>
   <Row>
    <Cell><Data ss:Type="String">на 01.01.2009 г.</Data></Cell>
    <Cell><Data ss:Type="Number">4</Data></Cell>
   </Row>
   <Row>
    <Cell><Data ss:Type="String">на 01 января 2010 года</Data></Cell>
    <Cell><Data ss:Type="Number">5</Data></Cell>
   </Row>
   <Row>
    <Cell><Data ss:Type="String">на 01 декабря 2009 года</Data></Cell>
    <Cell><Data ss:Type="Number">6</Data></Cell>
   </Row>
   <Row>
    <Cell><Data ss:Type="String">на 01 октября 2009 года</Data></Cell>
    <Cell><Data ss:Type="Number">7</Data></Cell>
   </Row>
   <Row>
    <Cell><Data ss:Type="String">на 01 января 2009 года</Data></Cell>
    <Cell><Data ss:Type="Number">8</Data></Cell>
   </Row>
   <Row>
    <Cell><Data ss:Type="String">по состоянию на 01.01.2010 г.</Data></Cell>
    <Cell><Data ss:Type="Number">9</Data></Cell>
   </Row>
   <Row>
    <Cell><Data ss:Type="String">по состоянию на 01.12.2009 г.</Data></Cell>
    <Cell><Data ss:Type="Number">10</Data></Cell>
   </Row>
   <Row>
    <Cell><Data ss:Type="String">по состоянию на 01.10.2009 г.</Data></Cell>
    <Cell><Data ss:Type="Number">11</Data></Cell>
   </Row>
   <Row>
    <Cell><Data ss:Type="String">по состоянию на 01.01.2009 г.</Data></Cell>
    <Cell><Data ss:Type="Number">12</Data></Cell>
   </Row>
   <Row>
    <Cell><Data ss:Type="String">по состоянию на 01 января 2010 года</Data></Cell>
    <Cell><Data ss:Type="Number">13</Data></Cell>
   </Row>
   <Row>
    <Cell><Data ss:Type="String">по состоянию на 01 декабря 2009 года</Data></Cell>
    <Cell><Data ss:Type="Number">14</Data></Cell>
   </Row>
   <Row>
    <Cell><Data ss:Type="String">по состоянию на 01 октября 2009 года</Data></Cell>
    <Cell><Data ss:Type="Number">15</Data></Cell>
   </Row>
   <Row>
    <Cell><Data ss:Type="String">по состоянию на 01 января 2009 года</Data></Cell>
    <Cell><Data ss:Type="Number">16</Data></Cell>
   </Row>
   <Row>
    <Cell><Data ss:Type="String">в  январe 2010 года</Data></Cell>
    <Cell><Data ss:Type="Number">17</Data></Cell>
   </Row>
   <Row>
    <Cell><Data ss:Type="String">на январь</Data></Cell>
    <Cell><Data ss:Type="Number">18</Data></Cell>
   </Row>
   <Row>
    <Cell><Data ss:Type="String">за январь</Data></Cell>
    <Cell><Data ss:Type="Number">19</Data></Cell>
   </Row>
   <Row>
    <Cell><Data ss:Type="String">в январе</Data></Cell>
    <Cell><Data ss:Type="Number">20</Data></Cell>
   </Row>
   <Row>
    <Cell><Data ss:Type="String">на январь 2010 г.</Data></Cell>
    <Cell><Data ss:Type="Number">21</Data></Cell>
   </Row>
   <Row>
    <Cell><Data ss:Type="String">за январь  2010 г.</Data></Cell>
    <Cell><Data ss:Type="Number">22</Data></Cell>
   </Row>
   <Row>
    <Cell><Data ss:Type="String">за январь  2010 г.</Data></Cell>
    <Cell><Data ss:Type="Number">23</Data></Cell>
   </Row>
   <Row>
    <Cell><Data ss:Type="String">на январь 2009 г.</Data></Cell>
    <Cell><Data ss:Type="Number">24</Data></Cell>
   </Row>
   <Row>
    <Cell><Data ss:Type="String">за январь  2009 г.</Data></Cell>
    <Cell><Data ss:Type="Number">25</Data></Cell>
   </Row>
   <Row>
    <Cell><Data ss:Type="String">в январе  2009 г.</Data></Cell>
    <Cell><Data ss:Type="Number">26</Data></Cell>
   </Row>
   <Row>
    <Cell><Data ss:Type="String">12 мес.</Data></Cell>
    <Cell><Data ss:Type="Number">27</Data></Cell>
   </Row>
   <Row>
    <Cell><Data ss:Type="String">за 12 мес.</Data></Cell>
    <Cell><Data ss:Type="Number">28</Data></Cell>
   </Row>
   <Row>
    <Cell><Data ss:Type="String">12 месяцев</Data></Cell>
    <Cell><Data ss:Type="Number">29</Data></Cell>
   </Row>
   <Row>
    <Cell><Data ss:Type="String">за 12 месяцев</Data></Cell>
    <Cell><Data ss:Type="Number">30</Data></Cell>
   </Row>
   <Row>
    <Cell><Data ss:Type="String">декабрь</Data></Cell>
    <Cell><Data ss:Type="Number">31</Data></Cell>
   </Row>
   <Row>
    <Cell><Data ss:Type="String">ноябрь</Data></Cell>
    <Cell><Data ss:Type="Number">32</Data></Cell>
   </Row>
   <Row>
    <Cell><Data ss:Type="String">октябрь</Data></Cell>
    <Cell><Data ss:Type="Number">33</Data></Cell>
   </Row>
   <Row>
    <Cell><Data ss:Type="String">Поступило         01.01.2010 г.        12 мес.</Data></Cell>
    <Cell><Data ss:Type="Number">34</Data></Cell>
   </Row>
   <Row>
    <Cell><Data ss:Type="String">в  декабрe 2009 года</Data></Cell>
    <Cell><Data ss:Type="Number">35</Data></Cell>
   </Row>
   <Row>
    <Cell><Data ss:Type="String">на 01.07.2009 г.</Data></Cell>
    <Cell><Data ss:Type="Number">36</Data></Cell>
   </Row>
   <Row>
    <Cell><Data ss:Type="String"> январь</Data></Cell>
    <Cell><Data ss:Type="Number">37</Data></Cell>
   </Row>
   <Row>
    <Cell><Data ss:Type="String">январь</Data></Cell>
    <Cell><Data ss:Type="Number">37</Data></Cell>
   </Row>
  </Table>
  <WorksheetOptions xmlns="urn:schemas-microsoft-com:office:excel">
   <Visible>SheetHidden</Visible>
   <ProtectObjects>False</ProtectObjects>
   <ProtectScenarios>False</ProtectScenarios>
  </WorksheetOptions>
 </Worksheet>
</Workbook>
