<?xml version="1.0"?>
<?mso-application progid="Excel.Sheet"?>
<Workbook xmlns="urn:schemas-microsoft-com:office:spreadsheet"
 xmlns:o="urn:schemas-microsoft-com:office:office"
 xmlns:x="urn:schemas-microsoft-com:office:excel"
 xmlns:ss="urn:schemas-microsoft-com:office:spreadsheet"
 xmlns:html="http://www.w3.org/TR/REC-html40">
 <DocumentProperties xmlns="urn:schemas-microsoft-com:office:office">
  <Author>KUTMANOVA_M</Author>
  <LastAuthor>balmaster</LastAuthor>
  <LastPrinted>2008-02-29T07:20:56Z</LastPrinted>
  <Created>2005-02-07T08:15:41Z</Created>
  <LastSaved>2010-03-23T13:20:09Z</LastSaved>
  <Company>МРИ ЦОД</Company>
  <Version>12.00</Version>
 </DocumentProperties>
 <ExcelWorkbook xmlns="urn:schemas-microsoft-com:office:excel">
  <WindowHeight>9120</WindowHeight>
  <WindowWidth>12120</WindowWidth>
  <WindowTopX>120</WindowTopX>
  <WindowTopY>90</WindowTopY>
  <ProtectStructure>False</ProtectStructure>
  <ProtectWindows>False</ProtectWindows>
 </ExcelWorkbook>
 <Styles>
  <Style ss:ID="Default" ss:Name="Normal">
   <Alignment ss:Vertical="Bottom"/>
   <Borders/>
   <Font ss:FontName="Arial Cyr" x:CharSet="204"/>
   <Interior/>
   <NumberFormat/>
   <Protection/>
  </Style>
  <Style ss:ID="s21">
   <Font ss:FontName="Arial Cyr" x:CharSet="204" x:Family="Swiss"/>
  </Style>
  <Style ss:ID="s22">
   <Alignment ss:Horizontal="Right" ss:Vertical="Bottom"/>
   <Font ss:FontName="Arial Cyr" x:CharSet="204" x:Family="Swiss"/>
  </Style>
  <Style ss:ID="s23">
   <Alignment ss:Horizontal="Right" ss:Vertical="Bottom"/>
   <Font ss:FontName="Arial CYR" x:CharSet="204" x:Family="Swiss" ss:Size="12"/>
  </Style>
  <Style ss:ID="s24">
   <Font ss:FontName="Arial CYR" x:CharSet="204" x:Family="Swiss" ss:Size="12"/>
  </Style>
  <Style ss:ID="s25">
   <Alignment ss:Horizontal="Center" ss:Vertical="Bottom" ss:WrapText="1"/>
   <Borders>
    <Border ss:Position="Bottom" ss:LineStyle="Continuous" ss:Weight="1"/>
    <Border ss:Position="Left" ss:LineStyle="Continuous" ss:Weight="1"/>
    <Border ss:Position="Right" ss:LineStyle="Continuous" ss:Weight="1"/>
    <Border ss:Position="Top" ss:LineStyle="Continuous" ss:Weight="1"/>
   </Borders>
   <Font ss:FontName="Arial CYR" x:CharSet="204" x:Family="Swiss" ss:Size="12"/>
  </Style>
  <Style ss:ID="s26">
   <Alignment ss:Horizontal="Center" ss:Vertical="Top" ss:WrapText="1"/>
   <Borders>
    <Border ss:Position="Bottom" ss:LineStyle="Continuous" ss:Weight="1"/>
    <Border ss:Position="Left" ss:LineStyle="Continuous" ss:Weight="1"/>
    <Border ss:Position="Right" ss:LineStyle="Continuous" ss:Weight="1"/>
    <Border ss:Position="Top" ss:LineStyle="Continuous" ss:Weight="1"/>
   </Borders>
   <Font ss:FontName="Arial CYR" x:CharSet="204" x:Family="Swiss" ss:Size="12"/>
  </Style>
  <Style ss:ID="s27">
   <Alignment ss:Horizontal="Right" ss:Vertical="Bottom" ss:WrapText="1"/>
   <Borders>
    <Border ss:Position="Bottom" ss:LineStyle="Continuous" ss:Weight="1"/>
    <Border ss:Position="Left" ss:LineStyle="Continuous" ss:Weight="1"/>
    <Border ss:Position="Right" ss:LineStyle="Continuous" ss:Weight="1"/>
    <Border ss:Position="Top" ss:LineStyle="Continuous" ss:Weight="1"/>
   </Borders>
   <Font ss:FontName="Arial CYR" x:CharSet="204" x:Family="Swiss" ss:Size="12"/>
   <NumberFormat ss:Format="#,##0"/>
  </Style>
  <Style ss:ID="s28">
   <Alignment ss:Horizontal="Left" ss:Vertical="Top" ss:Indent="1" ss:WrapText="1"/>
   <Borders>
    <Border ss:Position="Bottom" ss:LineStyle="Continuous" ss:Weight="1"/>
    <Border ss:Position="Left" ss:LineStyle="Continuous" ss:Weight="1"/>
    <Border ss:Position="Right" ss:LineStyle="Continuous" ss:Weight="1"/>
    <Border ss:Position="Top" ss:LineStyle="Continuous" ss:Weight="1"/>
   </Borders>
   <Font ss:FontName="Arial CYR" x:CharSet="204" x:Family="Swiss" ss:Size="12"/>
  </Style>
  <Style ss:ID="s29">
   <Alignment ss:Horizontal="Left" ss:Vertical="Top" ss:Indent="1" ss:WrapText="1"/>
   <Borders>
    <Border ss:Position="Bottom" ss:LineStyle="Continuous" ss:Weight="1"/>
    <Border ss:Position="Left" ss:LineStyle="Continuous" ss:Weight="1"/>
    <Border ss:Position="Right" ss:LineStyle="Continuous" ss:Weight="1"/>
    <Border ss:Position="Top" ss:LineStyle="Continuous" ss:Weight="1"/>
   </Borders>
   <Font ss:FontName="Arial Cyr" x:CharSet="204" x:Family="Swiss" ss:Size="11"/>
  </Style>
  <Style ss:ID="s30">
   <Alignment ss:Vertical="Top" ss:WrapText="1"/>
   <Borders/>
   <Font ss:FontName="Arial CYR" x:CharSet="204" x:Family="Swiss" ss:Size="12"/>
  </Style>
  <Style ss:ID="s31">
   <Alignment ss:Horizontal="Center" ss:Vertical="Bottom" ss:WrapText="1"/>
   <Borders/>
   <Font ss:FontName="Arial CYR" x:CharSet="204" x:Family="Swiss" ss:Size="12"/>
   <NumberFormat/>
  </Style>
  <Style ss:ID="s32">
   <Alignment ss:Horizontal="Center" ss:Vertical="Bottom" ss:WrapText="1"/>
   <Borders/>
   <Font ss:FontName="Arial CYR" x:CharSet="204" x:Family="Swiss" ss:Size="12"/>
  </Style>
  <Style ss:ID="s33">
   <Alignment ss:Vertical="Bottom" ss:WrapText="1"/>
   <Font ss:FontName="Arial Cyr" x:CharSet="204" x:Family="Swiss"/>
  </Style>
  <Style ss:ID="s34">
   <Alignment ss:Horizontal="Center" ss:Vertical="Bottom" ss:WrapText="1"/>
   <Borders>
    <Border ss:Position="Bottom" ss:LineStyle="Continuous" ss:Weight="1"/>
    <Border ss:Position="Left" ss:LineStyle="Continuous" ss:Weight="1"/>
    <Border ss:Position="Right" ss:LineStyle="Continuous" ss:Weight="1"/>
    <Border ss:Position="Top" ss:LineStyle="Continuous" ss:Weight="1"/>
   </Borders>
   <Font ss:FontName="Arial CYR" x:CharSet="204" x:Family="Swiss" ss:Size="12"/>
   <NumberFormat/>
  </Style>
  <Style ss:ID="s35">
   <Alignment ss:Horizontal="Left" ss:Vertical="Bottom"/>
   <Font ss:FontName="Arial CYR" x:CharSet="204" x:Family="Swiss" ss:Size="12"/>
  </Style>
  <Style ss:ID="s36">
   <Alignment ss:Vertical="Top" ss:WrapText="1"/>
   <Borders>
    <Border ss:Position="Bottom" ss:LineStyle="Continuous" ss:Weight="1"/>
    <Border ss:Position="Left" ss:LineStyle="Continuous" ss:Weight="1"/>
    <Border ss:Position="Right" ss:LineStyle="Continuous" ss:Weight="1"/>
    <Border ss:Position="Top" ss:LineStyle="Continuous" ss:Weight="1"/>
   </Borders>
   <Font ss:FontName="Arial CYR" x:CharSet="204" ss:Size="12" ss:Bold="1"/>
  </Style>
  <Style ss:ID="s37">
   <Alignment ss:Horizontal="Left" ss:Vertical="Top" ss:WrapText="1"/>
   <Borders>
    <Border ss:Position="Bottom" ss:LineStyle="Continuous" ss:Weight="1"/>
    <Border ss:Position="Left" ss:LineStyle="Continuous" ss:Weight="1"/>
    <Border ss:Position="Right" ss:LineStyle="Continuous" ss:Weight="1"/>
    <Border ss:Position="Top" ss:LineStyle="Continuous" ss:Weight="1"/>
   </Borders>
   <Font ss:FontName="Arial CYR" x:CharSet="204" x:Family="Swiss" ss:Size="12"/>
  </Style>
  <Style ss:ID="s38">
   <Alignment ss:Horizontal="Center" ss:Vertical="Center" ss:WrapText="1"/>
   <Borders>
    <Border ss:Position="Bottom" ss:LineStyle="Continuous" ss:Weight="1"/>
    <Border ss:Position="Left" ss:LineStyle="Continuous" ss:Weight="1"/>
    <Border ss:Position="Right" ss:LineStyle="Continuous" ss:Weight="1"/>
    <Border ss:Position="Top" ss:LineStyle="Continuous" ss:Weight="1"/>
   </Borders>
   <Font ss:FontName="Arial CYR" x:CharSet="204" x:Family="Swiss" ss:Size="12"/>
  </Style>
  <Style ss:ID="s39">
   <Font ss:FontName="Arial Cyr" x:CharSet="204" ss:Italic="1"/>
  </Style>
  <Style ss:ID="s44">
   <Alignment ss:Horizontal="Center" ss:Vertical="Bottom" ss:WrapText="1"/>
   <Font ss:FontName="Arial Cyr" x:CharSet="204" x:Family="Swiss" ss:Size="12"
    ss:Bold="1"/>
  </Style>
  <Style ss:ID="s46">
   <Alignment ss:Horizontal="Center" ss:Vertical="Bottom"/>
   <Font ss:FontName="Arial CYR" x:CharSet="204" ss:Size="12" ss:Bold="1"/>
  </Style>
 </Styles>
 <Worksheet ss:Name="5-ВБР">
  <Names>
   <NamedRange ss:Name="Print_Titles" ss:RefersTo="='5-ВБР'!R5:R6"/>
  </Names>
  <Table ss:ExpandedColumnCount="3" ss:ExpandedRowCount="17" x:FullColumns="1"
   x:FullRows="1" ss:StyleID="s21">
   <Column ss:StyleID="s21" ss:AutoFitWidth="0" ss:Width="426.75"/>
   <Column ss:StyleID="s21" ss:AutoFitWidth="0" ss:Width="56.25"/>
   <Column ss:StyleID="s21" ss:AutoFitWidth="0" ss:Width="116.25"/>
   <Row ss:AutoFitHeight="0" ss:Height="15">
    <Cell ss:StyleID="s39"/>
    <Cell ss:Index="3" ss:StyleID="s22"><Data ss:Type="String">Форма № 5-ВБР</Data></Cell>
   </Row>
   <Row ss:AutoFitHeight="0" ss:Height="48.75">
    <Cell ss:MergeAcross="2" ss:StyleID="s44"><Data ss:Type="String">ОТЧЕТ &#10;о структуре начислений по сбору за&#10;пользование объектами водных биологических ресурсов </Data></Cell>
   </Row>
   <Row ss:AutoFitHeight="0" ss:Height="13.5" ss:StyleID="s24">
    <Cell ss:MergeAcross="2" ss:StyleID="s46"><Data ss:Type="String">за 2007 год</Data></Cell>
   </Row>
   <Row ss:Height="15" ss:StyleID="s24">
    <Cell ss:StyleID="s35"><Data ss:Type="String">Всего по России</Data></Cell>
    <Cell ss:Index="3" ss:StyleID="s23"><Data ss:Type="String">тыс. рублей</Data></Cell>
   </Row>
   <Row ss:Height="30" ss:StyleID="s24">
    <Cell ss:StyleID="s38"><NamedCell ss:Name="Print_Titles"/></Cell>
    <Cell ss:StyleID="s25"><Data ss:Type="String">Код &#10;строки</Data><NamedCell
      ss:Name="Print_Titles"/></Cell>
    <Cell ss:StyleID="s26"><Data ss:Type="String">Значение &#10;показателей</Data><NamedCell
      ss:Name="Print_Titles"/></Cell>
   </Row>
   <Row ss:Height="15">
    <Cell ss:StyleID="s25"><Data ss:Type="String">А</Data><NamedCell
      ss:Name="Print_Titles"/></Cell>
    <Cell ss:StyleID="s25"><Data ss:Type="String">Б</Data><NamedCell
      ss:Name="Print_Titles"/></Cell>
    <Cell ss:StyleID="s26"><Data ss:Type="Number">1</Data><NamedCell
      ss:Name="Print_Titles"/></Cell>
   </Row>
   <Row ss:AutoFitHeight="0" ss:Height="33">
    <Cell ss:StyleID="s36"><Data ss:Type="String">1. Количество плательщиков сбора (юридических лиц, индивидуаль-&#10;ных предпринимателей) – всего, единиц</Data></Cell>
    <Cell ss:StyleID="s25"><Data ss:Type="Number">100</Data></Cell>
    <Cell ss:StyleID="s27"><Data ss:Type="Number">3222</Data></Cell>
   </Row>
   <Row ss:AutoFitHeight="0" ss:Height="18">
    <Cell ss:StyleID="s36"><Data ss:Type="String">2.Количество полученных лицензий (разрешений) - всего, единиц</Data></Cell>
    <Cell ss:StyleID="s25"><Data ss:Type="Number">200</Data></Cell>
    <Cell ss:StyleID="s27"><Data ss:Type="Number">15608</Data></Cell>
   </Row>
   <Row ss:AutoFitHeight="0" ss:Height="33">
    <Cell ss:StyleID="s36"><ss:Data ss:Type="String"
      xmlns="http://www.w3.org/TR/REC-html40"><B>3. Сумма сбора, подлежащая уплате в бюджет - всего, тыс. руб.,&#10;</B><Font>в том числе:</Font></ss:Data></Cell>
    <Cell ss:StyleID="s25"><Data ss:Type="Number">300</Data></Cell>
    <Cell ss:StyleID="s27"><Data ss:Type="Number">8042430</Data></Cell>
   </Row>
   <Row ss:AutoFitHeight="0" ss:Height="33">
    <Cell ss:StyleID="s28"><Data ss:Type="String">на КБК 182 1 07 04020 01 0000 110 (исключая внутренние водные объекты)</Data></Cell>
    <Cell ss:StyleID="s25"><Data ss:Type="Number">310</Data></Cell>
    <Cell ss:StyleID="s27"><Data ss:Type="Number">7811125</Data></Cell>
   </Row>
   <Row ss:AutoFitHeight="0" ss:Height="15">
    <Cell ss:StyleID="s28"><Data ss:Type="String">на КБК 182 1 07 04030 01 0000 110 (по внутренним водным объектам) </Data></Cell>
    <Cell ss:StyleID="s25"><Data ss:Type="Number">320</Data></Cell>
    <Cell ss:StyleID="s27"><Data ss:Type="Number">231305</Data></Cell>
   </Row>
   <Row ss:Height="15">
    <Cell ss:StyleID="s37"><Data ss:Type="String">Из строки 300 в виде:</Data></Cell>
    <Cell ss:StyleID="s25"/>
    <Cell ss:StyleID="s27"/>
   </Row>
   <Row ss:AutoFitHeight="0" ss:Height="15">
    <Cell ss:StyleID="s29"><Data ss:Type="String">разового взноса</Data></Cell>
    <Cell ss:StyleID="s34"><Data ss:Type="Number">350</Data></Cell>
    <Cell ss:StyleID="s27"><Data ss:Type="Number">815526</Data></Cell>
   </Row>
   <Row ss:Height="15">
    <Cell ss:StyleID="s29"><Data ss:Type="String">регулярных взносов</Data></Cell>
    <Cell ss:StyleID="s34"><Data ss:Type="Number">360</Data></Cell>
    <Cell ss:StyleID="s27"><Data ss:Type="Number">7226881</Data></Cell>
   </Row>
   <Row ss:Height="15">
    <Cell ss:StyleID="s30"/>
    <Cell ss:StyleID="s31"/>
    <Cell ss:StyleID="s32"/>
   </Row>
   <Row>
    <Cell ss:StyleID="s33"/>
    <Cell ss:Index="3" ss:StyleID="s22"/>
   </Row>
   <Row ss:Height="15">
    <Cell ss:StyleID="s24"/>
    <Cell ss:Index="3" ss:StyleID="s23"/>
   </Row>
  </Table>
  <WorksheetOptions xmlns="urn:schemas-microsoft-com:office:excel">
   <PageSetup>
    <Layout x:CenterHorizontal="1"/>
    <Header x:Margin="0.31496062992125984"/>
    <Footer x:Margin="0.51181102362204722"/>
    <PageMargins x:Bottom="0.19685039370078741" x:Left="0.19685039370078741"
     x:Right="0.19685039370078741" x:Top="0.59055118110236227"/>
   </PageSetup>
   <Print>
    <ValidPrinterInfo/>
    <PaperSizeIndex>9</PaperSizeIndex>
    <Scale>85</Scale>
    <HorizontalResolution>600</HorizontalResolution>
    <VerticalResolution>600</VerticalResolution>
   </Print>
   <Zoom>75</Zoom>
   <PageBreakZoom>60</PageBreakZoom>
   <Selected/>
   <FreezePanes/>
   <FrozenNoSplit/>
   <SplitHorizontal>6</SplitHorizontal>
   <TopRowBottomPane>6</TopRowBottomPane>
   <SplitVertical>1</SplitVertical>
   <LeftColumnRightPane>1</LeftColumnRightPane>
   <ActivePane>0</ActivePane>
   <Panes>
    <Pane>
     <Number>3</Number>
    </Pane>
    <Pane>
     <Number>1</Number>
    </Pane>
    <Pane>
     <Number>2</Number>
    </Pane>
    <Pane>
     <Number>0</Number>
     <ActiveRow>8</ActiveRow>
     <ActiveCol>2</ActiveCol>
    </Pane>
   </Panes>
   <ProtectObjects>False</ProtectObjects>
   <ProtectScenarios>False</ProtectScenarios>
  </WorksheetOptions>
 </Worksheet>
 <Worksheet ss:Name="hidden1">
  <Table ss:ExpandedColumnCount="1" ss:ExpandedRowCount="8" x:FullColumns="1"
   x:FullRows="1">
   <Row>
    <Cell><Data ss:Type="Number">3222</Data></Cell>
   </Row>
   <Row>
    <Cell><Data ss:Type="Number">15608</Data></Cell>
   </Row>
   <Row>
    <Cell><Data ss:Type="Number">8042430</Data></Cell>
   </Row>
   <Row>
    <Cell><Data ss:Type="Number">7811125</Data></Cell>
   </Row>
   <Row>
    <Cell><Data ss:Type="Number">231305</Data></Cell>
   </Row>
   <Row>
    <Cell><Data ss:Type="Number">815526</Data></Cell>
   </Row>
   <Row>
    <Cell><Data ss:Type="Number">7226881</Data></Cell>
   </Row>
   <Row>
    <Cell><Data ss:Type="Number">24146097</Data></Cell>
   </Row>
  </Table>
  <WorksheetOptions xmlns="urn:schemas-microsoft-com:office:excel">
   <Visible>SheetHidden</Visible>
   <ProtectObjects>False</ProtectObjects>
   <ProtectScenarios>False</ProtectScenarios>
  </WorksheetOptions>
 </Worksheet>
</Workbook>
