<?xml version="1.0"?>
<?mso-application progid="Excel.Sheet"?>
<Workbook xmlns="urn:schemas-microsoft-com:office:spreadsheet"
 xmlns:o="urn:schemas-microsoft-com:office:office"
 xmlns:x="urn:schemas-microsoft-com:office:excel"
 xmlns:ss="urn:schemas-microsoft-com:office:spreadsheet"
 xmlns:html="http://www.w3.org/TR/REC-html40">
 <DocumentProperties xmlns="urn:schemas-microsoft-com:office:office">
  <Author>User</Author>
  <LastAuthor>balmaster</LastAuthor>
  <LastPrinted>2010-04-20T05:53:34Z</LastPrinted>
  <Created>2001-06-27T09:14:30Z</Created>
  <LastSaved>2010-04-20T06:50:50Z</LastSaved>
  <Company>MNS</Company>
  <Version>12.00</Version>
 </DocumentProperties>
 <ExcelWorkbook xmlns="urn:schemas-microsoft-com:office:excel">
  <WindowHeight>11640</WindowHeight>
  <WindowWidth>9600</WindowWidth>
  <WindowTopX>-15</WindowTopX>
  <WindowTopY>-15</WindowTopY>
  <TabRatio>614</TabRatio>
  <ProtectStructure>False</ProtectStructure>
  <ProtectWindows>False</ProtectWindows>
 </ExcelWorkbook>
 <Styles>
  <Style ss:ID="Default" ss:Name="Normal">
   <Alignment ss:Vertical="Bottom"/>
   <Borders/>
   <Font ss:FontName="Arial Cyr" x:CharSet="204"/>
   <Interior/>
   <NumberFormat/>
   <Protection/>
  </Style>
  <Style ss:ID="m37738992">
   <Alignment ss:Horizontal="Center" ss:Vertical="Center" ss:WrapText="1"/>
   <Borders>
    <Border ss:Position="Bottom" ss:LineStyle="Continuous" ss:Weight="1"/>
    <Border ss:Position="Left" ss:LineStyle="Continuous" ss:Weight="1"/>
    <Border ss:Position="Right" ss:LineStyle="Continuous" ss:Weight="1"/>
    <Border ss:Position="Top" ss:LineStyle="Continuous" ss:Weight="1"/>
   </Borders>
   <Font ss:FontName="Arial CYR" x:CharSet="204" x:Family="Swiss" ss:Size="12"/>
  </Style>
  <Style ss:ID="s21">
   <Interior ss:Color="#969696" ss:Pattern="Solid"/>
  </Style>
  <Style ss:ID="s22">
   <Font ss:FontName="Arial Cyr" x:CharSet="204" x:Family="Swiss"/>
  </Style>
  <Style ss:ID="s23">
   <Alignment ss:Horizontal="Right" ss:Vertical="Bottom"/>
   <Font ss:FontName="Arial Cyr" x:CharSet="204" x:Family="Swiss" ss:Size="8"/>
   <NumberFormat ss:Format="#,##0"/>
  </Style>
  <Style ss:ID="s24">
   <Font ss:FontName="Arial Cyr" x:CharSet="204" x:Family="Swiss" ss:Bold="1"/>
  </Style>
  <Style ss:ID="s25">
   <Alignment ss:Horizontal="Center" ss:Vertical="Center"/>
   <Font ss:FontName="Arial Cyr" x:CharSet="204" x:Family="Swiss"/>
  </Style>
  <Style ss:ID="s26">
   <Alignment ss:Horizontal="Right" ss:Vertical="Center"/>
   <Font ss:FontName="Arial Cyr" x:CharSet="204" x:Family="Swiss"/>
  </Style>
  <Style ss:ID="s27">
   <Alignment ss:Horizontal="Center" ss:Vertical="Bottom"/>
  </Style>
  <Style ss:ID="s28">
   <Alignment ss:Horizontal="Center" ss:Vertical="Center"/>
   <Borders/>
   <Font ss:FontName="Arial Cyr" x:CharSet="204" x:Family="Swiss" ss:Bold="1"/>
  </Style>
  <Style ss:ID="s29">
   <Alignment ss:Horizontal="Center" ss:Vertical="Bottom"/>
   <Font ss:FontName="Arial CYR" x:CharSet="204" x:Family="Swiss" ss:Size="12"/>
  </Style>
  <Style ss:ID="s30">
   <Font ss:FontName="Arial CYR" x:CharSet="204" x:Family="Swiss" ss:Size="12"/>
  </Style>
  <Style ss:ID="s31">
   <Alignment ss:Horizontal="Center" ss:Vertical="Center"/>
   <Borders/>
  </Style>
  <Style ss:ID="s32">
   <Borders/>
   <Font ss:FontName="Arial Cyr" x:CharSet="204" x:Family="Swiss"/>
  </Style>
  <Style ss:ID="s33">
   <Alignment ss:Horizontal="Center" ss:Vertical="Bottom"/>
   <Borders>
    <Border ss:Position="Bottom" ss:LineStyle="Continuous" ss:Weight="1"/>
    <Border ss:Position="Left" ss:LineStyle="Continuous" ss:Weight="1"/>
    <Border ss:Position="Right" ss:LineStyle="Continuous" ss:Weight="1"/>
    <Border ss:Position="Top" ss:LineStyle="Continuous" ss:Weight="1"/>
   </Borders>
   <Font ss:FontName="Arial CYR" x:CharSet="204" x:Family="Swiss" ss:Size="12"/>
   <NumberFormat ss:Format="#,##0"/>
  </Style>
  <Style ss:ID="s34">
   <Alignment ss:Horizontal="Right" ss:Vertical="Bottom"/>
   <Borders>
    <Border ss:Position="Bottom" ss:LineStyle="Continuous" ss:Weight="1"/>
    <Border ss:Position="Left" ss:LineStyle="Continuous" ss:Weight="1"/>
    <Border ss:Position="Right" ss:LineStyle="Continuous" ss:Weight="1"/>
    <Border ss:Position="Top" ss:LineStyle="Continuous" ss:Weight="1"/>
   </Borders>
   <Font ss:FontName="Arial CYR" x:CharSet="204" x:Family="Swiss" ss:Size="12"/>
   <NumberFormat ss:Format="#,##0"/>
  </Style>
  <Style ss:ID="s35">
   <Alignment ss:Horizontal="Center" ss:Vertical="Bottom"/>
   <Borders>
    <Border ss:Position="Bottom" ss:LineStyle="Continuous" ss:Weight="1"/>
    <Border ss:Position="Left" ss:LineStyle="Continuous" ss:Weight="1"/>
    <Border ss:Position="Right" ss:LineStyle="Continuous" ss:Weight="1"/>
    <Border ss:Position="Top" ss:LineStyle="Continuous" ss:Weight="1"/>
   </Borders>
   <Font ss:FontName="Arial CYR" x:CharSet="204" x:Family="Swiss" ss:Size="12"/>
  </Style>
  <Style ss:ID="s36">
   <Alignment ss:Horizontal="Left" ss:Vertical="Bottom" ss:WrapText="1"/>
   <Font ss:FontName="Arial Cyr" x:CharSet="204" ss:Size="12"/>
  </Style>
  <Style ss:ID="s37">
   <Alignment ss:Horizontal="Right" ss:Vertical="Center" ss:WrapText="1"/>
   <Borders/>
   <Font ss:FontName="Arial Cyr" x:CharSet="204" ss:Size="12"/>
  </Style>
  <Style ss:ID="s38">
   <Alignment ss:Horizontal="Right" ss:Vertical="Bottom"/>
   <Borders>
    <Border ss:Position="Top" ss:LineStyle="Continuous" ss:Weight="1"/>
   </Borders>
   <Font ss:FontName="Arial Cyr" x:CharSet="204" x:Family="Swiss" ss:Size="8"/>
   <NumberFormat ss:Format="#,##0"/>
  </Style>
  <Style ss:ID="s39">
   <Alignment ss:Horizontal="Right" ss:Vertical="Bottom"/>
   <Borders/>
   <Font ss:FontName="Arial Cyr" x:CharSet="204" x:Family="Swiss" ss:Size="8"/>
   <NumberFormat ss:Format="#,##0"/>
  </Style>
  <Style ss:ID="s40">
   <Alignment ss:Horizontal="Center" ss:Vertical="Center"/>
   <Borders>
    <Border ss:Position="Bottom" ss:LineStyle="Continuous" ss:Weight="1"/>
    <Border ss:Position="Left" ss:LineStyle="Continuous" ss:Weight="1"/>
    <Border ss:Position="Right" ss:LineStyle="Continuous" ss:Weight="1"/>
    <Border ss:Position="Top" ss:LineStyle="Continuous" ss:Weight="1"/>
   </Borders>
   <Font ss:FontName="Arial Cyr" x:CharSet="204"/>
   <NumberFormat ss:Format="Fixed"/>
  </Style>
  <Style ss:ID="s41">
   <Alignment ss:Horizontal="Center" ss:Vertical="Center" ss:WrapText="1"/>
   <Borders>
    <Border ss:Position="Bottom" ss:LineStyle="Continuous" ss:Weight="1"/>
    <Border ss:Position="Left" ss:LineStyle="Continuous" ss:Weight="1"/>
    <Border ss:Position="Right" ss:LineStyle="Continuous" ss:Weight="1"/>
    <Border ss:Position="Top" ss:LineStyle="Continuous" ss:Weight="1"/>
   </Borders>
   <Font ss:FontName="Arial Cyr" x:CharSet="204"/>
   <NumberFormat ss:Format="Fixed"/>
  </Style>
  <Style ss:ID="s42">
   <Alignment ss:Horizontal="Center" ss:Vertical="Center" ss:WrapText="1"/>
   <Borders>
    <Border ss:Position="Bottom" ss:LineStyle="Continuous" ss:Weight="1"/>
    <Border ss:Position="Left" ss:LineStyle="Continuous" ss:Weight="1"/>
    <Border ss:Position="Right" ss:LineStyle="Continuous" ss:Weight="1"/>
    <Border ss:Position="Top" ss:LineStyle="Continuous" ss:Weight="1"/>
   </Borders>
   <Font ss:FontName="Arial Cyr" x:CharSet="204"/>
   <NumberFormat ss:Format="@"/>
  </Style>
  <Style ss:ID="s43">
   <Alignment ss:Horizontal="Center" ss:Vertical="Bottom"/>
   <Borders>
    <Border ss:Position="Bottom" ss:LineStyle="Continuous" ss:Weight="1"/>
    <Border ss:Position="Left" ss:LineStyle="Continuous" ss:Weight="1"/>
    <Border ss:Position="Top" ss:LineStyle="Continuous" ss:Weight="1"/>
   </Borders>
   <Font ss:FontName="Arial Cyr" x:CharSet="204" ss:Size="12"/>
  </Style>
  <Style ss:ID="s44">
   <Alignment ss:Horizontal="Left" ss:Vertical="Bottom" ss:WrapText="1"/>
   <Borders>
    <Border ss:Position="Bottom" ss:LineStyle="Continuous" ss:Weight="1"/>
    <Border ss:Position="Left" ss:LineStyle="Continuous" ss:Weight="1"/>
    <Border ss:Position="Right" ss:LineStyle="Continuous" ss:Weight="1"/>
    <Border ss:Position="Top" ss:LineStyle="Continuous" ss:Weight="1"/>
   </Borders>
   <Font ss:FontName="Arial CYR" x:CharSet="204" x:Family="Swiss" ss:Size="12"/>
  </Style>
  <Style ss:ID="s45">
   <Alignment ss:Horizontal="Left" ss:Vertical="Bottom"/>
   <Borders>
    <Border ss:Position="Bottom" ss:LineStyle="Continuous" ss:Weight="1"/>
    <Border ss:Position="Left" ss:LineStyle="Continuous" ss:Weight="1"/>
    <Border ss:Position="Right" ss:LineStyle="Continuous" ss:Weight="1"/>
    <Border ss:Position="Top" ss:LineStyle="Continuous" ss:Weight="1"/>
   </Borders>
   <Font ss:FontName="Arial Cyr" x:CharSet="204" x:Family="Swiss" ss:Size="12"
    ss:Bold="1"/>
  </Style>
  <Style ss:ID="s46">
   <Alignment ss:Horizontal="Left" ss:Vertical="Bottom"/>
   <Borders>
    <Border ss:Position="Bottom" ss:LineStyle="Continuous" ss:Weight="1"/>
    <Border ss:Position="Left" ss:LineStyle="Continuous" ss:Weight="1"/>
    <Border ss:Position="Right" ss:LineStyle="Continuous" ss:Weight="1"/>
    <Border ss:Position="Top" ss:LineStyle="Continuous" ss:Weight="1"/>
   </Borders>
   <Font ss:FontName="Arial CYR" x:CharSet="204" x:Family="Swiss" ss:Size="12"/>
  </Style>
  <Style ss:ID="s47">
   <Alignment ss:Horizontal="Left" ss:Vertical="Bottom" ss:WrapText="1"/>
   <Borders>
    <Border ss:Position="Bottom" ss:LineStyle="Continuous" ss:Weight="1"/>
    <Border ss:Position="Left" ss:LineStyle="Continuous" ss:Weight="1"/>
    <Border ss:Position="Right" ss:LineStyle="Continuous" ss:Weight="1"/>
    <Border ss:Position="Top" ss:LineStyle="Continuous" ss:Weight="1"/>
   </Borders>
   <Font ss:FontName="Arial Cyr" x:CharSet="204" x:Family="Swiss" ss:Size="12"
    ss:Bold="1"/>
  </Style>
  <Style ss:ID="s48">
   <Alignment ss:Horizontal="Center" ss:Vertical="Bottom"/>
   <Borders>
    <Border ss:Position="Bottom" ss:LineStyle="Continuous" ss:Weight="1"/>
    <Border ss:Position="Left" ss:LineStyle="Continuous" ss:Weight="1"/>
    <Border ss:Position="Right" ss:LineStyle="Continuous" ss:Weight="1"/>
    <Border ss:Position="Top" ss:LineStyle="Continuous" ss:Weight="1"/>
   </Borders>
   <Font ss:FontName="Arial CYR" x:CharSet="204" x:Family="Swiss" ss:Size="12"/>
   <Interior/>
   <NumberFormat ss:Format="#,##0"/>
  </Style>
  <Style ss:ID="s49">
   <Alignment ss:Horizontal="Center" ss:Vertical="Center"/>
   <Font ss:FontName="Arial Cyr" x:CharSet="204" ss:Size="12" ss:Bold="1"/>
  </Style>
  <Style ss:ID="s50">
   <Alignment ss:Horizontal="Left" ss:Vertical="Bottom" ss:WrapText="1"/>
   <Borders/>
   <Font ss:FontName="Arial Cyr" x:CharSet="204" ss:Size="12" ss:Bold="1"/>
  </Style>
  <Style ss:ID="s51">
   <Alignment ss:Horizontal="Left" ss:Vertical="Bottom"/>
   <Font ss:FontName="Arial Cyr" x:CharSet="204" ss:Size="12" ss:Bold="1"/>
  </Style>
  <Style ss:ID="s52">
   <Alignment ss:Horizontal="Right" ss:Vertical="Bottom"/>
   <Font ss:FontName="Arial Cyr" x:CharSet="204" ss:Size="11"/>
  </Style>
  <Style ss:ID="s66">
   <Alignment ss:Horizontal="Right" ss:Vertical="Bottom" ss:WrapText="1"/>
   <Font ss:FontName="Arial Cyr" x:CharSet="204" ss:Size="12"/>
   <NumberFormat ss:Format="#,##0"/>
  </Style>
  <Style ss:ID="s68">
   <Alignment ss:Horizontal="Center" ss:Vertical="Center" ss:WrapText="1"/>
   <Borders/>
   <Font ss:FontName="Arial Cyr" x:CharSet="204" x:Family="Swiss" ss:Size="12"
    ss:Bold="1"/>
  </Style>
  <Style ss:ID="s70">
   <Alignment ss:Horizontal="Center" ss:Vertical="Bottom" ss:WrapText="1"/>
   <Borders/>
   <Font ss:FontName="Arial Cyr" x:CharSet="204" ss:Size="12" ss:Bold="1"/>
  </Style>
  <Style ss:ID="s72">
   <Alignment ss:Horizontal="Right" ss:Vertical="Bottom" ss:WrapText="1"/>
   <Borders/>
   <Font ss:FontName="Arial Cyr" x:CharSet="204" ss:Size="11"/>
  </Style>
  <Style ss:ID="s74">
   <Alignment ss:Horizontal="Center" ss:Vertical="Center" ss:WrapText="1"/>
   <Borders>
    <Border ss:Position="Left" ss:LineStyle="Continuous" ss:Weight="1"/>
    <Border ss:Position="Right" ss:LineStyle="Continuous" ss:Weight="1"/>
    <Border ss:Position="Top" ss:LineStyle="Continuous" ss:Weight="1"/>
   </Borders>
   <Font ss:FontName="Arial CYR" x:CharSet="204" x:Family="Swiss" ss:Size="12"/>
  </Style>
 </Styles>
 <Worksheet ss:Name="5-ВН">
  <Names>
   <NamedRange ss:Name="Print_Titles" ss:RefersTo="='5-ВН'!R4:R9"/>
   <NamedRange ss:Name="Print_Area" ss:RefersTo="='5-ВН'!R1C1:R38C3"/>
  </Names>
  <Table ss:ExpandedColumnCount="4" ss:ExpandedRowCount="38" x:FullColumns="1"
   x:FullRows="1" ss:StyleID="s22" ss:DefaultColumnWidth="46.5"
   ss:DefaultRowHeight="15">
   <Column ss:StyleID="s22" ss:AutoFitWidth="0" ss:Width="432.75"/>
   <Column ss:StyleID="s29" ss:AutoFitWidth="0" ss:Width="44.25"/>
   <Column ss:StyleID="s30" ss:AutoFitWidth="0" ss:Width="93"/>
   <Column ss:StyleID="s22" ss:Hidden="1" ss:AutoFitWidth="0" ss:Width="51"/>
   <Row ss:AutoFitHeight="0">
    <Cell ss:StyleID="s37"><NamedCell ss:Name="Print_Area"/></Cell>
    <Cell ss:MergeAcross="1" ss:StyleID="s72"><Data ss:Type="String">Форма № 5-ВН</Data><NamedCell
      ss:Name="Print_Area"/></Cell>
    <Cell ss:StyleID="s26"/>
   </Row>
   <Row ss:AutoFitHeight="0">
    <Cell ss:MergeAcross="2" ss:StyleID="s37"><NamedCell ss:Name="Print_Area"/></Cell>
    <Cell ss:StyleID="s26"/>
   </Row>
   <Row ss:AutoFitHeight="0" ss:Height="34.5">
    <Cell ss:MergeAcross="2" ss:StyleID="s68"><Data ss:Type="String">ОТЧЕТ &#10;О НАЛОГОВОЙ БАЗЕ И СТРУКТУРЕ НАЧИСЛЕНИЙ ПО ВОДНОМУ НАЛОГУ</Data><NamedCell
      ss:Name="Print_Area"/></Cell>
    <Cell ss:StyleID="s25"/>
   </Row>
   <Row ss:AutoFitHeight="0" ss:Height="18.75">
    <Cell ss:MergeAcross="2" ss:StyleID="s70"><Data ss:Type="String">по состоянию на 01.01.2010 г.</Data><NamedCell
      ss:Name="Print_Titles"/><NamedCell ss:Name="Print_Area"/></Cell>
    <Cell ss:StyleID="s27"><NamedCell ss:Name="Print_Titles"/></Cell>
   </Row>
   <Row ss:AutoFitHeight="0" ss:Height="18.75">
    <Cell ss:StyleID="s50"><NamedCell ss:Name="Print_Titles"/><NamedCell
      ss:Name="Print_Area"/></Cell>
    <Cell ss:StyleID="s49"><NamedCell ss:Name="Print_Titles"/><NamedCell
      ss:Name="Print_Area"/></Cell>
    <Cell ss:StyleID="s49"><NamedCell ss:Name="Print_Titles"/><NamedCell
      ss:Name="Print_Area"/></Cell>
    <Cell ss:StyleID="s27"><NamedCell ss:Name="Print_Titles"/></Cell>
   </Row>
   <Row ss:AutoFitHeight="0" ss:Height="17.25">
    <Cell ss:StyleID="s51"><Data ss:Type="String">  Всего по России</Data><NamedCell
      ss:Name="Print_Titles"/><NamedCell ss:Name="Print_Area"/></Cell>
    <Cell ss:Index="3" ss:StyleID="s52"><Data ss:Type="String">тыс.рублей</Data><NamedCell
      ss:Name="Print_Titles"/><NamedCell ss:Name="Print_Area"/></Cell>
   </Row>
   <Row ss:AutoFitHeight="0" ss:Height="15.5625">
    <Cell ss:MergeDown="1" ss:StyleID="s74"><Data ss:Type="String">Показатели</Data><NamedCell
      ss:Name="Print_Titles"/><NamedCell ss:Name="Print_Area"/></Cell>
    <Cell ss:MergeDown="1" ss:StyleID="m37738992"><Data ss:Type="String">Код &#10;строки</Data><NamedCell
      ss:Name="Print_Titles"/><NamedCell ss:Name="Print_Area"/></Cell>
    <Cell ss:MergeDown="1" ss:StyleID="s74"><Data ss:Type="String">Значение показателей</Data><NamedCell
      ss:Name="Print_Titles"/><NamedCell ss:Name="Print_Area"/></Cell>
   </Row>
   <Row ss:AutoFitHeight="0" ss:Height="24"/>
   <Row ss:AutoFitHeight="0" ss:Height="14.25" ss:StyleID="s24">
    <Cell ss:StyleID="s40"><Data ss:Type="String">А</Data><NamedCell
      ss:Name="Print_Titles"/><NamedCell ss:Name="Print_Area"/></Cell>
    <Cell ss:StyleID="s41"><Data ss:Type="String">Б</Data><NamedCell
      ss:Name="Print_Titles"/><NamedCell ss:Name="Print_Area"/></Cell>
    <Cell ss:StyleID="s42"><Data ss:Type="Number">1</Data><NamedCell
      ss:Name="Print_Titles"/><NamedCell ss:Name="Print_Area"/></Cell>
   </Row>
   <Row ss:AutoFitHeight="0" ss:Height="21">
    <Cell ss:StyleID="s45"><Data ss:Type="String"> 1. Объемы водопользования (налоговая база) отчетного года: </Data><NamedCell
      ss:Name="Print_Area"/></Cell>
    <Cell ss:StyleID="s33"><NamedCell ss:Name="Print_Area"/></Cell>
    <Cell ss:StyleID="s34"><NamedCell ss:Name="Print_Area"/></Cell>
    <Cell ss:StyleID="s23"/>
   </Row>
   <Row ss:AutoFitHeight="0" ss:Height="19.5">
    <Cell ss:StyleID="s46"><ss:Data ss:Type="String"
      xmlns="http://www.w3.org/TR/REC-html40">        объем забора воды из водных объектов, <B>млн.куб.м.</B></ss:Data><NamedCell
      ss:Name="Print_Area"/></Cell>
    <Cell ss:StyleID="s33"><Data ss:Type="Number">110</Data><NamedCell
      ss:Name="Print_Area"/></Cell>
    <Cell ss:StyleID="s34"><Data ss:Type="Number">27701</Data><NamedCell
      ss:Name="Print_Area"/></Cell>
    <Cell ss:StyleID="s23"/>
   </Row>
   <Row ss:AutoFitHeight="0" ss:Height="19.5">
    <Cell ss:StyleID="s44"><ss:Data ss:Type="String"
      xmlns="http://www.w3.org/TR/REC-html40">                     в том числе для водоснабжения населения, <B>млн.куб.м</B></ss:Data><NamedCell
      ss:Name="Print_Area"/></Cell>
    <Cell ss:StyleID="s33"><Data ss:Type="Number">120</Data><NamedCell
      ss:Name="Print_Area"/></Cell>
    <Cell ss:StyleID="s34"><Data ss:Type="Number">6789</Data><NamedCell
      ss:Name="Print_Area"/></Cell>
    <Cell ss:StyleID="s23"/>
   </Row>
   <Row ss:AutoFitHeight="0" ss:Height="19.5">
    <Cell ss:StyleID="s44"><ss:Data ss:Type="String"
      xmlns="http://www.w3.org/TR/REC-html40">                     из строки 110: сверх установленных лимитов, <B>млн.куб.м.</B></ss:Data><NamedCell
      ss:Name="Print_Area"/></Cell>
    <Cell ss:StyleID="s33"><Data ss:Type="Number">121</Data><NamedCell
      ss:Name="Print_Area"/></Cell>
    <Cell ss:StyleID="s34"><Data ss:Type="Number">355</Data><NamedCell
      ss:Name="Print_Area"/></Cell>
    <Cell ss:StyleID="s23"/>
   </Row>
   <Row ss:AutoFitHeight="0" ss:Height="19.5">
    <Cell ss:StyleID="s44"><ss:Data ss:Type="String"
      xmlns="http://www.w3.org/TR/REC-html40">                     из строки 110: из подземных водных объектов, <B>млн.куб.м.</B></ss:Data><NamedCell
      ss:Name="Print_Area"/></Cell>
    <Cell ss:StyleID="s48"><Data ss:Type="Number">122</Data><NamedCell
      ss:Name="Print_Area"/></Cell>
    <Cell ss:StyleID="s34"><Data ss:Type="Number">7143</Data><NamedCell
      ss:Name="Print_Area"/></Cell>
    <Cell ss:StyleID="s23"/>
   </Row>
   <Row ss:AutoFitHeight="0" ss:Height="19.5">
    <Cell ss:StyleID="s44"><ss:Data ss:Type="String"
      xmlns="http://www.w3.org/TR/REC-html40">                     из строки 120: из подземных водных объектов, <B>млн.куб.м.</B></ss:Data><NamedCell
      ss:Name="Print_Area"/></Cell>
    <Cell ss:StyleID="s48"><Data ss:Type="Number">125</Data><NamedCell
      ss:Name="Print_Area"/></Cell>
    <Cell ss:StyleID="s34"><Data ss:Type="Number">3823</Data><NamedCell
      ss:Name="Print_Area"/></Cell>
    <Cell ss:StyleID="s23"/>
   </Row>
   <Row ss:AutoFitHeight="0" ss:Height="32.25">
    <Cell ss:StyleID="s44"><ss:Data ss:Type="String"
      xmlns="http://www.w3.org/TR/REC-html40">        площади акваторий водных объектов, предоставленных &#10;        в пользование, <B>кв.км</B></ss:Data><NamedCell
      ss:Name="Print_Area"/></Cell>
    <Cell ss:StyleID="s33"><Data ss:Type="Number">140</Data><NamedCell
      ss:Name="Print_Area"/></Cell>
    <Cell ss:StyleID="s34"><Data ss:Type="Number">25801</Data><NamedCell
      ss:Name="Print_Area"/></Cell>
    <Cell ss:StyleID="s23"/>
   </Row>
   <Row ss:AutoFitHeight="0" ss:Height="20.0625">
    <Cell ss:StyleID="s46"><ss:Data ss:Type="String"
      xmlns="http://www.w3.org/TR/REC-html40">        количество выработанной электроэнергии<B>, млн.кВт*ч</B></ss:Data><NamedCell
      ss:Name="Print_Area"/></Cell>
    <Cell ss:StyleID="s33"><Data ss:Type="Number">150</Data><NamedCell
      ss:Name="Print_Area"/></Cell>
    <Cell ss:StyleID="s34"><Data ss:Type="Number">22564</Data><NamedCell
      ss:Name="Print_Area"/></Cell>
    <Cell ss:StyleID="s23"/>
   </Row>
   <Row ss:AutoFitHeight="0" ss:Height="33">
    <Cell ss:StyleID="s47"><ss:Data ss:Type="String"
      xmlns="http://www.w3.org/TR/REC-html40"><B> 2. Сумма налога, подлежащая уплате в бюджет за налоговые периоды отчетного года, - всего, тыс. рублей, </B><Font>в том числе:</Font></ss:Data><NamedCell
      ss:Name="Print_Area"/></Cell>
    <Cell ss:StyleID="s35"><Data ss:Type="Number">200</Data><NamedCell
      ss:Name="Print_Area"/></Cell>
    <Cell ss:StyleID="s34"><Data ss:Type="Number">7495670</Data><NamedCell
      ss:Name="Print_Area"/></Cell>
    <Cell ss:StyleID="s28"/>
   </Row>
   <Row ss:AutoFitHeight="0" ss:Height="18.75">
    <Cell ss:StyleID="s44"><Data ss:Type="String">        при осуществлении забора воды из водных объектов </Data><NamedCell
      ss:Name="Print_Area"/></Cell>
    <Cell ss:StyleID="s33"><Data ss:Type="Number">210</Data><NamedCell
      ss:Name="Print_Area"/></Cell>
    <Cell ss:StyleID="s34"><Data ss:Type="Number">7211450</Data><NamedCell
      ss:Name="Print_Area"/></Cell>
    <Cell ss:StyleID="s23"/>
   </Row>
   <Row ss:AutoFitHeight="0" ss:Height="18.75">
    <Cell ss:StyleID="s44"><Data ss:Type="String">                     в том числе для водоснабжения населения</Data><NamedCell
      ss:Name="Print_Area"/></Cell>
    <Cell ss:StyleID="s33"><Data ss:Type="Number">220</Data><NamedCell
      ss:Name="Print_Area"/></Cell>
    <Cell ss:StyleID="s34"><Data ss:Type="Number">525095</Data><NamedCell
      ss:Name="Print_Area"/></Cell>
    <Cell ss:StyleID="s23"/>
   </Row>
   <Row ss:AutoFitHeight="0" ss:Height="18.75">
    <Cell ss:StyleID="s44"><Data ss:Type="String">                     из строки 210: сверх установленных лимитов</Data><NamedCell
      ss:Name="Print_Area"/></Cell>
    <Cell ss:StyleID="s33"><Data ss:Type="Number">221</Data><NamedCell
      ss:Name="Print_Area"/></Cell>
    <Cell ss:StyleID="s34"><Data ss:Type="Number">294179</Data><NamedCell
      ss:Name="Print_Area"/></Cell>
    <Cell ss:StyleID="s23"/>
   </Row>
   <Row ss:AutoFitHeight="0" ss:Height="18.75">
    <Cell ss:StyleID="s44"><Data ss:Type="String">                     из строки 210: из подземных водных объектов</Data><NamedCell
      ss:Name="Print_Area"/></Cell>
    <Cell ss:StyleID="s48"><Data ss:Type="Number">222</Data><NamedCell
      ss:Name="Print_Area"/></Cell>
    <Cell ss:StyleID="s34"><Data ss:Type="Number">1771088</Data><NamedCell
      ss:Name="Print_Area"/></Cell>
    <Cell ss:StyleID="s23"/>
   </Row>
   <Row ss:AutoFitHeight="0" ss:Height="18.75">
    <Cell ss:StyleID="s44"><Data ss:Type="String">                     из строки 220: из подземных водных объектов</Data><NamedCell
      ss:Name="Print_Area"/></Cell>
    <Cell ss:StyleID="s48"><Data ss:Type="Number">225</Data><NamedCell
      ss:Name="Print_Area"/></Cell>
    <Cell ss:StyleID="s34"><Data ss:Type="Number">303779</Data><NamedCell
      ss:Name="Print_Area"/></Cell>
    <Cell ss:StyleID="s23"/>
   </Row>
   <Row ss:AutoFitHeight="0" ss:Height="32.25">
    <Cell ss:StyleID="s44"><Data ss:Type="String">        при использовании акваторий водных объектов, предоставленных &#10;        в пользование</Data><NamedCell
      ss:Name="Print_Area"/></Cell>
    <Cell ss:StyleID="s33"><Data ss:Type="Number">240</Data><NamedCell
      ss:Name="Print_Area"/></Cell>
    <Cell ss:StyleID="s34"><Data ss:Type="Number">35263</Data><NamedCell
      ss:Name="Print_Area"/></Cell>
    <Cell ss:StyleID="s23"/>
   </Row>
   <Row ss:AutoFitHeight="0" ss:Height="32.25">
    <Cell ss:StyleID="s44"><Data ss:Type="String">        при пользовании водными объектами в целях удовлетворения &#10;        потребностей гидроэнергетики</Data><NamedCell
      ss:Name="Print_Area"/></Cell>
    <Cell ss:StyleID="s33"><Data ss:Type="Number">250</Data><NamedCell
      ss:Name="Print_Area"/></Cell>
    <Cell ss:StyleID="s34"><Data ss:Type="Number">236915</Data><NamedCell
      ss:Name="Print_Area"/></Cell>
    <Cell ss:StyleID="s23"/>
   </Row>
   <Row ss:AutoFitHeight="0" ss:Height="32.25">
    <Cell ss:StyleID="s44"><Data ss:Type="String">        из строки 200: при осуществлении безлицензионного &#10;        водопользования </Data><NamedCell
      ss:Name="Print_Area"/></Cell>
    <Cell ss:StyleID="s33"><Data ss:Type="Number">270</Data><NamedCell
      ss:Name="Print_Area"/></Cell>
    <Cell ss:StyleID="s34"><Data ss:Type="Number">442486</Data><NamedCell
      ss:Name="Print_Area"/></Cell>
    <Cell ss:StyleID="s23"/>
   </Row>
   <Row ss:AutoFitHeight="0" ss:Height="51.75">
    <Cell ss:StyleID="s47"><Data ss:Type="String"> 3. Сумма налога, не поступившая в бюджет в связи с применением пониженной ставки при заборе воды для водоснабжения населения, тыс. рублей</Data><NamedCell
      ss:Name="Print_Area"/></Cell>
    <Cell ss:StyleID="s35"><Data ss:Type="Number">300</Data><NamedCell
      ss:Name="Print_Area"/></Cell>
    <Cell ss:StyleID="s34"><Data ss:Type="Number">2030315</Data><NamedCell
      ss:Name="Print_Area"/></Cell>
    <Cell ss:StyleID="s31"/>
   </Row>
   <Row ss:AutoFitHeight="0" ss:Height="33.75">
    <Cell ss:StyleID="s47"><ss:Data ss:Type="String"
      xmlns="http://www.w3.org/TR/REC-html40"><B> 4. Количество налогоплательщиков налога - всего,&#10;</B><Font>в том числе:</Font></ss:Data><NamedCell
      ss:Name="Print_Area"/></Cell>
    <Cell ss:StyleID="s35"><Data ss:Type="Number">400</Data><NamedCell
      ss:Name="Print_Area"/></Cell>
    <Cell ss:StyleID="s34"><Data ss:Type="Number">42792</Data><NamedCell
      ss:Name="Print_Area"/></Cell>
    <Cell ss:StyleID="s31"/>
   </Row>
   <Row ss:AutoFitHeight="0" ss:Height="18.75">
    <Cell ss:StyleID="s44"><Data ss:Type="String">        при осуществлении забора воды из водных объектов</Data><NamedCell
      ss:Name="Print_Area"/></Cell>
    <Cell ss:StyleID="s33"><Data ss:Type="Number">410</Data><NamedCell
      ss:Name="Print_Area"/></Cell>
    <Cell ss:StyleID="s34"><Data ss:Type="Number">35229</Data><NamedCell
      ss:Name="Print_Area"/></Cell>
    <Cell ss:StyleID="s23"/>
   </Row>
   <Row ss:AutoFitHeight="0" ss:Height="18.75">
    <Cell ss:StyleID="s44"><Data ss:Type="String">                     из них для водоснабжения населения</Data><NamedCell
      ss:Name="Print_Area"/></Cell>
    <Cell ss:StyleID="s33"><Data ss:Type="Number">420</Data><NamedCell
      ss:Name="Print_Area"/></Cell>
    <Cell ss:StyleID="s34"><Data ss:Type="Number">10367</Data><NamedCell
      ss:Name="Print_Area"/></Cell>
    <Cell ss:StyleID="s23"/>
   </Row>
   <Row ss:AutoFitHeight="0" ss:Height="18.75">
    <Cell ss:StyleID="s44"><Data ss:Type="String">                     из строки 410: из подземных водных объектов</Data><NamedCell
      ss:Name="Print_Area"/></Cell>
    <Cell ss:StyleID="s48"><Data ss:Type="Number">422</Data><NamedCell
      ss:Name="Print_Area"/></Cell>
    <Cell ss:StyleID="s34"><Data ss:Type="Number">30972</Data><NamedCell
      ss:Name="Print_Area"/></Cell>
    <Cell ss:StyleID="s23"/>
   </Row>
   <Row ss:AutoFitHeight="0" ss:Height="18.75">
    <Cell ss:StyleID="s44"><Data ss:Type="String">                     из строки 420: из подземных водных объектов</Data><NamedCell
      ss:Name="Print_Area"/></Cell>
    <Cell ss:StyleID="s48"><Data ss:Type="Number">425</Data><NamedCell
      ss:Name="Print_Area"/></Cell>
    <Cell ss:StyleID="s34"><Data ss:Type="Number">9164</Data><NamedCell
      ss:Name="Print_Area"/></Cell>
    <Cell ss:StyleID="s23"/>
   </Row>
   <Row ss:AutoFitHeight="0" ss:Height="32.25">
    <Cell ss:StyleID="s44"><Data ss:Type="String">        при использовании акваторий водных объектов, предоставленных &#10;        в пользование</Data><NamedCell
      ss:Name="Print_Area"/></Cell>
    <Cell ss:StyleID="s33"><Data ss:Type="Number">440</Data><NamedCell
      ss:Name="Print_Area"/></Cell>
    <Cell ss:StyleID="s34"><Data ss:Type="Number">3554</Data><NamedCell
      ss:Name="Print_Area"/></Cell>
    <Cell ss:StyleID="s23"/>
   </Row>
   <Row ss:AutoFitHeight="0" ss:Height="32.25">
    <Cell ss:StyleID="s44"><Data ss:Type="String">        при пользовании водными объектами в целях удовлетворения &#10;        потребностей гидроэнергетики</Data><NamedCell
      ss:Name="Print_Area"/></Cell>
    <Cell ss:StyleID="s33"><Data ss:Type="Number">450</Data><NamedCell
      ss:Name="Print_Area"/></Cell>
    <Cell ss:StyleID="s34"><Data ss:Type="Number">62</Data><NamedCell
      ss:Name="Print_Area"/></Cell>
    <Cell ss:StyleID="s23"/>
   </Row>
   <Row ss:AutoFitHeight="0" ss:Height="32.25" ss:StyleID="s32">
    <Cell ss:StyleID="s44"><Data ss:Type="String">        из строки 400: при осуществлении безлицензионного &#10;        водопользования </Data><NamedCell
      ss:Name="Print_Area"/></Cell>
    <Cell ss:StyleID="s43"><Data ss:Type="Number">470</Data><NamedCell
      ss:Name="Print_Area"/></Cell>
    <Cell ss:StyleID="s34"><Data ss:Type="Number">13367</Data><NamedCell
      ss:Name="Print_Area"/></Cell>
    <Cell ss:StyleID="s38"/>
   </Row>
   <Row ss:Index="38" ss:AutoFitHeight="0" ss:Height="33" ss:StyleID="s32">
    <Cell ss:StyleID="s36"><NamedCell ss:Name="Print_Area"/></Cell>
    <Cell ss:MergeAcross="1" ss:StyleID="s66"><NamedCell ss:Name="Print_Area"/></Cell>
    <Cell ss:StyleID="s39"/>
   </Row>
  </Table>
  <WorksheetOptions xmlns="urn:schemas-microsoft-com:office:excel">
   <PageSetup>
    <Layout x:CenterHorizontal="1"/>
    <Header x:Margin="0.19685039370078741" x:Data="&amp;R&amp;P"/>
    <Footer x:Margin="0.19685039370078741"/>
    <PageMargins x:Bottom="0.39370078740157483" x:Left="0.39370078740157483"
     x:Right="0.39370078740157483" x:Top="0.39370078740157483"/>
   </PageSetup>
   <Print>
    <ValidPrinterInfo/>
    <PaperSizeIndex>9</PaperSizeIndex>
    <Scale>88</Scale>
    <HorizontalResolution>600</HorizontalResolution>
    <VerticalResolution>300</VerticalResolution>
   </Print>
   <Zoom>90</Zoom>
   <PageBreakZoom>60</PageBreakZoom>
   <Selected/>
   <FreezePanes/>
   <FrozenNoSplit/>
   <SplitHorizontal>9</SplitHorizontal>
   <TopRowBottomPane>9</TopRowBottomPane>
   <SplitVertical>2</SplitVertical>
   <LeftColumnRightPane>2</LeftColumnRightPane>
   <ActivePane>0</ActivePane>
   <Panes>
    <Pane>
     <Number>3</Number>
    </Pane>
    <Pane>
     <Number>1</Number>
    </Pane>
    <Pane>
     <Number>2</Number>
     <ActiveRow>7</ActiveRow>
    </Pane>
    <Pane>
     <Number>0</Number>
     <ActiveRow>40</ActiveRow>
     <ActiveCol>6</ActiveCol>
    </Pane>
   </Panes>
   <ProtectObjects>False</ProtectObjects>
   <ProtectScenarios>False</ProtectScenarios>
  </WorksheetOptions>
 </Worksheet>
 <Worksheet ss:Name="hidden1">
  <Table ss:ExpandedColumnCount="28" ss:ExpandedRowCount="26" x:FullColumns="1"
   x:FullRows="1">
   <Row>
    <Cell><Data ss:Type="Number">27701</Data></Cell>
    <Cell ss:Index="28" ss:StyleID="s21"/>
   </Row>
   <Row>
    <Cell><Data ss:Type="Number">6789</Data></Cell>
   </Row>
   <Row>
    <Cell><Data ss:Type="Number">355</Data></Cell>
   </Row>
   <Row>
    <Cell><Data ss:Type="Number">7143</Data></Cell>
   </Row>
   <Row>
    <Cell><Data ss:Type="Number">3823</Data></Cell>
   </Row>
   <Row>
    <Cell><Data ss:Type="Number">25801</Data></Cell>
   </Row>
   <Row>
    <Cell><Data ss:Type="Number">22564</Data></Cell>
   </Row>
   <Row>
    <Cell><Data ss:Type="Number">7495670</Data></Cell>
   </Row>
   <Row>
    <Cell><Data ss:Type="Number">7211450</Data></Cell>
   </Row>
   <Row>
    <Cell><Data ss:Type="Number">525095</Data></Cell>
   </Row>
   <Row>
    <Cell><Data ss:Type="Number">294179</Data></Cell>
   </Row>
   <Row>
    <Cell><Data ss:Type="Number">1771088</Data></Cell>
   </Row>
   <Row>
    <Cell><Data ss:Type="Number">303779</Data></Cell>
   </Row>
   <Row>
    <Cell><Data ss:Type="Number">35263</Data></Cell>
   </Row>
   <Row>
    <Cell><Data ss:Type="Number">236915</Data></Cell>
   </Row>
   <Row>
    <Cell><Data ss:Type="Number">442486</Data></Cell>
   </Row>
   <Row>
    <Cell><Data ss:Type="Number">2030315</Data></Cell>
   </Row>
   <Row>
    <Cell><Data ss:Type="Number">42792</Data></Cell>
   </Row>
   <Row>
    <Cell><Data ss:Type="Number">35229</Data></Cell>
   </Row>
   <Row>
    <Cell><Data ss:Type="Number">10367</Data></Cell>
   </Row>
   <Row>
    <Cell><Data ss:Type="Number">30972</Data></Cell>
   </Row>
   <Row>
    <Cell><Data ss:Type="Number">9164</Data></Cell>
   </Row>
   <Row>
    <Cell><Data ss:Type="Number">3554</Data></Cell>
   </Row>
   <Row>
    <Cell><Data ss:Type="Number">62</Data></Cell>
   </Row>
   <Row>
    <Cell><Data ss:Type="Number">13367</Data></Cell>
   </Row>
   <Row>
    <Cell><Data ss:Type="Number">20585923</Data></Cell>
   </Row>
  </Table>
  <WorksheetOptions xmlns="urn:schemas-microsoft-com:office:excel">
   <Visible>SheetHidden</Visible>
   <ProtectObjects>False</ProtectObjects>
   <ProtectScenarios>False</ProtectScenarios>
  </WorksheetOptions>
 </Worksheet>
 <Worksheet ss:Name="hidden2">
  <Table ss:ExpandedColumnCount="2" ss:ExpandedRowCount="38" x:FullColumns="1"
   x:FullRows="1">
   <Column ss:AutoFitWidth="0" ss:Width="127.5"/>
   <Row>
    <Cell><Data ss:Type="String">на 01.01.2010 г.</Data></Cell>
    <Cell><Data ss:Type="Number">1</Data></Cell>
   </Row>
   <Row>
    <Cell><Data ss:Type="String">на 01.12.2009 г.</Data></Cell>
    <Cell><Data ss:Type="Number">2</Data></Cell>
   </Row>
   <Row>
    <Cell><Data ss:Type="String">на 01.10.2009 г.</Data></Cell>
    <Cell><Data ss:Type="Number">3</Data></Cell>
   </Row>
   <Row>
    <Cell><Data ss:Type="String">на 01.01.2009 г.</Data></Cell>
    <Cell><Data ss:Type="Number">4</Data></Cell>
   </Row>
   <Row>
    <Cell><Data ss:Type="String">на 01 января 2010 года</Data></Cell>
    <Cell><Data ss:Type="Number">5</Data></Cell>
   </Row>
   <Row>
    <Cell><Data ss:Type="String">на 01 декабря 2009 года</Data></Cell>
    <Cell><Data ss:Type="Number">6</Data></Cell>
   </Row>
   <Row>
    <Cell><Data ss:Type="String">на 01 октября 2009 года</Data></Cell>
    <Cell><Data ss:Type="Number">7</Data></Cell>
   </Row>
   <Row>
    <Cell><Data ss:Type="String">на 01 января 2009 года</Data></Cell>
    <Cell><Data ss:Type="Number">8</Data></Cell>
   </Row>
   <Row>
    <Cell><Data ss:Type="String">по состоянию на 01.01.2010 г.</Data></Cell>
    <Cell><Data ss:Type="Number">9</Data></Cell>
   </Row>
   <Row>
    <Cell><Data ss:Type="String">по состоянию на 01.12.2009 г.</Data></Cell>
    <Cell><Data ss:Type="Number">10</Data></Cell>
   </Row>
   <Row>
    <Cell><Data ss:Type="String">по состоянию на 01.10.2009 г.</Data></Cell>
    <Cell><Data ss:Type="Number">11</Data></Cell>
   </Row>
   <Row>
    <Cell><Data ss:Type="String">по состоянию на 01.01.2009 г.</Data></Cell>
    <Cell><Data ss:Type="Number">12</Data></Cell>
   </Row>
   <Row>
    <Cell><Data ss:Type="String">по состоянию на 01 января 2010 года</Data></Cell>
    <Cell><Data ss:Type="Number">13</Data></Cell>
   </Row>
   <Row>
    <Cell><Data ss:Type="String">по состоянию на 01 декабря 2009 года</Data></Cell>
    <Cell><Data ss:Type="Number">14</Data></Cell>
   </Row>
   <Row>
    <Cell><Data ss:Type="String">по состоянию на 01 октября 2009 года</Data></Cell>
    <Cell><Data ss:Type="Number">15</Data></Cell>
   </Row>
   <Row>
    <Cell><Data ss:Type="String">по состоянию на 01 января 2009 года</Data></Cell>
    <Cell><Data ss:Type="Number">16</Data></Cell>
   </Row>
   <Row>
    <Cell><Data ss:Type="String">в  январe 2010 года</Data></Cell>
    <Cell><Data ss:Type="Number">17</Data></Cell>
   </Row>
   <Row>
    <Cell><Data ss:Type="String">на январь</Data></Cell>
    <Cell><Data ss:Type="Number">18</Data></Cell>
   </Row>
   <Row>
    <Cell><Data ss:Type="String">за январь</Data></Cell>
    <Cell><Data ss:Type="Number">19</Data></Cell>
   </Row>
   <Row>
    <Cell><Data ss:Type="String">в январе</Data></Cell>
    <Cell><Data ss:Type="Number">20</Data></Cell>
   </Row>
   <Row>
    <Cell><Data ss:Type="String">на январь 2010 г.</Data></Cell>
    <Cell><Data ss:Type="Number">21</Data></Cell>
   </Row>
   <Row>
    <Cell><Data ss:Type="String">за январь  2010 г.</Data></Cell>
    <Cell><Data ss:Type="Number">22</Data></Cell>
   </Row>
   <Row>
    <Cell><Data ss:Type="String">за январь  2010 г.</Data></Cell>
    <Cell><Data ss:Type="Number">23</Data></Cell>
   </Row>
   <Row>
    <Cell><Data ss:Type="String">на январь 2009 г.</Data></Cell>
    <Cell><Data ss:Type="Number">24</Data></Cell>
   </Row>
   <Row>
    <Cell><Data ss:Type="String">за январь  2009 г.</Data></Cell>
    <Cell><Data ss:Type="Number">25</Data></Cell>
   </Row>
   <Row>
    <Cell><Data ss:Type="String">в январе  2009 г.</Data></Cell>
    <Cell><Data ss:Type="Number">26</Data></Cell>
   </Row>
   <Row>
    <Cell><Data ss:Type="String">12 мес.</Data></Cell>
    <Cell><Data ss:Type="Number">27</Data></Cell>
   </Row>
   <Row>
    <Cell><Data ss:Type="String">за 12 мес.</Data></Cell>
    <Cell><Data ss:Type="Number">28</Data></Cell>
   </Row>
   <Row>
    <Cell><Data ss:Type="String">12 месяцев</Data></Cell>
    <Cell><Data ss:Type="Number">29</Data></Cell>
   </Row>
   <Row>
    <Cell><Data ss:Type="String">за 12 месяцев</Data></Cell>
    <Cell><Data ss:Type="Number">30</Data></Cell>
   </Row>
   <Row>
    <Cell><Data ss:Type="String">декабрь</Data></Cell>
    <Cell><Data ss:Type="Number">31</Data></Cell>
   </Row>
   <Row>
    <Cell><Data ss:Type="String">ноябрь</Data></Cell>
    <Cell><Data ss:Type="Number">32</Data></Cell>
   </Row>
   <Row>
    <Cell><Data ss:Type="String">октябрь</Data></Cell>
    <Cell><Data ss:Type="Number">33</Data></Cell>
   </Row>
   <Row>
    <Cell><Data ss:Type="String">Поступило         01.01.2010 г.        12 мес.</Data></Cell>
    <Cell><Data ss:Type="Number">34</Data></Cell>
   </Row>
   <Row>
    <Cell><Data ss:Type="String">в  декабрe 2009 года</Data></Cell>
    <Cell><Data ss:Type="Number">35</Data></Cell>
   </Row>
   <Row>
    <Cell><Data ss:Type="String">на 01.07.2009 г.</Data></Cell>
    <Cell><Data ss:Type="Number">36</Data></Cell>
   </Row>
   <Row>
    <Cell><Data ss:Type="String"> январь</Data></Cell>
    <Cell><Data ss:Type="Number">37</Data></Cell>
   </Row>
   <Row>
    <Cell><Data ss:Type="String">январь</Data></Cell>
    <Cell><Data ss:Type="Number">37</Data></Cell>
   </Row>
  </Table>
  <WorksheetOptions xmlns="urn:schemas-microsoft-com:office:excel">
   <Visible>SheetHidden</Visible>
   <ProtectObjects>False</ProtectObjects>
   <ProtectScenarios>False</ProtectScenarios>
  </WorksheetOptions>
 </Worksheet>
</Workbook>
