<?xml version="1.0"?>
<?mso-application progid="Excel.Sheet"?>
<Workbook xmlns="urn:schemas-microsoft-com:office:spreadsheet"
 xmlns:o="urn:schemas-microsoft-com:office:office"
 xmlns:x="urn:schemas-microsoft-com:office:excel"
 xmlns:ss="urn:schemas-microsoft-com:office:spreadsheet"
 xmlns:html="http://www.w3.org/TR/REC-html40">
 <DocumentProperties xmlns="urn:schemas-microsoft-com:office:office">
  <Author>User</Author>
  <LastAuthor>balmaster</LastAuthor>
  <LastPrinted>2007-09-06T09:40:57Z</LastPrinted>
  <Created>2001-06-27T09:14:30Z</Created>
  <LastSaved>2010-03-23T12:58:16Z</LastSaved>
  <Company>MNS</Company>
  <Version>12.00</Version>
 </DocumentProperties>
 <ExcelWorkbook xmlns="urn:schemas-microsoft-com:office:excel">
  <WindowHeight>6555</WindowHeight>
  <WindowWidth>9690</WindowWidth>
  <WindowTopX>-195</WindowTopX>
  <WindowTopY>30</WindowTopY>
  <TabRatio>614</TabRatio>
  <ProtectStructure>False</ProtectStructure>
  <ProtectWindows>False</ProtectWindows>
 </ExcelWorkbook>
 <Styles>
  <Style ss:ID="Default" ss:Name="Normal">
   <Alignment ss:Vertical="Bottom"/>
   <Borders/>
   <Font ss:FontName="Arial Cyr" x:CharSet="204"/>
   <Interior/>
   <NumberFormat/>
   <Protection/>
  </Style>
  <Style ss:ID="m37738096">
   <Alignment ss:Horizontal="Center" ss:Vertical="Center" ss:WrapText="1"/>
   <Borders>
    <Border ss:Position="Bottom" ss:LineStyle="Continuous" ss:Weight="1"/>
    <Border ss:Position="Left" ss:LineStyle="Continuous" ss:Weight="1"/>
    <Border ss:Position="Right" ss:LineStyle="Continuous" ss:Weight="1"/>
    <Border ss:Position="Top" ss:LineStyle="Continuous" ss:Weight="1"/>
   </Borders>
   <Font ss:FontName="Arial CYR" x:CharSet="204" x:Family="Swiss" ss:Size="12"/>
  </Style>
  <Style ss:ID="s21">
   <Interior ss:Color="#969696" ss:Pattern="Solid"/>
  </Style>
  <Style ss:ID="s22">
   <Font ss:FontName="Arial Cyr" x:CharSet="204" x:Family="Swiss"/>
  </Style>
  <Style ss:ID="s23">
   <Alignment ss:Horizontal="Center" ss:Vertical="Bottom"/>
   <Font ss:FontName="Arial Cyr" x:CharSet="204" x:Family="Swiss"/>
  </Style>
  <Style ss:ID="s24">
   <Alignment ss:Horizontal="Left" ss:Vertical="Bottom" ss:WrapText="1"/>
   <Font ss:FontName="Arial Cyr" x:CharSet="204" x:Family="Swiss"/>
  </Style>
  <Style ss:ID="s25">
   <Alignment ss:Horizontal="Right" ss:Vertical="Bottom"/>
   <Font ss:FontName="Arial Cyr" x:CharSet="204" x:Family="Swiss" ss:Size="8"/>
   <NumberFormat ss:Format="#,##0"/>
  </Style>
  <Style ss:ID="s26">
   <Font ss:FontName="Arial Cyr" x:CharSet="204" x:Family="Swiss" ss:Bold="1"/>
  </Style>
  <Style ss:ID="s27">
   <Alignment ss:Horizontal="Center" ss:Vertical="Center"/>
   <Font ss:FontName="Arial Cyr" x:CharSet="204" x:Family="Swiss"/>
  </Style>
  <Style ss:ID="s28">
   <Alignment ss:Horizontal="Right" ss:Vertical="Center"/>
   <Font ss:FontName="Arial Cyr" x:CharSet="204" x:Family="Swiss"/>
  </Style>
  <Style ss:ID="s29">
   <Alignment ss:Horizontal="Center" ss:Vertical="Bottom"/>
  </Style>
  <Style ss:ID="s30">
   <Alignment ss:Horizontal="Center" ss:Vertical="Center"/>
   <Borders/>
   <Font ss:FontName="Arial Cyr" x:CharSet="204" x:Family="Swiss" ss:Bold="1"/>
  </Style>
  <Style ss:ID="s31">
   <Alignment ss:Horizontal="Right" ss:Vertical="Bottom"/>
   <Font ss:FontName="Arial CYR" x:CharSet="204" x:Family="Swiss" ss:Size="12"/>
   <NumberFormat ss:Format="#,##0"/>
  </Style>
  <Style ss:ID="s32">
   <Alignment ss:Horizontal="Center" ss:Vertical="Bottom"/>
   <Font ss:FontName="Arial CYR" x:CharSet="204" x:Family="Swiss" ss:Size="12"/>
   <NumberFormat ss:Format="#,##0"/>
  </Style>
  <Style ss:ID="s33">
   <Alignment ss:Horizontal="Center" ss:Vertical="Bottom"/>
   <Font ss:FontName="Arial CYR" x:CharSet="204" x:Family="Swiss" ss:Size="12"/>
  </Style>
  <Style ss:ID="s34">
   <Font ss:FontName="Arial CYR" x:CharSet="204" x:Family="Swiss" ss:Size="12"/>
  </Style>
  <Style ss:ID="s35">
   <Alignment ss:Horizontal="Center" ss:Vertical="Bottom"/>
   <Borders/>
   <Font ss:FontName="Arial Cyr" x:CharSet="204" x:Family="Swiss"/>
  </Style>
  <Style ss:ID="s36">
   <Alignment ss:Horizontal="Center" ss:Vertical="Center"/>
   <Borders/>
  </Style>
  <Style ss:ID="s37">
   <Borders/>
   <Font ss:FontName="Arial Cyr" x:CharSet="204" x:Family="Swiss"/>
  </Style>
  <Style ss:ID="s38">
   <Alignment ss:Horizontal="Center" ss:Vertical="Bottom"/>
   <Font ss:FontName="Arial Cyr" x:CharSet="204" x:Family="Swiss" ss:Size="12"
    ss:Bold="1"/>
   <NumberFormat ss:Format="#,##0"/>
  </Style>
  <Style ss:ID="s39">
   <Alignment ss:Horizontal="Right" ss:Vertical="Bottom"/>
   <Font ss:FontName="Arial Cyr" x:CharSet="204" x:Family="Swiss" ss:Size="12"
    ss:Bold="1"/>
   <NumberFormat ss:Format="#,##0"/>
  </Style>
  <Style ss:ID="s40">
   <Alignment ss:Horizontal="Left" ss:Vertical="Bottom" ss:WrapText="1"/>
   <Font ss:FontName="Arial Cyr" x:CharSet="204" x:Family="Swiss" ss:Size="12"
    ss:Bold="1"/>
  </Style>
  <Style ss:ID="s41">
   <Alignment ss:Horizontal="Center" ss:Vertical="Bottom"/>
   <Borders>
    <Border ss:Position="Bottom" ss:LineStyle="Continuous" ss:Weight="1"/>
    <Border ss:Position="Left" ss:LineStyle="Continuous" ss:Weight="1"/>
    <Border ss:Position="Right" ss:LineStyle="Continuous" ss:Weight="1"/>
    <Border ss:Position="Top" ss:LineStyle="Continuous" ss:Weight="1"/>
   </Borders>
   <Font ss:FontName="Arial CYR" x:CharSet="204" x:Family="Swiss" ss:Size="12"/>
   <NumberFormat ss:Format="#,##0"/>
  </Style>
  <Style ss:ID="s42">
   <Alignment ss:Horizontal="Right" ss:Vertical="Bottom"/>
   <Borders>
    <Border ss:Position="Bottom" ss:LineStyle="Continuous" ss:Weight="1"/>
    <Border ss:Position="Left" ss:LineStyle="Continuous" ss:Weight="1"/>
    <Border ss:Position="Right" ss:LineStyle="Continuous" ss:Weight="1"/>
    <Border ss:Position="Top" ss:LineStyle="Continuous" ss:Weight="1"/>
   </Borders>
   <Font ss:FontName="Arial CYR" x:CharSet="204" x:Family="Swiss" ss:Size="12"/>
   <NumberFormat ss:Format="#,##0"/>
  </Style>
  <Style ss:ID="s43">
   <Alignment ss:Horizontal="Center" ss:Vertical="Bottom"/>
   <Borders>
    <Border ss:Position="Bottom" ss:LineStyle="Continuous" ss:Weight="1"/>
    <Border ss:Position="Left" ss:LineStyle="Continuous" ss:Weight="1"/>
    <Border ss:Position="Right" ss:LineStyle="Continuous" ss:Weight="1"/>
    <Border ss:Position="Top" ss:LineStyle="Continuous" ss:Weight="1"/>
   </Borders>
   <Font ss:FontName="Arial CYR" x:CharSet="204" x:Family="Swiss" ss:Size="12"/>
  </Style>
  <Style ss:ID="s44">
   <Alignment ss:Horizontal="Left" ss:Vertical="Bottom" ss:WrapText="1"/>
   <Font ss:FontName="Arial Cyr" x:CharSet="204" ss:Size="12"/>
  </Style>
  <Style ss:ID="s45">
   <Alignment ss:Horizontal="Center" ss:Vertical="Bottom"/>
   <Borders>
    <Border ss:Position="Bottom" ss:LineStyle="Continuous" ss:Weight="1"/>
    <Border ss:Position="Left" ss:LineStyle="Continuous" ss:Weight="1"/>
    <Border ss:Position="Right" ss:LineStyle="Continuous" ss:Weight="1"/>
    <Border ss:Position="Top" ss:LineStyle="Continuous" ss:Weight="1"/>
   </Borders>
  </Style>
  <Style ss:ID="s46">
   <Alignment ss:Horizontal="Right" ss:Vertical="Bottom"/>
   <Borders>
    <Border ss:Position="Top" ss:LineStyle="Continuous" ss:Weight="1"/>
   </Borders>
   <Font ss:FontName="Arial Cyr" x:CharSet="204" x:Family="Swiss" ss:Size="8"/>
   <NumberFormat ss:Format="#,##0"/>
  </Style>
  <Style ss:ID="s47">
   <Alignment ss:Horizontal="Left" ss:Vertical="Center" ss:WrapText="1"/>
   <Borders/>
   <Font ss:FontName="Arial CYR" x:CharSet="204" x:Family="Swiss" ss:Size="12"/>
  </Style>
  <Style ss:ID="s48">
   <Alignment ss:Horizontal="Center" ss:Vertical="Bottom"/>
   <Borders/>
   <Font ss:FontName="Arial CYR" x:CharSet="204" x:Family="Swiss" ss:Size="12"/>
   <NumberFormat ss:Format="#,##0"/>
  </Style>
  <Style ss:ID="s49">
   <Alignment ss:Horizontal="Right" ss:Vertical="Bottom"/>
   <Borders/>
   <Font ss:FontName="Arial CYR" x:CharSet="204" x:Family="Swiss" ss:Size="12"/>
   <NumberFormat ss:Format="#,##0"/>
  </Style>
  <Style ss:ID="s50">
   <Alignment ss:Horizontal="Right" ss:Vertical="Bottom"/>
   <Borders/>
   <Font ss:FontName="Arial Cyr" x:CharSet="204" x:Family="Swiss" ss:Size="8"/>
   <NumberFormat ss:Format="#,##0"/>
  </Style>
  <Style ss:ID="s51">
   <Alignment ss:Horizontal="Right" ss:Vertical="Bottom"/>
   <Font ss:FontName="Arial Cyr" x:CharSet="204" ss:Size="11"/>
  </Style>
  <Style ss:ID="s52">
   <Alignment ss:Horizontal="Center" ss:Vertical="Center"/>
   <Borders>
    <Border ss:Position="Bottom" ss:LineStyle="Continuous" ss:Weight="1"/>
    <Border ss:Position="Left" ss:LineStyle="Continuous" ss:Weight="1"/>
    <Border ss:Position="Right" ss:LineStyle="Continuous" ss:Weight="1"/>
    <Border ss:Position="Top" ss:LineStyle="Continuous" ss:Weight="1"/>
   </Borders>
   <Font ss:FontName="Arial Cyr" x:CharSet="204"/>
   <NumberFormat ss:Format="Fixed"/>
  </Style>
  <Style ss:ID="s53">
   <Alignment ss:Horizontal="Center" ss:Vertical="Center" ss:WrapText="1"/>
   <Borders>
    <Border ss:Position="Bottom" ss:LineStyle="Continuous" ss:Weight="1"/>
    <Border ss:Position="Left" ss:LineStyle="Continuous" ss:Weight="1"/>
    <Border ss:Position="Right" ss:LineStyle="Continuous" ss:Weight="1"/>
    <Border ss:Position="Top" ss:LineStyle="Continuous" ss:Weight="1"/>
   </Borders>
   <Font ss:FontName="Arial Cyr" x:CharSet="204"/>
   <NumberFormat ss:Format="Fixed"/>
  </Style>
  <Style ss:ID="s54">
   <Alignment ss:Horizontal="Center" ss:Vertical="Center" ss:WrapText="1"/>
   <Borders>
    <Border ss:Position="Bottom" ss:LineStyle="Continuous" ss:Weight="1"/>
    <Border ss:Position="Left" ss:LineStyle="Continuous" ss:Weight="1"/>
    <Border ss:Position="Right" ss:LineStyle="Continuous" ss:Weight="1"/>
    <Border ss:Position="Top" ss:LineStyle="Continuous" ss:Weight="1"/>
   </Borders>
   <Font ss:FontName="Arial Cyr" x:CharSet="204"/>
   <NumberFormat ss:Format="@"/>
  </Style>
  <Style ss:ID="s55">
   <Alignment ss:Horizontal="Left" ss:Vertical="Center" ss:WrapText="1"/>
   <Borders>
    <Border ss:Position="Bottom" ss:LineStyle="Continuous" ss:Weight="1"/>
    <Border ss:Position="Left" ss:LineStyle="Continuous" ss:Weight="1"/>
    <Border ss:Position="Right" ss:LineStyle="Continuous" ss:Weight="1"/>
    <Border ss:Position="Top" ss:LineStyle="Continuous" ss:Weight="1"/>
   </Borders>
   <Font ss:FontName="Arial CYR" x:CharSet="204" x:Family="Swiss" ss:Size="12"/>
  </Style>
  <Style ss:ID="s56">
   <Alignment ss:Horizontal="Left" ss:Vertical="Center"/>
   <Borders>
    <Border ss:Position="Bottom" ss:LineStyle="Continuous" ss:Weight="1"/>
    <Border ss:Position="Left" ss:LineStyle="Continuous" ss:Weight="1"/>
    <Border ss:Position="Right" ss:LineStyle="Continuous" ss:Weight="1"/>
    <Border ss:Position="Top" ss:LineStyle="Continuous" ss:Weight="1"/>
   </Borders>
   <Font ss:FontName="Arial CYR" x:CharSet="204" x:Family="Swiss" ss:Size="12"/>
  </Style>
  <Style ss:ID="s57">
   <Alignment ss:Horizontal="Left" ss:Vertical="Center" ss:WrapText="1"/>
   <Borders>
    <Border ss:Position="Bottom" ss:LineStyle="Continuous" ss:Weight="1"/>
    <Border ss:Position="Left" ss:LineStyle="Continuous" ss:Weight="1"/>
    <Border ss:Position="Right" ss:LineStyle="Continuous" ss:Weight="1"/>
    <Border ss:Position="Top" ss:LineStyle="Continuous" ss:Weight="1"/>
   </Borders>
   <Font ss:FontName="Arial Cyr" x:CharSet="204" x:Family="Swiss" ss:Size="12"
    ss:Bold="1"/>
  </Style>
  <Style ss:ID="s58">
   <Alignment ss:Horizontal="Left" ss:Vertical="Center"/>
   <Borders>
    <Border ss:Position="Bottom" ss:LineStyle="Continuous" ss:Weight="1"/>
    <Border ss:Position="Left" ss:LineStyle="Continuous" ss:Weight="1"/>
    <Border ss:Position="Right" ss:LineStyle="Continuous" ss:Weight="1"/>
    <Border ss:Position="Top" ss:LineStyle="Continuous" ss:Weight="1"/>
   </Borders>
   <Font ss:FontName="Arial Cyr" x:CharSet="204" x:Family="Swiss" ss:Size="12"
    ss:Bold="1"/>
  </Style>
  <Style ss:ID="s59">
   <Alignment ss:Horizontal="Left" ss:Vertical="Top"/>
   <Font ss:FontName="Arial Cyr" x:CharSet="204" x:Family="Swiss"/>
  </Style>
  <Style ss:ID="s60">
   <Alignment ss:Horizontal="Center" ss:Vertical="Center"/>
   <Font ss:FontName="Arial Cyr" x:CharSet="204" ss:Size="12" ss:Bold="1"/>
  </Style>
  <Style ss:ID="s61">
   <Alignment ss:Horizontal="Left" ss:Vertical="Center"/>
   <Font ss:FontName="Arial Cyr" x:CharSet="204" ss:Size="12" ss:Bold="1"/>
  </Style>
  <Style ss:ID="s62">
   <Alignment ss:Horizontal="Center" ss:Vertical="Bottom"/>
   <Borders>
    <Border ss:Position="Bottom" ss:LineStyle="Continuous" ss:Weight="1"/>
    <Border ss:Position="Left" ss:LineStyle="Continuous" ss:Weight="1"/>
    <Border ss:Position="Top" ss:LineStyle="Continuous" ss:Weight="1"/>
   </Borders>
   <Font ss:FontName="Arial Cyr" x:CharSet="204" ss:Size="12"/>
  </Style>
  <Style ss:ID="s63">
   <Alignment ss:Horizontal="Center" ss:Vertical="Bottom"/>
   <Borders/>
   <Font ss:FontName="Arial Cyr" x:CharSet="204" ss:Size="12"/>
  </Style>
  <Style ss:ID="s64">
   <Alignment ss:Horizontal="Left" ss:Vertical="Bottom" ss:WrapText="1"/>
   <Borders/>
   <Font ss:FontName="Arial Cyr" x:CharSet="204" ss:Size="12" ss:Bold="1"/>
  </Style>
  <Style ss:ID="s76">
   <Alignment ss:Horizontal="Center" ss:Vertical="Center" ss:WrapText="1"/>
   <Borders/>
   <Font ss:FontName="Arial Cyr" x:CharSet="204" x:Family="Swiss" ss:Size="12"
    ss:Bold="1"/>
  </Style>
  <Style ss:ID="s78">
   <Alignment ss:Horizontal="Center" ss:Vertical="Center" ss:WrapText="1"/>
   <Borders/>
   <Font ss:FontName="Arial Cyr" x:CharSet="204" ss:Size="12" ss:Bold="1"/>
  </Style>
  <Style ss:ID="s80">
   <Alignment ss:Horizontal="Right" ss:Vertical="Center" ss:WrapText="1"/>
   <Borders/>
   <Font ss:FontName="Arial Cyr" x:CharSet="204" ss:Size="11"/>
  </Style>
  <Style ss:ID="s82">
   <Alignment ss:Horizontal="Right" ss:Vertical="Bottom" ss:WrapText="1"/>
   <Font ss:FontName="Arial Cyr" x:CharSet="204" ss:Size="12"/>
   <NumberFormat ss:Format="#,##0"/>
  </Style>
  <Style ss:ID="s84">
   <Alignment ss:Horizontal="Center" ss:Vertical="Center" ss:WrapText="1"/>
   <Borders>
    <Border ss:Position="Left" ss:LineStyle="Continuous" ss:Weight="1"/>
    <Border ss:Position="Right" ss:LineStyle="Continuous" ss:Weight="1"/>
    <Border ss:Position="Top" ss:LineStyle="Continuous" ss:Weight="1"/>
   </Borders>
   <Font ss:FontName="Arial CYR" x:CharSet="204" x:Family="Swiss" ss:Size="12"/>
  </Style>
 </Styles>
 <Worksheet ss:Name="Свод">
  <Names>
   <NamedRange ss:Name="Print_Area" ss:RefersTo="=Свод!R1C1:R32C3"/>
  </Names>
  <Table ss:ExpandedColumnCount="7" ss:ExpandedRowCount="103" x:FullColumns="1"
   x:FullRows="1" ss:StyleID="s22" ss:DefaultColumnWidth="46.5"
   ss:DefaultRowHeight="15">
   <Column ss:StyleID="s22" ss:AutoFitWidth="0" ss:Width="432.75"/>
   <Column ss:StyleID="s33" ss:AutoFitWidth="0" ss:Width="44.25"/>
   <Column ss:StyleID="s34" ss:AutoFitWidth="0" ss:Width="93"/>
   <Column ss:StyleID="s22" ss:Hidden="1" ss:AutoFitWidth="0" ss:Width="51"/>
   <Row ss:AutoFitHeight="0" ss:Height="32.25">
    <Cell ss:StyleID="s64"><NamedCell ss:Name="Print_Area"/></Cell>
    <Cell ss:MergeAcross="1" ss:StyleID="s80"><Data ss:Type="String">Форма № 5-ВН&#10;(годовая)</Data><NamedCell
      ss:Name="Print_Area"/></Cell>
    <Cell ss:StyleID="s28"/>
   </Row>
   <Row ss:AutoFitHeight="0" ss:Height="34.5">
    <Cell ss:MergeAcross="2" ss:StyleID="s76"><Data ss:Type="String">ОТЧЕТ &#10;О НАЛОГОВОЙ БАЗЕ И СТРУКТУРЕ НАЧИСЛЕНИЙ ПО ВОДНОМУ НАЛОГУ</Data><NamedCell
      ss:Name="Print_Area"/></Cell>
    <Cell ss:StyleID="s27"/>
   </Row>
   <Row ss:AutoFitHeight="0" ss:Height="18.75">
    <Cell ss:MergeAcross="2" ss:StyleID="s78"><Data ss:Type="String">за 2006 год</Data><NamedCell
      ss:Name="Print_Area"/></Cell>
    <Cell ss:StyleID="s29"/>
   </Row>
   <Row ss:AutoFitHeight="0" ss:Height="18.75">
    <Cell ss:StyleID="s59"><NamedCell ss:Name="Print_Area"/></Cell>
    <Cell ss:StyleID="s60"><NamedCell ss:Name="Print_Area"/></Cell>
    <Cell ss:StyleID="s60"><NamedCell ss:Name="Print_Area"/></Cell>
    <Cell ss:StyleID="s29"/>
   </Row>
   <Row ss:AutoFitHeight="0">
    <Cell ss:StyleID="s61"><Data ss:Type="String">  Всего по России</Data><NamedCell
      ss:Name="Print_Area"/></Cell>
    <Cell ss:Index="3" ss:StyleID="s51"><Data ss:Type="String">тыс.рублей</Data><NamedCell
      ss:Name="Print_Area"/></Cell>
   </Row>
   <Row ss:AutoFitHeight="0" ss:Height="15.5625">
    <Cell ss:MergeDown="1" ss:StyleID="s84"><Data ss:Type="String">Показатели</Data><NamedCell
      ss:Name="Print_Area"/></Cell>
    <Cell ss:MergeDown="1" ss:StyleID="m37738096"><Data ss:Type="String">Код &#10;строки</Data><NamedCell
      ss:Name="Print_Area"/></Cell>
    <Cell ss:MergeDown="1" ss:StyleID="s84"><Data ss:Type="String">Значение показателей</Data><NamedCell
      ss:Name="Print_Area"/></Cell>
   </Row>
   <Row ss:AutoFitHeight="0" ss:Height="24"/>
   <Row ss:AutoFitHeight="0" ss:Height="14.25" ss:StyleID="s26">
    <Cell ss:StyleID="s52"><Data ss:Type="String">А</Data><NamedCell
      ss:Name="Print_Area"/></Cell>
    <Cell ss:StyleID="s53"><Data ss:Type="String">Б</Data><NamedCell
      ss:Name="Print_Area"/></Cell>
    <Cell ss:StyleID="s54"><Data ss:Type="Number">1</Data><NamedCell
      ss:Name="Print_Area"/></Cell>
   </Row>
   <Row ss:AutoFitHeight="0" ss:Height="21.75">
    <Cell ss:StyleID="s58"><Data ss:Type="String"> 1. Объемы водопользования (налоговая база) отчетного года: </Data><NamedCell
      ss:Name="Print_Area"/></Cell>
    <Cell ss:StyleID="s41"><NamedCell ss:Name="Print_Area"/></Cell>
    <Cell ss:StyleID="s42"><NamedCell ss:Name="Print_Area"/></Cell>
    <Cell ss:StyleID="s25"/>
    <Cell ss:StyleID="s23"/>
   </Row>
   <Row ss:AutoFitHeight="0" ss:Height="22.5">
    <Cell ss:StyleID="s56"><ss:Data ss:Type="String"
      xmlns="http://www.w3.org/TR/REC-html40">        объем забора воды из водных объектов, <B>млн.куб.м.</B></ss:Data><NamedCell
      ss:Name="Print_Area"/></Cell>
    <Cell ss:StyleID="s41"><Data ss:Type="Number">110</Data><NamedCell
      ss:Name="Print_Area"/></Cell>
    <Cell ss:StyleID="s42"><Data ss:Type="Number">51976</Data><NamedCell
      ss:Name="Print_Area"/></Cell>
    <Cell ss:StyleID="s25"/>
    <Cell ss:StyleID="s23"/>
   </Row>
   <Row ss:AutoFitHeight="0" ss:Height="32.25">
    <Cell ss:StyleID="s55"><ss:Data ss:Type="String"
      xmlns="http://www.w3.org/TR/REC-html40">                                в том числе:&#10;                     для водоснабжения населения, <B>млн.куб.м</B></ss:Data><NamedCell
      ss:Name="Print_Area"/></Cell>
    <Cell ss:StyleID="s41"><Data ss:Type="Number">120</Data><NamedCell
      ss:Name="Print_Area"/></Cell>
    <Cell ss:StyleID="s42"><Data ss:Type="Number">9710</Data><NamedCell
      ss:Name="Print_Area"/></Cell>
    <Cell ss:StyleID="s25"/>
    <Cell ss:StyleID="s23"/>
   </Row>
   <Row ss:AutoFitHeight="0" ss:Height="34.5">
    <Cell ss:StyleID="s55"><ss:Data ss:Type="String"
      xmlns="http://www.w3.org/TR/REC-html40">                                из строки 110: &#10;                     сверх установленных лимитов, <B>млн.куб.м.</B></ss:Data><NamedCell
      ss:Name="Print_Area"/></Cell>
    <Cell ss:StyleID="s41"><Data ss:Type="Number">121</Data><NamedCell
      ss:Name="Print_Area"/></Cell>
    <Cell ss:StyleID="s42"><Data ss:Type="Number">495</Data><NamedCell
      ss:Name="Print_Area"/></Cell>
    <Cell ss:StyleID="s25"/>
    <Cell ss:StyleID="s23"/>
   </Row>
   <Row ss:AutoFitHeight="0" ss:Height="32.25">
    <Cell ss:StyleID="s55"><ss:Data ss:Type="String"
      xmlns="http://www.w3.org/TR/REC-html40">        площади акваторий водных объектов, предоставленных &#10;        в пользование, <B>кв.км</B></ss:Data><NamedCell
      ss:Name="Print_Area"/></Cell>
    <Cell ss:StyleID="s41"><Data ss:Type="Number">140</Data><NamedCell
      ss:Name="Print_Area"/></Cell>
    <Cell ss:StyleID="s42"><Data ss:Type="Number">2096</Data><NamedCell
      ss:Name="Print_Area"/></Cell>
    <Cell ss:StyleID="s25"/>
    <Cell ss:StyleID="s23"/>
   </Row>
   <Row ss:AutoFitHeight="0" ss:Height="20.0625">
    <Cell ss:StyleID="s56"><ss:Data ss:Type="String"
      xmlns="http://www.w3.org/TR/REC-html40">        количество выработанной электроэнергии<B>, млн.кВт*ч</B></ss:Data><NamedCell
      ss:Name="Print_Area"/></Cell>
    <Cell ss:StyleID="s41"><Data ss:Type="Number">150</Data><NamedCell
      ss:Name="Print_Area"/></Cell>
    <Cell ss:StyleID="s42"><Data ss:Type="Number">173259</Data><NamedCell
      ss:Name="Print_Area"/></Cell>
    <Cell ss:StyleID="s25"/>
    <Cell ss:StyleID="s23"/>
   </Row>
   <Row ss:AutoFitHeight="0" ss:Height="33">
    <Cell ss:StyleID="s57"><Data ss:Type="String"> 2. Сумма налога, подлежащая уплате в бюджет за налоговые периоды &#10;     отчетного года, - всего, тыс. рублей</Data><NamedCell
      ss:Name="Print_Area"/></Cell>
    <Cell ss:StyleID="s43"><Data ss:Type="Number">200</Data><NamedCell
      ss:Name="Print_Area"/></Cell>
    <Cell ss:StyleID="s42"><Data ss:Type="Number">14844488</Data><NamedCell
      ss:Name="Print_Area"/></Cell>
    <Cell ss:StyleID="s30"/>
    <Cell ss:StyleID="s30"/>
    <Cell ss:StyleID="s30"/>
    <Cell ss:StyleID="s30"/>
   </Row>
   <Row ss:AutoFitHeight="0" ss:Height="19.5">
    <Cell ss:StyleID="s56"><Data ss:Type="String">                    в том числе:</Data><NamedCell
      ss:Name="Print_Area"/></Cell>
    <Cell ss:StyleID="s45"><NamedCell ss:Name="Print_Area"/></Cell>
    <Cell ss:StyleID="s42"><NamedCell ss:Name="Print_Area"/></Cell>
    <Cell ss:StyleID="s36"/>
    <Cell ss:StyleID="s23"/>
   </Row>
   <Row ss:AutoFitHeight="0" ss:Height="20.0625">
    <Cell ss:StyleID="s55"><Data ss:Type="String">        при осуществлении забора воды из водных объектов - всего</Data><NamedCell
      ss:Name="Print_Area"/></Cell>
    <Cell ss:StyleID="s41"><Data ss:Type="Number">210</Data><NamedCell
      ss:Name="Print_Area"/></Cell>
    <Cell ss:StyleID="s42"><Data ss:Type="Number">12716394</Data><NamedCell
      ss:Name="Print_Area"/></Cell>
    <Cell ss:StyleID="s25"/>
    <Cell ss:StyleID="s23"/>
   </Row>
   <Row ss:AutoFitHeight="0" ss:Height="34.5">
    <Cell ss:StyleID="s55"><Data ss:Type="String">                                в том числе:&#10;                     для водоснабжения населения</Data><NamedCell
      ss:Name="Print_Area"/></Cell>
    <Cell ss:StyleID="s41"><Data ss:Type="Number">220</Data><NamedCell
      ss:Name="Print_Area"/></Cell>
    <Cell ss:StyleID="s42"><Data ss:Type="Number">744625</Data><NamedCell
      ss:Name="Print_Area"/></Cell>
    <Cell ss:StyleID="s25"/>
    <Cell ss:StyleID="s23"/>
   </Row>
   <Row ss:AutoFitHeight="0" ss:Height="34.5">
    <Cell ss:StyleID="s55"><Data ss:Type="String">                               из строки 210: &#10;                     сверх установленных лимитов</Data><NamedCell
      ss:Name="Print_Area"/></Cell>
    <Cell ss:StyleID="s41"><Data ss:Type="Number">221</Data><NamedCell
      ss:Name="Print_Area"/></Cell>
    <Cell ss:StyleID="s42"><Data ss:Type="Number">480185</Data><NamedCell
      ss:Name="Print_Area"/></Cell>
    <Cell ss:StyleID="s25"/>
    <Cell ss:StyleID="s23"/>
   </Row>
   <Row ss:AutoFitHeight="0" ss:Height="32.25">
    <Cell ss:StyleID="s55"><Data ss:Type="String">        при использовании акваторий водных объектов, предоставленных &#10;        в пользование</Data><NamedCell
      ss:Name="Print_Area"/></Cell>
    <Cell ss:StyleID="s41"><Data ss:Type="Number">240</Data><NamedCell
      ss:Name="Print_Area"/></Cell>
    <Cell ss:StyleID="s42"><Data ss:Type="Number">54724</Data><NamedCell
      ss:Name="Print_Area"/></Cell>
    <Cell ss:StyleID="s25"/>
    <Cell ss:StyleID="s23"/>
   </Row>
   <Row ss:AutoFitHeight="0" ss:Height="32.25">
    <Cell ss:StyleID="s55"><Data ss:Type="String">        при пользовании водными объектами в целях удовлетворения &#10;        потребностей гидроэнергетики</Data><NamedCell
      ss:Name="Print_Area"/></Cell>
    <Cell ss:StyleID="s41"><Data ss:Type="Number">250</Data><NamedCell
      ss:Name="Print_Area"/></Cell>
    <Cell ss:StyleID="s42"><Data ss:Type="Number">2051958</Data><NamedCell
      ss:Name="Print_Area"/></Cell>
    <Cell ss:StyleID="s25"/>
    <Cell ss:StyleID="s23"/>
   </Row>
   <Row ss:AutoFitHeight="0" ss:Height="32.25">
    <Cell ss:StyleID="s55"><Data ss:Type="String">        из строки 200: при осуществлении безлицензионного &#10;        водопользования </Data><NamedCell
      ss:Name="Print_Area"/></Cell>
    <Cell ss:StyleID="s41"><Data ss:Type="Number">270</Data><NamedCell
      ss:Name="Print_Area"/></Cell>
    <Cell ss:StyleID="s42"><Data ss:Type="Number">583846</Data><NamedCell
      ss:Name="Print_Area"/></Cell>
    <Cell ss:StyleID="s25"/>
    <Cell ss:StyleID="s23"/>
   </Row>
   <Row ss:AutoFitHeight="0" ss:Height="55.5">
    <Cell ss:StyleID="s57"><Data ss:Type="String"> 3. Сумма налога, не поступившая в бюджет в связи с применением &#10;    пониженной ставки при заборе воды для водоснабжения &#10;    населения, тыс. рублей</Data><NamedCell
      ss:Name="Print_Area"/></Cell>
    <Cell ss:StyleID="s43"><Data ss:Type="Number">300</Data><NamedCell
      ss:Name="Print_Area"/></Cell>
    <Cell ss:StyleID="s42"><Data ss:Type="Number">2561478</Data><NamedCell
      ss:Name="Print_Area"/></Cell>
    <Cell ss:StyleID="s36"/>
    <Cell ss:StyleID="s36"/>
   </Row>
   <Row ss:AutoFitHeight="0" ss:Height="20.0625">
    <Cell ss:StyleID="s57"><Data ss:Type="String"> 4. Количество налогоплательщиков налога - всего</Data><NamedCell
      ss:Name="Print_Area"/></Cell>
    <Cell ss:StyleID="s43"><Data ss:Type="Number">400</Data><NamedCell
      ss:Name="Print_Area"/></Cell>
    <Cell ss:StyleID="s42"><Data ss:Type="Number">43358</Data><NamedCell
      ss:Name="Print_Area"/></Cell>
    <Cell ss:StyleID="s36"/>
    <Cell ss:StyleID="s36"/>
   </Row>
   <Row ss:AutoFitHeight="0" ss:Height="19.5">
    <Cell ss:StyleID="s56"><Data ss:Type="String">                    в том числе:</Data><NamedCell
      ss:Name="Print_Area"/></Cell>
    <Cell ss:StyleID="s45"><NamedCell ss:Name="Print_Area"/></Cell>
    <Cell ss:StyleID="s42"><NamedCell ss:Name="Print_Area"/></Cell>
    <Cell ss:StyleID="s36"/>
    <Cell ss:StyleID="s35"/>
    <Cell ss:StyleID="s37"/>
   </Row>
   <Row ss:AutoFitHeight="0" ss:Height="20.0625">
    <Cell ss:StyleID="s55"><Data ss:Type="String">        при осуществлении забора воды из водных объектов</Data><NamedCell
      ss:Name="Print_Area"/></Cell>
    <Cell ss:StyleID="s41"><Data ss:Type="Number">410</Data><NamedCell
      ss:Name="Print_Area"/></Cell>
    <Cell ss:StyleID="s42"><Data ss:Type="Number">37507</Data><NamedCell
      ss:Name="Print_Area"/></Cell>
    <Cell ss:StyleID="s25"/>
    <Cell ss:StyleID="s23"/>
   </Row>
   <Row ss:AutoFitHeight="0" ss:Height="31.5">
    <Cell ss:StyleID="s55"><Data ss:Type="String">                               из них:&#10;                     для водоснабжения населения</Data><NamedCell
      ss:Name="Print_Area"/></Cell>
    <Cell ss:StyleID="s41"><Data ss:Type="Number">420</Data><NamedCell
      ss:Name="Print_Area"/></Cell>
    <Cell ss:StyleID="s42"><Data ss:Type="Number">11603</Data><NamedCell
      ss:Name="Print_Area"/></Cell>
    <Cell ss:StyleID="s25"/>
    <Cell ss:StyleID="s23"/>
   </Row>
   <Row ss:AutoFitHeight="0" ss:Height="32.25">
    <Cell ss:StyleID="s55"><Data ss:Type="String">        при использовании акваторий водных объектов, предоставленных &#10;        в пользование</Data><NamedCell
      ss:Name="Print_Area"/></Cell>
    <Cell ss:StyleID="s41"><Data ss:Type="Number">440</Data><NamedCell
      ss:Name="Print_Area"/></Cell>
    <Cell ss:StyleID="s42"><Data ss:Type="Number">4288</Data><NamedCell
      ss:Name="Print_Area"/></Cell>
    <Cell ss:StyleID="s25"/>
    <Cell ss:StyleID="s23"/>
   </Row>
   <Row ss:AutoFitHeight="0" ss:Height="32.25">
    <Cell ss:StyleID="s55"><Data ss:Type="String">        при пользовании водными объектами в целях удовлетворения &#10;        потребностей гидроэнергетики</Data><NamedCell
      ss:Name="Print_Area"/></Cell>
    <Cell ss:StyleID="s41"><Data ss:Type="Number">450</Data><NamedCell
      ss:Name="Print_Area"/></Cell>
    <Cell ss:StyleID="s42"><Data ss:Type="Number">102</Data><NamedCell
      ss:Name="Print_Area"/></Cell>
    <Cell ss:StyleID="s25"/>
    <Cell ss:StyleID="s23"/>
   </Row>
   <Row ss:AutoFitHeight="0" ss:Height="32.25" ss:StyleID="s37">
    <Cell ss:StyleID="s55"><Data ss:Type="String">        из строки 400: при осуществлении безлицензионного &#10;        водопользования </Data><NamedCell
      ss:Name="Print_Area"/></Cell>
    <Cell ss:StyleID="s62"><Data ss:Type="Number">470</Data><NamedCell
      ss:Name="Print_Area"/></Cell>
    <Cell ss:StyleID="s42"><Data ss:Type="Number">14848</Data><NamedCell
      ss:Name="Print_Area"/></Cell>
    <Cell ss:StyleID="s46"/>
    <Cell ss:StyleID="s35"/>
   </Row>
   <Row ss:AutoFitHeight="0" ss:Height="17.25" ss:StyleID="s37">
    <Cell ss:StyleID="s47"><NamedCell ss:Name="Print_Area"/></Cell>
    <Cell ss:StyleID="s63"><NamedCell ss:Name="Print_Area"/></Cell>
    <Cell ss:StyleID="s49"><NamedCell ss:Name="Print_Area"/></Cell>
    <Cell ss:StyleID="s50"/>
    <Cell ss:StyleID="s35"/>
   </Row>
   <Row ss:AutoFitHeight="0" ss:Height="33.75" ss:StyleID="s37">
    <Cell ss:StyleID="s44"><NamedCell ss:Name="Print_Area"/></Cell>
    <Cell ss:MergeAcross="1" ss:StyleID="s82"><NamedCell ss:Name="Print_Area"/></Cell>
    <Cell ss:StyleID="s50"/>
    <Cell ss:StyleID="s35"/>
   </Row>
   <Row ss:StyleID="s37">
    <Cell ss:StyleID="s47"/>
    <Cell ss:StyleID="s48"/>
    <Cell ss:StyleID="s49"/>
    <Cell ss:StyleID="s50"/>
    <Cell ss:StyleID="s35"/>
   </Row>
   <Row ss:StyleID="s37">
    <Cell ss:StyleID="s47"/>
    <Cell ss:StyleID="s48"/>
    <Cell ss:StyleID="s49"/>
    <Cell ss:StyleID="s50"/>
    <Cell ss:StyleID="s35"/>
   </Row>
   <Row>
    <Cell ss:StyleID="s24"/>
    <Cell ss:StyleID="s32"/>
    <Cell ss:StyleID="s31"/>
    <Cell ss:StyleID="s25"/>
    <Cell ss:StyleID="s23"/>
   </Row>
   <Row>
    <Cell ss:StyleID="s24"/>
    <Cell ss:StyleID="s32"/>
    <Cell ss:StyleID="s31"/>
    <Cell ss:StyleID="s25"/>
    <Cell ss:StyleID="s23"/>
   </Row>
   <Row ss:AutoFitHeight="0" ss:Height="26.4375">
    <Cell ss:StyleID="s40"/>
    <Cell ss:StyleID="s38"/>
    <Cell ss:StyleID="s39"/>
    <Cell ss:StyleID="s25"/>
    <Cell ss:StyleID="s23"/>
   </Row>
   <Row>
    <Cell ss:StyleID="s44"/>
    <Cell ss:MergeAcross="1" ss:StyleID="s82"/>
    <Cell ss:StyleID="s25"/>
    <Cell ss:StyleID="s23"/>
   </Row>
   <Row>
    <Cell ss:StyleID="s24"/>
    <Cell ss:StyleID="s32"/>
    <Cell ss:StyleID="s31"/>
    <Cell ss:StyleID="s25"/>
    <Cell ss:StyleID="s23"/>
   </Row>
   <Row>
    <Cell ss:StyleID="s24"/>
    <Cell ss:StyleID="s32"/>
    <Cell ss:StyleID="s31"/>
    <Cell ss:StyleID="s25"/>
    <Cell ss:StyleID="s23"/>
   </Row>
   <Row>
    <Cell ss:StyleID="s24"/>
    <Cell ss:StyleID="s32"/>
    <Cell ss:StyleID="s31"/>
    <Cell ss:StyleID="s25"/>
    <Cell ss:StyleID="s23"/>
   </Row>
   <Row>
    <Cell ss:StyleID="s24"/>
    <Cell ss:StyleID="s32"/>
    <Cell ss:StyleID="s31"/>
    <Cell ss:StyleID="s25"/>
    <Cell ss:StyleID="s23"/>
   </Row>
   <Row>
    <Cell ss:StyleID="s24"/>
    <Cell ss:StyleID="s32"/>
    <Cell ss:StyleID="s31"/>
    <Cell ss:StyleID="s25"/>
    <Cell ss:StyleID="s23"/>
   </Row>
   <Row>
    <Cell ss:StyleID="s24"/>
    <Cell ss:StyleID="s32"/>
    <Cell ss:StyleID="s31"/>
    <Cell ss:StyleID="s25"/>
    <Cell ss:StyleID="s23"/>
   </Row>
   <Row>
    <Cell ss:StyleID="s24"/>
    <Cell ss:StyleID="s32"/>
    <Cell ss:StyleID="s31"/>
    <Cell ss:StyleID="s25"/>
    <Cell ss:StyleID="s23"/>
   </Row>
   <Row>
    <Cell ss:StyleID="s24"/>
    <Cell ss:StyleID="s32"/>
    <Cell ss:StyleID="s31"/>
    <Cell ss:StyleID="s25"/>
    <Cell ss:StyleID="s23"/>
   </Row>
   <Row>
    <Cell ss:StyleID="s24"/>
    <Cell ss:StyleID="s32"/>
    <Cell ss:StyleID="s31"/>
    <Cell ss:StyleID="s25"/>
    <Cell ss:StyleID="s23"/>
   </Row>
   <Row>
    <Cell ss:StyleID="s24"/>
    <Cell ss:StyleID="s32"/>
    <Cell ss:StyleID="s31"/>
    <Cell ss:StyleID="s25"/>
    <Cell ss:StyleID="s23"/>
   </Row>
   <Row>
    <Cell ss:StyleID="s24"/>
    <Cell ss:StyleID="s32"/>
    <Cell ss:StyleID="s31"/>
    <Cell ss:StyleID="s25"/>
    <Cell ss:StyleID="s23"/>
   </Row>
   <Row>
    <Cell ss:StyleID="s24"/>
    <Cell ss:StyleID="s32"/>
    <Cell ss:StyleID="s31"/>
    <Cell ss:StyleID="s25"/>
    <Cell ss:StyleID="s23"/>
   </Row>
   <Row ss:AutoFitHeight="0" ss:Height="27">
    <Cell ss:StyleID="s24"/>
    <Cell ss:StyleID="s32"/>
    <Cell ss:StyleID="s31"/>
    <Cell ss:StyleID="s25"/>
    <Cell ss:StyleID="s23"/>
   </Row>
   <Row ss:AutoFitHeight="0" ss:Height="13.875">
    <Cell ss:StyleID="s24"/>
    <Cell ss:StyleID="s32"/>
    <Cell ss:StyleID="s31"/>
    <Cell ss:StyleID="s25"/>
    <Cell ss:StyleID="s23"/>
   </Row>
   <Row>
    <Cell ss:StyleID="s24"/>
    <Cell ss:StyleID="s32"/>
    <Cell ss:StyleID="s31"/>
    <Cell ss:StyleID="s25"/>
    <Cell ss:StyleID="s23"/>
   </Row>
   <Row>
    <Cell ss:StyleID="s24"/>
    <Cell ss:StyleID="s32"/>
    <Cell ss:StyleID="s31"/>
    <Cell ss:StyleID="s25"/>
    <Cell ss:StyleID="s23"/>
   </Row>
   <Row>
    <Cell ss:StyleID="s24"/>
    <Cell ss:StyleID="s32"/>
    <Cell ss:StyleID="s31"/>
    <Cell ss:StyleID="s25"/>
    <Cell ss:StyleID="s23"/>
   </Row>
   <Row>
    <Cell ss:StyleID="s24"/>
    <Cell ss:StyleID="s32"/>
    <Cell ss:StyleID="s31"/>
    <Cell ss:StyleID="s25"/>
    <Cell ss:StyleID="s23"/>
   </Row>
   <Row>
    <Cell ss:StyleID="s24"/>
    <Cell ss:StyleID="s32"/>
    <Cell ss:StyleID="s31"/>
    <Cell ss:StyleID="s25"/>
    <Cell ss:StyleID="s23"/>
   </Row>
   <Row>
    <Cell ss:StyleID="s24"/>
    <Cell ss:StyleID="s32"/>
    <Cell ss:StyleID="s31"/>
    <Cell ss:StyleID="s25"/>
    <Cell ss:StyleID="s23"/>
   </Row>
   <Row>
    <Cell ss:StyleID="s24"/>
    <Cell ss:StyleID="s32"/>
    <Cell ss:StyleID="s31"/>
    <Cell ss:StyleID="s25"/>
    <Cell ss:StyleID="s23"/>
   </Row>
   <Row>
    <Cell ss:StyleID="s24"/>
    <Cell ss:StyleID="s32"/>
    <Cell ss:StyleID="s31"/>
    <Cell ss:StyleID="s25"/>
    <Cell ss:StyleID="s23"/>
   </Row>
   <Row>
    <Cell ss:StyleID="s24"/>
    <Cell ss:StyleID="s32"/>
    <Cell ss:StyleID="s31"/>
    <Cell ss:StyleID="s25"/>
    <Cell ss:StyleID="s23"/>
   </Row>
   <Row>
    <Cell ss:StyleID="s24"/>
    <Cell ss:StyleID="s32"/>
    <Cell ss:StyleID="s31"/>
    <Cell ss:StyleID="s25"/>
    <Cell ss:StyleID="s23"/>
   </Row>
   <Row>
    <Cell ss:StyleID="s24"/>
    <Cell ss:StyleID="s32"/>
    <Cell ss:StyleID="s31"/>
    <Cell ss:StyleID="s25"/>
    <Cell ss:StyleID="s23"/>
   </Row>
   <Row>
    <Cell ss:StyleID="s24"/>
    <Cell ss:StyleID="s32"/>
    <Cell ss:StyleID="s31"/>
    <Cell ss:StyleID="s25"/>
    <Cell ss:StyleID="s23"/>
   </Row>
   <Row>
    <Cell ss:StyleID="s24"/>
    <Cell ss:StyleID="s32"/>
    <Cell ss:StyleID="s31"/>
    <Cell ss:StyleID="s25"/>
    <Cell ss:StyleID="s23"/>
   </Row>
   <Row>
    <Cell ss:StyleID="s24"/>
    <Cell ss:StyleID="s32"/>
    <Cell ss:StyleID="s31"/>
    <Cell ss:StyleID="s25"/>
    <Cell ss:StyleID="s23"/>
   </Row>
   <Row ss:AutoFitHeight="0" ss:Height="28.875">
    <Cell ss:StyleID="s24"/>
    <Cell ss:StyleID="s32"/>
    <Cell ss:StyleID="s31"/>
    <Cell ss:StyleID="s25"/>
    <Cell ss:StyleID="s23"/>
   </Row>
   <Row>
    <Cell ss:StyleID="s24"/>
    <Cell ss:StyleID="s32"/>
    <Cell ss:StyleID="s31"/>
    <Cell ss:StyleID="s25"/>
    <Cell ss:StyleID="s23"/>
   </Row>
   <Row>
    <Cell ss:StyleID="s24"/>
    <Cell ss:StyleID="s32"/>
    <Cell ss:StyleID="s31"/>
    <Cell ss:StyleID="s25"/>
    <Cell ss:StyleID="s23"/>
   </Row>
   <Row>
    <Cell ss:StyleID="s24"/>
    <Cell ss:StyleID="s32"/>
    <Cell ss:StyleID="s31"/>
    <Cell ss:StyleID="s25"/>
    <Cell ss:StyleID="s23"/>
   </Row>
   <Row>
    <Cell ss:StyleID="s24"/>
    <Cell ss:StyleID="s32"/>
    <Cell ss:StyleID="s31"/>
    <Cell ss:StyleID="s25"/>
    <Cell ss:StyleID="s23"/>
   </Row>
   <Row>
    <Cell ss:StyleID="s24"/>
    <Cell ss:StyleID="s32"/>
    <Cell ss:StyleID="s31"/>
    <Cell ss:StyleID="s25"/>
    <Cell ss:StyleID="s23"/>
   </Row>
   <Row>
    <Cell ss:StyleID="s24"/>
    <Cell ss:StyleID="s32"/>
    <Cell ss:StyleID="s31"/>
    <Cell ss:StyleID="s25"/>
    <Cell ss:StyleID="s23"/>
   </Row>
   <Row ss:AutoFitHeight="0" ss:Height="28.875">
    <Cell ss:StyleID="s24"/>
    <Cell ss:StyleID="s32"/>
    <Cell ss:StyleID="s31"/>
    <Cell ss:StyleID="s25"/>
    <Cell ss:StyleID="s23"/>
   </Row>
   <Row>
    <Cell ss:StyleID="s24"/>
    <Cell ss:StyleID="s32"/>
    <Cell ss:StyleID="s31"/>
    <Cell ss:StyleID="s25"/>
    <Cell ss:StyleID="s23"/>
   </Row>
   <Row>
    <Cell ss:StyleID="s24"/>
    <Cell ss:StyleID="s32"/>
    <Cell ss:StyleID="s31"/>
    <Cell ss:StyleID="s25"/>
    <Cell ss:StyleID="s23"/>
   </Row>
   <Row>
    <Cell ss:StyleID="s24"/>
    <Cell ss:StyleID="s32"/>
    <Cell ss:StyleID="s31"/>
    <Cell ss:StyleID="s25"/>
    <Cell ss:StyleID="s23"/>
   </Row>
   <Row>
    <Cell ss:StyleID="s24"/>
    <Cell ss:StyleID="s32"/>
    <Cell ss:StyleID="s31"/>
    <Cell ss:StyleID="s25"/>
    <Cell ss:StyleID="s23"/>
   </Row>
   <Row>
    <Cell ss:StyleID="s24"/>
    <Cell ss:StyleID="s32"/>
    <Cell ss:StyleID="s31"/>
    <Cell ss:StyleID="s25"/>
    <Cell ss:StyleID="s23"/>
   </Row>
   <Row>
    <Cell ss:StyleID="s24"/>
    <Cell ss:StyleID="s32"/>
    <Cell ss:StyleID="s31"/>
    <Cell ss:StyleID="s25"/>
    <Cell ss:StyleID="s23"/>
   </Row>
   <Row>
    <Cell ss:StyleID="s24"/>
    <Cell ss:StyleID="s32"/>
    <Cell ss:StyleID="s31"/>
    <Cell ss:StyleID="s25"/>
    <Cell ss:StyleID="s23"/>
   </Row>
   <Row>
    <Cell ss:StyleID="s24"/>
    <Cell ss:StyleID="s32"/>
    <Cell ss:StyleID="s31"/>
    <Cell ss:StyleID="s25"/>
    <Cell ss:StyleID="s23"/>
   </Row>
   <Row>
    <Cell ss:StyleID="s24"/>
    <Cell ss:StyleID="s32"/>
    <Cell ss:StyleID="s31"/>
    <Cell ss:StyleID="s25"/>
    <Cell ss:StyleID="s23"/>
   </Row>
   <Row>
    <Cell ss:StyleID="s24"/>
    <Cell ss:StyleID="s32"/>
    <Cell ss:StyleID="s31"/>
    <Cell ss:StyleID="s25"/>
    <Cell ss:StyleID="s23"/>
   </Row>
   <Row>
    <Cell ss:StyleID="s24"/>
    <Cell ss:StyleID="s32"/>
    <Cell ss:StyleID="s31"/>
    <Cell ss:StyleID="s25"/>
    <Cell ss:StyleID="s23"/>
   </Row>
   <Row>
    <Cell ss:StyleID="s24"/>
    <Cell ss:StyleID="s32"/>
    <Cell ss:StyleID="s31"/>
    <Cell ss:StyleID="s25"/>
    <Cell ss:StyleID="s23"/>
   </Row>
   <Row>
    <Cell ss:StyleID="s24"/>
    <Cell ss:StyleID="s32"/>
    <Cell ss:StyleID="s31"/>
    <Cell ss:StyleID="s25"/>
    <Cell ss:StyleID="s23"/>
   </Row>
   <Row>
    <Cell ss:StyleID="s24"/>
    <Cell ss:StyleID="s32"/>
    <Cell ss:StyleID="s31"/>
    <Cell ss:StyleID="s25"/>
    <Cell ss:StyleID="s23"/>
   </Row>
   <Row>
    <Cell ss:StyleID="s24"/>
    <Cell ss:StyleID="s32"/>
    <Cell ss:StyleID="s31"/>
    <Cell ss:StyleID="s25"/>
    <Cell ss:StyleID="s23"/>
   </Row>
   <Row>
    <Cell ss:StyleID="s24"/>
    <Cell ss:StyleID="s32"/>
    <Cell ss:StyleID="s31"/>
    <Cell ss:StyleID="s25"/>
    <Cell ss:StyleID="s23"/>
   </Row>
   <Row ss:AutoFitHeight="0" ss:Height="28.875">
    <Cell ss:StyleID="s24"/>
    <Cell ss:StyleID="s32"/>
    <Cell ss:StyleID="s31"/>
    <Cell ss:StyleID="s25"/>
    <Cell ss:StyleID="s23"/>
   </Row>
   <Row ss:AutoFitHeight="0" ss:Height="13.875">
    <Cell ss:StyleID="s24"/>
    <Cell ss:StyleID="s32"/>
    <Cell ss:StyleID="s31"/>
    <Cell ss:StyleID="s25"/>
    <Cell ss:StyleID="s23"/>
   </Row>
   <Row>
    <Cell ss:StyleID="s24"/>
    <Cell ss:StyleID="s32"/>
    <Cell ss:StyleID="s31"/>
    <Cell ss:StyleID="s25"/>
    <Cell ss:StyleID="s23"/>
   </Row>
   <Row>
    <Cell ss:StyleID="s24"/>
    <Cell ss:StyleID="s32"/>
    <Cell ss:StyleID="s31"/>
    <Cell ss:StyleID="s25"/>
    <Cell ss:StyleID="s23"/>
   </Row>
   <Row>
    <Cell ss:StyleID="s24"/>
    <Cell ss:StyleID="s32"/>
    <Cell ss:StyleID="s31"/>
    <Cell ss:StyleID="s25"/>
    <Cell ss:StyleID="s23"/>
   </Row>
   <Row>
    <Cell ss:StyleID="s24"/>
    <Cell ss:StyleID="s32"/>
    <Cell ss:StyleID="s31"/>
    <Cell ss:StyleID="s25"/>
    <Cell ss:StyleID="s23"/>
   </Row>
   <Row>
    <Cell ss:StyleID="s24"/>
    <Cell ss:StyleID="s32"/>
    <Cell ss:StyleID="s31"/>
    <Cell ss:StyleID="s25"/>
    <Cell ss:StyleID="s23"/>
   </Row>
   <Row>
    <Cell ss:StyleID="s24"/>
    <Cell ss:StyleID="s32"/>
    <Cell ss:StyleID="s31"/>
    <Cell ss:StyleID="s25"/>
    <Cell ss:StyleID="s23"/>
   </Row>
   <Row>
    <Cell ss:StyleID="s24"/>
    <Cell ss:StyleID="s32"/>
    <Cell ss:StyleID="s31"/>
    <Cell ss:StyleID="s25"/>
    <Cell ss:StyleID="s23"/>
   </Row>
   <Row>
    <Cell ss:StyleID="s24"/>
    <Cell ss:StyleID="s32"/>
    <Cell ss:StyleID="s31"/>
    <Cell ss:StyleID="s25"/>
    <Cell ss:StyleID="s23"/>
   </Row>
   <Row>
    <Cell ss:StyleID="s24"/>
    <Cell ss:StyleID="s32"/>
    <Cell ss:StyleID="s31"/>
    <Cell ss:StyleID="s25"/>
    <Cell ss:StyleID="s23"/>
   </Row>
   <Row ss:AutoFitHeight="0">
    <Cell ss:StyleID="s24"/>
    <Cell ss:StyleID="s32"/>
    <Cell ss:StyleID="s31"/>
    <Cell ss:StyleID="s25"/>
   </Row>
   <Row>
    <Cell ss:StyleID="s24"/>
    <Cell ss:StyleID="s32"/>
    <Cell ss:StyleID="s31"/>
    <Cell ss:StyleID="s25"/>
   </Row>
  </Table>
  <WorksheetOptions xmlns="urn:schemas-microsoft-com:office:excel">
   <PageSetup>
    <Header x:Margin="0.19685039370078741" x:Data="&amp;R- &amp;P -"/>
    <Footer x:Margin="0.15748031496062992"/>
    <PageMargins x:Bottom="0.78740157480314965" x:Left="0.78740157480314965"
     x:Right="0.39370078740157483" x:Top="0.39370078740157483"/>
   </PageSetup>
   <Print>
    <ValidPrinterInfo/>
    <PaperSizeIndex>9</PaperSizeIndex>
    <Scale>80</Scale>
    <HorizontalResolution>600</HorizontalResolution>
    <VerticalResolution>300</VerticalResolution>
   </Print>
   <Zoom>90</Zoom>
   <Selected/>
   <Panes>
    <Pane>
     <Number>3</Number>
     <ActiveRow>36</ActiveRow>
     <ActiveCol>8</ActiveCol>
    </Pane>
   </Panes>
   <ProtectObjects>False</ProtectObjects>
   <ProtectScenarios>False</ProtectScenarios>
  </WorksheetOptions>
 </Worksheet>
 <Worksheet ss:Name="hidden1">
  <Table ss:ExpandedColumnCount="28" ss:ExpandedRowCount="20" x:FullColumns="1"
   x:FullRows="1">
   <Row>
    <Cell><Data ss:Type="Number">51976</Data></Cell>
    <Cell ss:Index="28" ss:StyleID="s21"/>
   </Row>
   <Row>
    <Cell><Data ss:Type="Number">9710</Data></Cell>
   </Row>
   <Row>
    <Cell><Data ss:Type="Number">495</Data></Cell>
   </Row>
   <Row>
    <Cell><Data ss:Type="Number">2096</Data></Cell>
   </Row>
   <Row>
    <Cell><Data ss:Type="Number">173259</Data></Cell>
   </Row>
   <Row>
    <Cell><Data ss:Type="Number">14844488</Data></Cell>
   </Row>
   <Row>
    <Cell><Data ss:Type="Number">12716394</Data></Cell>
   </Row>
   <Row>
    <Cell><Data ss:Type="Number">744625</Data></Cell>
   </Row>
   <Row>
    <Cell><Data ss:Type="Number">480185</Data></Cell>
   </Row>
   <Row>
    <Cell><Data ss:Type="Number">54724</Data></Cell>
   </Row>
   <Row>
    <Cell><Data ss:Type="Number">2051958</Data></Cell>
   </Row>
   <Row>
    <Cell><Data ss:Type="Number">583846</Data></Cell>
   </Row>
   <Row>
    <Cell><Data ss:Type="Number">2561478</Data></Cell>
   </Row>
   <Row>
    <Cell><Data ss:Type="Number">43358</Data></Cell>
   </Row>
   <Row>
    <Cell><Data ss:Type="Number">37507</Data></Cell>
   </Row>
   <Row>
    <Cell><Data ss:Type="Number">11603</Data></Cell>
   </Row>
   <Row>
    <Cell><Data ss:Type="Number">4288</Data></Cell>
   </Row>
   <Row>
    <Cell><Data ss:Type="Number">102</Data></Cell>
   </Row>
   <Row>
    <Cell><Data ss:Type="Number">14848</Data></Cell>
   </Row>
   <Row>
    <Cell><Data ss:Type="Number">34386940</Data></Cell>
   </Row>
  </Table>
  <WorksheetOptions xmlns="urn:schemas-microsoft-com:office:excel">
   <Visible>SheetHidden</Visible>
   <Zoom>75</Zoom>
   <ProtectObjects>False</ProtectObjects>
   <ProtectScenarios>False</ProtectScenarios>
  </WorksheetOptions>
 </Worksheet>
 <Worksheet ss:Name="hidden2">
  <Table ss:ExpandedColumnCount="2" ss:ExpandedRowCount="38" x:FullColumns="1"
   x:FullRows="1">
   <Column ss:AutoFitWidth="0" ss:Width="127.5"/>
   <Row>
    <Cell><Data ss:Type="String">на 01.01.2007 г.</Data></Cell>
    <Cell><Data ss:Type="Number">1</Data></Cell>
   </Row>
   <Row>
    <Cell><Data ss:Type="String">на 01.12.2006 г.</Data></Cell>
    <Cell><Data ss:Type="Number">2</Data></Cell>
   </Row>
   <Row>
    <Cell><Data ss:Type="String">на 01.10.2006 г.</Data></Cell>
    <Cell><Data ss:Type="Number">3</Data></Cell>
   </Row>
   <Row>
    <Cell><Data ss:Type="String">на 01.01.2006 г.</Data></Cell>
    <Cell><Data ss:Type="Number">4</Data></Cell>
   </Row>
   <Row>
    <Cell><Data ss:Type="String">на 01 января 2007 года</Data></Cell>
    <Cell><Data ss:Type="Number">5</Data></Cell>
   </Row>
   <Row>
    <Cell><Data ss:Type="String">на 01 декабря 2006 года</Data></Cell>
    <Cell><Data ss:Type="Number">6</Data></Cell>
   </Row>
   <Row>
    <Cell><Data ss:Type="String">на 01 октября 2006 года</Data></Cell>
    <Cell><Data ss:Type="Number">7</Data></Cell>
   </Row>
   <Row>
    <Cell><Data ss:Type="String">на 01 января 2006 года</Data></Cell>
    <Cell><Data ss:Type="Number">8</Data></Cell>
   </Row>
   <Row>
    <Cell><Data ss:Type="String">по состоянию на 01.01.2007 г.</Data></Cell>
    <Cell><Data ss:Type="Number">9</Data></Cell>
   </Row>
   <Row>
    <Cell><Data ss:Type="String">по состоянию на 01.12.2006 г.</Data></Cell>
    <Cell><Data ss:Type="Number">10</Data></Cell>
   </Row>
   <Row>
    <Cell><Data ss:Type="String">по состоянию на 01.10.2006 г.</Data></Cell>
    <Cell><Data ss:Type="Number">11</Data></Cell>
   </Row>
   <Row>
    <Cell><Data ss:Type="String">по состоянию на 01.01.2006 г.</Data></Cell>
    <Cell><Data ss:Type="Number">12</Data></Cell>
   </Row>
   <Row>
    <Cell><Data ss:Type="String">по состоянию на 01 января 2007 года</Data></Cell>
    <Cell><Data ss:Type="Number">13</Data></Cell>
   </Row>
   <Row>
    <Cell><Data ss:Type="String">по состоянию на 01 декабря 2006 года</Data></Cell>
    <Cell><Data ss:Type="Number">14</Data></Cell>
   </Row>
   <Row>
    <Cell><Data ss:Type="String">по состоянию на 01 октября 2006 года</Data></Cell>
    <Cell><Data ss:Type="Number">15</Data></Cell>
   </Row>
   <Row>
    <Cell><Data ss:Type="String">по состоянию на 01 января 2006 года</Data></Cell>
    <Cell><Data ss:Type="Number">16</Data></Cell>
   </Row>
   <Row>
    <Cell><Data ss:Type="String">в  январe 2007 года</Data></Cell>
    <Cell><Data ss:Type="Number">17</Data></Cell>
   </Row>
   <Row>
    <Cell><Data ss:Type="String">на январь</Data></Cell>
    <Cell><Data ss:Type="Number">18</Data></Cell>
   </Row>
   <Row>
    <Cell><Data ss:Type="String">за январь</Data></Cell>
    <Cell><Data ss:Type="Number">19</Data></Cell>
   </Row>
   <Row>
    <Cell><Data ss:Type="String">в январе</Data></Cell>
    <Cell><Data ss:Type="Number">20</Data></Cell>
   </Row>
   <Row>
    <Cell><Data ss:Type="String">на январь 2007 г.</Data></Cell>
    <Cell><Data ss:Type="Number">21</Data></Cell>
   </Row>
   <Row>
    <Cell><Data ss:Type="String">за январь  2007 г.</Data></Cell>
    <Cell><Data ss:Type="Number">22</Data></Cell>
   </Row>
   <Row>
    <Cell><Data ss:Type="String">за январь  2007 г.</Data></Cell>
    <Cell><Data ss:Type="Number">23</Data></Cell>
   </Row>
   <Row>
    <Cell><Data ss:Type="String">на январь 2006 г.</Data></Cell>
    <Cell><Data ss:Type="Number">24</Data></Cell>
   </Row>
   <Row>
    <Cell><Data ss:Type="String">за январь  2006 г.</Data></Cell>
    <Cell><Data ss:Type="Number">25</Data></Cell>
   </Row>
   <Row>
    <Cell><Data ss:Type="String">в январе  2006 г.</Data></Cell>
    <Cell><Data ss:Type="Number">26</Data></Cell>
   </Row>
   <Row>
    <Cell><Data ss:Type="String">12 мес.</Data></Cell>
    <Cell><Data ss:Type="Number">27</Data></Cell>
   </Row>
   <Row>
    <Cell><Data ss:Type="String">за 12 мес.</Data></Cell>
    <Cell><Data ss:Type="Number">28</Data></Cell>
   </Row>
   <Row>
    <Cell><Data ss:Type="String">12 месяцев</Data></Cell>
    <Cell><Data ss:Type="Number">29</Data></Cell>
   </Row>
   <Row>
    <Cell><Data ss:Type="String">за 12 месяцев</Data></Cell>
    <Cell><Data ss:Type="Number">30</Data></Cell>
   </Row>
   <Row>
    <Cell><Data ss:Type="String">декабрь</Data></Cell>
    <Cell><Data ss:Type="Number">31</Data></Cell>
   </Row>
   <Row>
    <Cell><Data ss:Type="String">ноябрь</Data></Cell>
    <Cell><Data ss:Type="Number">32</Data></Cell>
   </Row>
   <Row>
    <Cell><Data ss:Type="String">октябрь</Data></Cell>
    <Cell><Data ss:Type="Number">33</Data></Cell>
   </Row>
   <Row>
    <Cell><Data ss:Type="String">Поступило         01.01.2007 г.        12 мес.</Data></Cell>
    <Cell><Data ss:Type="Number">34</Data></Cell>
   </Row>
   <Row>
    <Cell><Data ss:Type="String">в  декабрe 2006 года</Data></Cell>
    <Cell><Data ss:Type="Number">35</Data></Cell>
   </Row>
   <Row>
    <Cell><Data ss:Type="String">на 01.07.2006 г.</Data></Cell>
    <Cell><Data ss:Type="Number">36</Data></Cell>
   </Row>
   <Row>
    <Cell><Data ss:Type="String"> январь</Data></Cell>
    <Cell><Data ss:Type="Number">37</Data></Cell>
   </Row>
   <Row>
    <Cell><Data ss:Type="String">январь</Data></Cell>
    <Cell><Data ss:Type="Number">37</Data></Cell>
   </Row>
  </Table>
  <WorksheetOptions xmlns="urn:schemas-microsoft-com:office:excel">
   <Visible>SheetHidden</Visible>
   <ProtectObjects>False</ProtectObjects>
   <ProtectScenarios>False</ProtectScenarios>
  </WorksheetOptions>
 </Worksheet>
</Workbook>
