<?xml version="1.0"?>
<?mso-application progid="Excel.Sheet"?>
<Workbook xmlns="urn:schemas-microsoft-com:office:spreadsheet"
 xmlns:o="urn:schemas-microsoft-com:office:office"
 xmlns:x="urn:schemas-microsoft-com:office:excel"
 xmlns:ss="urn:schemas-microsoft-com:office:spreadsheet"
 xmlns:html="http://www.w3.org/TR/REC-html40">
 <DocumentProperties xmlns="urn:schemas-microsoft-com:office:office">
  <Author>user</Author>
  <LastAuthor>balmaster</LastAuthor>
  <LastPrinted>2008-06-10T12:58:03Z</LastPrinted>
  <Created>2003-11-17T14:52:14Z</Created>
  <LastSaved>2010-03-23T13:56:56Z</LastSaved>
  <Company>мнс</Company>
  <Version>12.00</Version>
 </DocumentProperties>
 <ExcelWorkbook xmlns="urn:schemas-microsoft-com:office:excel">
  <WindowHeight>4875</WindowHeight>
  <WindowWidth>9405</WindowWidth>
  <WindowTopX>90</WindowTopX>
  <WindowTopY>30</WindowTopY>
  <ProtectStructure>False</ProtectStructure>
  <ProtectWindows>False</ProtectWindows>
 </ExcelWorkbook>
 <Styles>
  <Style ss:ID="Default" ss:Name="Normal">
   <Alignment ss:Vertical="Bottom"/>
   <Borders/>
   <Font ss:FontName="Arial Cyr" x:CharSet="204"/>
   <Interior/>
   <NumberFormat/>
   <Protection/>
  </Style>
  <Style ss:ID="s20" ss:Name="Процентный">
   <NumberFormat ss:Format="0%"/>
  </Style>
  <Style ss:ID="m37738464">
   <Alignment ss:Horizontal="Center" ss:Vertical="Center" ss:WrapText="1"/>
   <Borders>
    <Border ss:Position="Bottom" ss:LineStyle="Continuous" ss:Weight="1"/>
    <Border ss:Position="Left" ss:LineStyle="Continuous" ss:Weight="1"/>
    <Border ss:Position="Right" ss:LineStyle="Continuous" ss:Weight="1"/>
    <Border ss:Position="Top" ss:LineStyle="Continuous" ss:Weight="1"/>
   </Borders>
   <Font ss:FontName="Arial Cyr" x:CharSet="204" x:Family="Swiss" ss:Size="11"/>
  </Style>
  <Style ss:ID="m37735548">
   <Alignment ss:Horizontal="Center" ss:Vertical="Center" ss:WrapText="1"/>
   <Borders>
    <Border ss:Position="Bottom" ss:LineStyle="Continuous" ss:Weight="1"/>
    <Border ss:Position="Left" ss:LineStyle="Continuous" ss:Weight="1"/>
    <Border ss:Position="Right" ss:LineStyle="Continuous" ss:Weight="1"/>
    <Border ss:Position="Top" ss:LineStyle="Continuous" ss:Weight="1"/>
   </Borders>
   <Font ss:FontName="Arial Cyr" x:CharSet="204" x:Family="Swiss" ss:Size="11"/>
  </Style>
  <Style ss:ID="m37735568">
   <Alignment ss:Horizontal="Center" ss:Vertical="Center"/>
   <Borders>
    <Border ss:Position="Bottom" ss:LineStyle="Continuous" ss:Weight="1"/>
    <Border ss:Position="Right" ss:LineStyle="Continuous" ss:Weight="1"/>
    <Border ss:Position="Top" ss:LineStyle="Continuous" ss:Weight="1"/>
   </Borders>
   <Font ss:FontName="Arial Cyr" x:CharSet="204" x:Family="Swiss" ss:Size="11"/>
  </Style>
  <Style ss:ID="m37735588">
   <Alignment ss:Horizontal="Center" ss:Vertical="Center"/>
   <Borders>
    <Border ss:Position="Bottom" ss:LineStyle="Continuous" ss:Weight="1"/>
    <Border ss:Position="Left" ss:LineStyle="Continuous" ss:Weight="1"/>
    <Border ss:Position="Right" ss:LineStyle="Continuous" ss:Weight="1"/>
    <Border ss:Position="Top" ss:LineStyle="Continuous" ss:Weight="1"/>
   </Borders>
   <Font ss:FontName="Arial Cyr" x:CharSet="204" x:Family="Swiss" ss:Size="11"/>
  </Style>
  <Style ss:ID="m37735648">
   <Alignment ss:Horizontal="Center" ss:Vertical="Center" ss:WrapText="1"/>
   <Borders>
    <Border ss:Position="Bottom" ss:LineStyle="Continuous" ss:Weight="1"/>
    <Border ss:Position="Left" ss:LineStyle="Continuous" ss:Weight="1"/>
    <Border ss:Position="Right" ss:LineStyle="Continuous" ss:Weight="1"/>
    <Border ss:Position="Top" ss:LineStyle="Continuous" ss:Weight="1"/>
   </Borders>
   <Font ss:FontName="Arial Cyr" x:CharSet="204" x:Family="Swiss" ss:Size="11"/>
  </Style>
  <Style ss:ID="m37735668">
   <Alignment ss:Horizontal="Center" ss:Vertical="Center" ss:WrapText="1"/>
   <Borders>
    <Border ss:Position="Bottom" ss:LineStyle="Continuous" ss:Weight="1"/>
    <Border ss:Position="Left" ss:LineStyle="Continuous" ss:Weight="1"/>
    <Border ss:Position="Right" ss:LineStyle="Continuous" ss:Weight="1"/>
   </Borders>
   <Font ss:FontName="Arial Cyr" x:CharSet="204" x:Family="Swiss" ss:Size="11"/>
  </Style>
  <Style ss:ID="s23">
   <Font ss:FontName="Arial Cyr" x:CharSet="204" x:Family="Swiss"/>
  </Style>
  <Style ss:ID="s24">
   <Alignment ss:Horizontal="Left" ss:Vertical="Bottom" ss:Indent="2"
    ss:WrapText="1"/>
   <Borders>
    <Border ss:Position="Bottom" ss:LineStyle="Continuous" ss:Weight="1"/>
    <Border ss:Position="Left" ss:LineStyle="Continuous" ss:Weight="1"/>
    <Border ss:Position="Right" ss:LineStyle="Continuous" ss:Weight="1"/>
   </Borders>
   <Font ss:FontName="Arial Cyr" x:CharSet="204" x:Family="Swiss" ss:Size="11"/>
  </Style>
  <Style ss:ID="s25">
   <Alignment ss:Horizontal="Left" ss:Vertical="Bottom" ss:Indent="1"
    ss:WrapText="1"/>
   <Borders>
    <Border ss:Position="Bottom" ss:LineStyle="Continuous" ss:Weight="1"/>
    <Border ss:Position="Left" ss:LineStyle="Continuous" ss:Weight="1"/>
    <Border ss:Position="Right" ss:LineStyle="Continuous" ss:Weight="1"/>
   </Borders>
   <Font ss:FontName="Arial Cyr" x:CharSet="204" x:Family="Swiss" ss:Size="11"
    ss:Bold="1"/>
  </Style>
  <Style ss:ID="s26">
   <Alignment ss:Horizontal="Left" ss:Vertical="Bottom" ss:Indent="1"
    ss:WrapText="1"/>
   <Borders>
    <Border ss:Position="Bottom" ss:LineStyle="Continuous" ss:Weight="1"/>
    <Border ss:Position="Left" ss:LineStyle="Continuous" ss:Weight="1"/>
    <Border ss:Position="Right" ss:LineStyle="Continuous" ss:Weight="1"/>
   </Borders>
   <Font ss:FontName="Arial Cyr" x:CharSet="204" x:Family="Swiss" ss:Size="11"/>
  </Style>
  <Style ss:ID="s27">
   <Alignment ss:Horizontal="Left" ss:Vertical="Bottom" ss:Indent="1"
    ss:WrapText="1"/>
   <Borders>
    <Border ss:Position="Bottom" ss:LineStyle="Continuous" ss:Weight="1"/>
    <Border ss:Position="Left" ss:LineStyle="Continuous" ss:Weight="1"/>
    <Border ss:Position="Right" ss:LineStyle="Continuous" ss:Weight="1"/>
    <Border ss:Position="Top" ss:LineStyle="Continuous" ss:Weight="1"/>
   </Borders>
   <Font ss:FontName="Arial Cyr" x:CharSet="204" x:Family="Swiss" ss:Size="11"/>
  </Style>
  <Style ss:ID="s28">
   <Alignment ss:Horizontal="Left" ss:Vertical="Bottom" ss:Indent="2"
    ss:WrapText="1"/>
   <Borders>
    <Border ss:Position="Bottom" ss:LineStyle="Continuous" ss:Weight="1"/>
    <Border ss:Position="Left" ss:LineStyle="Continuous" ss:Weight="1"/>
    <Border ss:Position="Right" ss:LineStyle="Continuous" ss:Weight="1"/>
    <Border ss:Position="Top" ss:LineStyle="Continuous" ss:Weight="1"/>
   </Borders>
   <Font ss:FontName="Arial Cyr" x:CharSet="204" x:Family="Swiss" ss:Size="11"/>
  </Style>
  <Style ss:ID="s29">
   <Alignment ss:Horizontal="Center" ss:Vertical="Bottom" ss:WrapText="1"/>
   <Borders>
    <Border ss:Position="Bottom" ss:LineStyle="Continuous" ss:Weight="1"/>
    <Border ss:Position="Right" ss:LineStyle="Continuous" ss:Weight="1"/>
   </Borders>
   <Font ss:FontName="Arial Cyr" x:CharSet="204" x:Family="Swiss" ss:Size="11"/>
   <NumberFormat ss:Format="@"/>
  </Style>
  <Style ss:ID="s30">
   <Alignment ss:Horizontal="Center" ss:Vertical="Bottom"/>
   <Borders>
    <Border ss:Position="Bottom" ss:LineStyle="Continuous" ss:Weight="1"/>
    <Border ss:Position="Left" ss:LineStyle="Continuous" ss:Weight="1"/>
    <Border ss:Position="Right" ss:LineStyle="Continuous" ss:Weight="1"/>
    <Border ss:Position="Top" ss:LineStyle="Continuous" ss:Weight="1"/>
   </Borders>
   <Font ss:FontName="Arial Cyr" x:CharSet="204" x:Family="Swiss" ss:Size="11"/>
   <NumberFormat ss:Format="@"/>
  </Style>
  <Style ss:ID="s31">
   <Alignment ss:Horizontal="Right" ss:Vertical="Bottom" ss:WrapText="1"/>
   <Borders>
    <Border ss:Position="Bottom" ss:LineStyle="Continuous" ss:Weight="1"/>
    <Border ss:Position="Right" ss:LineStyle="Continuous" ss:Weight="1"/>
   </Borders>
   <Font ss:FontName="Arial Cyr" x:CharSet="204" x:Family="Swiss" ss:Size="11"/>
   <NumberFormat ss:Format="#,##0"/>
  </Style>
  <Style ss:ID="s32">
   <Alignment ss:Horizontal="Right" ss:Vertical="Bottom" ss:WrapText="1"/>
   <Font ss:FontName="Arial Cyr" x:CharSet="204" x:Family="Swiss" ss:Size="11"/>
  </Style>
  <Style ss:ID="s33">
   <Alignment ss:Horizontal="Right" ss:Vertical="Bottom"/>
   <Font ss:FontName="Arial Cyr" x:CharSet="204" x:Family="Swiss" ss:Size="11"/>
  </Style>
  <Style ss:ID="s34">
   <Alignment ss:Horizontal="Right" ss:Vertical="Bottom" ss:WrapText="1"/>
   <Borders/>
   <Font ss:FontName="Arial Cyr" x:CharSet="204" x:Family="Swiss" ss:Size="11"/>
   <NumberFormat ss:Format="#,##0"/>
  </Style>
  <Style ss:ID="s35">
   <Alignment ss:Horizontal="Center" ss:Vertical="Center" ss:WrapText="1"/>
   <Borders>
    <Border ss:Position="Left" ss:LineStyle="Continuous" ss:Weight="1"/>
    <Border ss:Position="Right" ss:LineStyle="Continuous" ss:Weight="1"/>
    <Border ss:Position="Top" ss:LineStyle="Continuous" ss:Weight="1"/>
   </Borders>
   <Font ss:FontName="Arial Cyr" x:CharSet="204" x:Family="Swiss" ss:Size="11"/>
  </Style>
  <Style ss:ID="s36">
   <Alignment ss:Horizontal="Right" ss:Vertical="Bottom" ss:WrapText="1"/>
   <Font ss:FontName="Arial Cyr" x:CharSet="204" x:Family="Swiss"/>
  </Style>
  <Style ss:ID="s37">
   <Alignment ss:Vertical="Bottom"/>
   <Font ss:FontName="Arial Cyr" x:CharSet="204" x:Family="Swiss"/>
  </Style>
  <Style ss:ID="s38">
   <Alignment ss:Horizontal="Left" ss:Vertical="Bottom"/>
   <Borders>
    <Border ss:Position="Bottom" ss:LineStyle="Continuous" ss:Weight="1"/>
   </Borders>
   <Font ss:FontName="Arial Cyr" x:CharSet="204" x:Family="Swiss" ss:Size="11"
    ss:Bold="1"/>
  </Style>
  <Style ss:ID="s39">
   <Alignment ss:Horizontal="Center" ss:Vertical="Center" ss:WrapText="1"/>
   <Borders>
    <Border ss:Position="Bottom" ss:LineStyle="Continuous" ss:Weight="1"/>
    <Border ss:Position="Left" ss:LineStyle="Continuous" ss:Weight="1"/>
    <Border ss:Position="Right" ss:LineStyle="Continuous" ss:Weight="1"/>
    <Border ss:Position="Top" ss:LineStyle="Continuous" ss:Weight="1"/>
   </Borders>
   <Font ss:FontName="Arial Cyr" x:CharSet="204" x:Family="Swiss" ss:Size="11"/>
  </Style>
  <Style ss:ID="s40" ss:Parent="s20">
   <Alignment ss:Horizontal="Left" ss:Vertical="Bottom" ss:Indent="1"
    ss:WrapText="1"/>
   <Borders>
    <Border ss:Position="Bottom" ss:LineStyle="Continuous" ss:Weight="1"/>
    <Border ss:Position="Left" ss:LineStyle="Continuous" ss:Weight="1"/>
    <Border ss:Position="Right" ss:LineStyle="Continuous" ss:Weight="1"/>
   </Borders>
   <Font ss:FontName="Arial Cyr" x:CharSet="204" x:Family="Swiss" ss:Size="11"/>
  </Style>
  <Style ss:ID="s41">
   <Alignment ss:Horizontal="Center" ss:Vertical="Bottom" ss:WrapText="1"/>
   <Borders>
    <Border ss:Position="Bottom" ss:LineStyle="Continuous" ss:Weight="1"/>
    <Border ss:Position="Right" ss:LineStyle="Continuous" ss:Weight="1"/>
   </Borders>
   <Font ss:FontName="Arial Cyr" x:CharSet="204" x:Family="Swiss" ss:Size="11"/>
  </Style>
  <Style ss:ID="s42">
   <Alignment ss:Horizontal="Center" ss:Vertical="Bottom"/>
   <Borders/>
   <Font ss:FontName="Arial Cyr" x:CharSet="204" x:Family="Swiss"/>
  </Style>
  <Style ss:ID="s43">
   <Borders/>
   <Font ss:FontName="Arial Cyr" x:CharSet="204" x:Family="Swiss"/>
  </Style>
  <Style ss:ID="s44">
   <Alignment ss:Vertical="Bottom" ss:WrapText="1"/>
   <Borders/>
   <Font ss:FontName="Arial Cyr" x:CharSet="204" x:Family="Swiss" ss:Size="11"/>
   <Interior/>
  </Style>
  <Style ss:ID="s45">
   <Alignment ss:Horizontal="Left" ss:Vertical="Bottom" ss:Indent="2"
    ss:WrapText="1"/>
   <Borders/>
   <Font ss:FontName="Arial Cyr" x:CharSet="204" x:Family="Swiss" ss:Size="11"/>
  </Style>
  <Style ss:ID="s46">
   <Alignment ss:Horizontal="Center" ss:Vertical="Bottom" ss:WrapText="1"/>
   <Borders/>
   <Font ss:FontName="Arial Cyr" x:CharSet="204" x:Family="Swiss" ss:Size="11"/>
  </Style>
  <Style ss:ID="s47">
   <Alignment ss:Horizontal="Center" ss:Vertical="Center" ss:WrapText="1"/>
   <Borders>
    <Border ss:Position="Bottom" ss:LineStyle="Continuous" ss:Weight="1"/>
    <Border ss:Position="Left" ss:LineStyle="Continuous" ss:Weight="1"/>
    <Border ss:Position="Right" ss:LineStyle="Continuous" ss:Weight="1"/>
   </Borders>
   <Font ss:FontName="Arial Cyr" x:CharSet="204" x:Family="Swiss" ss:Bold="1"/>
  </Style>
  <Style ss:ID="s48">
   <Alignment ss:Horizontal="Center" ss:Vertical="Center" ss:WrapText="1"/>
   <Borders>
    <Border ss:Position="Bottom" ss:LineStyle="Continuous" ss:Weight="1"/>
    <Border ss:Position="Right" ss:LineStyle="Continuous" ss:Weight="1"/>
   </Borders>
   <Font ss:FontName="Arial Cyr" x:CharSet="204" x:Family="Swiss" ss:Bold="1"/>
  </Style>
  <Style ss:ID="s49">
   <Alignment ss:Horizontal="Center" ss:Vertical="Center"/>
   <Borders>
    <Border ss:Position="Bottom" ss:LineStyle="Continuous" ss:Weight="1"/>
    <Border ss:Position="Left" ss:LineStyle="Continuous" ss:Weight="1"/>
    <Border ss:Position="Right" ss:LineStyle="Continuous" ss:Weight="1"/>
    <Border ss:Position="Top" ss:LineStyle="Continuous" ss:Weight="1"/>
   </Borders>
   <Font ss:FontName="Arial Cyr" x:CharSet="204" x:Family="Swiss" ss:Bold="1"/>
  </Style>
  <Style ss:ID="s50">
   <Alignment ss:Horizontal="Center" ss:Vertical="Center" ss:WrapText="1"/>
   <Borders>
    <Border ss:Position="Bottom" ss:LineStyle="Continuous" ss:Weight="1"/>
    <Border ss:Position="Left" ss:LineStyle="Continuous" ss:Weight="1"/>
    <Border ss:Position="Right" ss:LineStyle="Continuous" ss:Weight="1"/>
    <Border ss:Position="Top" ss:LineStyle="Continuous" ss:Weight="1"/>
   </Borders>
   <Font ss:FontName="Arial Cyr" x:CharSet="204" x:Family="Swiss" ss:Bold="1"/>
  </Style>
  <Style ss:ID="s51">
   <Alignment ss:Horizontal="Left" ss:Vertical="Bottom" ss:Indent="2"
    ss:WrapText="1"/>
   <Borders>
    <Border ss:Position="Bottom" ss:LineStyle="Continuous" ss:Weight="1"/>
    <Border ss:Position="Left" ss:LineStyle="Continuous" ss:Weight="1"/>
    <Border ss:Position="Right" ss:LineStyle="Continuous" ss:Weight="1"/>
    <Border ss:Position="Top" ss:LineStyle="Continuous" ss:Weight="1"/>
   </Borders>
   <Font ss:FontName="Arial Cyr" x:CharSet="204" x:Family="Swiss" ss:Size="11"/>
   <Interior/>
  </Style>
  <Style ss:ID="s52">
   <Alignment ss:Horizontal="Center" ss:Vertical="Bottom"/>
   <Borders>
    <Border ss:Position="Bottom" ss:LineStyle="Continuous" ss:Weight="1"/>
    <Border ss:Position="Left" ss:LineStyle="Continuous" ss:Weight="1"/>
    <Border ss:Position="Right" ss:LineStyle="Continuous" ss:Weight="1"/>
    <Border ss:Position="Top" ss:LineStyle="Continuous" ss:Weight="1"/>
   </Borders>
   <Font ss:FontName="Arial Cyr" x:CharSet="204" x:Family="Swiss" ss:Size="11"/>
  </Style>
  <Style ss:ID="s53">
   <Alignment ss:Horizontal="Right" ss:Vertical="Bottom"/>
   <Borders>
    <Border ss:Position="Bottom" ss:LineStyle="Continuous" ss:Weight="1"/>
    <Border ss:Position="Left" ss:LineStyle="Continuous" ss:Weight="1"/>
    <Border ss:Position="Right" ss:LineStyle="Continuous" ss:Weight="1"/>
    <Border ss:Position="Top" ss:LineStyle="Continuous" ss:Weight="1"/>
   </Borders>
   <Font ss:FontName="Arial Cyr" x:CharSet="204" x:Family="Swiss"/>
  </Style>
  <Style ss:ID="s54">
   <Alignment ss:Horizontal="Left" ss:Vertical="Bottom"/>
   <Borders/>
   <Font ss:FontName="Arial Cyr" x:CharSet="204" x:Family="Swiss" ss:Size="11"/>
  </Style>
  <Style ss:ID="s81">
   <Alignment ss:Horizontal="Center" ss:Vertical="Center" ss:WrapText="1"/>
   <Font ss:FontName="Arial Cyr" x:CharSet="204" x:Family="Swiss" ss:Size="11"
    ss:Bold="1"/>
  </Style>
  <Style ss:ID="s92">
   <Alignment ss:Horizontal="Left" ss:Vertical="Bottom"/>
   <Borders>
    <Border ss:Position="Bottom" ss:LineStyle="Continuous" ss:Weight="1"/>
   </Borders>
   <Font ss:FontName="Arial Cyr" x:CharSet="204" ss:Size="11" ss:Bold="1"/>
  </Style>
  <Style ss:ID="s93">
   <Alignment ss:Horizontal="Center" ss:Vertical="Center"/>
   <Font ss:FontName="Arial Cyr" x:CharSet="204" ss:Size="11" ss:Bold="1"/>
  </Style>
  <Style ss:ID="s101">
   <Alignment ss:Horizontal="Left" ss:Vertical="Bottom" ss:WrapText="1"/>
   <Font ss:FontName="Arial Cyr" x:CharSet="204" x:Family="Swiss" ss:Size="11"
    ss:Bold="1"/>
  </Style>
  <Style ss:ID="s103">
   <Alignment ss:Horizontal="Center" ss:Vertical="Bottom" ss:WrapText="1"/>
   <Font ss:FontName="Arial Cyr" x:CharSet="204" x:Family="Swiss" ss:Size="11"
    ss:Bold="1"/>
  </Style>
  <Style ss:ID="s105">
   <Alignment ss:Horizontal="Center" ss:Vertical="Center"/>
   <Font ss:FontName="Arial Cyr" x:CharSet="204" x:Family="Swiss" ss:Size="11"
    ss:Bold="1"/>
  </Style>
 </Styles>
 <Worksheet ss:Name="Раздел1">
  <Names>
   <NamedRange ss:Name="Print_Titles" ss:RefersTo="=Раздел1!R5:R8"/>
   <NamedRange ss:Name="Print_Area" ss:RefersTo="=Раздел1!R1C1:R21C5"/>
  </Names>
  <Table ss:ExpandedColumnCount="10" ss:ExpandedRowCount="22" x:FullColumns="1"
   x:FullRows="1">
   <Column ss:AutoFitWidth="0" ss:Width="293.25"/>
   <Column ss:AutoFitWidth="0" ss:Width="33.75"/>
   <Column ss:AutoFitWidth="0" ss:Width="77.25" ss:Span="1"/>
   <Column ss:Index="5" ss:AutoFitWidth="0" ss:Width="79.5"/>
   <Row ss:AutoFitHeight="0" ss:Height="30.75">
    <Cell ss:StyleID="s32"><NamedCell ss:Name="Print_Area"/></Cell>
    <Cell ss:StyleID="s33"><NamedCell ss:Name="Print_Area"/></Cell>
    <Cell ss:StyleID="s33"><NamedCell ss:Name="Print_Area"/></Cell>
    <Cell ss:MergeAcross="1" ss:StyleID="s36"><Data ss:Type="String">Форма № 5 -УСН&#10;годовая</Data><NamedCell
      ss:Name="Print_Area"/></Cell>
   </Row>
   <Row ss:AutoFitHeight="0" ss:Height="40.5">
    <Cell ss:MergeAcross="4" ss:StyleID="s81"><Data ss:Type="String">ОТЧЕТ О НАЛОГОВОЙ БАЗЕ И СТРУКТУРЕ НАЧИСЛЕНИЙ ПО НАЛОГУ, УПЛАЧИВАЕМОМУ &#10;В СВЯЗИ С ПРИМЕНЕНИЕМ УПРОЩЕННОЙ СИСТЕМЫ НАЛОГООБЛОЖЕНИЯ</Data><NamedCell
      ss:Name="Print_Area"/></Cell>
   </Row>
   <Row ss:AutoFitHeight="0" ss:Height="18.75">
    <Cell ss:MergeAcross="4" ss:StyleID="s93"><Data ss:Type="String">за 2007 год</Data><NamedCell
      ss:Name="Print_Area"/></Cell>
    <Cell ss:MergeAcross="4" ss:StyleID="s81"/>
   </Row>
   <Row ss:AutoFitHeight="0" ss:Height="18">
    <Cell ss:MergeAcross="4" ss:StyleID="s92"><Data ss:Type="String">   Всего по России                                                    </Data><NamedCell
      ss:Name="Print_Area"/></Cell>
   </Row>
   <Row ss:AutoFitHeight="0" ss:Height="18">
    <Cell ss:MergeDown="2" ss:StyleID="m37735668"><NamedCell ss:Name="Print_Titles"/><NamedCell
      ss:Name="Print_Area"/></Cell>
    <Cell ss:MergeDown="2" ss:StyleID="m37735648"><Data ss:Type="String">Код стро-&#10;ки</Data><NamedCell
      ss:Name="Print_Titles"/><NamedCell ss:Name="Print_Area"/></Cell>
    <Cell ss:MergeDown="2" ss:StyleID="m37738464"><Data ss:Type="String">Всего &#10;(гр.2+гр.3)</Data><NamedCell
      ss:Name="Print_Titles"/><NamedCell ss:Name="Print_Area"/></Cell>
    <Cell ss:MergeAcross="1" ss:StyleID="m37735588"><Data ss:Type="String">в том числе:</Data><NamedCell
      ss:Name="Print_Titles"/><NamedCell ss:Name="Print_Area"/></Cell>
   </Row>
   <Row ss:AutoFitHeight="0" ss:Height="13.125">
    <Cell ss:Index="4" ss:MergeDown="1" ss:StyleID="m37735568"><Data
      ss:Type="String">организации</Data><NamedCell ss:Name="Print_Titles"/><NamedCell
      ss:Name="Print_Area"/></Cell>
    <Cell ss:MergeDown="1" ss:StyleID="m37735548"><Data ss:Type="String">индивидуаль-&#10;ные предпри-&#10;ниматели</Data><NamedCell
      ss:Name="Print_Titles"/><NamedCell ss:Name="Print_Area"/></Cell>
   </Row>
   <Row ss:AutoFitHeight="0" ss:Height="35.0625"/>
   <Row ss:AutoFitHeight="0" ss:Height="16.125">
    <Cell ss:StyleID="s47"><Data ss:Type="String">А</Data><NamedCell
      ss:Name="Print_Titles"/><NamedCell ss:Name="Print_Area"/></Cell>
    <Cell ss:StyleID="s48"><Data ss:Type="String">Б</Data><NamedCell
      ss:Name="Print_Titles"/><NamedCell ss:Name="Print_Area"/></Cell>
    <Cell ss:StyleID="s48"><Data ss:Type="Number">1</Data><NamedCell
      ss:Name="Print_Titles"/><NamedCell ss:Name="Print_Area"/></Cell>
    <Cell ss:StyleID="s48"><Data ss:Type="Number">2</Data><NamedCell
      ss:Name="Print_Titles"/><NamedCell ss:Name="Print_Area"/></Cell>
    <Cell ss:StyleID="s49"><Data ss:Type="Number">3</Data><NamedCell
      ss:Name="Print_Titles"/><NamedCell ss:Name="Print_Area"/></Cell>
   </Row>
   <Row ss:AutoFitHeight="0" ss:Height="36.9375">
    <Cell ss:StyleID="s25"><ss:Data ss:Type="String"
      xmlns="http://www.w3.org/TR/REC-html40"><B> </B><Font>Налоговая база  </Font>(тыс.рублей)&#10;   доходы</ss:Data><NamedCell
      ss:Name="Print_Area"/></Cell>
    <Cell ss:StyleID="s29"><Data ss:Type="String">010</Data><NamedCell
      ss:Name="Print_Area"/></Cell>
    <Cell ss:StyleID="s31"><Data ss:Type="Number">1407454338</Data><NamedCell
      ss:Name="Print_Area"/></Cell>
    <Cell ss:StyleID="s31"><Data ss:Type="Number">971343787</Data><NamedCell
      ss:Name="Print_Area"/></Cell>
    <Cell ss:StyleID="s31"><Data ss:Type="Number">436110551</Data><NamedCell
      ss:Name="Print_Area"/></Cell>
   </Row>
   <Row ss:AutoFitHeight="0" ss:Height="33">
    <Cell ss:StyleID="s24"><Data ss:Type="String">доходы, уменьшенные на величину &#10;расходов</Data><NamedCell
      ss:Name="Print_Area"/></Cell>
    <Cell ss:StyleID="s29"><Data ss:Type="String">020</Data><NamedCell
      ss:Name="Print_Area"/></Cell>
    <Cell ss:StyleID="s31"><Data ss:Type="Number">158171423</Data><NamedCell
      ss:Name="Print_Area"/></Cell>
    <Cell ss:StyleID="s31"><Data ss:Type="Number">116973254</Data><NamedCell
      ss:Name="Print_Area"/></Cell>
    <Cell ss:StyleID="s31"><Data ss:Type="Number">41198169</Data><NamedCell
      ss:Name="Print_Area"/></Cell>
   </Row>
   <Row ss:AutoFitHeight="0" ss:Height="36.9375">
    <Cell ss:StyleID="s26"><Data ss:Type="String">Сумма исчисленного за налоговый период &#10;налога (тыс.рублей),  всего (стр.040+стр.050)</Data><NamedCell
      ss:Name="Print_Area"/></Cell>
    <Cell ss:StyleID="s29"><Data ss:Type="String">030</Data><NamedCell
      ss:Name="Print_Area"/></Cell>
    <Cell ss:StyleID="s31"><Data ss:Type="Number">108178720</Data><NamedCell
      ss:Name="Print_Area"/></Cell>
    <Cell ss:StyleID="s31"><Data ss:Type="Number">75830166</Data><NamedCell
      ss:Name="Print_Area"/></Cell>
    <Cell ss:StyleID="s31"><Data ss:Type="Number">32348554</Data><NamedCell
      ss:Name="Print_Area"/></Cell>
   </Row>
   <Row ss:AutoFitHeight="0" ss:Height="33">
    <Cell ss:StyleID="s24"><Data ss:Type="String">           в том числе:&#10;налога с доходов</Data><NamedCell
      ss:Name="Print_Area"/></Cell>
    <Cell ss:StyleID="s29"><Data ss:Type="String">040</Data><NamedCell
      ss:Name="Print_Area"/></Cell>
    <Cell ss:StyleID="s31"><Data ss:Type="Number">84451038</Data><NamedCell
      ss:Name="Print_Area"/></Cell>
    <Cell ss:StyleID="s31"><Data ss:Type="Number">58281103</Data><NamedCell
      ss:Name="Print_Area"/></Cell>
    <Cell ss:StyleID="s31"><Data ss:Type="Number">26169935</Data><NamedCell
      ss:Name="Print_Area"/></Cell>
   </Row>
   <Row ss:AutoFitHeight="0" ss:Height="33">
    <Cell ss:StyleID="s28"><Data ss:Type="String">налога с доходов, уменьшенных на величину &#10;расходов</Data><NamedCell
      ss:Name="Print_Area"/></Cell>
    <Cell ss:StyleID="s30"><Data ss:Type="String">050</Data><NamedCell
      ss:Name="Print_Area"/></Cell>
    <Cell ss:StyleID="s31"><Data ss:Type="Number">23727682</Data><NamedCell
      ss:Name="Print_Area"/></Cell>
    <Cell ss:StyleID="s31"><Data ss:Type="Number">17549063</Data><NamedCell
      ss:Name="Print_Area"/></Cell>
    <Cell ss:StyleID="s31"><Data ss:Type="Number">6178619</Data><NamedCell
      ss:Name="Print_Area"/></Cell>
   </Row>
   <Row ss:AutoFitHeight="0" ss:Height="36.9375">
    <Cell ss:StyleID="s27"><Data ss:Type="String">Сумма налога, подлежащая уплате за налоговый период (тыс.рублей),  всего (стр.070+стр.080)</Data><NamedCell
      ss:Name="Print_Area"/></Cell>
    <Cell ss:StyleID="s30"><Data ss:Type="String">060</Data><NamedCell
      ss:Name="Print_Area"/></Cell>
    <Cell ss:StyleID="s31"><Data ss:Type="Number">83168080</Data><NamedCell
      ss:Name="Print_Area"/></Cell>
    <Cell ss:StyleID="s31"><Data ss:Type="Number">53962916</Data><NamedCell
      ss:Name="Print_Area"/></Cell>
    <Cell ss:StyleID="s31"><Data ss:Type="Number">29205164</Data><NamedCell
      ss:Name="Print_Area"/></Cell>
   </Row>
   <Row ss:AutoFitHeight="0" ss:Height="33">
    <Cell ss:StyleID="s24"><Data ss:Type="String">          в том числе:&#10;налога с доходов</Data><NamedCell
      ss:Name="Print_Area"/></Cell>
    <Cell ss:StyleID="s30"><Data ss:Type="String">070</Data><NamedCell
      ss:Name="Print_Area"/></Cell>
    <Cell ss:StyleID="s31"><Data ss:Type="Number">63146727</Data><NamedCell
      ss:Name="Print_Area"/></Cell>
    <Cell ss:StyleID="s31"><Data ss:Type="Number">39204854</Data><NamedCell
      ss:Name="Print_Area"/></Cell>
    <Cell ss:StyleID="s31"><Data ss:Type="Number">23941873</Data><NamedCell
      ss:Name="Print_Area"/></Cell>
   </Row>
   <Row ss:AutoFitHeight="0" ss:Height="33">
    <Cell ss:StyleID="s28"><Data ss:Type="String">налога с доходов, уменьшенных на величину &#10;расходов</Data><NamedCell
      ss:Name="Print_Area"/></Cell>
    <Cell ss:StyleID="s30"><Data ss:Type="String">080</Data><NamedCell
      ss:Name="Print_Area"/></Cell>
    <Cell ss:StyleID="s31"><Data ss:Type="Number">20021353</Data><NamedCell
      ss:Name="Print_Area"/></Cell>
    <Cell ss:StyleID="s31"><Data ss:Type="Number">14758062</Data><NamedCell
      ss:Name="Print_Area"/></Cell>
    <Cell ss:StyleID="s31"><Data ss:Type="Number">5263291</Data><NamedCell
      ss:Name="Print_Area"/></Cell>
   </Row>
   <Row ss:AutoFitHeight="0" ss:Height="36.9375">
    <Cell ss:StyleID="s27"><Data ss:Type="String">Сумма минимального налога, подлежащая уплате за налоговый период (тыс.рублей)</Data><NamedCell
      ss:Name="Print_Area"/></Cell>
    <Cell ss:StyleID="s30"><Data ss:Type="String">090</Data><NamedCell
      ss:Name="Print_Area"/></Cell>
    <Cell ss:StyleID="s31"><Data ss:Type="Number">5711648</Data><NamedCell
      ss:Name="Print_Area"/></Cell>
    <Cell ss:StyleID="s31"><Data ss:Type="Number">4863578</Data><NamedCell
      ss:Name="Print_Area"/></Cell>
    <Cell ss:StyleID="s31"><Data ss:Type="Number">848070</Data><NamedCell
      ss:Name="Print_Area"/></Cell>
   </Row>
   <Row ss:AutoFitHeight="0" ss:Height="76.5">
    <Cell ss:StyleID="s27"><Data ss:Type="String"> Количество налогоплательщиков, представивших &#10; налоговые декларации по налогу, уплачиваемому &#10; в связи с применением упрощенной системы &#10; налогообложения (ед./чел.), всего: &#10; (стр. 110+стр.120)</Data><NamedCell
      ss:Name="Print_Area"/></Cell>
    <Cell ss:StyleID="s30"><Data ss:Type="String">100</Data><NamedCell
      ss:Name="Print_Area"/></Cell>
    <Cell ss:StyleID="s31"><Data ss:Type="Number">1602098</Data><NamedCell
      ss:Name="Print_Area"/></Cell>
    <Cell ss:StyleID="s31"><Data ss:Type="Number">773377</Data><NamedCell
      ss:Name="Print_Area"/></Cell>
    <Cell ss:StyleID="s31"><Data ss:Type="Number">828721</Data><NamedCell
      ss:Name="Print_Area"/></Cell>
   </Row>
   <Row ss:AutoFitHeight="0" ss:Height="31.5">
    <Cell ss:StyleID="s24"><Data ss:Type="String">          в том числе:&#10;по объекту налогообложения - доходы</Data><NamedCell
      ss:Name="Print_Area"/></Cell>
    <Cell ss:StyleID="s52"><Data ss:Type="Number">110</Data><NamedCell
      ss:Name="Print_Area"/></Cell>
    <Cell ss:StyleID="s31"><Data ss:Type="Number">1022481</Data><NamedCell
      ss:Name="Print_Area"/></Cell>
    <Cell ss:StyleID="s31"><Data ss:Type="Number">384942</Data><NamedCell
      ss:Name="Print_Area"/></Cell>
    <Cell ss:StyleID="s31"><Data ss:Type="Number">637539</Data><NamedCell
      ss:Name="Print_Area"/></Cell>
   </Row>
   <Row ss:AutoFitHeight="0" ss:Height="34.5">
    <Cell ss:StyleID="s24"><Data ss:Type="String">по объекту налогообложения - доходы, уменьшенные на величину расходов</Data><NamedCell
      ss:Name="Print_Area"/></Cell>
    <Cell ss:StyleID="s52"><Data ss:Type="Number">120</Data><NamedCell
      ss:Name="Print_Area"/></Cell>
    <Cell ss:StyleID="s31"><Data ss:Type="Number">579617</Data><NamedCell
      ss:Name="Print_Area"/></Cell>
    <Cell ss:StyleID="s31"><Data ss:Type="Number">388435</Data><NamedCell
      ss:Name="Print_Area"/></Cell>
    <Cell ss:StyleID="s31"><Data ss:Type="Number">191182</Data><NamedCell
      ss:Name="Print_Area"/></Cell>
   </Row>
   <Row ss:AutoFitHeight="0" ss:Height="63.75">
    <Cell ss:StyleID="s51"><Data ss:Type="String"> Количество индивидуальных предпринимателей, &#10; получивших патенты на право применения &#10; упрощенной системы налогообложения &#10; на основе патента</Data><NamedCell
      ss:Name="Print_Area"/></Cell>
    <Cell ss:StyleID="s52"><Data ss:Type="Number">130</Data><NamedCell
      ss:Name="Print_Area"/></Cell>
    <Cell ss:StyleID="s53"><Data ss:Type="String">Х</Data><NamedCell
      ss:Name="Print_Area"/></Cell>
    <Cell ss:StyleID="s53"><Data ss:Type="String">Х</Data><NamedCell
      ss:Name="Print_Area"/></Cell>
    <Cell ss:StyleID="s31"><Data ss:Type="Number">6193</Data><NamedCell
      ss:Name="Print_Area"/></Cell>
   </Row>
   <Row>
    <Cell ss:StyleID="s23"/>
    <Cell ss:StyleID="s23"/>
    <Cell ss:StyleID="s23"/>
    <Cell ss:StyleID="s23"/>
    <Cell ss:StyleID="s23"/>
   </Row>
  </Table>
  <WorksheetOptions xmlns="urn:schemas-microsoft-com:office:excel">
   <PageSetup>
    <Layout x:CenterHorizontal="1"/>
    <Header x:Margin="0.19685039370078741" x:Data="&amp;R- &amp;P -"/>
    <Footer x:Margin="0"/>
    <PageMargins x:Bottom="0.78740157480314965" x:Left="0.19685039370078741"
     x:Right="0" x:Top="0.39370078740157483"/>
   </PageSetup>
   <Print>
    <ValidPrinterInfo/>
    <PaperSizeIndex>9</PaperSizeIndex>
    <Scale>85</Scale>
    <HorizontalResolution>600</HorizontalResolution>
    <VerticalResolution>600</VerticalResolution>
   </Print>
   <Zoom>75</Zoom>
   <PageBreakZoom>60</PageBreakZoom>
   <Selected/>
   <Panes>
    <Pane>
     <Number>3</Number>
     <ActiveRow>9</ActiveRow>
     <ActiveCol>4</ActiveCol>
    </Pane>
   </Panes>
   <ProtectObjects>False</ProtectObjects>
   <ProtectScenarios>False</ProtectScenarios>
  </WorksheetOptions>
 </Worksheet>
 <Worksheet ss:Name="Раздел1с">
  <Names>
   <NamedRange ss:Name="Print_Area" ss:RefersTo="=Раздел1с!R1C1:R17C3"/>
  </Names>
  <Table ss:ExpandedColumnCount="8" ss:ExpandedRowCount="206" x:FullColumns="1"
   x:FullRows="1">
   <Column ss:AutoFitWidth="0" ss:Width="378.75"/>
   <Column ss:AutoFitWidth="0" ss:Width="41.25"/>
   <Column ss:AutoFitWidth="0" ss:Width="111.75"/>
   <Row ss:AutoFitHeight="0" ss:Height="30.75">
    <Cell ss:Index="3" ss:StyleID="s36"><Data ss:Type="String">Форма № 5 -УСН&#10;годовая</Data><NamedCell
      ss:Name="Print_Area"/></Cell>
    <Cell ss:StyleID="s37"/>
   </Row>
   <Row ss:AutoFitHeight="0" ss:Height="25.5">
    <Cell ss:MergeAcross="2" ss:StyleID="s101"><Data ss:Type="String">Справочно к отчету: </Data><NamedCell
      ss:Name="Print_Area"/></Cell>
    <Cell ss:StyleID="s23"/>
    <Cell ss:StyleID="s23"/>
   </Row>
   <Row ss:AutoFitHeight="0" ss:Height="18.75">
    <Cell ss:MergeAcross="2" ss:StyleID="s105"><Data ss:Type="String">за 2007 год</Data><NamedCell
      ss:Name="Print_Area"/></Cell>
    <Cell ss:MergeAcross="2" ss:StyleID="s103"/>
    <Cell ss:StyleID="s23"/>
    <Cell ss:StyleID="s23"/>
   </Row>
   <Row ss:AutoFitHeight="0" ss:Height="18.5625">
    <Cell ss:StyleID="s38"><Data ss:Type="String">   Всего по России                                                    </Data><NamedCell
      ss:Name="Print_Area"/></Cell>
    <Cell ss:StyleID="s38"><NamedCell ss:Name="Print_Area"/></Cell>
    <Cell ss:StyleID="s38"><NamedCell ss:Name="Print_Area"/></Cell>
    <Cell ss:StyleID="s23"/>
    <Cell ss:StyleID="s23"/>
   </Row>
   <Row ss:AutoFitHeight="0" ss:Height="51">
    <Cell ss:StyleID="s35"><NamedCell ss:Name="Print_Area"/></Cell>
    <Cell ss:StyleID="s39"><Data ss:Type="String">Код стро-&#10;ки</Data><NamedCell
      ss:Name="Print_Area"/></Cell>
    <Cell ss:StyleID="s35"><Data ss:Type="String">тыс.рублей</Data><NamedCell
      ss:Name="Print_Area"/></Cell>
    <Cell ss:StyleID="s23"/>
    <Cell ss:StyleID="s23"/>
   </Row>
   <Row ss:AutoFitHeight="0" ss:Height="15">
    <Cell ss:StyleID="s50"><Data ss:Type="String">А</Data><NamedCell
      ss:Name="Print_Area"/></Cell>
    <Cell ss:StyleID="s39"><NamedCell ss:Name="Print_Area"/></Cell>
    <Cell ss:StyleID="s50"><Data ss:Type="Number">1</Data><NamedCell
      ss:Name="Print_Area"/></Cell>
    <Cell ss:StyleID="s23"/>
    <Cell ss:StyleID="s23"/>
   </Row>
   <Row ss:AutoFitHeight="0" ss:Height="90.75">
    <Cell ss:StyleID="s40"><Data ss:Type="String"> Сумма уплаченных за налоговый период страховых взносов &#10; на обязательное пенсионное страхование, а также выплаченных &#10; работникам в течение налогового периода из средств налогоплатель-&#10; щика пособий по временной нетрудоспособности, уменьшающая &#10; (но не более чем на 50%) сумму исчисленного налога, &#10; всего (стр.160+стр.170)</Data><NamedCell
      ss:Name="Print_Area"/></Cell>
    <Cell ss:StyleID="s41"><Data ss:Type="Number">150</Data><NamedCell
      ss:Name="Print_Area"/></Cell>
    <Cell ss:StyleID="s31"><Data ss:Type="Number">21304310</Data><NamedCell
      ss:Name="Print_Area"/></Cell>
    <Cell ss:StyleID="s23"/>
    <Cell ss:StyleID="s23"/>
   </Row>
   <Row ss:AutoFitHeight="0" ss:Height="30">
    <Cell ss:StyleID="s24"><Data ss:Type="String">        в том числе:&#10;   организациями</Data><NamedCell
      ss:Name="Print_Area"/></Cell>
    <Cell ss:StyleID="s41"><Data ss:Type="Number">160</Data><NamedCell
      ss:Name="Print_Area"/></Cell>
    <Cell ss:StyleID="s31"><Data ss:Type="Number">19076247</Data><NamedCell
      ss:Name="Print_Area"/></Cell>
    <Cell ss:StyleID="s23"/>
    <Cell ss:StyleID="s23"/>
   </Row>
   <Row ss:AutoFitHeight="0" ss:Height="23.25">
    <Cell ss:StyleID="s24"><Data ss:Type="String">   индивидуальными предпринимателями</Data><NamedCell
      ss:Name="Print_Area"/></Cell>
    <Cell ss:StyleID="s41"><Data ss:Type="Number">170</Data><NamedCell
      ss:Name="Print_Area"/></Cell>
    <Cell ss:StyleID="s31"><Data ss:Type="Number">2228063</Data><NamedCell
      ss:Name="Print_Area"/></Cell>
    <Cell ss:StyleID="s23"/>
    <Cell ss:StyleID="s23"/>
   </Row>
   <Row ss:AutoFitHeight="0" ss:Height="51">
    <Cell ss:StyleID="s26"><Data ss:Type="String">Сумма расходов, понесенных налогоплательщиками, выбравшими в качестве объекта налогообложения доходы, уменьшенные на величину расходов,  всего (стр.190+стр.200) </Data><NamedCell
      ss:Name="Print_Area"/></Cell>
    <Cell ss:StyleID="s41"><Data ss:Type="Number">180</Data><NamedCell
      ss:Name="Print_Area"/></Cell>
    <Cell ss:StyleID="s31"><Data ss:Type="Number">1592911669</Data><NamedCell
      ss:Name="Print_Area"/></Cell>
    <Cell ss:StyleID="s23"/>
    <Cell ss:StyleID="s23"/>
   </Row>
   <Row ss:AutoFitHeight="0" ss:Height="30">
    <Cell ss:StyleID="s24"><Data ss:Type="String">        в том числе:&#10;   организациями</Data><NamedCell
      ss:Name="Print_Area"/></Cell>
    <Cell ss:StyleID="s41"><Data ss:Type="Number">190</Data><NamedCell
      ss:Name="Print_Area"/></Cell>
    <Cell ss:StyleID="s31"><Data ss:Type="Number">1225168887</Data><NamedCell
      ss:Name="Print_Area"/></Cell>
    <Cell ss:StyleID="s23"/>
    <Cell ss:StyleID="s23"/>
   </Row>
   <Row ss:AutoFitHeight="0" ss:Height="23.25">
    <Cell ss:StyleID="s24"><Data ss:Type="String">   индивидуальными предпринимателями</Data><NamedCell
      ss:Name="Print_Area"/></Cell>
    <Cell ss:StyleID="s41"><Data ss:Type="Number">200</Data><NamedCell
      ss:Name="Print_Area"/></Cell>
    <Cell ss:StyleID="s31"><Data ss:Type="Number">367742782</Data><NamedCell
      ss:Name="Print_Area"/></Cell>
    <Cell ss:StyleID="s23"/>
    <Cell ss:StyleID="s23"/>
   </Row>
   <Row ss:AutoFitHeight="0" ss:Height="23.25">
    <Cell ss:StyleID="s45"><NamedCell ss:Name="Print_Area"/></Cell>
    <Cell ss:StyleID="s46"><NamedCell ss:Name="Print_Area"/></Cell>
    <Cell ss:StyleID="s34"><NamedCell ss:Name="Print_Area"/></Cell>
    <Cell ss:StyleID="s23"/>
    <Cell ss:StyleID="s23"/>
   </Row>
   <Row ss:AutoFitHeight="0" ss:Height="23.25">
    <Cell ss:StyleID="s45"><NamedCell ss:Name="Print_Area"/></Cell>
    <Cell ss:StyleID="s46"><NamedCell ss:Name="Print_Area"/></Cell>
    <Cell ss:StyleID="s34"><NamedCell ss:Name="Print_Area"/></Cell>
    <Cell ss:StyleID="s23"/>
    <Cell ss:StyleID="s23"/>
   </Row>
   <Row ss:AutoFitHeight="0" ss:Height="19.875">
    <Cell ss:StyleID="s45"><NamedCell ss:Name="Print_Area"/></Cell>
    <Cell ss:StyleID="s46"><NamedCell ss:Name="Print_Area"/></Cell>
    <Cell ss:StyleID="s34"><NamedCell ss:Name="Print_Area"/></Cell>
    <Cell ss:StyleID="s23"/>
    <Cell ss:StyleID="s23"/>
   </Row>
   <Row ss:Height="14.25">
    <Cell ss:StyleID="s44"><NamedCell ss:Name="Print_Area"/></Cell>
    <Cell ss:StyleID="s42"><NamedCell ss:Name="Print_Area"/></Cell>
    <Cell ss:StyleID="s54"><NamedCell ss:Name="Print_Area"/></Cell>
    <Cell ss:StyleID="s23"/>
    <Cell ss:StyleID="s23"/>
   </Row>
   <Row>
    <Cell ss:StyleID="s43"><NamedCell ss:Name="Print_Area"/></Cell>
    <Cell ss:StyleID="s42"><NamedCell ss:Name="Print_Area"/></Cell>
    <Cell ss:StyleID="s43"><NamedCell ss:Name="Print_Area"/></Cell>
    <Cell ss:StyleID="s23"/>
    <Cell ss:StyleID="s23"/>
   </Row>
   <Row>
    <Cell ss:StyleID="s43"/>
    <Cell ss:StyleID="s42"/>
    <Cell ss:StyleID="s43"/>
    <Cell ss:StyleID="s23"/>
    <Cell ss:StyleID="s23"/>
   </Row>
   <Row>
    <Cell ss:StyleID="s23"/>
    <Cell ss:StyleID="s23"/>
    <Cell ss:StyleID="s23"/>
    <Cell ss:StyleID="s23"/>
    <Cell ss:StyleID="s23"/>
   </Row>
   <Row>
    <Cell ss:StyleID="s23"/>
    <Cell ss:StyleID="s23"/>
    <Cell ss:StyleID="s23"/>
    <Cell ss:StyleID="s23"/>
    <Cell ss:StyleID="s23"/>
   </Row>
   <Row>
    <Cell ss:StyleID="s23"/>
    <Cell ss:StyleID="s23"/>
    <Cell ss:StyleID="s23"/>
    <Cell ss:StyleID="s23"/>
    <Cell ss:StyleID="s23"/>
   </Row>
   <Row>
    <Cell ss:StyleID="s23"/>
    <Cell ss:StyleID="s23"/>
    <Cell ss:StyleID="s23"/>
    <Cell ss:StyleID="s23"/>
    <Cell ss:StyleID="s23"/>
   </Row>
   <Row>
    <Cell ss:StyleID="s23"/>
    <Cell ss:StyleID="s23"/>
    <Cell ss:StyleID="s23"/>
    <Cell ss:StyleID="s23"/>
    <Cell ss:StyleID="s23"/>
   </Row>
   <Row>
    <Cell ss:StyleID="s23"/>
    <Cell ss:StyleID="s23"/>
    <Cell ss:StyleID="s23"/>
    <Cell ss:StyleID="s23"/>
    <Cell ss:StyleID="s23"/>
   </Row>
   <Row>
    <Cell ss:StyleID="s23"/>
    <Cell ss:StyleID="s23"/>
    <Cell ss:StyleID="s23"/>
    <Cell ss:StyleID="s23"/>
    <Cell ss:StyleID="s23"/>
   </Row>
   <Row>
    <Cell ss:StyleID="s23"/>
    <Cell ss:StyleID="s23"/>
    <Cell ss:StyleID="s23"/>
    <Cell ss:StyleID="s23"/>
    <Cell ss:StyleID="s23"/>
   </Row>
   <Row>
    <Cell ss:StyleID="s23"/>
    <Cell ss:StyleID="s23"/>
    <Cell ss:StyleID="s23"/>
    <Cell ss:StyleID="s23"/>
    <Cell ss:StyleID="s23"/>
   </Row>
   <Row>
    <Cell ss:StyleID="s23"/>
    <Cell ss:StyleID="s23"/>
    <Cell ss:StyleID="s23"/>
    <Cell ss:StyleID="s23"/>
    <Cell ss:StyleID="s23"/>
   </Row>
   <Row>
    <Cell ss:StyleID="s23"/>
    <Cell ss:StyleID="s23"/>
    <Cell ss:StyleID="s23"/>
    <Cell ss:StyleID="s23"/>
    <Cell ss:StyleID="s23"/>
   </Row>
   <Row>
    <Cell ss:StyleID="s23"/>
    <Cell ss:StyleID="s23"/>
    <Cell ss:StyleID="s23"/>
    <Cell ss:StyleID="s23"/>
    <Cell ss:StyleID="s23"/>
   </Row>
   <Row>
    <Cell ss:StyleID="s23"/>
    <Cell ss:StyleID="s23"/>
    <Cell ss:StyleID="s23"/>
    <Cell ss:StyleID="s23"/>
    <Cell ss:StyleID="s23"/>
   </Row>
   <Row>
    <Cell ss:StyleID="s23"/>
    <Cell ss:StyleID="s23"/>
    <Cell ss:StyleID="s23"/>
    <Cell ss:StyleID="s23"/>
    <Cell ss:StyleID="s23"/>
   </Row>
   <Row>
    <Cell ss:StyleID="s23"/>
    <Cell ss:StyleID="s23"/>
    <Cell ss:StyleID="s23"/>
    <Cell ss:StyleID="s23"/>
    <Cell ss:StyleID="s23"/>
   </Row>
   <Row>
    <Cell ss:StyleID="s23"/>
    <Cell ss:StyleID="s23"/>
    <Cell ss:StyleID="s23"/>
    <Cell ss:StyleID="s23"/>
    <Cell ss:StyleID="s23"/>
   </Row>
   <Row>
    <Cell ss:StyleID="s23"/>
    <Cell ss:StyleID="s23"/>
    <Cell ss:StyleID="s23"/>
    <Cell ss:StyleID="s23"/>
    <Cell ss:StyleID="s23"/>
   </Row>
   <Row>
    <Cell ss:StyleID="s23"/>
    <Cell ss:StyleID="s23"/>
    <Cell ss:StyleID="s23"/>
    <Cell ss:StyleID="s23"/>
    <Cell ss:StyleID="s23"/>
   </Row>
   <Row>
    <Cell ss:StyleID="s23"/>
    <Cell ss:StyleID="s23"/>
    <Cell ss:StyleID="s23"/>
    <Cell ss:StyleID="s23"/>
    <Cell ss:StyleID="s23"/>
   </Row>
   <Row>
    <Cell ss:StyleID="s23"/>
    <Cell ss:StyleID="s23"/>
    <Cell ss:StyleID="s23"/>
    <Cell ss:StyleID="s23"/>
    <Cell ss:StyleID="s23"/>
   </Row>
   <Row>
    <Cell ss:StyleID="s23"/>
    <Cell ss:StyleID="s23"/>
    <Cell ss:StyleID="s23"/>
    <Cell ss:StyleID="s23"/>
    <Cell ss:StyleID="s23"/>
   </Row>
   <Row>
    <Cell ss:StyleID="s23"/>
    <Cell ss:StyleID="s23"/>
    <Cell ss:StyleID="s23"/>
    <Cell ss:StyleID="s23"/>
    <Cell ss:StyleID="s23"/>
   </Row>
   <Row>
    <Cell ss:StyleID="s23"/>
    <Cell ss:StyleID="s23"/>
    <Cell ss:StyleID="s23"/>
    <Cell ss:StyleID="s23"/>
    <Cell ss:StyleID="s23"/>
   </Row>
   <Row>
    <Cell ss:StyleID="s23"/>
    <Cell ss:StyleID="s23"/>
    <Cell ss:StyleID="s23"/>
    <Cell ss:StyleID="s23"/>
    <Cell ss:StyleID="s23"/>
   </Row>
   <Row>
    <Cell ss:StyleID="s23"/>
    <Cell ss:StyleID="s23"/>
    <Cell ss:StyleID="s23"/>
    <Cell ss:StyleID="s23"/>
    <Cell ss:StyleID="s23"/>
   </Row>
   <Row>
    <Cell ss:StyleID="s23"/>
    <Cell ss:StyleID="s23"/>
    <Cell ss:StyleID="s23"/>
    <Cell ss:StyleID="s23"/>
    <Cell ss:StyleID="s23"/>
   </Row>
   <Row>
    <Cell ss:StyleID="s23"/>
    <Cell ss:StyleID="s23"/>
    <Cell ss:StyleID="s23"/>
    <Cell ss:StyleID="s23"/>
    <Cell ss:StyleID="s23"/>
   </Row>
   <Row>
    <Cell ss:StyleID="s23"/>
    <Cell ss:StyleID="s23"/>
    <Cell ss:StyleID="s23"/>
    <Cell ss:StyleID="s23"/>
    <Cell ss:StyleID="s23"/>
   </Row>
   <Row>
    <Cell ss:StyleID="s23"/>
    <Cell ss:StyleID="s23"/>
    <Cell ss:StyleID="s23"/>
    <Cell ss:StyleID="s23"/>
    <Cell ss:StyleID="s23"/>
   </Row>
   <Row>
    <Cell ss:StyleID="s23"/>
    <Cell ss:StyleID="s23"/>
    <Cell ss:StyleID="s23"/>
    <Cell ss:StyleID="s23"/>
    <Cell ss:StyleID="s23"/>
   </Row>
   <Row>
    <Cell ss:StyleID="s23"/>
    <Cell ss:StyleID="s23"/>
    <Cell ss:StyleID="s23"/>
    <Cell ss:StyleID="s23"/>
    <Cell ss:StyleID="s23"/>
   </Row>
   <Row>
    <Cell ss:StyleID="s23"/>
    <Cell ss:StyleID="s23"/>
    <Cell ss:StyleID="s23"/>
    <Cell ss:StyleID="s23"/>
    <Cell ss:StyleID="s23"/>
   </Row>
   <Row>
    <Cell ss:StyleID="s23"/>
    <Cell ss:StyleID="s23"/>
    <Cell ss:StyleID="s23"/>
    <Cell ss:StyleID="s23"/>
    <Cell ss:StyleID="s23"/>
   </Row>
   <Row>
    <Cell ss:StyleID="s23"/>
    <Cell ss:StyleID="s23"/>
    <Cell ss:StyleID="s23"/>
    <Cell ss:StyleID="s23"/>
    <Cell ss:StyleID="s23"/>
   </Row>
   <Row>
    <Cell ss:StyleID="s23"/>
    <Cell ss:StyleID="s23"/>
    <Cell ss:StyleID="s23"/>
    <Cell ss:StyleID="s23"/>
    <Cell ss:StyleID="s23"/>
   </Row>
   <Row>
    <Cell ss:StyleID="s23"/>
    <Cell ss:StyleID="s23"/>
    <Cell ss:StyleID="s23"/>
    <Cell ss:StyleID="s23"/>
    <Cell ss:StyleID="s23"/>
   </Row>
   <Row>
    <Cell ss:StyleID="s23"/>
    <Cell ss:StyleID="s23"/>
    <Cell ss:StyleID="s23"/>
    <Cell ss:StyleID="s23"/>
    <Cell ss:StyleID="s23"/>
   </Row>
   <Row>
    <Cell ss:StyleID="s23"/>
    <Cell ss:StyleID="s23"/>
    <Cell ss:StyleID="s23"/>
    <Cell ss:StyleID="s23"/>
    <Cell ss:StyleID="s23"/>
   </Row>
   <Row>
    <Cell ss:StyleID="s23"/>
    <Cell ss:StyleID="s23"/>
    <Cell ss:StyleID="s23"/>
    <Cell ss:StyleID="s23"/>
    <Cell ss:StyleID="s23"/>
   </Row>
   <Row>
    <Cell ss:StyleID="s23"/>
    <Cell ss:StyleID="s23"/>
    <Cell ss:StyleID="s23"/>
    <Cell ss:StyleID="s23"/>
    <Cell ss:StyleID="s23"/>
   </Row>
   <Row>
    <Cell ss:StyleID="s23"/>
    <Cell ss:StyleID="s23"/>
    <Cell ss:StyleID="s23"/>
    <Cell ss:StyleID="s23"/>
    <Cell ss:StyleID="s23"/>
   </Row>
   <Row>
    <Cell ss:StyleID="s23"/>
    <Cell ss:StyleID="s23"/>
    <Cell ss:StyleID="s23"/>
    <Cell ss:StyleID="s23"/>
    <Cell ss:StyleID="s23"/>
   </Row>
   <Row>
    <Cell ss:StyleID="s23"/>
    <Cell ss:StyleID="s23"/>
    <Cell ss:StyleID="s23"/>
    <Cell ss:StyleID="s23"/>
    <Cell ss:StyleID="s23"/>
   </Row>
   <Row>
    <Cell ss:StyleID="s23"/>
    <Cell ss:StyleID="s23"/>
    <Cell ss:StyleID="s23"/>
    <Cell ss:StyleID="s23"/>
    <Cell ss:StyleID="s23"/>
   </Row>
   <Row>
    <Cell ss:StyleID="s23"/>
    <Cell ss:StyleID="s23"/>
    <Cell ss:StyleID="s23"/>
    <Cell ss:StyleID="s23"/>
    <Cell ss:StyleID="s23"/>
   </Row>
   <Row>
    <Cell ss:StyleID="s23"/>
    <Cell ss:StyleID="s23"/>
    <Cell ss:StyleID="s23"/>
    <Cell ss:StyleID="s23"/>
    <Cell ss:StyleID="s23"/>
   </Row>
   <Row>
    <Cell ss:StyleID="s23"/>
    <Cell ss:StyleID="s23"/>
    <Cell ss:StyleID="s23"/>
    <Cell ss:StyleID="s23"/>
    <Cell ss:StyleID="s23"/>
   </Row>
   <Row>
    <Cell ss:StyleID="s23"/>
    <Cell ss:StyleID="s23"/>
    <Cell ss:StyleID="s23"/>
    <Cell ss:StyleID="s23"/>
    <Cell ss:StyleID="s23"/>
   </Row>
   <Row>
    <Cell ss:StyleID="s23"/>
    <Cell ss:StyleID="s23"/>
    <Cell ss:StyleID="s23"/>
    <Cell ss:StyleID="s23"/>
    <Cell ss:StyleID="s23"/>
   </Row>
   <Row>
    <Cell ss:StyleID="s23"/>
    <Cell ss:StyleID="s23"/>
    <Cell ss:StyleID="s23"/>
    <Cell ss:StyleID="s23"/>
    <Cell ss:StyleID="s23"/>
   </Row>
   <Row>
    <Cell ss:StyleID="s23"/>
    <Cell ss:StyleID="s23"/>
    <Cell ss:StyleID="s23"/>
    <Cell ss:StyleID="s23"/>
    <Cell ss:StyleID="s23"/>
   </Row>
   <Row>
    <Cell ss:StyleID="s23"/>
    <Cell ss:StyleID="s23"/>
    <Cell ss:StyleID="s23"/>
    <Cell ss:StyleID="s23"/>
    <Cell ss:StyleID="s23"/>
   </Row>
   <Row>
    <Cell ss:StyleID="s23"/>
    <Cell ss:StyleID="s23"/>
    <Cell ss:StyleID="s23"/>
    <Cell ss:StyleID="s23"/>
    <Cell ss:StyleID="s23"/>
   </Row>
   <Row>
    <Cell ss:StyleID="s23"/>
    <Cell ss:StyleID="s23"/>
    <Cell ss:StyleID="s23"/>
    <Cell ss:StyleID="s23"/>
    <Cell ss:StyleID="s23"/>
   </Row>
   <Row>
    <Cell ss:StyleID="s23"/>
    <Cell ss:StyleID="s23"/>
    <Cell ss:StyleID="s23"/>
    <Cell ss:StyleID="s23"/>
    <Cell ss:StyleID="s23"/>
   </Row>
   <Row>
    <Cell ss:StyleID="s23"/>
    <Cell ss:StyleID="s23"/>
    <Cell ss:StyleID="s23"/>
    <Cell ss:StyleID="s23"/>
    <Cell ss:StyleID="s23"/>
   </Row>
   <Row>
    <Cell ss:StyleID="s23"/>
    <Cell ss:StyleID="s23"/>
    <Cell ss:StyleID="s23"/>
    <Cell ss:StyleID="s23"/>
    <Cell ss:StyleID="s23"/>
   </Row>
   <Row>
    <Cell ss:StyleID="s23"/>
    <Cell ss:StyleID="s23"/>
    <Cell ss:StyleID="s23"/>
    <Cell ss:StyleID="s23"/>
    <Cell ss:StyleID="s23"/>
   </Row>
   <Row>
    <Cell ss:StyleID="s23"/>
    <Cell ss:StyleID="s23"/>
    <Cell ss:StyleID="s23"/>
    <Cell ss:StyleID="s23"/>
    <Cell ss:StyleID="s23"/>
   </Row>
   <Row>
    <Cell ss:StyleID="s23"/>
    <Cell ss:StyleID="s23"/>
    <Cell ss:StyleID="s23"/>
    <Cell ss:StyleID="s23"/>
    <Cell ss:StyleID="s23"/>
   </Row>
   <Row>
    <Cell ss:StyleID="s23"/>
    <Cell ss:StyleID="s23"/>
    <Cell ss:StyleID="s23"/>
    <Cell ss:StyleID="s23"/>
    <Cell ss:StyleID="s23"/>
   </Row>
   <Row>
    <Cell ss:StyleID="s23"/>
    <Cell ss:StyleID="s23"/>
    <Cell ss:StyleID="s23"/>
    <Cell ss:StyleID="s23"/>
    <Cell ss:StyleID="s23"/>
   </Row>
   <Row>
    <Cell ss:StyleID="s23"/>
    <Cell ss:StyleID="s23"/>
    <Cell ss:StyleID="s23"/>
    <Cell ss:StyleID="s23"/>
    <Cell ss:StyleID="s23"/>
   </Row>
   <Row>
    <Cell ss:StyleID="s23"/>
    <Cell ss:StyleID="s23"/>
    <Cell ss:StyleID="s23"/>
    <Cell ss:StyleID="s23"/>
    <Cell ss:StyleID="s23"/>
   </Row>
   <Row>
    <Cell ss:StyleID="s23"/>
    <Cell ss:StyleID="s23"/>
    <Cell ss:StyleID="s23"/>
    <Cell ss:StyleID="s23"/>
    <Cell ss:StyleID="s23"/>
   </Row>
   <Row>
    <Cell ss:StyleID="s23"/>
    <Cell ss:StyleID="s23"/>
    <Cell ss:StyleID="s23"/>
    <Cell ss:StyleID="s23"/>
    <Cell ss:StyleID="s23"/>
   </Row>
   <Row>
    <Cell ss:StyleID="s23"/>
    <Cell ss:StyleID="s23"/>
    <Cell ss:StyleID="s23"/>
    <Cell ss:StyleID="s23"/>
    <Cell ss:StyleID="s23"/>
   </Row>
   <Row>
    <Cell ss:StyleID="s23"/>
    <Cell ss:StyleID="s23"/>
    <Cell ss:StyleID="s23"/>
    <Cell ss:StyleID="s23"/>
    <Cell ss:StyleID="s23"/>
   </Row>
   <Row>
    <Cell ss:StyleID="s23"/>
    <Cell ss:StyleID="s23"/>
    <Cell ss:StyleID="s23"/>
    <Cell ss:StyleID="s23"/>
    <Cell ss:StyleID="s23"/>
   </Row>
   <Row>
    <Cell ss:StyleID="s23"/>
    <Cell ss:StyleID="s23"/>
    <Cell ss:StyleID="s23"/>
    <Cell ss:StyleID="s23"/>
    <Cell ss:StyleID="s23"/>
   </Row>
   <Row>
    <Cell ss:StyleID="s23"/>
    <Cell ss:StyleID="s23"/>
    <Cell ss:StyleID="s23"/>
    <Cell ss:StyleID="s23"/>
    <Cell ss:StyleID="s23"/>
   </Row>
   <Row>
    <Cell ss:StyleID="s23"/>
    <Cell ss:StyleID="s23"/>
    <Cell ss:StyleID="s23"/>
    <Cell ss:StyleID="s23"/>
    <Cell ss:StyleID="s23"/>
   </Row>
   <Row>
    <Cell ss:StyleID="s23"/>
    <Cell ss:StyleID="s23"/>
    <Cell ss:StyleID="s23"/>
    <Cell ss:StyleID="s23"/>
    <Cell ss:StyleID="s23"/>
   </Row>
   <Row>
    <Cell ss:StyleID="s23"/>
    <Cell ss:StyleID="s23"/>
    <Cell ss:StyleID="s23"/>
    <Cell ss:StyleID="s23"/>
    <Cell ss:StyleID="s23"/>
   </Row>
   <Row>
    <Cell ss:StyleID="s23"/>
    <Cell ss:StyleID="s23"/>
    <Cell ss:StyleID="s23"/>
    <Cell ss:StyleID="s23"/>
    <Cell ss:StyleID="s23"/>
   </Row>
   <Row>
    <Cell ss:StyleID="s23"/>
    <Cell ss:StyleID="s23"/>
    <Cell ss:StyleID="s23"/>
    <Cell ss:StyleID="s23"/>
    <Cell ss:StyleID="s23"/>
   </Row>
   <Row>
    <Cell ss:StyleID="s23"/>
    <Cell ss:StyleID="s23"/>
    <Cell ss:StyleID="s23"/>
    <Cell ss:StyleID="s23"/>
    <Cell ss:StyleID="s23"/>
   </Row>
   <Row>
    <Cell ss:StyleID="s23"/>
    <Cell ss:StyleID="s23"/>
    <Cell ss:StyleID="s23"/>
    <Cell ss:StyleID="s23"/>
    <Cell ss:StyleID="s23"/>
   </Row>
   <Row>
    <Cell ss:StyleID="s23"/>
    <Cell ss:StyleID="s23"/>
    <Cell ss:StyleID="s23"/>
    <Cell ss:StyleID="s23"/>
    <Cell ss:StyleID="s23"/>
   </Row>
   <Row>
    <Cell ss:StyleID="s23"/>
    <Cell ss:StyleID="s23"/>
    <Cell ss:StyleID="s23"/>
    <Cell ss:StyleID="s23"/>
    <Cell ss:StyleID="s23"/>
   </Row>
   <Row>
    <Cell ss:StyleID="s23"/>
    <Cell ss:StyleID="s23"/>
    <Cell ss:StyleID="s23"/>
    <Cell ss:StyleID="s23"/>
    <Cell ss:StyleID="s23"/>
   </Row>
   <Row>
    <Cell ss:StyleID="s23"/>
    <Cell ss:StyleID="s23"/>
    <Cell ss:StyleID="s23"/>
    <Cell ss:StyleID="s23"/>
    <Cell ss:StyleID="s23"/>
   </Row>
   <Row>
    <Cell ss:StyleID="s23"/>
    <Cell ss:StyleID="s23"/>
    <Cell ss:StyleID="s23"/>
    <Cell ss:StyleID="s23"/>
    <Cell ss:StyleID="s23"/>
   </Row>
   <Row>
    <Cell ss:StyleID="s23"/>
    <Cell ss:StyleID="s23"/>
    <Cell ss:StyleID="s23"/>
    <Cell ss:StyleID="s23"/>
    <Cell ss:StyleID="s23"/>
   </Row>
   <Row>
    <Cell ss:StyleID="s23"/>
    <Cell ss:StyleID="s23"/>
    <Cell ss:StyleID="s23"/>
    <Cell ss:StyleID="s23"/>
    <Cell ss:StyleID="s23"/>
   </Row>
   <Row>
    <Cell ss:StyleID="s23"/>
    <Cell ss:StyleID="s23"/>
    <Cell ss:StyleID="s23"/>
    <Cell ss:StyleID="s23"/>
    <Cell ss:StyleID="s23"/>
   </Row>
   <Row>
    <Cell ss:StyleID="s23"/>
    <Cell ss:StyleID="s23"/>
    <Cell ss:StyleID="s23"/>
    <Cell ss:StyleID="s23"/>
    <Cell ss:StyleID="s23"/>
   </Row>
   <Row>
    <Cell ss:StyleID="s23"/>
    <Cell ss:StyleID="s23"/>
    <Cell ss:StyleID="s23"/>
    <Cell ss:StyleID="s23"/>
    <Cell ss:StyleID="s23"/>
   </Row>
   <Row>
    <Cell ss:StyleID="s23"/>
    <Cell ss:StyleID="s23"/>
    <Cell ss:StyleID="s23"/>
    <Cell ss:StyleID="s23"/>
    <Cell ss:StyleID="s23"/>
   </Row>
   <Row>
    <Cell ss:StyleID="s23"/>
    <Cell ss:StyleID="s23"/>
    <Cell ss:StyleID="s23"/>
    <Cell ss:StyleID="s23"/>
    <Cell ss:StyleID="s23"/>
   </Row>
   <Row>
    <Cell ss:StyleID="s23"/>
    <Cell ss:StyleID="s23"/>
    <Cell ss:StyleID="s23"/>
    <Cell ss:StyleID="s23"/>
    <Cell ss:StyleID="s23"/>
   </Row>
   <Row>
    <Cell ss:StyleID="s23"/>
    <Cell ss:StyleID="s23"/>
    <Cell ss:StyleID="s23"/>
    <Cell ss:StyleID="s23"/>
    <Cell ss:StyleID="s23"/>
   </Row>
   <Row>
    <Cell ss:StyleID="s23"/>
    <Cell ss:StyleID="s23"/>
    <Cell ss:StyleID="s23"/>
    <Cell ss:StyleID="s23"/>
    <Cell ss:StyleID="s23"/>
   </Row>
   <Row>
    <Cell ss:StyleID="s23"/>
    <Cell ss:StyleID="s23"/>
    <Cell ss:StyleID="s23"/>
    <Cell ss:StyleID="s23"/>
    <Cell ss:StyleID="s23"/>
   </Row>
   <Row>
    <Cell ss:StyleID="s23"/>
    <Cell ss:StyleID="s23"/>
    <Cell ss:StyleID="s23"/>
    <Cell ss:StyleID="s23"/>
    <Cell ss:StyleID="s23"/>
   </Row>
   <Row>
    <Cell ss:StyleID="s23"/>
    <Cell ss:StyleID="s23"/>
    <Cell ss:StyleID="s23"/>
    <Cell ss:StyleID="s23"/>
    <Cell ss:StyleID="s23"/>
   </Row>
   <Row>
    <Cell ss:StyleID="s23"/>
    <Cell ss:StyleID="s23"/>
    <Cell ss:StyleID="s23"/>
    <Cell ss:StyleID="s23"/>
    <Cell ss:StyleID="s23"/>
   </Row>
   <Row>
    <Cell ss:StyleID="s23"/>
    <Cell ss:StyleID="s23"/>
    <Cell ss:StyleID="s23"/>
    <Cell ss:StyleID="s23"/>
    <Cell ss:StyleID="s23"/>
   </Row>
   <Row>
    <Cell ss:StyleID="s23"/>
    <Cell ss:StyleID="s23"/>
    <Cell ss:StyleID="s23"/>
    <Cell ss:StyleID="s23"/>
    <Cell ss:StyleID="s23"/>
   </Row>
   <Row>
    <Cell ss:StyleID="s23"/>
    <Cell ss:StyleID="s23"/>
    <Cell ss:StyleID="s23"/>
    <Cell ss:StyleID="s23"/>
    <Cell ss:StyleID="s23"/>
   </Row>
   <Row>
    <Cell ss:StyleID="s23"/>
    <Cell ss:StyleID="s23"/>
    <Cell ss:StyleID="s23"/>
    <Cell ss:StyleID="s23"/>
    <Cell ss:StyleID="s23"/>
   </Row>
   <Row>
    <Cell ss:StyleID="s23"/>
    <Cell ss:StyleID="s23"/>
    <Cell ss:StyleID="s23"/>
    <Cell ss:StyleID="s23"/>
    <Cell ss:StyleID="s23"/>
   </Row>
   <Row>
    <Cell ss:StyleID="s23"/>
    <Cell ss:StyleID="s23"/>
    <Cell ss:StyleID="s23"/>
    <Cell ss:StyleID="s23"/>
    <Cell ss:StyleID="s23"/>
   </Row>
   <Row>
    <Cell ss:StyleID="s23"/>
    <Cell ss:StyleID="s23"/>
    <Cell ss:StyleID="s23"/>
    <Cell ss:StyleID="s23"/>
    <Cell ss:StyleID="s23"/>
   </Row>
   <Row>
    <Cell ss:StyleID="s23"/>
    <Cell ss:StyleID="s23"/>
    <Cell ss:StyleID="s23"/>
    <Cell ss:StyleID="s23"/>
    <Cell ss:StyleID="s23"/>
   </Row>
   <Row>
    <Cell ss:StyleID="s23"/>
    <Cell ss:StyleID="s23"/>
    <Cell ss:StyleID="s23"/>
    <Cell ss:StyleID="s23"/>
    <Cell ss:StyleID="s23"/>
   </Row>
   <Row>
    <Cell ss:StyleID="s23"/>
    <Cell ss:StyleID="s23"/>
    <Cell ss:StyleID="s23"/>
    <Cell ss:StyleID="s23"/>
    <Cell ss:StyleID="s23"/>
   </Row>
   <Row>
    <Cell ss:StyleID="s23"/>
    <Cell ss:StyleID="s23"/>
    <Cell ss:StyleID="s23"/>
    <Cell ss:StyleID="s23"/>
    <Cell ss:StyleID="s23"/>
   </Row>
   <Row>
    <Cell ss:StyleID="s23"/>
    <Cell ss:StyleID="s23"/>
    <Cell ss:StyleID="s23"/>
    <Cell ss:StyleID="s23"/>
    <Cell ss:StyleID="s23"/>
   </Row>
   <Row>
    <Cell ss:StyleID="s23"/>
    <Cell ss:StyleID="s23"/>
    <Cell ss:StyleID="s23"/>
    <Cell ss:StyleID="s23"/>
    <Cell ss:StyleID="s23"/>
   </Row>
   <Row>
    <Cell ss:StyleID="s23"/>
    <Cell ss:StyleID="s23"/>
    <Cell ss:StyleID="s23"/>
    <Cell ss:StyleID="s23"/>
    <Cell ss:StyleID="s23"/>
   </Row>
   <Row>
    <Cell ss:StyleID="s23"/>
    <Cell ss:StyleID="s23"/>
    <Cell ss:StyleID="s23"/>
    <Cell ss:StyleID="s23"/>
    <Cell ss:StyleID="s23"/>
   </Row>
   <Row>
    <Cell ss:StyleID="s23"/>
    <Cell ss:StyleID="s23"/>
    <Cell ss:StyleID="s23"/>
    <Cell ss:StyleID="s23"/>
    <Cell ss:StyleID="s23"/>
   </Row>
   <Row>
    <Cell ss:StyleID="s23"/>
    <Cell ss:StyleID="s23"/>
    <Cell ss:StyleID="s23"/>
    <Cell ss:StyleID="s23"/>
    <Cell ss:StyleID="s23"/>
   </Row>
   <Row>
    <Cell ss:StyleID="s23"/>
    <Cell ss:StyleID="s23"/>
    <Cell ss:StyleID="s23"/>
    <Cell ss:StyleID="s23"/>
    <Cell ss:StyleID="s23"/>
   </Row>
   <Row>
    <Cell ss:StyleID="s23"/>
    <Cell ss:StyleID="s23"/>
    <Cell ss:StyleID="s23"/>
    <Cell ss:StyleID="s23"/>
    <Cell ss:StyleID="s23"/>
   </Row>
   <Row>
    <Cell ss:StyleID="s23"/>
    <Cell ss:StyleID="s23"/>
    <Cell ss:StyleID="s23"/>
    <Cell ss:StyleID="s23"/>
    <Cell ss:StyleID="s23"/>
   </Row>
   <Row>
    <Cell ss:StyleID="s23"/>
    <Cell ss:StyleID="s23"/>
    <Cell ss:StyleID="s23"/>
    <Cell ss:StyleID="s23"/>
    <Cell ss:StyleID="s23"/>
   </Row>
   <Row>
    <Cell ss:StyleID="s23"/>
    <Cell ss:StyleID="s23"/>
    <Cell ss:StyleID="s23"/>
    <Cell ss:StyleID="s23"/>
    <Cell ss:StyleID="s23"/>
   </Row>
   <Row>
    <Cell ss:StyleID="s23"/>
    <Cell ss:StyleID="s23"/>
    <Cell ss:StyleID="s23"/>
    <Cell ss:StyleID="s23"/>
    <Cell ss:StyleID="s23"/>
   </Row>
   <Row>
    <Cell ss:StyleID="s23"/>
    <Cell ss:StyleID="s23"/>
    <Cell ss:StyleID="s23"/>
    <Cell ss:StyleID="s23"/>
    <Cell ss:StyleID="s23"/>
   </Row>
   <Row>
    <Cell ss:StyleID="s23"/>
    <Cell ss:StyleID="s23"/>
    <Cell ss:StyleID="s23"/>
    <Cell ss:StyleID="s23"/>
    <Cell ss:StyleID="s23"/>
   </Row>
   <Row>
    <Cell ss:StyleID="s23"/>
    <Cell ss:StyleID="s23"/>
    <Cell ss:StyleID="s23"/>
    <Cell ss:StyleID="s23"/>
    <Cell ss:StyleID="s23"/>
   </Row>
   <Row>
    <Cell ss:StyleID="s23"/>
    <Cell ss:StyleID="s23"/>
    <Cell ss:StyleID="s23"/>
    <Cell ss:StyleID="s23"/>
    <Cell ss:StyleID="s23"/>
   </Row>
   <Row>
    <Cell ss:StyleID="s23"/>
    <Cell ss:StyleID="s23"/>
    <Cell ss:StyleID="s23"/>
    <Cell ss:StyleID="s23"/>
    <Cell ss:StyleID="s23"/>
   </Row>
   <Row>
    <Cell ss:StyleID="s23"/>
    <Cell ss:StyleID="s23"/>
    <Cell ss:StyleID="s23"/>
    <Cell ss:StyleID="s23"/>
    <Cell ss:StyleID="s23"/>
   </Row>
   <Row>
    <Cell ss:StyleID="s23"/>
    <Cell ss:StyleID="s23"/>
    <Cell ss:StyleID="s23"/>
    <Cell ss:StyleID="s23"/>
    <Cell ss:StyleID="s23"/>
   </Row>
   <Row>
    <Cell ss:StyleID="s23"/>
    <Cell ss:StyleID="s23"/>
    <Cell ss:StyleID="s23"/>
    <Cell ss:StyleID="s23"/>
    <Cell ss:StyleID="s23"/>
   </Row>
   <Row>
    <Cell ss:StyleID="s23"/>
    <Cell ss:StyleID="s23"/>
    <Cell ss:StyleID="s23"/>
    <Cell ss:StyleID="s23"/>
    <Cell ss:StyleID="s23"/>
   </Row>
   <Row>
    <Cell ss:StyleID="s23"/>
    <Cell ss:StyleID="s23"/>
    <Cell ss:StyleID="s23"/>
    <Cell ss:StyleID="s23"/>
    <Cell ss:StyleID="s23"/>
   </Row>
   <Row>
    <Cell ss:StyleID="s23"/>
    <Cell ss:StyleID="s23"/>
    <Cell ss:StyleID="s23"/>
    <Cell ss:StyleID="s23"/>
    <Cell ss:StyleID="s23"/>
   </Row>
   <Row>
    <Cell ss:StyleID="s23"/>
    <Cell ss:StyleID="s23"/>
    <Cell ss:StyleID="s23"/>
    <Cell ss:StyleID="s23"/>
    <Cell ss:StyleID="s23"/>
   </Row>
   <Row>
    <Cell ss:StyleID="s23"/>
    <Cell ss:StyleID="s23"/>
    <Cell ss:StyleID="s23"/>
    <Cell ss:StyleID="s23"/>
    <Cell ss:StyleID="s23"/>
   </Row>
   <Row>
    <Cell ss:StyleID="s23"/>
    <Cell ss:StyleID="s23"/>
    <Cell ss:StyleID="s23"/>
    <Cell ss:StyleID="s23"/>
    <Cell ss:StyleID="s23"/>
   </Row>
   <Row>
    <Cell ss:StyleID="s23"/>
    <Cell ss:StyleID="s23"/>
    <Cell ss:StyleID="s23"/>
    <Cell ss:StyleID="s23"/>
    <Cell ss:StyleID="s23"/>
   </Row>
   <Row>
    <Cell ss:StyleID="s23"/>
    <Cell ss:StyleID="s23"/>
    <Cell ss:StyleID="s23"/>
    <Cell ss:StyleID="s23"/>
    <Cell ss:StyleID="s23"/>
   </Row>
   <Row>
    <Cell ss:StyleID="s23"/>
    <Cell ss:StyleID="s23"/>
    <Cell ss:StyleID="s23"/>
    <Cell ss:StyleID="s23"/>
    <Cell ss:StyleID="s23"/>
   </Row>
   <Row>
    <Cell ss:StyleID="s23"/>
    <Cell ss:StyleID="s23"/>
    <Cell ss:StyleID="s23"/>
    <Cell ss:StyleID="s23"/>
    <Cell ss:StyleID="s23"/>
   </Row>
   <Row>
    <Cell ss:StyleID="s23"/>
    <Cell ss:StyleID="s23"/>
    <Cell ss:StyleID="s23"/>
    <Cell ss:StyleID="s23"/>
    <Cell ss:StyleID="s23"/>
   </Row>
   <Row>
    <Cell ss:StyleID="s23"/>
    <Cell ss:StyleID="s23"/>
    <Cell ss:StyleID="s23"/>
    <Cell ss:StyleID="s23"/>
    <Cell ss:StyleID="s23"/>
   </Row>
   <Row>
    <Cell ss:StyleID="s23"/>
    <Cell ss:StyleID="s23"/>
    <Cell ss:StyleID="s23"/>
    <Cell ss:StyleID="s23"/>
    <Cell ss:StyleID="s23"/>
   </Row>
   <Row>
    <Cell ss:StyleID="s23"/>
    <Cell ss:StyleID="s23"/>
    <Cell ss:StyleID="s23"/>
    <Cell ss:StyleID="s23"/>
    <Cell ss:StyleID="s23"/>
   </Row>
   <Row>
    <Cell ss:StyleID="s23"/>
    <Cell ss:StyleID="s23"/>
    <Cell ss:StyleID="s23"/>
    <Cell ss:StyleID="s23"/>
    <Cell ss:StyleID="s23"/>
   </Row>
   <Row>
    <Cell ss:StyleID="s23"/>
    <Cell ss:StyleID="s23"/>
    <Cell ss:StyleID="s23"/>
    <Cell ss:StyleID="s23"/>
    <Cell ss:StyleID="s23"/>
   </Row>
   <Row>
    <Cell ss:StyleID="s23"/>
    <Cell ss:StyleID="s23"/>
    <Cell ss:StyleID="s23"/>
    <Cell ss:StyleID="s23"/>
    <Cell ss:StyleID="s23"/>
   </Row>
   <Row>
    <Cell ss:StyleID="s23"/>
    <Cell ss:StyleID="s23"/>
    <Cell ss:StyleID="s23"/>
    <Cell ss:StyleID="s23"/>
    <Cell ss:StyleID="s23"/>
   </Row>
   <Row>
    <Cell ss:StyleID="s23"/>
    <Cell ss:StyleID="s23"/>
    <Cell ss:StyleID="s23"/>
    <Cell ss:StyleID="s23"/>
    <Cell ss:StyleID="s23"/>
   </Row>
   <Row>
    <Cell ss:StyleID="s23"/>
    <Cell ss:StyleID="s23"/>
    <Cell ss:StyleID="s23"/>
    <Cell ss:StyleID="s23"/>
    <Cell ss:StyleID="s23"/>
   </Row>
   <Row>
    <Cell ss:StyleID="s23"/>
    <Cell ss:StyleID="s23"/>
    <Cell ss:StyleID="s23"/>
    <Cell ss:StyleID="s23"/>
    <Cell ss:StyleID="s23"/>
   </Row>
   <Row>
    <Cell ss:StyleID="s23"/>
    <Cell ss:StyleID="s23"/>
    <Cell ss:StyleID="s23"/>
    <Cell ss:StyleID="s23"/>
    <Cell ss:StyleID="s23"/>
   </Row>
   <Row>
    <Cell ss:StyleID="s23"/>
    <Cell ss:StyleID="s23"/>
    <Cell ss:StyleID="s23"/>
    <Cell ss:StyleID="s23"/>
    <Cell ss:StyleID="s23"/>
   </Row>
   <Row>
    <Cell ss:StyleID="s23"/>
    <Cell ss:StyleID="s23"/>
    <Cell ss:StyleID="s23"/>
    <Cell ss:StyleID="s23"/>
    <Cell ss:StyleID="s23"/>
   </Row>
   <Row>
    <Cell ss:StyleID="s23"/>
    <Cell ss:StyleID="s23"/>
    <Cell ss:StyleID="s23"/>
    <Cell ss:StyleID="s23"/>
    <Cell ss:StyleID="s23"/>
   </Row>
   <Row>
    <Cell ss:StyleID="s23"/>
    <Cell ss:StyleID="s23"/>
    <Cell ss:StyleID="s23"/>
    <Cell ss:StyleID="s23"/>
    <Cell ss:StyleID="s23"/>
   </Row>
   <Row>
    <Cell ss:StyleID="s23"/>
    <Cell ss:StyleID="s23"/>
    <Cell ss:StyleID="s23"/>
    <Cell ss:StyleID="s23"/>
    <Cell ss:StyleID="s23"/>
   </Row>
   <Row>
    <Cell ss:StyleID="s23"/>
    <Cell ss:StyleID="s23"/>
    <Cell ss:StyleID="s23"/>
    <Cell ss:StyleID="s23"/>
    <Cell ss:StyleID="s23"/>
   </Row>
   <Row>
    <Cell ss:StyleID="s23"/>
    <Cell ss:StyleID="s23"/>
    <Cell ss:StyleID="s23"/>
    <Cell ss:StyleID="s23"/>
    <Cell ss:StyleID="s23"/>
   </Row>
   <Row>
    <Cell ss:StyleID="s23"/>
    <Cell ss:StyleID="s23"/>
    <Cell ss:StyleID="s23"/>
    <Cell ss:StyleID="s23"/>
    <Cell ss:StyleID="s23"/>
   </Row>
   <Row>
    <Cell ss:StyleID="s23"/>
    <Cell ss:StyleID="s23"/>
    <Cell ss:StyleID="s23"/>
    <Cell ss:StyleID="s23"/>
    <Cell ss:StyleID="s23"/>
   </Row>
   <Row>
    <Cell ss:StyleID="s23"/>
    <Cell ss:StyleID="s23"/>
    <Cell ss:StyleID="s23"/>
    <Cell ss:StyleID="s23"/>
    <Cell ss:StyleID="s23"/>
   </Row>
   <Row>
    <Cell ss:StyleID="s23"/>
    <Cell ss:StyleID="s23"/>
    <Cell ss:StyleID="s23"/>
    <Cell ss:StyleID="s23"/>
    <Cell ss:StyleID="s23"/>
   </Row>
   <Row>
    <Cell ss:StyleID="s23"/>
    <Cell ss:StyleID="s23"/>
    <Cell ss:StyleID="s23"/>
    <Cell ss:StyleID="s23"/>
    <Cell ss:StyleID="s23"/>
   </Row>
   <Row>
    <Cell ss:StyleID="s23"/>
    <Cell ss:StyleID="s23"/>
    <Cell ss:StyleID="s23"/>
    <Cell ss:StyleID="s23"/>
    <Cell ss:StyleID="s23"/>
   </Row>
   <Row>
    <Cell ss:StyleID="s23"/>
    <Cell ss:StyleID="s23"/>
    <Cell ss:StyleID="s23"/>
    <Cell ss:StyleID="s23"/>
    <Cell ss:StyleID="s23"/>
   </Row>
   <Row>
    <Cell ss:StyleID="s23"/>
    <Cell ss:StyleID="s23"/>
    <Cell ss:StyleID="s23"/>
    <Cell ss:StyleID="s23"/>
    <Cell ss:StyleID="s23"/>
   </Row>
   <Row>
    <Cell ss:StyleID="s23"/>
    <Cell ss:StyleID="s23"/>
    <Cell ss:StyleID="s23"/>
    <Cell ss:StyleID="s23"/>
    <Cell ss:StyleID="s23"/>
   </Row>
   <Row>
    <Cell ss:StyleID="s23"/>
    <Cell ss:StyleID="s23"/>
    <Cell ss:StyleID="s23"/>
    <Cell ss:StyleID="s23"/>
    <Cell ss:StyleID="s23"/>
   </Row>
   <Row>
    <Cell ss:StyleID="s23"/>
    <Cell ss:StyleID="s23"/>
    <Cell ss:StyleID="s23"/>
    <Cell ss:StyleID="s23"/>
    <Cell ss:StyleID="s23"/>
   </Row>
   <Row>
    <Cell ss:StyleID="s23"/>
    <Cell ss:StyleID="s23"/>
    <Cell ss:StyleID="s23"/>
    <Cell ss:StyleID="s23"/>
    <Cell ss:StyleID="s23"/>
   </Row>
   <Row>
    <Cell ss:StyleID="s23"/>
    <Cell ss:StyleID="s23"/>
    <Cell ss:StyleID="s23"/>
    <Cell ss:StyleID="s23"/>
    <Cell ss:StyleID="s23"/>
   </Row>
   <Row>
    <Cell ss:StyleID="s23"/>
    <Cell ss:StyleID="s23"/>
    <Cell ss:StyleID="s23"/>
    <Cell ss:StyleID="s23"/>
    <Cell ss:StyleID="s23"/>
   </Row>
   <Row>
    <Cell ss:StyleID="s23"/>
    <Cell ss:StyleID="s23"/>
    <Cell ss:StyleID="s23"/>
    <Cell ss:StyleID="s23"/>
    <Cell ss:StyleID="s23"/>
   </Row>
   <Row>
    <Cell ss:StyleID="s23"/>
    <Cell ss:StyleID="s23"/>
    <Cell ss:StyleID="s23"/>
    <Cell ss:StyleID="s23"/>
    <Cell ss:StyleID="s23"/>
   </Row>
   <Row>
    <Cell ss:StyleID="s23"/>
    <Cell ss:StyleID="s23"/>
    <Cell ss:StyleID="s23"/>
    <Cell ss:StyleID="s23"/>
    <Cell ss:StyleID="s23"/>
   </Row>
   <Row>
    <Cell ss:StyleID="s23"/>
    <Cell ss:StyleID="s23"/>
    <Cell ss:StyleID="s23"/>
    <Cell ss:StyleID="s23"/>
    <Cell ss:StyleID="s23"/>
   </Row>
   <Row>
    <Cell ss:StyleID="s23"/>
    <Cell ss:StyleID="s23"/>
    <Cell ss:StyleID="s23"/>
    <Cell ss:StyleID="s23"/>
    <Cell ss:StyleID="s23"/>
   </Row>
   <Row>
    <Cell ss:StyleID="s23"/>
    <Cell ss:StyleID="s23"/>
    <Cell ss:StyleID="s23"/>
    <Cell ss:StyleID="s23"/>
    <Cell ss:StyleID="s23"/>
   </Row>
   <Row>
    <Cell ss:StyleID="s23"/>
    <Cell ss:StyleID="s23"/>
    <Cell ss:StyleID="s23"/>
    <Cell ss:StyleID="s23"/>
    <Cell ss:StyleID="s23"/>
   </Row>
   <Row>
    <Cell ss:StyleID="s23"/>
    <Cell ss:StyleID="s23"/>
    <Cell ss:StyleID="s23"/>
    <Cell ss:StyleID="s23"/>
    <Cell ss:StyleID="s23"/>
   </Row>
   <Row>
    <Cell ss:StyleID="s23"/>
    <Cell ss:StyleID="s23"/>
    <Cell ss:StyleID="s23"/>
    <Cell ss:StyleID="s23"/>
    <Cell ss:StyleID="s23"/>
   </Row>
   <Row>
    <Cell ss:StyleID="s23"/>
    <Cell ss:StyleID="s23"/>
    <Cell ss:StyleID="s23"/>
    <Cell ss:StyleID="s23"/>
    <Cell ss:StyleID="s23"/>
   </Row>
   <Row>
    <Cell ss:StyleID="s23"/>
    <Cell ss:StyleID="s23"/>
    <Cell ss:StyleID="s23"/>
    <Cell ss:StyleID="s23"/>
    <Cell ss:StyleID="s23"/>
   </Row>
   <Row>
    <Cell ss:StyleID="s23"/>
    <Cell ss:StyleID="s23"/>
    <Cell ss:StyleID="s23"/>
    <Cell ss:StyleID="s23"/>
    <Cell ss:StyleID="s23"/>
   </Row>
   <Row>
    <Cell ss:StyleID="s23"/>
    <Cell ss:StyleID="s23"/>
    <Cell ss:StyleID="s23"/>
    <Cell ss:StyleID="s23"/>
    <Cell ss:StyleID="s23"/>
   </Row>
   <Row>
    <Cell ss:StyleID="s23"/>
    <Cell ss:StyleID="s23"/>
    <Cell ss:StyleID="s23"/>
    <Cell ss:StyleID="s23"/>
    <Cell ss:StyleID="s23"/>
   </Row>
   <Row>
    <Cell ss:StyleID="s23"/>
    <Cell ss:StyleID="s23"/>
    <Cell ss:StyleID="s23"/>
    <Cell ss:StyleID="s23"/>
    <Cell ss:StyleID="s23"/>
   </Row>
   <Row>
    <Cell ss:StyleID="s23"/>
    <Cell ss:StyleID="s23"/>
    <Cell ss:StyleID="s23"/>
    <Cell ss:StyleID="s23"/>
    <Cell ss:StyleID="s23"/>
   </Row>
   <Row>
    <Cell ss:StyleID="s23"/>
    <Cell ss:StyleID="s23"/>
    <Cell ss:StyleID="s23"/>
    <Cell ss:StyleID="s23"/>
    <Cell ss:StyleID="s23"/>
   </Row>
  </Table>
  <WorksheetOptions xmlns="urn:schemas-microsoft-com:office:excel">
   <PageSetup>
    <Layout x:CenterHorizontal="1"/>
    <Header x:Margin="0.19685039370078741" x:Data="&amp;R- &amp;P -"/>
    <Footer x:Margin="0.51181102362204722"/>
    <PageMargins x:Bottom="0.98425196850393704" x:Left="0.19685039370078741"
     x:Right="0.19685039370078741" x:Top="0.39370078740157483"/>
   </PageSetup>
   <Print>
    <ValidPrinterInfo/>
    <PaperSizeIndex>9</PaperSizeIndex>
    <Scale>85</Scale>
    <HorizontalResolution>600</HorizontalResolution>
    <VerticalResolution>600</VerticalResolution>
   </Print>
   <Zoom>75</Zoom>
   <Panes>
    <Pane>
     <Number>3</Number>
     <ActiveRow>8</ActiveRow>
     <ActiveCol>2</ActiveCol>
    </Pane>
   </Panes>
   <ProtectObjects>False</ProtectObjects>
   <ProtectScenarios>False</ProtectScenarios>
  </WorksheetOptions>
 </Worksheet>
 <Worksheet ss:Name="hidden1">
  <Table ss:ExpandedColumnCount="3" ss:ExpandedRowCount="14" x:FullColumns="1"
   x:FullRows="1">
   <Row>
    <Cell><Data ss:Type="Number">1407454338</Data></Cell>
    <Cell><Data ss:Type="Number">971343787</Data></Cell>
    <Cell><Data ss:Type="Number">436110551</Data></Cell>
   </Row>
   <Row>
    <Cell><Data ss:Type="Number">158171423</Data></Cell>
    <Cell><Data ss:Type="Number">116973254</Data></Cell>
    <Cell><Data ss:Type="Number">41198169</Data></Cell>
   </Row>
   <Row>
    <Cell><Data ss:Type="Number">108178720</Data></Cell>
    <Cell><Data ss:Type="Number">75830166</Data></Cell>
    <Cell><Data ss:Type="Number">32348554</Data></Cell>
   </Row>
   <Row>
    <Cell><Data ss:Type="Number">84451038</Data></Cell>
    <Cell><Data ss:Type="Number">58281103</Data></Cell>
    <Cell><Data ss:Type="Number">26169935</Data></Cell>
   </Row>
   <Row>
    <Cell><Data ss:Type="Number">23727682</Data></Cell>
    <Cell><Data ss:Type="Number">17549063</Data></Cell>
    <Cell><Data ss:Type="Number">6178619</Data></Cell>
   </Row>
   <Row>
    <Cell><Data ss:Type="Number">83168080</Data></Cell>
    <Cell><Data ss:Type="Number">53962916</Data></Cell>
    <Cell><Data ss:Type="Number">29205164</Data></Cell>
   </Row>
   <Row>
    <Cell><Data ss:Type="Number">63146727</Data></Cell>
    <Cell><Data ss:Type="Number">39204854</Data></Cell>
    <Cell><Data ss:Type="Number">23941873</Data></Cell>
   </Row>
   <Row>
    <Cell><Data ss:Type="Number">20021353</Data></Cell>
    <Cell><Data ss:Type="Number">14758062</Data></Cell>
    <Cell><Data ss:Type="Number">5263291</Data></Cell>
   </Row>
   <Row>
    <Cell><Data ss:Type="Number">5711648</Data></Cell>
    <Cell><Data ss:Type="Number">4863578</Data></Cell>
    <Cell><Data ss:Type="Number">848070</Data></Cell>
   </Row>
   <Row>
    <Cell><Data ss:Type="Number">1602098</Data></Cell>
    <Cell><Data ss:Type="Number">773377</Data></Cell>
    <Cell><Data ss:Type="Number">828721</Data></Cell>
   </Row>
   <Row>
    <Cell><Data ss:Type="Number">1022481</Data></Cell>
    <Cell><Data ss:Type="Number">384942</Data></Cell>
    <Cell><Data ss:Type="Number">637539</Data></Cell>
   </Row>
   <Row>
    <Cell><Data ss:Type="Number">579617</Data></Cell>
    <Cell><Data ss:Type="Number">388435</Data></Cell>
    <Cell><Data ss:Type="Number">191182</Data></Cell>
   </Row>
   <Row>
    <Cell><Data ss:Type="Number">0</Data></Cell>
    <Cell><Data ss:Type="Number">0</Data></Cell>
    <Cell><Data ss:Type="Number">6193</Data></Cell>
   </Row>
   <Row>
    <Cell><Data ss:Type="Number">1957235205</Data></Cell>
    <Cell><Data ss:Type="Number">1354313537</Data></Cell>
    <Cell><Data ss:Type="Number">602927861</Data></Cell>
   </Row>
  </Table>
  <WorksheetOptions xmlns="urn:schemas-microsoft-com:office:excel">
   <Visible>SheetHidden</Visible>
   <Panes>
    <Pane>
     <Number>3</Number>
     <ActiveCol>1</ActiveCol>
    </Pane>
   </Panes>
   <ProtectObjects>False</ProtectObjects>
   <ProtectScenarios>False</ProtectScenarios>
  </WorksheetOptions>
 </Worksheet>
 <Worksheet ss:Name="hidden2">
  <Table ss:ExpandedColumnCount="1" ss:ExpandedRowCount="6" x:FullColumns="1"
   x:FullRows="1">
   <Column ss:AutoFitWidth="0" ss:Width="57.75"/>
   <Row>
    <Cell><Data ss:Type="Number">21304310</Data></Cell>
   </Row>
   <Row>
    <Cell><Data ss:Type="Number">19076247</Data></Cell>
   </Row>
   <Row>
    <Cell><Data ss:Type="Number">2228063</Data></Cell>
   </Row>
   <Row>
    <Cell><Data ss:Type="Number">1592911669</Data></Cell>
   </Row>
   <Row>
    <Cell><Data ss:Type="Number">1225168887</Data></Cell>
   </Row>
   <Row>
    <Cell><Data ss:Type="Number">367742782</Data></Cell>
   </Row>
  </Table>
  <WorksheetOptions xmlns="urn:schemas-microsoft-com:office:excel">
   <Visible>SheetHidden</Visible>
   <Panes>
    <Pane>
     <Number>3</Number>
     <ActiveCol>1</ActiveCol>
    </Pane>
   </Panes>
   <ProtectObjects>False</ProtectObjects>
   <ProtectScenarios>False</ProtectScenarios>
  </WorksheetOptions>
 </Worksheet>
</Workbook>
