<?xml version="1.0"?>
<?mso-application progid="Excel.Sheet"?>
<Workbook xmlns="urn:schemas-microsoft-com:office:spreadsheet"
 xmlns:o="urn:schemas-microsoft-com:office:office"
 xmlns:x="urn:schemas-microsoft-com:office:excel"
 xmlns:ss="urn:schemas-microsoft-com:office:spreadsheet"
 xmlns:html="http://www.w3.org/TR/REC-html40">
 <DocumentProperties xmlns="urn:schemas-microsoft-com:office:office">
  <Author>Microsoft Corporation</Author>
  <LastAuthor>balmaster</LastAuthor>
  <LastPrinted>2010-06-24T11:49:38Z</LastPrinted>
  <Created>1996-10-08T23:32:33Z</Created>
  <LastSaved>2010-06-24T11:49:59Z</LastSaved>
  <Version>12.00</Version>
 </DocumentProperties>
 <ExcelWorkbook xmlns="urn:schemas-microsoft-com:office:excel">
  <WindowHeight>5715</WindowHeight>
  <WindowWidth>15480</WindowWidth>
  <WindowTopX>-15</WindowTopX>
  <WindowTopY>-15</WindowTopY>
  <ProtectStructure>False</ProtectStructure>
  <ProtectWindows>False</ProtectWindows>
 </ExcelWorkbook>
 <Styles>
  <Style ss:ID="Default" ss:Name="Normal">
   <Alignment ss:Vertical="Bottom"/>
   <Borders/>
   <Font ss:FontName="Arial"/>
   <Interior/>
   <NumberFormat/>
   <Protection/>
  </Style>
  <Style ss:ID="s19" ss:Name="Обычный_5-УСН по итогам 2007">
   <Alignment ss:Vertical="Bottom"/>
   <Borders/>
   <Font ss:FontName="Arial Cyr" x:CharSet="204"/>
   <Interior/>
   <NumberFormat/>
   <Protection/>
  </Style>
  <Style ss:ID="m37735548" ss:Parent="s19">
   <Alignment ss:Horizontal="Center" ss:Vertical="Center" ss:WrapText="1"/>
   <Borders>
    <Border ss:Position="Left" ss:LineStyle="Continuous" ss:Weight="1"/>
    <Border ss:Position="Top" ss:LineStyle="Continuous" ss:Weight="1"/>
   </Borders>
   <Font ss:FontName="Arial" x:CharSet="204" x:Family="Swiss"/>
  </Style>
  <Style ss:ID="m37735568" ss:Parent="s19">
   <Alignment ss:Horizontal="Center" ss:Vertical="Center" ss:WrapText="1"/>
   <Borders>
    <Border ss:Position="Left" ss:LineStyle="Continuous" ss:Weight="1"/>
    <Border ss:Position="Right" ss:LineStyle="Continuous" ss:Weight="1"/>
    <Border ss:Position="Top" ss:LineStyle="Continuous" ss:Weight="1"/>
   </Borders>
   <Font ss:FontName="Arial" x:CharSet="204" x:Family="Swiss"/>
  </Style>
  <Style ss:ID="m37735588" ss:Parent="s19">
   <Alignment ss:Horizontal="Center" ss:Vertical="Center" ss:WrapText="1"/>
   <Borders>
    <Border ss:Position="Bottom" ss:LineStyle="Continuous" ss:Weight="1"/>
    <Border ss:Position="Left" ss:LineStyle="Continuous" ss:Weight="1"/>
    <Border ss:Position="Right" ss:LineStyle="Continuous" ss:Weight="1"/>
    <Border ss:Position="Top" ss:LineStyle="Continuous" ss:Weight="1"/>
   </Borders>
   <Font ss:FontName="Arial" x:CharSet="204" x:Family="Swiss"/>
  </Style>
  <Style ss:ID="m37735608" ss:Parent="s19">
   <Alignment ss:Horizontal="Center" ss:Vertical="Center" ss:WrapText="1"/>
   <Borders>
    <Border ss:Position="Bottom" ss:LineStyle="Continuous" ss:Weight="1"/>
    <Border ss:Position="Left" ss:LineStyle="Continuous" ss:Weight="1"/>
    <Border ss:Position="Right" ss:LineStyle="Continuous" ss:Weight="1"/>
    <Border ss:Position="Top" ss:LineStyle="Continuous" ss:Weight="1"/>
   </Borders>
   <Font ss:FontName="Arial" x:CharSet="204" x:Family="Swiss"/>
  </Style>
  <Style ss:ID="s24" ss:Parent="s19">
   <Font ss:FontName="Arial" x:CharSet="204" x:Family="Swiss"/>
  </Style>
  <Style ss:ID="s25" ss:Parent="s19">
   <Alignment ss:Horizontal="Right" ss:Vertical="Bottom"/>
   <Font ss:FontName="Arial" x:CharSet="204" x:Family="Swiss"/>
  </Style>
  <Style ss:ID="s26" ss:Parent="s19">
   <Alignment ss:Horizontal="Center" ss:Vertical="Center"/>
   <Font ss:FontName="Arial" x:CharSet="204" x:Family="Swiss" ss:Size="12"/>
  </Style>
  <Style ss:ID="s27" ss:Parent="s19">
   <Font ss:FontName="Arial" x:CharSet="204" x:Family="Swiss" ss:Size="12"/>
  </Style>
  <Style ss:ID="s28" ss:Parent="s19">
   <Borders>
    <Border ss:Position="Bottom" ss:LineStyle="Continuous" ss:Weight="1"/>
    <Border ss:Position="Left" ss:LineStyle="Continuous" ss:Weight="1"/>
    <Border ss:Position="Top" ss:LineStyle="Continuous" ss:Weight="1"/>
   </Borders>
   <Font ss:FontName="Arial" x:CharSet="204" x:Family="Swiss"/>
  </Style>
  <Style ss:ID="s29" ss:Parent="s19">
   <Alignment ss:Horizontal="Center" ss:Vertical="Bottom"/>
   <Borders>
    <Border ss:Position="Bottom" ss:LineStyle="Continuous" ss:Weight="1"/>
    <Border ss:Position="Left" ss:LineStyle="Continuous" ss:Weight="1"/>
    <Border ss:Position="Right" ss:LineStyle="Continuous" ss:Weight="1"/>
    <Border ss:Position="Top" ss:LineStyle="Continuous" ss:Weight="1"/>
   </Borders>
   <Font ss:FontName="Arial" x:CharSet="204" x:Family="Swiss"/>
  </Style>
  <Style ss:ID="s30" ss:Parent="s19">
   <Alignment ss:Horizontal="Center" ss:Vertical="Center" ss:WrapText="1"/>
   <Borders>
    <Border ss:Position="Bottom" ss:LineStyle="Continuous" ss:Weight="1"/>
    <Border ss:Position="Left" ss:LineStyle="Continuous" ss:Weight="1"/>
    <Border ss:Position="Right" ss:LineStyle="Continuous" ss:Weight="1"/>
    <Border ss:Position="Top" ss:LineStyle="Continuous" ss:Weight="1"/>
   </Borders>
   <Font ss:FontName="Arial" x:CharSet="204" x:Family="Swiss"/>
  </Style>
  <Style ss:ID="s31" ss:Parent="s19">
   <Alignment ss:Horizontal="Center" ss:Vertical="Center" ss:WrapText="1"/>
   <Borders>
    <Border ss:Position="Bottom" ss:LineStyle="Continuous" ss:Weight="1"/>
    <Border ss:Position="Left" ss:LineStyle="Continuous" ss:Weight="1"/>
    <Border ss:Position="Top" ss:LineStyle="Continuous" ss:Weight="1"/>
   </Borders>
   <Font ss:FontName="Arial" x:CharSet="204" x:Family="Swiss"/>
  </Style>
  <Style ss:ID="s32" ss:Parent="s19">
   <Alignment ss:Horizontal="Center" ss:Vertical="Bottom" ss:WrapText="1"/>
   <Borders>
    <Border ss:Position="Bottom" ss:LineStyle="Continuous" ss:Weight="1"/>
    <Border ss:Position="Left" ss:LineStyle="Continuous" ss:Weight="1"/>
    <Border ss:Position="Top" ss:LineStyle="Continuous" ss:Weight="1"/>
   </Borders>
   <Font ss:FontName="Arial" x:CharSet="204" x:Family="Swiss"/>
  </Style>
  <Style ss:ID="s33" ss:Parent="s19">
   <Alignment ss:Horizontal="Right" ss:Vertical="Bottom" ss:WrapText="1"/>
   <Borders>
    <Border ss:Position="Bottom" ss:LineStyle="Continuous" ss:Weight="1"/>
    <Border ss:Position="Left" ss:LineStyle="Continuous" ss:Weight="1"/>
    <Border ss:Position="Right" ss:LineStyle="Continuous" ss:Weight="1"/>
    <Border ss:Position="Top" ss:LineStyle="Continuous" ss:Weight="1"/>
   </Borders>
   <Font ss:FontName="Arial" x:CharSet="204" x:Family="Swiss"/>
   <NumberFormat ss:Format="#,##0"/>
  </Style>
  <Style ss:ID="s34" ss:Parent="s19">
   <Alignment ss:Horizontal="Center" ss:Vertical="Bottom" ss:WrapText="1"/>
   <Borders>
    <Border ss:Position="Top" ss:LineStyle="Continuous" ss:Weight="1"/>
   </Borders>
   <Font ss:FontName="Arial" x:CharSet="204" x:Family="Swiss"/>
  </Style>
  <Style ss:ID="s35" ss:Parent="s19">
   <Alignment ss:Horizontal="Center" ss:Vertical="Bottom" ss:WrapText="1"/>
   <Borders>
    <Border ss:Position="Bottom" ss:LineStyle="Continuous" ss:Weight="1"/>
    <Border ss:Position="Left" ss:LineStyle="Continuous" ss:Weight="1"/>
    <Border ss:Position="Right" ss:LineStyle="Continuous" ss:Weight="1"/>
    <Border ss:Position="Top" ss:LineStyle="Continuous" ss:Weight="1"/>
   </Borders>
   <Font ss:FontName="Arial" x:CharSet="204" x:Family="Swiss"/>
  </Style>
  <Style ss:ID="s36" ss:Parent="s19">
   <Alignment ss:Horizontal="Justify" ss:Vertical="Bottom" ss:WrapText="1"/>
   <Borders>
    <Border ss:Position="Bottom" ss:LineStyle="Continuous" ss:Weight="1"/>
    <Border ss:Position="Left" ss:LineStyle="Continuous" ss:Weight="1"/>
    <Border ss:Position="Right" ss:LineStyle="Continuous" ss:Weight="1"/>
    <Border ss:Position="Top" ss:LineStyle="Continuous" ss:Weight="1"/>
   </Borders>
   <Font ss:FontName="Arial" x:CharSet="204" x:Family="Swiss"/>
  </Style>
  <Style ss:ID="s37" ss:Parent="s19">
   <Alignment ss:Horizontal="Left" ss:Vertical="Bottom" ss:WrapText="1"/>
   <Borders>
    <Border ss:Position="Bottom" ss:LineStyle="Continuous" ss:Weight="1"/>
    <Border ss:Position="Left" ss:LineStyle="Continuous" ss:Weight="1"/>
    <Border ss:Position="Right" ss:LineStyle="Continuous" ss:Weight="1"/>
    <Border ss:Position="Top" ss:LineStyle="Continuous" ss:Weight="1"/>
   </Borders>
   <Font ss:FontName="Arial" x:CharSet="204" x:Family="Swiss"/>
  </Style>
  <Style ss:ID="s38" ss:Parent="s19">
   <Alignment ss:Horizontal="Left" ss:Vertical="Bottom" ss:Indent="1"
    ss:WrapText="1"/>
   <Borders>
    <Border ss:Position="Bottom" ss:LineStyle="Continuous" ss:Weight="1"/>
    <Border ss:Position="Left" ss:LineStyle="Continuous" ss:Weight="1"/>
    <Border ss:Position="Right" ss:LineStyle="Continuous" ss:Weight="1"/>
    <Border ss:Position="Top" ss:LineStyle="Continuous" ss:Weight="1"/>
   </Borders>
   <Font ss:FontName="Arial" x:CharSet="204" x:Family="Swiss"/>
  </Style>
  <Style ss:ID="s39" ss:Parent="s19">
   <Borders>
    <Border ss:Position="Bottom" ss:LineStyle="Continuous" ss:Weight="1"/>
    <Border ss:Position="Left" ss:LineStyle="Continuous" ss:Weight="1"/>
    <Border ss:Position="Right" ss:LineStyle="Continuous" ss:Weight="1"/>
    <Border ss:Position="Top" ss:LineStyle="Continuous" ss:Weight="1"/>
   </Borders>
   <Font ss:FontName="Arial" x:CharSet="204" x:Family="Swiss"/>
  </Style>
  <Style ss:ID="s40" ss:Parent="s19">
   <Alignment ss:Horizontal="Justify" ss:Vertical="Top" ss:WrapText="1"/>
   <Borders>
    <Border ss:Position="Left" ss:LineStyle="Continuous" ss:Weight="1"/>
    <Border ss:Position="Right" ss:LineStyle="Continuous" ss:Weight="1"/>
    <Border ss:Position="Top" ss:LineStyle="Continuous" ss:Weight="1"/>
   </Borders>
   <Font ss:FontName="Arial" x:CharSet="204" x:Family="Swiss"/>
  </Style>
  <Style ss:ID="s41" ss:Parent="s19">
   <Alignment ss:Horizontal="Center" ss:Vertical="Bottom"/>
   <Borders>
    <Border ss:Position="Bottom" ss:LineStyle="Continuous" ss:Weight="1"/>
    <Border ss:Position="Left" ss:LineStyle="Continuous" ss:Weight="1"/>
    <Border ss:Position="Top" ss:LineStyle="Continuous" ss:Weight="1"/>
   </Borders>
   <Font ss:FontName="Arial" x:CharSet="204" x:Family="Swiss"/>
  </Style>
  <Style ss:ID="s42" ss:Parent="s19">
   <Alignment ss:Horizontal="Right" ss:Vertical="Bottom"/>
   <Borders>
    <Border ss:Position="Bottom" ss:LineStyle="Continuous" ss:Weight="1"/>
    <Border ss:Position="Left" ss:LineStyle="Continuous" ss:Weight="1"/>
    <Border ss:Position="Right" ss:LineStyle="Continuous" ss:Weight="1"/>
    <Border ss:Position="Top" ss:LineStyle="Continuous" ss:Weight="1"/>
   </Borders>
   <Font ss:FontName="Arial" x:CharSet="204" x:Family="Swiss"/>
   <NumberFormat ss:Format="#,##0"/>
  </Style>
  <Style ss:ID="s43" ss:Parent="s19">
   <Alignment ss:Vertical="Bottom" ss:WrapText="1"/>
   <Borders>
    <Border ss:Position="Left" ss:LineStyle="Continuous" ss:Weight="1"/>
    <Border ss:Position="Right" ss:LineStyle="Continuous" ss:Weight="1"/>
    <Border ss:Position="Top" ss:LineStyle="Continuous" ss:Weight="1"/>
   </Borders>
   <Font ss:FontName="Arial" x:CharSet="204" x:Family="Swiss"/>
  </Style>
  <Style ss:ID="s44" ss:Parent="s19">
   <Alignment ss:Horizontal="Center" ss:Vertical="Bottom"/>
   <Borders>
    <Border ss:Position="Left" ss:LineStyle="Continuous" ss:Weight="1"/>
   </Borders>
   <Font ss:FontName="Arial" x:CharSet="204" x:Family="Swiss"/>
  </Style>
  <Style ss:ID="s45" ss:Parent="s19">
   <Alignment ss:Horizontal="Justify" ss:Vertical="Top" ss:WrapText="1"/>
   <Borders>
    <Border ss:Position="Bottom" ss:LineStyle="Continuous" ss:Weight="1"/>
    <Border ss:Position="Left" ss:LineStyle="Continuous" ss:Weight="1"/>
   </Borders>
   <Font ss:FontName="Arial" x:CharSet="204" x:Family="Swiss"/>
  </Style>
  <Style ss:ID="s46" ss:Parent="s19">
   <Alignment ss:Horizontal="Center" ss:Vertical="Bottom"/>
   <Borders>
    <Border ss:Position="Bottom" ss:LineStyle="Continuous" ss:Weight="1"/>
    <Border ss:Position="Left" ss:LineStyle="Continuous" ss:Weight="1"/>
    <Border ss:Position="Right" ss:LineStyle="Continuous" ss:Weight="1"/>
   </Borders>
   <Font ss:FontName="Arial" x:CharSet="204" x:Family="Swiss"/>
  </Style>
  <Style ss:ID="s47" ss:Parent="s19">
   <Alignment ss:Vertical="Bottom" ss:WrapText="1"/>
   <Borders>
    <Border ss:Position="Left" ss:LineStyle="Continuous" ss:Weight="1"/>
    <Border ss:Position="Right" ss:LineStyle="Continuous" ss:Weight="1"/>
   </Borders>
   <Font ss:FontName="Arial" x:CharSet="204" x:Family="Swiss"/>
  </Style>
  <Style ss:ID="s48" ss:Parent="s19">
   <Alignment ss:Horizontal="Right" ss:Vertical="Bottom" ss:WrapText="1"/>
   <Font ss:FontName="Arial" x:CharSet="204" x:Family="Swiss"/>
  </Style>
  <Style ss:ID="s63" ss:Parent="s19">
   <Alignment ss:Horizontal="Center" ss:Vertical="Center" ss:WrapText="1"/>
   <Font ss:FontName="Arial" x:CharSet="204" x:Family="Swiss" ss:Size="12"
    ss:Bold="1"/>
  </Style>
  <Style ss:ID="s65" ss:Parent="s19">
   <Alignment ss:Horizontal="Center" ss:Vertical="Center" ss:WrapText="1"/>
   <Borders>
    <Border ss:Position="Left" ss:LineStyle="Continuous" ss:Weight="1"/>
    <Border ss:Position="Right" ss:LineStyle="Continuous" ss:Weight="1"/>
    <Border ss:Position="Top" ss:LineStyle="Continuous" ss:Weight="1"/>
   </Borders>
   <Font ss:FontName="Arial" x:CharSet="204" x:Family="Swiss"/>
  </Style>
  <Style ss:ID="s74" ss:Parent="s19">
   <Alignment ss:Horizontal="Left" ss:Vertical="Bottom"/>
   <Borders>
    <Border ss:Position="Bottom" ss:LineStyle="Continuous" ss:Weight="1"/>
   </Borders>
   <Font ss:FontName="Arial" x:CharSet="204" x:Family="Swiss" ss:Bold="1"/>
  </Style>
  <Style ss:ID="s75" ss:Parent="s19">
   <Alignment ss:Horizontal="Left" ss:Vertical="Bottom"/>
   <Font ss:FontName="Arial" x:CharSet="204" x:Family="Swiss" ss:Size="12"
    ss:Bold="1"/>
  </Style>
 </Styles>
 <Worksheet ss:Name="5-УСН">
  <Names>
   <NamedRange ss:Name="Print_Titles" ss:RefersTo="='5-УСН'!R3:R8"/>
  </Names>
  <Table ss:ExpandedColumnCount="5" ss:ExpandedRowCount="21" x:FullColumns="1"
   x:FullRows="1" ss:StyleID="s24">
   <Column ss:StyleID="s24" ss:AutoFitWidth="0" ss:Width="263.25"/>
   <Column ss:StyleID="s24" ss:Width="54.75"/>
   <Column ss:StyleID="s24" ss:AutoFitWidth="0" ss:Width="108.75" ss:Span="1"/>
   <Column ss:Index="5" ss:StyleID="s24" ss:AutoFitWidth="0" ss:Width="114.75"/>
   <Row ss:Height="25.5">
    <Cell ss:Index="5" ss:StyleID="s48"><Data ss:Type="String">Форма № 5-УСН&#10;годовая</Data></Cell>
   </Row>
   <Row>
    <Cell ss:Index="3" ss:MergeAcross="2" ss:StyleID="s25"/>
   </Row>
   <Row ss:AutoFitHeight="0" ss:Height="66">
    <Cell ss:MergeAcross="4" ss:StyleID="s63"><Data ss:Type="String">Отчет&#10;о налоговой базе и структуре начислений по налогу, уплачиваемому в связи с применением упрощенной системы налогообложения&#10;по итогам 2009 года</Data><NamedCell
      ss:Name="Print_Titles"/></Cell>
   </Row>
   <Row ss:AutoFitHeight="0" ss:Height="15">
    <Cell ss:MergeAcross="3" ss:StyleID="s74"><Data ss:Type="String">Всего по России</Data><NamedCell
      ss:Name="Print_Titles"/></Cell>
    <Cell ss:StyleID="s26"><NamedCell ss:Name="Print_Titles"/></Cell>
   </Row>
   <Row ss:AutoFitHeight="0" ss:Height="15">
    <Cell ss:MergeDown="2" ss:StyleID="s65"><Data ss:Type="String">Наименование показателей</Data><NamedCell
      ss:Name="Print_Titles"/></Cell>
    <Cell ss:MergeDown="2" ss:StyleID="m37735548"><Data ss:Type="String">Код строки</Data><NamedCell
      ss:Name="Print_Titles"/></Cell>
    <Cell ss:MergeAcross="2" ss:StyleID="m37735568"><Data ss:Type="String">Значения показателей</Data><NamedCell
      ss:Name="Print_Titles"/></Cell>
   </Row>
   <Row ss:AutoFitHeight="0" ss:Height="15">
    <Cell ss:Index="3" ss:MergeDown="1" ss:StyleID="m37735588"><Data
      ss:Type="String">Всего &#10;(гр.2+гр.3)</Data><NamedCell
      ss:Name="Print_Titles"/></Cell>
    <Cell ss:MergeAcross="1" ss:StyleID="m37735608"><Data ss:Type="String">в том числе</Data><NamedCell
      ss:Name="Print_Titles"/></Cell>
   </Row>
   <Row ss:Height="25.5">
    <Cell ss:Index="4" ss:StyleID="s30"><Data ss:Type="String">организации</Data><NamedCell
      ss:Name="Print_Titles"/></Cell>
    <Cell ss:StyleID="s30"><Data ss:Type="String">индивидуальные предприниматели</Data><NamedCell
      ss:Name="Print_Titles"/></Cell>
   </Row>
   <Row ss:AutoFitHeight="0" ss:Height="14.25">
    <Cell ss:StyleID="s30"><Data ss:Type="String">А</Data><NamedCell
      ss:Name="Print_Titles"/></Cell>
    <Cell ss:StyleID="s31"><Data ss:Type="String">Б</Data><NamedCell
      ss:Name="Print_Titles"/></Cell>
    <Cell ss:StyleID="s30"><Data ss:Type="Number">1</Data><NamedCell
      ss:Name="Print_Titles"/></Cell>
    <Cell ss:StyleID="s30"><Data ss:Type="Number">2</Data><NamedCell
      ss:Name="Print_Titles"/></Cell>
    <Cell ss:StyleID="s30"><Data ss:Type="Number">3</Data><NamedCell
      ss:Name="Print_Titles"/></Cell>
   </Row>
   <Row ss:AutoFitHeight="0" ss:Height="27">
    <Cell ss:StyleID="s36"><Data ss:Type="String">Налоговая база (тыс. руб.)&#10;   доходы</Data></Cell>
    <Cell ss:StyleID="s32"><Data ss:Type="String" x:Ticked="1">010</Data></Cell>
    <Cell ss:StyleID="s33"><Data ss:Type="Number">1896329713</Data></Cell>
    <Cell ss:StyleID="s33"><Data ss:Type="Number">1265123149</Data></Cell>
    <Cell ss:StyleID="s33"><Data ss:Type="Number">631206564</Data></Cell>
   </Row>
   <Row>
    <Cell ss:StyleID="s38"><Data ss:Type="String">доходы, уменьшенные на величину расходов</Data></Cell>
    <Cell ss:StyleID="s32"><Data ss:Type="String" x:Ticked="1">020</Data></Cell>
    <Cell ss:StyleID="s33"><Data ss:Type="Number">199306946</Data></Cell>
    <Cell ss:StyleID="s33"><Data ss:Type="Number">144309141</Data></Cell>
    <Cell ss:StyleID="s33"><Data ss:Type="Number">54997805</Data></Cell>
   </Row>
   <Row ss:AutoFitHeight="0" ss:Height="27">
    <Cell ss:StyleID="s36"><ss:Data ss:Type="String"
      xmlns="http://www.w3.org/TR/REC-html40">Сумма исчисленного за налоговый период налога (тыс. руб.), <Font
       html:Color="#000000">всего (стр.040 + стр.050): </Font></ss:Data></Cell>
    <Cell ss:StyleID="s32"><Data ss:Type="String" x:Ticked="1">030</Data></Cell>
    <Cell ss:StyleID="s33"><Data ss:Type="Number">139841676</Data></Cell>
    <Cell ss:StyleID="s33"><Data ss:Type="Number">94818174</Data></Cell>
    <Cell ss:StyleID="s33"><Data ss:Type="Number">45023502</Data></Cell>
   </Row>
   <Row ss:AutoFitHeight="0" ss:Height="26.25">
    <Cell ss:StyleID="s38"><Data ss:Type="String">в том числе:&#10;налога с доходов</Data></Cell>
    <Cell ss:StyleID="s32"><Data ss:Type="String" x:Ticked="1">040</Data></Cell>
    <Cell ss:StyleID="s33"><Data ss:Type="Number">113845375</Data></Cell>
    <Cell ss:StyleID="s33"><Data ss:Type="Number">75918223</Data></Cell>
    <Cell ss:StyleID="s33"><Data ss:Type="Number">37927152</Data></Cell>
   </Row>
   <Row ss:AutoFitHeight="0" ss:Height="27">
    <Cell ss:StyleID="s38"><Data ss:Type="String">налога с доходов, уменьшенных на величину расходов</Data></Cell>
    <Cell ss:StyleID="s32"><Data ss:Type="String" x:Ticked="1">050</Data></Cell>
    <Cell ss:StyleID="s33"><Data ss:Type="Number">25996301</Data></Cell>
    <Cell ss:StyleID="s33"><Data ss:Type="Number">18899951</Data></Cell>
    <Cell ss:StyleID="s33"><Data ss:Type="Number">7096350</Data></Cell>
   </Row>
   <Row ss:AutoFitHeight="0" ss:Height="27">
    <Cell ss:StyleID="s36"><Data ss:Type="String">Сумма налога, подлежащая уплате за налоговый период (тыс. руб.), всего (стр.070 + стр.080):</Data></Cell>
    <Cell ss:StyleID="s32"><Data ss:Type="String" x:Ticked="1">060</Data></Cell>
    <Cell ss:StyleID="s33"><Data ss:Type="Number">105698871</Data></Cell>
    <Cell ss:StyleID="s33"><Data ss:Type="Number">65920513</Data></Cell>
    <Cell ss:StyleID="s33"><Data ss:Type="Number">39778358</Data></Cell>
   </Row>
   <Row ss:AutoFitHeight="0" ss:Height="27">
    <Cell ss:StyleID="s38"><Data ss:Type="String">в том числе:&#10;налога с доходов       </Data></Cell>
    <Cell ss:StyleID="s32"><Data ss:Type="String" x:Ticked="1">070</Data></Cell>
    <Cell ss:StyleID="s33"><Data ss:Type="Number">83503726</Data></Cell>
    <Cell ss:StyleID="s33"><Data ss:Type="Number">50067291</Data></Cell>
    <Cell ss:StyleID="s33"><Data ss:Type="Number">33436435</Data></Cell>
   </Row>
   <Row ss:AutoFitHeight="0" ss:Height="27">
    <Cell ss:StyleID="s38"><Data ss:Type="String">налога с доходов, уменьшенных на величину расходов</Data></Cell>
    <Cell ss:StyleID="s32"><Data ss:Type="String" x:Ticked="1">080</Data></Cell>
    <Cell ss:StyleID="s33"><Data ss:Type="Number">22195145</Data></Cell>
    <Cell ss:StyleID="s33"><Data ss:Type="Number">15853222</Data></Cell>
    <Cell ss:StyleID="s33"><Data ss:Type="Number">6341923</Data></Cell>
   </Row>
   <Row ss:AutoFitHeight="0" ss:Height="27">
    <Cell ss:StyleID="s36"><Data ss:Type="String">Сумма минимального налога, подлежащая уплате за налоговый период (тыс. руб.)</Data></Cell>
    <Cell ss:StyleID="s32"><Data ss:Type="String" x:Ticked="1">090</Data></Cell>
    <Cell ss:StyleID="s33"><Data ss:Type="Number">8666640</Data></Cell>
    <Cell ss:StyleID="s33"><Data ss:Type="Number">7582432</Data></Cell>
    <Cell ss:StyleID="s33"><Data ss:Type="Number">1084208</Data></Cell>
   </Row>
   <Row ss:AutoFitHeight="0" ss:Height="63.75">
    <Cell ss:StyleID="s37"><Data ss:Type="String">Количество налогоплательщиков, представивших налоговые декларации по налогу, уплачиваемому в связи с применением упрощенной системы налогообложения (ед./чел.), всего: (стр.110 + стр.120):</Data></Cell>
    <Cell ss:StyleID="s32"><Data ss:Type="String" x:Ticked="1">100</Data></Cell>
    <Cell ss:StyleID="s33"><Data ss:Type="Number">1955331</Data></Cell>
    <Cell ss:StyleID="s33"><Data ss:Type="Number">938762</Data></Cell>
    <Cell ss:StyleID="s33"><Data ss:Type="Number">1016569</Data></Cell>
   </Row>
   <Row ss:AutoFitHeight="0" ss:Height="27">
    <Cell ss:StyleID="s38"><Data ss:Type="String">в том числе:&#10;по объекту налогообложения - доходы</Data></Cell>
    <Cell ss:StyleID="s32"><Data ss:Type="String" x:Ticked="1">110</Data></Cell>
    <Cell ss:StyleID="s33"><Data ss:Type="Number">1310048</Data></Cell>
    <Cell ss:StyleID="s33"><Data ss:Type="Number">496662</Data></Cell>
    <Cell ss:StyleID="s33"><Data ss:Type="Number">813386</Data></Cell>
   </Row>
   <Row ss:AutoFitHeight="0" ss:Height="27">
    <Cell ss:StyleID="s38"><Data ss:Type="String">по объекту налогообложения - доходы, уменьшенные на величину расходов</Data></Cell>
    <Cell ss:StyleID="s34"><Data ss:Type="String" x:Ticked="1">120</Data></Cell>
    <Cell ss:StyleID="s33"><Data ss:Type="Number">645283</Data></Cell>
    <Cell ss:StyleID="s33"><Data ss:Type="Number">442100</Data></Cell>
    <Cell ss:StyleID="s33"><Data ss:Type="Number">203183</Data></Cell>
   </Row>
   <Row ss:AutoFitHeight="0" ss:Height="51">
    <Cell ss:StyleID="s37"><Data ss:Type="String">Количество индивидуальных предпринимателей, получивших патенты на право применения упрощенной системы налогообложения на основе патента</Data></Cell>
    <Cell ss:StyleID="s35"><Data ss:Type="String" x:Ticked="1">130</Data></Cell>
    <Cell ss:StyleID="s33"><Data ss:Type="Number">18617</Data></Cell>
    <Cell ss:StyleID="s33"><Data ss:Type="String">Х</Data></Cell>
    <Cell ss:StyleID="s33"><Data ss:Type="Number">18617</Data></Cell>
   </Row>
  </Table>
  <WorksheetOptions xmlns="urn:schemas-microsoft-com:office:excel">
   <PageSetup>
    <Layout x:CenterHorizontal="1"/>
    <Header x:Margin="0.19685039370078741" x:Data="&amp;R&amp;P"/>
    <Footer x:Margin="0.19685039370078741"/>
    <PageMargins x:Bottom="0.39370078740157483" x:Left="0.39370078740157483"
     x:Right="0.39370078740157483" x:Top="0.39370078740157483"/>
   </PageSetup>
   <Print>
    <ValidPrinterInfo/>
    <PaperSizeIndex>9</PaperSizeIndex>
    <Scale>75</Scale>
    <HorizontalResolution>600</HorizontalResolution>
    <VerticalResolution>600</VerticalResolution>
   </Print>
   <Zoom>75</Zoom>
   <PageBreakZoom>60</PageBreakZoom>
   <Selected/>
   <FreezePanes/>
   <FrozenNoSplit/>
   <SplitHorizontal>8</SplitHorizontal>
   <TopRowBottomPane>8</TopRowBottomPane>
   <SplitVertical>2</SplitVertical>
   <LeftColumnRightPane>2</LeftColumnRightPane>
   <ActivePane>0</ActivePane>
   <Panes>
    <Pane>
     <Number>3</Number>
    </Pane>
    <Pane>
     <Number>1</Number>
    </Pane>
    <Pane>
     <Number>2</Number>
     <ActiveRow>7</ActiveRow>
    </Pane>
    <Pane>
     <Number>0</Number>
     <ActiveRow>5</ActiveRow>
     <ActiveCol>8</ActiveCol>
    </Pane>
   </Panes>
   <ProtectObjects>False</ProtectObjects>
   <ProtectScenarios>False</ProtectScenarios>
  </WorksheetOptions>
 </Worksheet>
 <Worksheet ss:Name="Справочно к отчету">
  <Names>
   <NamedRange ss:Name="Print_Titles" ss:RefersTo="='Справочно к отчету'!R2:R4"/>
  </Names>
  <Table ss:ExpandedColumnCount="3" ss:ExpandedRowCount="16" x:FullColumns="1"
   x:FullRows="1" ss:StyleID="s24">
   <Column ss:StyleID="s24" ss:AutoFitWidth="0" ss:Width="379.5"/>
   <Column ss:StyleID="s24" ss:AutoFitWidth="0" ss:Width="47.25"/>
   <Column ss:StyleID="s24" ss:AutoFitWidth="0" ss:Width="109.5"/>
   <Row ss:Height="25.5">
    <Cell ss:Index="3" ss:StyleID="s48"><Data ss:Type="String">Форма № 5-УСН&#10;годовая</Data></Cell>
   </Row>
   <Row ss:AutoFitHeight="0" ss:Height="15">
    <Cell ss:MergeAcross="2" ss:StyleID="s75"><Data ss:Type="String">Справочно к отчету:</Data><NamedCell
      ss:Name="Print_Titles"/></Cell>
   </Row>
   <Row ss:AutoFitHeight="0" ss:Height="54.75">
    <Cell ss:StyleID="s39"><NamedCell ss:Name="Print_Titles"/></Cell>
    <Cell ss:StyleID="s30"><Data ss:Type="String">Код строки</Data><NamedCell
      ss:Name="Print_Titles"/></Cell>
    <Cell ss:StyleID="s30"><Data ss:Type="String">тыс. рублей</Data><NamedCell
      ss:Name="Print_Titles"/></Cell>
   </Row>
   <Row ss:AutoFitHeight="0" ss:Height="12">
    <Cell ss:StyleID="s29"><Data ss:Type="String">А</Data><NamedCell
      ss:Name="Print_Titles"/></Cell>
    <Cell ss:StyleID="s28"><NamedCell ss:Name="Print_Titles"/></Cell>
    <Cell ss:StyleID="s29"><Data ss:Type="Number">1</Data><NamedCell
      ss:Name="Print_Titles"/></Cell>
   </Row>
   <Row ss:AutoFitHeight="0" ss:Height="63.75">
    <Cell ss:StyleID="s40"><Data ss:Type="String">Сумма уплаченных за налоговый период страховых взносов на обязательное пенсионное страхование, а также выплаченных работникам в течение налогового периода из средств налогоплательщика пособий по временной нетрудоспособности, уменьшающая (но не более чем на 50%) сумму исчисленного налога (тыс. руб.),   всего (стр.160 + стр.170): </Data></Cell>
    <Cell ss:StyleID="s41"><Data ss:Type="Number">150</Data></Cell>
    <Cell ss:StyleID="s42"><Data ss:Type="Number">30341650</Data></Cell>
   </Row>
   <Row ss:AutoFitHeight="0" ss:Height="26.25">
    <Cell ss:StyleID="s43"><ss:Data ss:Type="String"
      xmlns="http://www.w3.org/TR/REC-html40">    <B> </B><Font>в том числе:&#10; организациями: </Font></ss:Data></Cell>
    <Cell ss:StyleID="s44"><Data ss:Type="Number">160</Data></Cell>
    <Cell ss:StyleID="s42"><Data ss:Type="Number">25850934</Data></Cell>
   </Row>
   <Row>
    <Cell ss:StyleID="s28"><Data ss:Type="String"> индивидуальными предпринимателями:  </Data></Cell>
    <Cell ss:StyleID="s41"><Data ss:Type="Number">170</Data></Cell>
    <Cell ss:StyleID="s42"><Data ss:Type="Number">4490716</Data></Cell>
   </Row>
   <Row ss:AutoFitHeight="0" ss:Height="37.5">
    <Cell ss:StyleID="s45"><Data ss:Type="String">Сумма расходов, понесенных  налогоплательщиками, выбравшими в качестве объекта налогообложения  доходы,  уменьшенные на  величину  расходов  (тыс. руб.),  всего (стр.190 + стр.200): </Data></Cell>
    <Cell ss:StyleID="s46"><Data ss:Type="Number">180</Data></Cell>
    <Cell ss:StyleID="s42"><Data ss:Type="Number">2019821053</Data></Cell>
   </Row>
   <Row ss:AutoFitHeight="0" ss:Height="27">
    <Cell ss:StyleID="s47"><Data ss:Type="String">     в том числе:&#10; организациями:</Data></Cell>
    <Cell ss:StyleID="s44"><Data ss:Type="Number">190</Data></Cell>
    <Cell ss:StyleID="s42"><Data ss:Type="Number">1573867958</Data></Cell>
   </Row>
   <Row ss:AutoFitHeight="0">
    <Cell ss:StyleID="s39"><Data ss:Type="String"> индивидуальными предпринимателями:</Data></Cell>
    <Cell ss:StyleID="s29"><Data ss:Type="Number">200</Data></Cell>
    <Cell ss:StyleID="s42"><Data ss:Type="Number">445953095</Data></Cell>
   </Row>
   <Row ss:Index="14" ss:Height="15">
    <Cell ss:StyleID="s27"/>
   </Row>
   <Row ss:Height="15">
    <Cell ss:StyleID="s27"/>
   </Row>
   <Row>
    <Cell ss:Index="3" ss:StyleID="s25"/>
   </Row>
  </Table>
  <WorksheetOptions xmlns="urn:schemas-microsoft-com:office:excel">
   <PageSetup>
    <Layout x:CenterHorizontal="1"/>
    <Header x:Margin="0.19685039370078741" x:Data="&amp;R&amp;P"/>
    <Footer x:Margin="0.19685039370078741"/>
    <PageMargins x:Bottom="0.39370078740157483" x:Left="0.39370078740157483"
     x:Right="0.39370078740157483" x:Top="0.39370078740157483"/>
   </PageSetup>
   <Print>
    <ValidPrinterInfo/>
    <PaperSizeIndex>9</PaperSizeIndex>
    <Scale>90</Scale>
    <HorizontalResolution>-4</HorizontalResolution>
    <VerticalResolution>600</VerticalResolution>
   </Print>
   <Zoom>75</Zoom>
   <FreezePanes/>
   <FrozenNoSplit/>
   <SplitHorizontal>4</SplitHorizontal>
   <TopRowBottomPane>4</TopRowBottomPane>
   <SplitVertical>2</SplitVertical>
   <LeftColumnRightPane>2</LeftColumnRightPane>
   <ActivePane>0</ActivePane>
   <Panes>
    <Pane>
     <Number>3</Number>
    </Pane>
    <Pane>
     <Number>1</Number>
    </Pane>
    <Pane>
     <Number>2</Number>
    </Pane>
    <Pane>
     <Number>0</Number>
     <ActiveRow>8</ActiveRow>
     <ActiveCol>10</ActiveCol>
    </Pane>
   </Panes>
   <ProtectObjects>False</ProtectObjects>
   <ProtectScenarios>False</ProtectScenarios>
  </WorksheetOptions>
 </Worksheet>
 <Worksheet ss:Name="hidden1">
  <Table ss:ExpandedColumnCount="3" ss:ExpandedRowCount="14" x:FullColumns="1"
   x:FullRows="1">
   <Row>
    <Cell><Data ss:Type="Number">1896329713</Data></Cell>
    <Cell><Data ss:Type="Number">1265123149</Data></Cell>
    <Cell><Data ss:Type="Number">631206564</Data></Cell>
   </Row>
   <Row>
    <Cell><Data ss:Type="Number">199306946</Data></Cell>
    <Cell><Data ss:Type="Number">144309141</Data></Cell>
    <Cell><Data ss:Type="Number">54997805</Data></Cell>
   </Row>
   <Row>
    <Cell><Data ss:Type="Number">139841676</Data></Cell>
    <Cell><Data ss:Type="Number">94818174</Data></Cell>
    <Cell><Data ss:Type="Number">45023502</Data></Cell>
   </Row>
   <Row>
    <Cell><Data ss:Type="Number">113845375</Data></Cell>
    <Cell><Data ss:Type="Number">75918223</Data></Cell>
    <Cell><Data ss:Type="Number">37927152</Data></Cell>
   </Row>
   <Row>
    <Cell><Data ss:Type="Number">25996301</Data></Cell>
    <Cell><Data ss:Type="Number">18899951</Data></Cell>
    <Cell><Data ss:Type="Number">7096350</Data></Cell>
   </Row>
   <Row>
    <Cell><Data ss:Type="Number">105698871</Data></Cell>
    <Cell><Data ss:Type="Number">65920513</Data></Cell>
    <Cell><Data ss:Type="Number">39778358</Data></Cell>
   </Row>
   <Row>
    <Cell><Data ss:Type="Number">83503726</Data></Cell>
    <Cell><Data ss:Type="Number">50067291</Data></Cell>
    <Cell><Data ss:Type="Number">33436435</Data></Cell>
   </Row>
   <Row>
    <Cell><Data ss:Type="Number">22195145</Data></Cell>
    <Cell><Data ss:Type="Number">15853222</Data></Cell>
    <Cell><Data ss:Type="Number">6341923</Data></Cell>
   </Row>
   <Row>
    <Cell><Data ss:Type="Number">8666640</Data></Cell>
    <Cell><Data ss:Type="Number">7582432</Data></Cell>
    <Cell><Data ss:Type="Number">1084208</Data></Cell>
   </Row>
   <Row>
    <Cell><Data ss:Type="Number">1955331</Data></Cell>
    <Cell><Data ss:Type="Number">938762</Data></Cell>
    <Cell><Data ss:Type="Number">1016569</Data></Cell>
   </Row>
   <Row>
    <Cell><Data ss:Type="Number">1310048</Data></Cell>
    <Cell><Data ss:Type="Number">496662</Data></Cell>
    <Cell><Data ss:Type="Number">813386</Data></Cell>
   </Row>
   <Row>
    <Cell><Data ss:Type="Number">645283</Data></Cell>
    <Cell><Data ss:Type="Number">442100</Data></Cell>
    <Cell><Data ss:Type="Number">203183</Data></Cell>
   </Row>
   <Row>
    <Cell><Data ss:Type="Number">18617</Data></Cell>
    <Cell><Data ss:Type="Number">0</Data></Cell>
    <Cell><Data ss:Type="Number">18617</Data></Cell>
   </Row>
   <Row>
    <Cell><Data ss:Type="Number">2599313672</Data></Cell>
    <Cell><Data ss:Type="Number">1740369620</Data></Cell>
    <Cell><Data ss:Type="Number">858944052</Data></Cell>
   </Row>
  </Table>
  <WorksheetOptions xmlns="urn:schemas-microsoft-com:office:excel">
   <Visible>SheetHidden</Visible>
   <Zoom>75</Zoom>
   <ProtectObjects>False</ProtectObjects>
   <ProtectScenarios>False</ProtectScenarios>
  </WorksheetOptions>
 </Worksheet>
 <Worksheet ss:Name="hidden2">
  <Table ss:ExpandedColumnCount="1" ss:ExpandedRowCount="6" x:FullColumns="1"
   x:FullRows="1">
   <Column ss:AutoFitWidth="0" ss:Width="75"/>
   <Row>
    <Cell><Data ss:Type="Number">30341650</Data></Cell>
   </Row>
   <Row>
    <Cell><Data ss:Type="Number">25850934</Data></Cell>
   </Row>
   <Row>
    <Cell><Data ss:Type="Number">4490716</Data></Cell>
   </Row>
   <Row>
    <Cell><Data ss:Type="Number">2019821053</Data></Cell>
   </Row>
   <Row>
    <Cell><Data ss:Type="Number">1573867958</Data></Cell>
   </Row>
   <Row>
    <Cell><Data ss:Type="Number">445953095</Data></Cell>
   </Row>
  </Table>
  <WorksheetOptions xmlns="urn:schemas-microsoft-com:office:excel">
   <Visible>SheetHidden</Visible>
   <Zoom>75</Zoom>
   <ProtectObjects>False</ProtectObjects>
   <ProtectScenarios>False</ProtectScenarios>
  </WorksheetOptions>
 </Worksheet>
</Workbook>
