<?xml version="1.0"?>
<?mso-application progid="Excel.Sheet"?>
<Workbook xmlns="urn:schemas-microsoft-com:office:spreadsheet"
 xmlns:o="urn:schemas-microsoft-com:office:office"
 xmlns:x="urn:schemas-microsoft-com:office:excel"
 xmlns:ss="urn:schemas-microsoft-com:office:spreadsheet"
 xmlns:html="http://www.w3.org/TR/REC-html40">
 <DocumentProperties xmlns="urn:schemas-microsoft-com:office:office">
  <Author>user</Author>
  <LastAuthor>balmaster</LastAuthor>
  <LastPrinted>2010-03-23T13:37:44Z</LastPrinted>
  <Created>2003-11-17T14:52:14Z</Created>
  <LastSaved>2010-03-23T13:37:53Z</LastSaved>
  <Company>мнс</Company>
  <Version>12.00</Version>
 </DocumentProperties>
 <ExcelWorkbook xmlns="urn:schemas-microsoft-com:office:excel">
  <WindowHeight>9120</WindowHeight>
  <WindowWidth>7650</WindowWidth>
  <WindowTopX>6270</WindowTopX>
  <WindowTopY>-30</WindowTopY>
  <ProtectStructure>False</ProtectStructure>
  <ProtectWindows>False</ProtectWindows>
 </ExcelWorkbook>
 <Styles>
  <Style ss:ID="Default" ss:Name="Normal">
   <Alignment ss:Vertical="Bottom"/>
   <Borders/>
   <Font ss:FontName="Arial Cyr" x:CharSet="204"/>
   <Interior/>
   <NumberFormat/>
   <Protection/>
  </Style>
  <Style ss:ID="s20" ss:Name="Процентный">
   <NumberFormat ss:Format="0%"/>
  </Style>
  <Style ss:ID="m37738932">
   <Alignment ss:Horizontal="Center" ss:Vertical="Center" ss:WrapText="1"/>
   <Borders>
    <Border ss:Position="Bottom" ss:LineStyle="Continuous" ss:Weight="1"/>
    <Border ss:Position="Left" ss:LineStyle="Continuous" ss:Weight="1"/>
    <Border ss:Position="Right" ss:LineStyle="Continuous" ss:Weight="1"/>
    <Border ss:Position="Top" ss:LineStyle="Continuous" ss:Weight="1"/>
   </Borders>
   <Font ss:FontName="Arial Cyr" x:CharSet="204" x:Family="Swiss" ss:Size="11"/>
  </Style>
  <Style ss:ID="m37738952">
   <Alignment ss:Horizontal="Center" ss:Vertical="Center"/>
   <Borders>
    <Border ss:Position="Bottom" ss:LineStyle="Continuous" ss:Weight="1"/>
    <Border ss:Position="Right" ss:LineStyle="Continuous" ss:Weight="1"/>
    <Border ss:Position="Top" ss:LineStyle="Continuous" ss:Weight="1"/>
   </Borders>
   <Font ss:FontName="Arial Cyr" x:CharSet="204" x:Family="Swiss" ss:Size="11"/>
  </Style>
  <Style ss:ID="m37738972">
   <Alignment ss:Horizontal="Center" ss:Vertical="Center"/>
   <Borders>
    <Border ss:Position="Bottom" ss:LineStyle="Continuous" ss:Weight="1"/>
    <Border ss:Position="Left" ss:LineStyle="Continuous" ss:Weight="1"/>
    <Border ss:Position="Right" ss:LineStyle="Continuous" ss:Weight="1"/>
    <Border ss:Position="Top" ss:LineStyle="Continuous" ss:Weight="1"/>
   </Borders>
   <Font ss:FontName="Arial Cyr" x:CharSet="204" x:Family="Swiss" ss:Size="11"/>
  </Style>
  <Style ss:ID="m37738056">
   <Alignment ss:Horizontal="Center" ss:Vertical="Center" ss:WrapText="1"/>
   <Borders>
    <Border ss:Position="Bottom" ss:LineStyle="Continuous" ss:Weight="1"/>
    <Border ss:Position="Left" ss:LineStyle="Continuous" ss:Weight="1"/>
    <Border ss:Position="Right" ss:LineStyle="Continuous" ss:Weight="1"/>
    <Border ss:Position="Top" ss:LineStyle="Continuous" ss:Weight="1"/>
   </Borders>
   <Font ss:FontName="Arial Cyr" x:CharSet="204" x:Family="Swiss" ss:Size="11"/>
  </Style>
  <Style ss:ID="m37738076">
   <Alignment ss:Horizontal="Center" ss:Vertical="Center" ss:WrapText="1"/>
   <Borders>
    <Border ss:Position="Bottom" ss:LineStyle="Continuous" ss:Weight="1"/>
    <Border ss:Position="Left" ss:LineStyle="Continuous" ss:Weight="1"/>
    <Border ss:Position="Right" ss:LineStyle="Continuous" ss:Weight="1"/>
   </Borders>
   <Font ss:FontName="Arial Cyr" x:CharSet="204" x:Family="Swiss" ss:Size="11"/>
  </Style>
  <Style ss:ID="m37738096">
   <Alignment ss:Horizontal="Center" ss:Vertical="Center" ss:WrapText="1"/>
   <Borders>
    <Border ss:Position="Bottom" ss:LineStyle="Continuous" ss:Weight="1"/>
    <Border ss:Position="Left" ss:LineStyle="Continuous" ss:Weight="1"/>
    <Border ss:Position="Right" ss:LineStyle="Continuous" ss:Weight="1"/>
    <Border ss:Position="Top" ss:LineStyle="Continuous" ss:Weight="1"/>
   </Borders>
   <Font ss:FontName="Arial Cyr" x:CharSet="204" x:Family="Swiss" ss:Size="11"/>
  </Style>
  <Style ss:ID="s23">
   <Font ss:FontName="Arial Cyr" x:CharSet="204" x:Family="Swiss"/>
  </Style>
  <Style ss:ID="s24">
   <Alignment ss:Horizontal="Left" ss:Vertical="Bottom" ss:Indent="2"
    ss:WrapText="1"/>
   <Borders>
    <Border ss:Position="Bottom" ss:LineStyle="Continuous" ss:Weight="1"/>
    <Border ss:Position="Left" ss:LineStyle="Continuous" ss:Weight="1"/>
    <Border ss:Position="Right" ss:LineStyle="Continuous" ss:Weight="1"/>
   </Borders>
   <Font ss:FontName="Arial Cyr" x:CharSet="204" x:Family="Swiss" ss:Size="11"/>
  </Style>
  <Style ss:ID="s25">
   <Alignment ss:Horizontal="Left" ss:Vertical="Bottom" ss:Indent="1"
    ss:WrapText="1"/>
   <Borders>
    <Border ss:Position="Bottom" ss:LineStyle="Continuous" ss:Weight="1"/>
    <Border ss:Position="Left" ss:LineStyle="Continuous" ss:Weight="1"/>
    <Border ss:Position="Right" ss:LineStyle="Continuous" ss:Weight="1"/>
   </Borders>
   <Font ss:FontName="Arial Cyr" x:CharSet="204" x:Family="Swiss" ss:Size="11"
    ss:Bold="1"/>
  </Style>
  <Style ss:ID="s26">
   <Alignment ss:Horizontal="Left" ss:Vertical="Bottom" ss:Indent="1"
    ss:WrapText="1"/>
   <Borders>
    <Border ss:Position="Bottom" ss:LineStyle="Continuous" ss:Weight="1"/>
    <Border ss:Position="Left" ss:LineStyle="Continuous" ss:Weight="1"/>
    <Border ss:Position="Right" ss:LineStyle="Continuous" ss:Weight="1"/>
   </Borders>
   <Font ss:FontName="Arial Cyr" x:CharSet="204" x:Family="Swiss" ss:Size="11"/>
  </Style>
  <Style ss:ID="s27">
   <Alignment ss:Horizontal="Left" ss:Vertical="Bottom" ss:Indent="1"
    ss:WrapText="1"/>
   <Borders>
    <Border ss:Position="Bottom" ss:LineStyle="Continuous" ss:Weight="1"/>
    <Border ss:Position="Left" ss:LineStyle="Continuous" ss:Weight="1"/>
    <Border ss:Position="Right" ss:LineStyle="Continuous" ss:Weight="1"/>
    <Border ss:Position="Top" ss:LineStyle="Continuous" ss:Weight="1"/>
   </Borders>
   <Font ss:FontName="Arial Cyr" x:CharSet="204" x:Family="Swiss" ss:Size="11"/>
  </Style>
  <Style ss:ID="s28">
   <Alignment ss:Horizontal="Left" ss:Vertical="Bottom" ss:Indent="2"
    ss:WrapText="1"/>
   <Borders>
    <Border ss:Position="Bottom" ss:LineStyle="Continuous" ss:Weight="1"/>
    <Border ss:Position="Left" ss:LineStyle="Continuous" ss:Weight="1"/>
    <Border ss:Position="Right" ss:LineStyle="Continuous" ss:Weight="1"/>
    <Border ss:Position="Top" ss:LineStyle="Continuous" ss:Weight="1"/>
   </Borders>
   <Font ss:FontName="Arial Cyr" x:CharSet="204" x:Family="Swiss" ss:Size="11"/>
  </Style>
  <Style ss:ID="s29">
   <Alignment ss:Horizontal="Right" ss:Vertical="Bottom" ss:WrapText="1"/>
   <Borders>
    <Border ss:Position="Bottom" ss:LineStyle="Continuous" ss:Weight="1"/>
    <Border ss:Position="Right" ss:LineStyle="Continuous" ss:Weight="1"/>
   </Borders>
   <Font ss:FontName="Arial Cyr" x:CharSet="204" x:Family="Swiss" ss:Size="11"/>
   <NumberFormat ss:Format="#,##0"/>
  </Style>
  <Style ss:ID="s30">
   <Alignment ss:Horizontal="Right" ss:Vertical="Bottom" ss:WrapText="1"/>
   <Font ss:FontName="Arial Cyr" x:CharSet="204" x:Family="Swiss" ss:Size="11"/>
  </Style>
  <Style ss:ID="s31">
   <Alignment ss:Horizontal="Right" ss:Vertical="Bottom"/>
   <Font ss:FontName="Arial Cyr" x:CharSet="204" x:Family="Swiss" ss:Size="11"/>
  </Style>
  <Style ss:ID="s32">
   <Alignment ss:Horizontal="Left" ss:Vertical="Bottom" ss:Indent="1"
    ss:WrapText="1"/>
   <Borders/>
   <Font ss:FontName="Arial Cyr" x:CharSet="204" x:Family="Swiss" ss:Size="11"/>
  </Style>
  <Style ss:ID="s33">
   <Alignment ss:Horizontal="Center" ss:Vertical="Bottom"/>
   <Borders/>
   <Font ss:FontName="Arial Cyr" x:CharSet="204" x:Family="Swiss" ss:Size="11"/>
   <NumberFormat ss:Format="@"/>
  </Style>
  <Style ss:ID="s34">
   <Alignment ss:Horizontal="Right" ss:Vertical="Bottom" ss:WrapText="1"/>
   <Borders/>
   <Font ss:FontName="Arial Cyr" x:CharSet="204" x:Family="Swiss" ss:Size="11"/>
   <NumberFormat ss:Format="#,##0"/>
  </Style>
  <Style ss:ID="s35">
   <Alignment ss:Horizontal="Center" ss:Vertical="Center" ss:WrapText="1"/>
   <Borders>
    <Border ss:Position="Left" ss:LineStyle="Continuous" ss:Weight="1"/>
    <Border ss:Position="Right" ss:LineStyle="Continuous" ss:Weight="1"/>
    <Border ss:Position="Top" ss:LineStyle="Continuous" ss:Weight="1"/>
   </Borders>
   <Font ss:FontName="Arial Cyr" x:CharSet="204" x:Family="Swiss" ss:Size="11"/>
  </Style>
  <Style ss:ID="s36">
   <Alignment ss:Horizontal="Right" ss:Vertical="Bottom" ss:WrapText="1"/>
   <Font ss:FontName="Arial Cyr" x:CharSet="204" x:Family="Swiss"/>
  </Style>
  <Style ss:ID="s37">
   <Alignment ss:Vertical="Bottom"/>
   <Font ss:FontName="Arial Cyr" x:CharSet="204" x:Family="Swiss"/>
  </Style>
  <Style ss:ID="s38">
   <Alignment ss:Horizontal="Left" ss:Vertical="Bottom"/>
   <Borders>
    <Border ss:Position="Bottom" ss:LineStyle="Continuous" ss:Weight="1"/>
   </Borders>
   <Font ss:FontName="Arial Cyr" x:CharSet="204" x:Family="Swiss" ss:Size="11"
    ss:Bold="1"/>
  </Style>
  <Style ss:ID="s39">
   <Alignment ss:Horizontal="Center" ss:Vertical="Center" ss:WrapText="1"/>
   <Borders>
    <Border ss:Position="Bottom" ss:LineStyle="Continuous" ss:Weight="1"/>
    <Border ss:Position="Left" ss:LineStyle="Continuous" ss:Weight="1"/>
    <Border ss:Position="Right" ss:LineStyle="Continuous" ss:Weight="1"/>
    <Border ss:Position="Top" ss:LineStyle="Continuous" ss:Weight="1"/>
   </Borders>
   <Font ss:FontName="Arial Cyr" x:CharSet="204" x:Family="Swiss" ss:Size="11"/>
  </Style>
  <Style ss:ID="s40" ss:Parent="s20">
   <Alignment ss:Horizontal="Left" ss:Vertical="Bottom" ss:Indent="1"
    ss:WrapText="1"/>
   <Borders>
    <Border ss:Position="Bottom" ss:LineStyle="Continuous" ss:Weight="1"/>
    <Border ss:Position="Left" ss:LineStyle="Continuous" ss:Weight="1"/>
    <Border ss:Position="Right" ss:LineStyle="Continuous" ss:Weight="1"/>
   </Borders>
   <Font ss:FontName="Arial Cyr" x:CharSet="204" x:Family="Swiss" ss:Size="11"/>
  </Style>
  <Style ss:ID="s41">
   <Alignment ss:Horizontal="Center" ss:Vertical="Bottom" ss:WrapText="1"/>
   <Borders>
    <Border ss:Position="Bottom" ss:LineStyle="Continuous" ss:Weight="1"/>
    <Border ss:Position="Right" ss:LineStyle="Continuous" ss:Weight="1"/>
   </Borders>
   <Font ss:FontName="Arial Cyr" x:CharSet="204" x:Family="Swiss" ss:Size="11"/>
  </Style>
  <Style ss:ID="s42">
   <Alignment ss:Horizontal="Center" ss:Vertical="Bottom"/>
   <Borders/>
   <Font ss:FontName="Arial Cyr" x:CharSet="204" x:Family="Swiss"/>
  </Style>
  <Style ss:ID="s43">
   <Borders/>
   <Font ss:FontName="Arial Cyr" x:CharSet="204" x:Family="Swiss"/>
  </Style>
  <Style ss:ID="s44">
   <Alignment ss:Vertical="Bottom" ss:WrapText="1"/>
   <Borders/>
   <Font ss:FontName="Arial Cyr" x:CharSet="204" x:Family="Swiss" ss:Size="11"/>
   <Interior/>
  </Style>
  <Style ss:ID="s45">
   <Alignment ss:Horizontal="Right" ss:Vertical="Bottom"/>
   <Borders/>
   <Font ss:FontName="Arial Cyr" x:CharSet="204" x:Family="Swiss" ss:Size="11"/>
  </Style>
  <Style ss:ID="s46">
   <Alignment ss:Horizontal="Left" ss:Vertical="Bottom" ss:Indent="2"
    ss:WrapText="1"/>
   <Borders/>
   <Font ss:FontName="Arial Cyr" x:CharSet="204" x:Family="Swiss" ss:Size="11"/>
  </Style>
  <Style ss:ID="s47">
   <Alignment ss:Horizontal="Center" ss:Vertical="Bottom" ss:WrapText="1"/>
   <Borders/>
   <Font ss:FontName="Arial Cyr" x:CharSet="204" x:Family="Swiss" ss:Size="11"/>
  </Style>
  <Style ss:ID="s48">
   <Alignment ss:Horizontal="Center" ss:Vertical="Center" ss:WrapText="1"/>
   <Borders>
    <Border ss:Position="Bottom" ss:LineStyle="Continuous" ss:Weight="1"/>
    <Border ss:Position="Left" ss:LineStyle="Continuous" ss:Weight="1"/>
    <Border ss:Position="Right" ss:LineStyle="Continuous" ss:Weight="1"/>
   </Borders>
   <Font ss:FontName="Arial Cyr" x:CharSet="204" x:Family="Swiss" ss:Bold="1"/>
  </Style>
  <Style ss:ID="s49">
   <Alignment ss:Horizontal="Center" ss:Vertical="Center" ss:WrapText="1"/>
   <Borders>
    <Border ss:Position="Bottom" ss:LineStyle="Continuous" ss:Weight="1"/>
    <Border ss:Position="Right" ss:LineStyle="Continuous" ss:Weight="1"/>
   </Borders>
   <Font ss:FontName="Arial Cyr" x:CharSet="204" x:Family="Swiss" ss:Bold="1"/>
  </Style>
  <Style ss:ID="s50">
   <Alignment ss:Horizontal="Center" ss:Vertical="Center"/>
   <Borders>
    <Border ss:Position="Bottom" ss:LineStyle="Continuous" ss:Weight="1"/>
    <Border ss:Position="Left" ss:LineStyle="Continuous" ss:Weight="1"/>
    <Border ss:Position="Right" ss:LineStyle="Continuous" ss:Weight="1"/>
    <Border ss:Position="Top" ss:LineStyle="Continuous" ss:Weight="1"/>
   </Borders>
   <Font ss:FontName="Arial Cyr" x:CharSet="204" x:Family="Swiss" ss:Bold="1"/>
  </Style>
  <Style ss:ID="s51">
   <Alignment ss:Horizontal="Center" ss:Vertical="Center" ss:WrapText="1"/>
   <Borders>
    <Border ss:Position="Bottom" ss:LineStyle="Continuous" ss:Weight="1"/>
    <Border ss:Position="Left" ss:LineStyle="Continuous" ss:Weight="1"/>
    <Border ss:Position="Right" ss:LineStyle="Continuous" ss:Weight="1"/>
    <Border ss:Position="Top" ss:LineStyle="Continuous" ss:Weight="1"/>
   </Borders>
   <Font ss:FontName="Arial Cyr" x:CharSet="204" x:Family="Swiss" ss:Bold="1"/>
  </Style>
  <Style ss:ID="s52">
   <Alignment ss:Horizontal="Center" ss:Vertical="Bottom" ss:WrapText="1"/>
   <Borders>
    <Border ss:Position="Bottom" ss:LineStyle="Continuous" ss:Weight="1"/>
    <Border ss:Position="Right" ss:LineStyle="Continuous" ss:Weight="1"/>
   </Borders>
   <Font ss:FontName="Arial Cyr" x:CharSet="204" x:Family="Swiss" ss:Size="11"/>
   <NumberFormat ss:Format="0"/>
  </Style>
  <Style ss:ID="s53">
   <Alignment ss:Horizontal="Center" ss:Vertical="Bottom"/>
   <Borders>
    <Border ss:Position="Bottom" ss:LineStyle="Continuous" ss:Weight="1"/>
    <Border ss:Position="Left" ss:LineStyle="Continuous" ss:Weight="1"/>
    <Border ss:Position="Right" ss:LineStyle="Continuous" ss:Weight="1"/>
    <Border ss:Position="Top" ss:LineStyle="Continuous" ss:Weight="1"/>
   </Borders>
   <Font ss:FontName="Arial Cyr" x:CharSet="204" x:Family="Swiss" ss:Size="11"/>
   <NumberFormat ss:Format="0"/>
  </Style>
  <Style ss:ID="s80">
   <Alignment ss:Horizontal="Center" ss:Vertical="Bottom"/>
   <Font ss:FontName="Arial Cyr" x:CharSet="204" x:Family="Swiss"/>
  </Style>
  <Style ss:ID="s81">
   <Alignment ss:Horizontal="Center" ss:Vertical="Center" ss:WrapText="1"/>
   <Font ss:FontName="Arial Cyr" x:CharSet="204" x:Family="Swiss" ss:Size="11"
    ss:Bold="1"/>
  </Style>
  <Style ss:ID="s100">
   <Alignment ss:Horizontal="Left" ss:Vertical="Bottom"/>
   <Borders>
    <Border ss:Position="Bottom" ss:LineStyle="Continuous" ss:Weight="1"/>
   </Borders>
   <Font ss:FontName="Arial Cyr" x:CharSet="204" ss:Size="11" ss:Bold="1"/>
  </Style>
  <Style ss:ID="s101">
   <Alignment ss:Horizontal="Center" ss:Vertical="Center"/>
   <Font ss:FontName="Arial Cyr" x:CharSet="204" ss:Size="11" ss:Bold="1"/>
  </Style>
  <Style ss:ID="s103">
   <Alignment ss:Horizontal="Left" ss:Vertical="Bottom" ss:WrapText="1"/>
   <Font ss:FontName="Arial Cyr" x:CharSet="204" x:Family="Swiss" ss:Size="11"
    ss:Bold="1"/>
  </Style>
  <Style ss:ID="s105">
   <Alignment ss:Horizontal="Center" ss:Vertical="Bottom" ss:WrapText="1"/>
   <Font ss:FontName="Arial Cyr" x:CharSet="204" x:Family="Swiss" ss:Size="11"
    ss:Bold="1"/>
  </Style>
  <Style ss:ID="s107">
   <Alignment ss:Horizontal="Center" ss:Vertical="Center"/>
   <Font ss:FontName="Arial Cyr" x:CharSet="204" ss:Bold="1"/>
  </Style>
 </Styles>
 <Worksheet ss:Name="Лист 1">
  <Names>
   <NamedRange ss:Name="Print_Titles" ss:RefersTo="='Лист 1'!R5:R8"/>
   <NamedRange ss:Name="Print_Area" ss:RefersTo="='Лист 1'!R1C1:R17C5"/>
  </Names>
  <Table ss:ExpandedColumnCount="10" ss:ExpandedRowCount="22" x:FullColumns="1"
   x:FullRows="1">
   <Column ss:AutoFitWidth="0" ss:Width="293.25"/>
   <Column ss:AutoFitWidth="0" ss:Width="33.75"/>
   <Column ss:AutoFitWidth="0" ss:Width="77.25" ss:Span="1"/>
   <Column ss:Index="5" ss:AutoFitWidth="0" ss:Width="79.5"/>
   <Row ss:AutoFitHeight="0" ss:Height="30.75">
    <Cell ss:StyleID="s30"><NamedCell ss:Name="Print_Area"/></Cell>
    <Cell ss:StyleID="s31"><NamedCell ss:Name="Print_Area"/></Cell>
    <Cell ss:StyleID="s31"><NamedCell ss:Name="Print_Area"/></Cell>
    <Cell ss:MergeAcross="1" ss:StyleID="s36"><Data ss:Type="String">Форма № 5 -УСН&#10;годовая</Data><NamedCell
      ss:Name="Print_Area"/></Cell>
   </Row>
   <Row ss:AutoFitHeight="0" ss:Height="40.5">
    <Cell ss:MergeAcross="4" ss:StyleID="s81"><Data ss:Type="String">ОТЧЕТ О НАЛОГОВОЙ БАЗЕ И СТРУКТУРЕ НАЧИСЛЕНИЙ ПО НАЛОГУ, УПЛАЧИВАЕМОМУ &#10;В СВЯЗИ С ПРИМЕНЕНИЕМ УПРОЩЕННОЙ СИСТЕМЫ НАЛОГООБЛОЖЕНИЯ</Data><NamedCell
      ss:Name="Print_Area"/></Cell>
   </Row>
   <Row ss:AutoFitHeight="0" ss:Height="18.75">
    <Cell ss:MergeAcross="4" ss:StyleID="s101"><Data ss:Type="String">за 2006 год</Data><NamedCell
      ss:Name="Print_Area"/></Cell>
    <Cell ss:MergeAcross="4" ss:StyleID="s81"/>
   </Row>
   <Row ss:AutoFitHeight="0" ss:Height="18">
    <Cell ss:MergeAcross="4" ss:StyleID="s100"><Data ss:Type="String">   Всего по России                                                    </Data><NamedCell
      ss:Name="Print_Area"/></Cell>
   </Row>
   <Row ss:AutoFitHeight="0" ss:Height="18">
    <Cell ss:MergeDown="2" ss:StyleID="m37738076"><NamedCell ss:Name="Print_Titles"/><NamedCell
      ss:Name="Print_Area"/></Cell>
    <Cell ss:MergeDown="2" ss:StyleID="m37738056"><Data ss:Type="String">Код стро-&#10;ки</Data><NamedCell
      ss:Name="Print_Titles"/><NamedCell ss:Name="Print_Area"/></Cell>
    <Cell ss:MergeDown="2" ss:StyleID="m37738096"><Data ss:Type="String">Всего &#10;(гр.2+гр.3)</Data><NamedCell
      ss:Name="Print_Titles"/><NamedCell ss:Name="Print_Area"/></Cell>
    <Cell ss:MergeAcross="1" ss:StyleID="m37738972"><Data ss:Type="String">в том числе:</Data><NamedCell
      ss:Name="Print_Titles"/><NamedCell ss:Name="Print_Area"/></Cell>
   </Row>
   <Row ss:AutoFitHeight="0" ss:Height="13.125">
    <Cell ss:Index="4" ss:MergeDown="1" ss:StyleID="m37738952"><Data
      ss:Type="String">организации</Data><NamedCell ss:Name="Print_Titles"/><NamedCell
      ss:Name="Print_Area"/></Cell>
    <Cell ss:MergeDown="1" ss:StyleID="m37738932"><Data ss:Type="String">индивидуаль-&#10;ные предпри-&#10;ниматели</Data><NamedCell
      ss:Name="Print_Titles"/><NamedCell ss:Name="Print_Area"/></Cell>
   </Row>
   <Row ss:AutoFitHeight="0" ss:Height="35.0625"/>
   <Row ss:AutoFitHeight="0" ss:Height="16.125">
    <Cell ss:StyleID="s48"><Data ss:Type="String">А</Data><NamedCell
      ss:Name="Print_Titles"/><NamedCell ss:Name="Print_Area"/></Cell>
    <Cell ss:StyleID="s49"><Data ss:Type="String">Б</Data><NamedCell
      ss:Name="Print_Titles"/><NamedCell ss:Name="Print_Area"/></Cell>
    <Cell ss:StyleID="s49"><Data ss:Type="Number">1</Data><NamedCell
      ss:Name="Print_Titles"/><NamedCell ss:Name="Print_Area"/></Cell>
    <Cell ss:StyleID="s49"><Data ss:Type="Number">2</Data><NamedCell
      ss:Name="Print_Titles"/><NamedCell ss:Name="Print_Area"/></Cell>
    <Cell ss:StyleID="s50"><Data ss:Type="Number">3</Data><NamedCell
      ss:Name="Print_Titles"/><NamedCell ss:Name="Print_Area"/></Cell>
   </Row>
   <Row ss:AutoFitHeight="0" ss:Height="36.9375">
    <Cell ss:StyleID="s25"><ss:Data ss:Type="String"
      xmlns="http://www.w3.org/TR/REC-html40"><B> </B><Font>Налоговая база  </Font>(тыс.рублей)&#10;   доходы</ss:Data><NamedCell
      ss:Name="Print_Area"/></Cell>
    <Cell ss:StyleID="s52"><Data ss:Type="String">010</Data><NamedCell
      ss:Name="Print_Area"/></Cell>
    <Cell ss:StyleID="s29"><Data ss:Type="Number">897594906</Data><NamedCell
      ss:Name="Print_Area"/></Cell>
    <Cell ss:StyleID="s29"><Data ss:Type="Number">634501928</Data><NamedCell
      ss:Name="Print_Area"/></Cell>
    <Cell ss:StyleID="s29"><Data ss:Type="Number">263092978</Data><NamedCell
      ss:Name="Print_Area"/></Cell>
   </Row>
   <Row ss:AutoFitHeight="0" ss:Height="33">
    <Cell ss:StyleID="s24"><Data ss:Type="String">доходы, уменьшенные на величину &#10;расходов</Data><NamedCell
      ss:Name="Print_Area"/></Cell>
    <Cell ss:StyleID="s52"><Data ss:Type="String">020</Data><NamedCell
      ss:Name="Print_Area"/></Cell>
    <Cell ss:StyleID="s29"><Data ss:Type="Number">108344951</Data><NamedCell
      ss:Name="Print_Area"/></Cell>
    <Cell ss:StyleID="s29"><Data ss:Type="Number">77803693</Data><NamedCell
      ss:Name="Print_Area"/></Cell>
    <Cell ss:StyleID="s29"><Data ss:Type="Number">30541258</Data><NamedCell
      ss:Name="Print_Area"/></Cell>
   </Row>
   <Row ss:AutoFitHeight="0" ss:Height="36.9375">
    <Cell ss:StyleID="s26"><Data ss:Type="String">Сумма исчисленного за налоговый период &#10;налога (тыс.рублей),  всего (стр.040+стр.050)</Data><NamedCell
      ss:Name="Print_Area"/></Cell>
    <Cell ss:StyleID="s52"><Data ss:Type="String">030</Data><NamedCell
      ss:Name="Print_Area"/></Cell>
    <Cell ss:StyleID="s29"><Data ss:Type="Number">70107212</Data><NamedCell
      ss:Name="Print_Area"/></Cell>
    <Cell ss:StyleID="s29"><Data ss:Type="Number">49740771</Data><NamedCell
      ss:Name="Print_Area"/></Cell>
    <Cell ss:StyleID="s29"><Data ss:Type="Number">20366441</Data><NamedCell
      ss:Name="Print_Area"/></Cell>
   </Row>
   <Row ss:AutoFitHeight="0" ss:Height="33">
    <Cell ss:StyleID="s24"><Data ss:Type="String">           в том числе:&#10;налога с доходов</Data><NamedCell
      ss:Name="Print_Area"/></Cell>
    <Cell ss:StyleID="s52"><Data ss:Type="String">040</Data><NamedCell
      ss:Name="Print_Area"/></Cell>
    <Cell ss:StyleID="s29"><Data ss:Type="Number">53856900</Data><NamedCell
      ss:Name="Print_Area"/></Cell>
    <Cell ss:StyleID="s29"><Data ss:Type="Number">38070595</Data><NamedCell
      ss:Name="Print_Area"/></Cell>
    <Cell ss:StyleID="s29"><Data ss:Type="Number">15786305</Data><NamedCell
      ss:Name="Print_Area"/></Cell>
   </Row>
   <Row ss:AutoFitHeight="0" ss:Height="33">
    <Cell ss:StyleID="s28"><Data ss:Type="String">налога с доходов, уменьшенных на величину &#10;расходов</Data><NamedCell
      ss:Name="Print_Area"/></Cell>
    <Cell ss:StyleID="s53"><Data ss:Type="String">050</Data><NamedCell
      ss:Name="Print_Area"/></Cell>
    <Cell ss:StyleID="s29"><Data ss:Type="Number">16250312</Data><NamedCell
      ss:Name="Print_Area"/></Cell>
    <Cell ss:StyleID="s29"><Data ss:Type="Number">11670176</Data><NamedCell
      ss:Name="Print_Area"/></Cell>
    <Cell ss:StyleID="s29"><Data ss:Type="Number">4580136</Data><NamedCell
      ss:Name="Print_Area"/></Cell>
   </Row>
   <Row ss:AutoFitHeight="0" ss:Height="36.9375">
    <Cell ss:StyleID="s27"><Data ss:Type="String">Сумма налога, подлежащая уплате за налоговый период (тыс.рублей),  всего (стр.070+стр.080)</Data><NamedCell
      ss:Name="Print_Area"/></Cell>
    <Cell ss:StyleID="s53"><Data ss:Type="String">060</Data><NamedCell
      ss:Name="Print_Area"/></Cell>
    <Cell ss:StyleID="s29"><Data ss:Type="Number">54847168</Data><NamedCell
      ss:Name="Print_Area"/></Cell>
    <Cell ss:StyleID="s29"><Data ss:Type="Number">36333354</Data><NamedCell
      ss:Name="Print_Area"/></Cell>
    <Cell ss:StyleID="s29"><Data ss:Type="Number">18513814</Data><NamedCell
      ss:Name="Print_Area"/></Cell>
   </Row>
   <Row ss:AutoFitHeight="0" ss:Height="33">
    <Cell ss:StyleID="s24"><Data ss:Type="String">          в том числе:&#10;налога с доходов</Data><NamedCell
      ss:Name="Print_Area"/></Cell>
    <Cell ss:StyleID="s53"><Data ss:Type="String">070</Data><NamedCell
      ss:Name="Print_Area"/></Cell>
    <Cell ss:StyleID="s29"><Data ss:Type="Number">40098393</Data><NamedCell
      ss:Name="Print_Area"/></Cell>
    <Cell ss:StyleID="s29"><Data ss:Type="Number">25753136</Data><NamedCell
      ss:Name="Print_Area"/></Cell>
    <Cell ss:StyleID="s29"><Data ss:Type="Number">14345257</Data><NamedCell
      ss:Name="Print_Area"/></Cell>
   </Row>
   <Row ss:AutoFitHeight="0" ss:Height="33">
    <Cell ss:StyleID="s28"><Data ss:Type="String">налога с доходов, уменьшенных на величину &#10;расходов</Data><NamedCell
      ss:Name="Print_Area"/></Cell>
    <Cell ss:StyleID="s53"><Data ss:Type="String">080</Data><NamedCell
      ss:Name="Print_Area"/></Cell>
    <Cell ss:StyleID="s29"><Data ss:Type="Number">14748775</Data><NamedCell
      ss:Name="Print_Area"/></Cell>
    <Cell ss:StyleID="s29"><Data ss:Type="Number">10580218</Data><NamedCell
      ss:Name="Print_Area"/></Cell>
    <Cell ss:StyleID="s29"><Data ss:Type="Number">4168557</Data><NamedCell
      ss:Name="Print_Area"/></Cell>
   </Row>
   <Row ss:AutoFitHeight="0" ss:Height="36.9375">
    <Cell ss:StyleID="s27"><Data ss:Type="String">Сумма минимального налога, подлежащая уплате за налоговый период (тыс.рублей)</Data><NamedCell
      ss:Name="Print_Area"/></Cell>
    <Cell ss:StyleID="s53"><Data ss:Type="String">090</Data><NamedCell
      ss:Name="Print_Area"/></Cell>
    <Cell ss:StyleID="s29"><Data ss:Type="Number">4278576</Data><NamedCell
      ss:Name="Print_Area"/></Cell>
    <Cell ss:StyleID="s29"><Data ss:Type="Number">3502144</Data><NamedCell
      ss:Name="Print_Area"/></Cell>
    <Cell ss:StyleID="s29"><Data ss:Type="Number">776432</Data><NamedCell
      ss:Name="Print_Area"/></Cell>
   </Row>
   <Row ss:AutoFitHeight="0">
    <Cell ss:StyleID="s32"/>
    <Cell ss:StyleID="s33"/>
    <Cell ss:StyleID="s34"/>
    <Cell ss:StyleID="s34"/>
    <Cell ss:StyleID="s34"/>
   </Row>
   <Row>
    <Cell ss:StyleID="s23"/>
    <Cell ss:StyleID="s23"/>
    <Cell ss:StyleID="s23"/>
    <Cell ss:StyleID="s23"/>
    <Cell ss:StyleID="s23"/>
   </Row>
   <Row>
    <Cell ss:StyleID="s23"/>
    <Cell ss:StyleID="s23"/>
    <Cell ss:StyleID="s23"/>
    <Cell ss:MergeAcross="1" ss:StyleID="s80"/>
   </Row>
   <Row>
    <Cell ss:StyleID="s23"/>
    <Cell ss:StyleID="s23"/>
    <Cell ss:StyleID="s23"/>
    <Cell ss:StyleID="s23"/>
    <Cell ss:StyleID="s23"/>
   </Row>
   <Row>
    <Cell ss:StyleID="s23"/>
    <Cell ss:StyleID="s23"/>
    <Cell ss:StyleID="s23"/>
    <Cell ss:StyleID="s23"/>
    <Cell ss:StyleID="s23"/>
   </Row>
  </Table>
  <WorksheetOptions xmlns="urn:schemas-microsoft-com:office:excel">
   <PageSetup>
    <Layout x:CenterHorizontal="1"/>
    <Header x:Margin="0.19685039370078741" x:Data="&amp;R- &amp;P -"/>
    <Footer x:Margin="0"/>
    <PageMargins x:Bottom="0.78740157480314965" x:Left="0.59055118110236227"
     x:Right="0.39370078740157483" x:Top="0.39370078740157483"/>
   </PageSetup>
   <Print>
    <ValidPrinterInfo/>
    <PaperSizeIndex>9</PaperSizeIndex>
    <Scale>85</Scale>
    <HorizontalResolution>600</HorizontalResolution>
    <VerticalResolution>600</VerticalResolution>
   </Print>
   <Selected/>
   <Panes>
    <Pane>
     <Number>3</Number>
     <ActiveRow>10</ActiveRow>
    </Pane>
   </Panes>
   <ProtectObjects>False</ProtectObjects>
   <ProtectScenarios>False</ProtectScenarios>
  </WorksheetOptions>
 </Worksheet>
 <Worksheet ss:Name="Лист2">
  <Names>
   <NamedRange ss:Name="Print_Area" ss:RefersTo="=Лист2!R1C1:R15C3"/>
  </Names>
  <Table ss:ExpandedColumnCount="8" ss:ExpandedRowCount="204" x:FullColumns="1"
   x:FullRows="1">
   <Column ss:AutoFitWidth="0" ss:Width="378.75"/>
   <Column ss:AutoFitWidth="0" ss:Width="41.25"/>
   <Column ss:AutoFitWidth="0" ss:Width="111.75"/>
   <Row ss:AutoFitHeight="0" ss:Height="35.0625">
    <Cell ss:Index="3" ss:StyleID="s36"><Data ss:Type="String">Форма № 5 -УСН&#10;годовая</Data><NamedCell
      ss:Name="Print_Area"/></Cell>
    <Cell ss:StyleID="s37"/>
   </Row>
   <Row ss:AutoFitHeight="0" ss:Height="25.5">
    <Cell ss:MergeAcross="2" ss:StyleID="s103"><Data ss:Type="String">Справочно: </Data><NamedCell
      ss:Name="Print_Area"/></Cell>
    <Cell ss:StyleID="s23"/>
    <Cell ss:StyleID="s23"/>
   </Row>
   <Row ss:AutoFitHeight="0" ss:Height="17.25">
    <Cell ss:MergeAcross="2" ss:StyleID="s107"><Data ss:Type="String">за 2006 год</Data><NamedCell
      ss:Name="Print_Area"/></Cell>
    <Cell ss:MergeAcross="2" ss:StyleID="s105"/>
    <Cell ss:StyleID="s23"/>
    <Cell ss:StyleID="s23"/>
   </Row>
   <Row ss:AutoFitHeight="0" ss:Height="18.5625">
    <Cell ss:StyleID="s38"><Data ss:Type="String">   Всего по России                                                    </Data><NamedCell
      ss:Name="Print_Area"/></Cell>
    <Cell ss:StyleID="s38"><NamedCell ss:Name="Print_Area"/></Cell>
    <Cell ss:StyleID="s38"><NamedCell ss:Name="Print_Area"/></Cell>
    <Cell ss:StyleID="s23"/>
    <Cell ss:StyleID="s23"/>
   </Row>
   <Row ss:AutoFitHeight="0" ss:Height="51">
    <Cell ss:StyleID="s35"><NamedCell ss:Name="Print_Area"/></Cell>
    <Cell ss:StyleID="s39"><Data ss:Type="String">Код стро-&#10;ки</Data><NamedCell
      ss:Name="Print_Area"/></Cell>
    <Cell ss:StyleID="s35"><Data ss:Type="String">тыс.рублей</Data><NamedCell
      ss:Name="Print_Area"/></Cell>
    <Cell ss:StyleID="s23"/>
    <Cell ss:StyleID="s23"/>
   </Row>
   <Row ss:AutoFitHeight="0" ss:Height="15">
    <Cell ss:StyleID="s51"><Data ss:Type="String">А</Data><NamedCell
      ss:Name="Print_Area"/></Cell>
    <Cell ss:StyleID="s39"><NamedCell ss:Name="Print_Area"/></Cell>
    <Cell ss:StyleID="s51"><Data ss:Type="Number">1</Data><NamedCell
      ss:Name="Print_Area"/></Cell>
    <Cell ss:StyleID="s23"/>
    <Cell ss:StyleID="s23"/>
   </Row>
   <Row ss:AutoFitHeight="0" ss:Height="93">
    <Cell ss:StyleID="s40"><Data ss:Type="String"> Сумма уплаченных за налоговый период страховых взносов &#10; на обязательное пенсионное страхование, а также выплаченных &#10; работникам в течение налогового периода из средств налогоплатель-&#10; щика пособий по временной нетрудоспособности, уменьшающая &#10; (но не более чем на 50%) сумму исчисленного налога, &#10; всего (стр.120+стр.130)</Data><NamedCell
      ss:Name="Print_Area"/></Cell>
    <Cell ss:StyleID="s41"><Data ss:Type="Number">110</Data><NamedCell
      ss:Name="Print_Area"/></Cell>
    <Cell ss:StyleID="s29"><Data ss:Type="Number">13955392</Data><NamedCell
      ss:Name="Print_Area"/></Cell>
    <Cell ss:StyleID="s23"/>
    <Cell ss:StyleID="s23"/>
   </Row>
   <Row ss:AutoFitHeight="0" ss:Height="30">
    <Cell ss:StyleID="s24"><Data ss:Type="String">        в том числе:&#10;   организациями</Data><NamedCell
      ss:Name="Print_Area"/></Cell>
    <Cell ss:StyleID="s41"><Data ss:Type="Number">120</Data><NamedCell
      ss:Name="Print_Area"/></Cell>
    <Cell ss:StyleID="s29"><Data ss:Type="Number">12478981</Data><NamedCell
      ss:Name="Print_Area"/></Cell>
    <Cell ss:StyleID="s23"/>
    <Cell ss:StyleID="s23"/>
   </Row>
   <Row ss:AutoFitHeight="0" ss:Height="23.25">
    <Cell ss:StyleID="s24"><Data ss:Type="String">   индивидуальными предпринимателями</Data><NamedCell
      ss:Name="Print_Area"/></Cell>
    <Cell ss:StyleID="s41"><Data ss:Type="Number">130</Data><NamedCell
      ss:Name="Print_Area"/></Cell>
    <Cell ss:StyleID="s29"><Data ss:Type="Number">1476411</Data><NamedCell
      ss:Name="Print_Area"/></Cell>
    <Cell ss:StyleID="s23"/>
    <Cell ss:StyleID="s23"/>
   </Row>
   <Row ss:AutoFitHeight="0" ss:Height="54">
    <Cell ss:StyleID="s26"><Data ss:Type="String">Сумма расходов, понесенных налогоплательщиками, выбравшими в качестве объекта налогообложения доходы, уменьшенные на величину расходов,  всего (стр.150+стр.160) </Data><NamedCell
      ss:Name="Print_Area"/></Cell>
    <Cell ss:StyleID="s41"><Data ss:Type="Number">140</Data><NamedCell
      ss:Name="Print_Area"/></Cell>
    <Cell ss:StyleID="s29"><Data ss:Type="Number">1107443664</Data><NamedCell
      ss:Name="Print_Area"/></Cell>
    <Cell ss:StyleID="s23"/>
    <Cell ss:StyleID="s23"/>
   </Row>
   <Row ss:AutoFitHeight="0" ss:Height="30">
    <Cell ss:StyleID="s24"><Data ss:Type="String">        в том числе:&#10;   организациями</Data><NamedCell
      ss:Name="Print_Area"/></Cell>
    <Cell ss:StyleID="s41"><Data ss:Type="Number">150</Data><NamedCell
      ss:Name="Print_Area"/></Cell>
    <Cell ss:StyleID="s29"><Data ss:Type="Number">823240882</Data><NamedCell
      ss:Name="Print_Area"/></Cell>
    <Cell ss:StyleID="s23"/>
    <Cell ss:StyleID="s23"/>
   </Row>
   <Row ss:AutoFitHeight="0" ss:Height="23.25">
    <Cell ss:StyleID="s24"><Data ss:Type="String">   индивидуальными предпринимателями</Data><NamedCell
      ss:Name="Print_Area"/></Cell>
    <Cell ss:StyleID="s41"><Data ss:Type="Number">160</Data><NamedCell
      ss:Name="Print_Area"/></Cell>
    <Cell ss:StyleID="s29"><Data ss:Type="Number">284202782</Data><NamedCell
      ss:Name="Print_Area"/></Cell>
    <Cell ss:StyleID="s23"/>
    <Cell ss:StyleID="s23"/>
   </Row>
   <Row ss:AutoFitHeight="0" ss:Height="19.875">
    <Cell ss:StyleID="s46"><NamedCell ss:Name="Print_Area"/></Cell>
    <Cell ss:StyleID="s47"><NamedCell ss:Name="Print_Area"/></Cell>
    <Cell ss:StyleID="s34"><NamedCell ss:Name="Print_Area"/></Cell>
    <Cell ss:StyleID="s23"/>
    <Cell ss:StyleID="s23"/>
   </Row>
   <Row ss:Height="14.25">
    <Cell ss:StyleID="s44"><NamedCell ss:Name="Print_Area"/></Cell>
    <Cell ss:StyleID="s42"><NamedCell ss:Name="Print_Area"/></Cell>
    <Cell ss:StyleID="s45"><NamedCell ss:Name="Print_Area"/></Cell>
    <Cell ss:StyleID="s23"/>
    <Cell ss:StyleID="s23"/>
   </Row>
   <Row>
    <Cell ss:StyleID="s43"><NamedCell ss:Name="Print_Area"/></Cell>
    <Cell ss:StyleID="s42"><NamedCell ss:Name="Print_Area"/></Cell>
    <Cell ss:StyleID="s43"><NamedCell ss:Name="Print_Area"/></Cell>
    <Cell ss:StyleID="s23"/>
    <Cell ss:StyleID="s23"/>
   </Row>
   <Row>
    <Cell ss:StyleID="s43"/>
    <Cell ss:StyleID="s42"/>
    <Cell ss:StyleID="s43"/>
    <Cell ss:StyleID="s23"/>
    <Cell ss:StyleID="s23"/>
   </Row>
   <Row>
    <Cell ss:StyleID="s23"/>
    <Cell ss:StyleID="s23"/>
    <Cell ss:StyleID="s23"/>
    <Cell ss:StyleID="s23"/>
    <Cell ss:StyleID="s23"/>
   </Row>
   <Row>
    <Cell ss:StyleID="s23"/>
    <Cell ss:StyleID="s23"/>
    <Cell ss:StyleID="s23"/>
    <Cell ss:StyleID="s23"/>
    <Cell ss:StyleID="s23"/>
   </Row>
   <Row>
    <Cell ss:StyleID="s23"/>
    <Cell ss:StyleID="s23"/>
    <Cell ss:StyleID="s23"/>
    <Cell ss:StyleID="s23"/>
    <Cell ss:StyleID="s23"/>
   </Row>
   <Row>
    <Cell ss:StyleID="s23"/>
    <Cell ss:StyleID="s23"/>
    <Cell ss:StyleID="s23"/>
    <Cell ss:StyleID="s23"/>
    <Cell ss:StyleID="s23"/>
   </Row>
   <Row>
    <Cell ss:StyleID="s23"/>
    <Cell ss:StyleID="s23"/>
    <Cell ss:StyleID="s23"/>
    <Cell ss:StyleID="s23"/>
    <Cell ss:StyleID="s23"/>
   </Row>
   <Row>
    <Cell ss:StyleID="s23"/>
    <Cell ss:StyleID="s23"/>
    <Cell ss:StyleID="s23"/>
    <Cell ss:StyleID="s23"/>
    <Cell ss:StyleID="s23"/>
   </Row>
   <Row>
    <Cell ss:StyleID="s23"/>
    <Cell ss:StyleID="s23"/>
    <Cell ss:StyleID="s23"/>
    <Cell ss:StyleID="s23"/>
    <Cell ss:StyleID="s23"/>
   </Row>
   <Row>
    <Cell ss:StyleID="s23"/>
    <Cell ss:StyleID="s23"/>
    <Cell ss:StyleID="s23"/>
    <Cell ss:StyleID="s23"/>
    <Cell ss:StyleID="s23"/>
   </Row>
   <Row>
    <Cell ss:StyleID="s23"/>
    <Cell ss:StyleID="s23"/>
    <Cell ss:StyleID="s23"/>
    <Cell ss:StyleID="s23"/>
    <Cell ss:StyleID="s23"/>
   </Row>
   <Row>
    <Cell ss:StyleID="s23"/>
    <Cell ss:StyleID="s23"/>
    <Cell ss:StyleID="s23"/>
    <Cell ss:StyleID="s23"/>
    <Cell ss:StyleID="s23"/>
   </Row>
   <Row>
    <Cell ss:StyleID="s23"/>
    <Cell ss:StyleID="s23"/>
    <Cell ss:StyleID="s23"/>
    <Cell ss:StyleID="s23"/>
    <Cell ss:StyleID="s23"/>
   </Row>
   <Row>
    <Cell ss:StyleID="s23"/>
    <Cell ss:StyleID="s23"/>
    <Cell ss:StyleID="s23"/>
    <Cell ss:StyleID="s23"/>
    <Cell ss:StyleID="s23"/>
   </Row>
   <Row>
    <Cell ss:StyleID="s23"/>
    <Cell ss:StyleID="s23"/>
    <Cell ss:StyleID="s23"/>
    <Cell ss:StyleID="s23"/>
    <Cell ss:StyleID="s23"/>
   </Row>
   <Row>
    <Cell ss:StyleID="s23"/>
    <Cell ss:StyleID="s23"/>
    <Cell ss:StyleID="s23"/>
    <Cell ss:StyleID="s23"/>
    <Cell ss:StyleID="s23"/>
   </Row>
   <Row>
    <Cell ss:StyleID="s23"/>
    <Cell ss:StyleID="s23"/>
    <Cell ss:StyleID="s23"/>
    <Cell ss:StyleID="s23"/>
    <Cell ss:StyleID="s23"/>
   </Row>
   <Row>
    <Cell ss:StyleID="s23"/>
    <Cell ss:StyleID="s23"/>
    <Cell ss:StyleID="s23"/>
    <Cell ss:StyleID="s23"/>
    <Cell ss:StyleID="s23"/>
   </Row>
   <Row>
    <Cell ss:StyleID="s23"/>
    <Cell ss:StyleID="s23"/>
    <Cell ss:StyleID="s23"/>
    <Cell ss:StyleID="s23"/>
    <Cell ss:StyleID="s23"/>
   </Row>
   <Row>
    <Cell ss:StyleID="s23"/>
    <Cell ss:StyleID="s23"/>
    <Cell ss:StyleID="s23"/>
    <Cell ss:StyleID="s23"/>
    <Cell ss:StyleID="s23"/>
   </Row>
   <Row>
    <Cell ss:StyleID="s23"/>
    <Cell ss:StyleID="s23"/>
    <Cell ss:StyleID="s23"/>
    <Cell ss:StyleID="s23"/>
    <Cell ss:StyleID="s23"/>
   </Row>
   <Row>
    <Cell ss:StyleID="s23"/>
    <Cell ss:StyleID="s23"/>
    <Cell ss:StyleID="s23"/>
    <Cell ss:StyleID="s23"/>
    <Cell ss:StyleID="s23"/>
   </Row>
   <Row>
    <Cell ss:StyleID="s23"/>
    <Cell ss:StyleID="s23"/>
    <Cell ss:StyleID="s23"/>
    <Cell ss:StyleID="s23"/>
    <Cell ss:StyleID="s23"/>
   </Row>
   <Row>
    <Cell ss:StyleID="s23"/>
    <Cell ss:StyleID="s23"/>
    <Cell ss:StyleID="s23"/>
    <Cell ss:StyleID="s23"/>
    <Cell ss:StyleID="s23"/>
   </Row>
   <Row>
    <Cell ss:StyleID="s23"/>
    <Cell ss:StyleID="s23"/>
    <Cell ss:StyleID="s23"/>
    <Cell ss:StyleID="s23"/>
    <Cell ss:StyleID="s23"/>
   </Row>
   <Row>
    <Cell ss:StyleID="s23"/>
    <Cell ss:StyleID="s23"/>
    <Cell ss:StyleID="s23"/>
    <Cell ss:StyleID="s23"/>
    <Cell ss:StyleID="s23"/>
   </Row>
   <Row>
    <Cell ss:StyleID="s23"/>
    <Cell ss:StyleID="s23"/>
    <Cell ss:StyleID="s23"/>
    <Cell ss:StyleID="s23"/>
    <Cell ss:StyleID="s23"/>
   </Row>
   <Row>
    <Cell ss:StyleID="s23"/>
    <Cell ss:StyleID="s23"/>
    <Cell ss:StyleID="s23"/>
    <Cell ss:StyleID="s23"/>
    <Cell ss:StyleID="s23"/>
   </Row>
   <Row>
    <Cell ss:StyleID="s23"/>
    <Cell ss:StyleID="s23"/>
    <Cell ss:StyleID="s23"/>
    <Cell ss:StyleID="s23"/>
    <Cell ss:StyleID="s23"/>
   </Row>
   <Row>
    <Cell ss:StyleID="s23"/>
    <Cell ss:StyleID="s23"/>
    <Cell ss:StyleID="s23"/>
    <Cell ss:StyleID="s23"/>
    <Cell ss:StyleID="s23"/>
   </Row>
   <Row>
    <Cell ss:StyleID="s23"/>
    <Cell ss:StyleID="s23"/>
    <Cell ss:StyleID="s23"/>
    <Cell ss:StyleID="s23"/>
    <Cell ss:StyleID="s23"/>
   </Row>
   <Row>
    <Cell ss:StyleID="s23"/>
    <Cell ss:StyleID="s23"/>
    <Cell ss:StyleID="s23"/>
    <Cell ss:StyleID="s23"/>
    <Cell ss:StyleID="s23"/>
   </Row>
   <Row>
    <Cell ss:StyleID="s23"/>
    <Cell ss:StyleID="s23"/>
    <Cell ss:StyleID="s23"/>
    <Cell ss:StyleID="s23"/>
    <Cell ss:StyleID="s23"/>
   </Row>
   <Row>
    <Cell ss:StyleID="s23"/>
    <Cell ss:StyleID="s23"/>
    <Cell ss:StyleID="s23"/>
    <Cell ss:StyleID="s23"/>
    <Cell ss:StyleID="s23"/>
   </Row>
   <Row>
    <Cell ss:StyleID="s23"/>
    <Cell ss:StyleID="s23"/>
    <Cell ss:StyleID="s23"/>
    <Cell ss:StyleID="s23"/>
    <Cell ss:StyleID="s23"/>
   </Row>
   <Row>
    <Cell ss:StyleID="s23"/>
    <Cell ss:StyleID="s23"/>
    <Cell ss:StyleID="s23"/>
    <Cell ss:StyleID="s23"/>
    <Cell ss:StyleID="s23"/>
   </Row>
   <Row>
    <Cell ss:StyleID="s23"/>
    <Cell ss:StyleID="s23"/>
    <Cell ss:StyleID="s23"/>
    <Cell ss:StyleID="s23"/>
    <Cell ss:StyleID="s23"/>
   </Row>
   <Row>
    <Cell ss:StyleID="s23"/>
    <Cell ss:StyleID="s23"/>
    <Cell ss:StyleID="s23"/>
    <Cell ss:StyleID="s23"/>
    <Cell ss:StyleID="s23"/>
   </Row>
   <Row>
    <Cell ss:StyleID="s23"/>
    <Cell ss:StyleID="s23"/>
    <Cell ss:StyleID="s23"/>
    <Cell ss:StyleID="s23"/>
    <Cell ss:StyleID="s23"/>
   </Row>
   <Row>
    <Cell ss:StyleID="s23"/>
    <Cell ss:StyleID="s23"/>
    <Cell ss:StyleID="s23"/>
    <Cell ss:StyleID="s23"/>
    <Cell ss:StyleID="s23"/>
   </Row>
   <Row>
    <Cell ss:StyleID="s23"/>
    <Cell ss:StyleID="s23"/>
    <Cell ss:StyleID="s23"/>
    <Cell ss:StyleID="s23"/>
    <Cell ss:StyleID="s23"/>
   </Row>
   <Row>
    <Cell ss:StyleID="s23"/>
    <Cell ss:StyleID="s23"/>
    <Cell ss:StyleID="s23"/>
    <Cell ss:StyleID="s23"/>
    <Cell ss:StyleID="s23"/>
   </Row>
   <Row>
    <Cell ss:StyleID="s23"/>
    <Cell ss:StyleID="s23"/>
    <Cell ss:StyleID="s23"/>
    <Cell ss:StyleID="s23"/>
    <Cell ss:StyleID="s23"/>
   </Row>
   <Row>
    <Cell ss:StyleID="s23"/>
    <Cell ss:StyleID="s23"/>
    <Cell ss:StyleID="s23"/>
    <Cell ss:StyleID="s23"/>
    <Cell ss:StyleID="s23"/>
   </Row>
   <Row>
    <Cell ss:StyleID="s23"/>
    <Cell ss:StyleID="s23"/>
    <Cell ss:StyleID="s23"/>
    <Cell ss:StyleID="s23"/>
    <Cell ss:StyleID="s23"/>
   </Row>
   <Row>
    <Cell ss:StyleID="s23"/>
    <Cell ss:StyleID="s23"/>
    <Cell ss:StyleID="s23"/>
    <Cell ss:StyleID="s23"/>
    <Cell ss:StyleID="s23"/>
   </Row>
   <Row>
    <Cell ss:StyleID="s23"/>
    <Cell ss:StyleID="s23"/>
    <Cell ss:StyleID="s23"/>
    <Cell ss:StyleID="s23"/>
    <Cell ss:StyleID="s23"/>
   </Row>
   <Row>
    <Cell ss:StyleID="s23"/>
    <Cell ss:StyleID="s23"/>
    <Cell ss:StyleID="s23"/>
    <Cell ss:StyleID="s23"/>
    <Cell ss:StyleID="s23"/>
   </Row>
   <Row>
    <Cell ss:StyleID="s23"/>
    <Cell ss:StyleID="s23"/>
    <Cell ss:StyleID="s23"/>
    <Cell ss:StyleID="s23"/>
    <Cell ss:StyleID="s23"/>
   </Row>
   <Row>
    <Cell ss:StyleID="s23"/>
    <Cell ss:StyleID="s23"/>
    <Cell ss:StyleID="s23"/>
    <Cell ss:StyleID="s23"/>
    <Cell ss:StyleID="s23"/>
   </Row>
   <Row>
    <Cell ss:StyleID="s23"/>
    <Cell ss:StyleID="s23"/>
    <Cell ss:StyleID="s23"/>
    <Cell ss:StyleID="s23"/>
    <Cell ss:StyleID="s23"/>
   </Row>
   <Row>
    <Cell ss:StyleID="s23"/>
    <Cell ss:StyleID="s23"/>
    <Cell ss:StyleID="s23"/>
    <Cell ss:StyleID="s23"/>
    <Cell ss:StyleID="s23"/>
   </Row>
   <Row>
    <Cell ss:StyleID="s23"/>
    <Cell ss:StyleID="s23"/>
    <Cell ss:StyleID="s23"/>
    <Cell ss:StyleID="s23"/>
    <Cell ss:StyleID="s23"/>
   </Row>
   <Row>
    <Cell ss:StyleID="s23"/>
    <Cell ss:StyleID="s23"/>
    <Cell ss:StyleID="s23"/>
    <Cell ss:StyleID="s23"/>
    <Cell ss:StyleID="s23"/>
   </Row>
   <Row>
    <Cell ss:StyleID="s23"/>
    <Cell ss:StyleID="s23"/>
    <Cell ss:StyleID="s23"/>
    <Cell ss:StyleID="s23"/>
    <Cell ss:StyleID="s23"/>
   </Row>
   <Row>
    <Cell ss:StyleID="s23"/>
    <Cell ss:StyleID="s23"/>
    <Cell ss:StyleID="s23"/>
    <Cell ss:StyleID="s23"/>
    <Cell ss:StyleID="s23"/>
   </Row>
   <Row>
    <Cell ss:StyleID="s23"/>
    <Cell ss:StyleID="s23"/>
    <Cell ss:StyleID="s23"/>
    <Cell ss:StyleID="s23"/>
    <Cell ss:StyleID="s23"/>
   </Row>
   <Row>
    <Cell ss:StyleID="s23"/>
    <Cell ss:StyleID="s23"/>
    <Cell ss:StyleID="s23"/>
    <Cell ss:StyleID="s23"/>
    <Cell ss:StyleID="s23"/>
   </Row>
   <Row>
    <Cell ss:StyleID="s23"/>
    <Cell ss:StyleID="s23"/>
    <Cell ss:StyleID="s23"/>
    <Cell ss:StyleID="s23"/>
    <Cell ss:StyleID="s23"/>
   </Row>
   <Row>
    <Cell ss:StyleID="s23"/>
    <Cell ss:StyleID="s23"/>
    <Cell ss:StyleID="s23"/>
    <Cell ss:StyleID="s23"/>
    <Cell ss:StyleID="s23"/>
   </Row>
   <Row>
    <Cell ss:StyleID="s23"/>
    <Cell ss:StyleID="s23"/>
    <Cell ss:StyleID="s23"/>
    <Cell ss:StyleID="s23"/>
    <Cell ss:StyleID="s23"/>
   </Row>
   <Row>
    <Cell ss:StyleID="s23"/>
    <Cell ss:StyleID="s23"/>
    <Cell ss:StyleID="s23"/>
    <Cell ss:StyleID="s23"/>
    <Cell ss:StyleID="s23"/>
   </Row>
   <Row>
    <Cell ss:StyleID="s23"/>
    <Cell ss:StyleID="s23"/>
    <Cell ss:StyleID="s23"/>
    <Cell ss:StyleID="s23"/>
    <Cell ss:StyleID="s23"/>
   </Row>
   <Row>
    <Cell ss:StyleID="s23"/>
    <Cell ss:StyleID="s23"/>
    <Cell ss:StyleID="s23"/>
    <Cell ss:StyleID="s23"/>
    <Cell ss:StyleID="s23"/>
   </Row>
   <Row>
    <Cell ss:StyleID="s23"/>
    <Cell ss:StyleID="s23"/>
    <Cell ss:StyleID="s23"/>
    <Cell ss:StyleID="s23"/>
    <Cell ss:StyleID="s23"/>
   </Row>
   <Row>
    <Cell ss:StyleID="s23"/>
    <Cell ss:StyleID="s23"/>
    <Cell ss:StyleID="s23"/>
    <Cell ss:StyleID="s23"/>
    <Cell ss:StyleID="s23"/>
   </Row>
   <Row>
    <Cell ss:StyleID="s23"/>
    <Cell ss:StyleID="s23"/>
    <Cell ss:StyleID="s23"/>
    <Cell ss:StyleID="s23"/>
    <Cell ss:StyleID="s23"/>
   </Row>
   <Row>
    <Cell ss:StyleID="s23"/>
    <Cell ss:StyleID="s23"/>
    <Cell ss:StyleID="s23"/>
    <Cell ss:StyleID="s23"/>
    <Cell ss:StyleID="s23"/>
   </Row>
   <Row>
    <Cell ss:StyleID="s23"/>
    <Cell ss:StyleID="s23"/>
    <Cell ss:StyleID="s23"/>
    <Cell ss:StyleID="s23"/>
    <Cell ss:StyleID="s23"/>
   </Row>
   <Row>
    <Cell ss:StyleID="s23"/>
    <Cell ss:StyleID="s23"/>
    <Cell ss:StyleID="s23"/>
    <Cell ss:StyleID="s23"/>
    <Cell ss:StyleID="s23"/>
   </Row>
   <Row>
    <Cell ss:StyleID="s23"/>
    <Cell ss:StyleID="s23"/>
    <Cell ss:StyleID="s23"/>
    <Cell ss:StyleID="s23"/>
    <Cell ss:StyleID="s23"/>
   </Row>
   <Row>
    <Cell ss:StyleID="s23"/>
    <Cell ss:StyleID="s23"/>
    <Cell ss:StyleID="s23"/>
    <Cell ss:StyleID="s23"/>
    <Cell ss:StyleID="s23"/>
   </Row>
   <Row>
    <Cell ss:StyleID="s23"/>
    <Cell ss:StyleID="s23"/>
    <Cell ss:StyleID="s23"/>
    <Cell ss:StyleID="s23"/>
    <Cell ss:StyleID="s23"/>
   </Row>
   <Row>
    <Cell ss:StyleID="s23"/>
    <Cell ss:StyleID="s23"/>
    <Cell ss:StyleID="s23"/>
    <Cell ss:StyleID="s23"/>
    <Cell ss:StyleID="s23"/>
   </Row>
   <Row>
    <Cell ss:StyleID="s23"/>
    <Cell ss:StyleID="s23"/>
    <Cell ss:StyleID="s23"/>
    <Cell ss:StyleID="s23"/>
    <Cell ss:StyleID="s23"/>
   </Row>
   <Row>
    <Cell ss:StyleID="s23"/>
    <Cell ss:StyleID="s23"/>
    <Cell ss:StyleID="s23"/>
    <Cell ss:StyleID="s23"/>
    <Cell ss:StyleID="s23"/>
   </Row>
   <Row>
    <Cell ss:StyleID="s23"/>
    <Cell ss:StyleID="s23"/>
    <Cell ss:StyleID="s23"/>
    <Cell ss:StyleID="s23"/>
    <Cell ss:StyleID="s23"/>
   </Row>
   <Row>
    <Cell ss:StyleID="s23"/>
    <Cell ss:StyleID="s23"/>
    <Cell ss:StyleID="s23"/>
    <Cell ss:StyleID="s23"/>
    <Cell ss:StyleID="s23"/>
   </Row>
   <Row>
    <Cell ss:StyleID="s23"/>
    <Cell ss:StyleID="s23"/>
    <Cell ss:StyleID="s23"/>
    <Cell ss:StyleID="s23"/>
    <Cell ss:StyleID="s23"/>
   </Row>
   <Row>
    <Cell ss:StyleID="s23"/>
    <Cell ss:StyleID="s23"/>
    <Cell ss:StyleID="s23"/>
    <Cell ss:StyleID="s23"/>
    <Cell ss:StyleID="s23"/>
   </Row>
   <Row>
    <Cell ss:StyleID="s23"/>
    <Cell ss:StyleID="s23"/>
    <Cell ss:StyleID="s23"/>
    <Cell ss:StyleID="s23"/>
    <Cell ss:StyleID="s23"/>
   </Row>
   <Row>
    <Cell ss:StyleID="s23"/>
    <Cell ss:StyleID="s23"/>
    <Cell ss:StyleID="s23"/>
    <Cell ss:StyleID="s23"/>
    <Cell ss:StyleID="s23"/>
   </Row>
   <Row>
    <Cell ss:StyleID="s23"/>
    <Cell ss:StyleID="s23"/>
    <Cell ss:StyleID="s23"/>
    <Cell ss:StyleID="s23"/>
    <Cell ss:StyleID="s23"/>
   </Row>
   <Row>
    <Cell ss:StyleID="s23"/>
    <Cell ss:StyleID="s23"/>
    <Cell ss:StyleID="s23"/>
    <Cell ss:StyleID="s23"/>
    <Cell ss:StyleID="s23"/>
   </Row>
   <Row>
    <Cell ss:StyleID="s23"/>
    <Cell ss:StyleID="s23"/>
    <Cell ss:StyleID="s23"/>
    <Cell ss:StyleID="s23"/>
    <Cell ss:StyleID="s23"/>
   </Row>
   <Row>
    <Cell ss:StyleID="s23"/>
    <Cell ss:StyleID="s23"/>
    <Cell ss:StyleID="s23"/>
    <Cell ss:StyleID="s23"/>
    <Cell ss:StyleID="s23"/>
   </Row>
   <Row>
    <Cell ss:StyleID="s23"/>
    <Cell ss:StyleID="s23"/>
    <Cell ss:StyleID="s23"/>
    <Cell ss:StyleID="s23"/>
    <Cell ss:StyleID="s23"/>
   </Row>
   <Row>
    <Cell ss:StyleID="s23"/>
    <Cell ss:StyleID="s23"/>
    <Cell ss:StyleID="s23"/>
    <Cell ss:StyleID="s23"/>
    <Cell ss:StyleID="s23"/>
   </Row>
   <Row>
    <Cell ss:StyleID="s23"/>
    <Cell ss:StyleID="s23"/>
    <Cell ss:StyleID="s23"/>
    <Cell ss:StyleID="s23"/>
    <Cell ss:StyleID="s23"/>
   </Row>
   <Row>
    <Cell ss:StyleID="s23"/>
    <Cell ss:StyleID="s23"/>
    <Cell ss:StyleID="s23"/>
    <Cell ss:StyleID="s23"/>
    <Cell ss:StyleID="s23"/>
   </Row>
   <Row>
    <Cell ss:StyleID="s23"/>
    <Cell ss:StyleID="s23"/>
    <Cell ss:StyleID="s23"/>
    <Cell ss:StyleID="s23"/>
    <Cell ss:StyleID="s23"/>
   </Row>
   <Row>
    <Cell ss:StyleID="s23"/>
    <Cell ss:StyleID="s23"/>
    <Cell ss:StyleID="s23"/>
    <Cell ss:StyleID="s23"/>
    <Cell ss:StyleID="s23"/>
   </Row>
   <Row>
    <Cell ss:StyleID="s23"/>
    <Cell ss:StyleID="s23"/>
    <Cell ss:StyleID="s23"/>
    <Cell ss:StyleID="s23"/>
    <Cell ss:StyleID="s23"/>
   </Row>
   <Row>
    <Cell ss:StyleID="s23"/>
    <Cell ss:StyleID="s23"/>
    <Cell ss:StyleID="s23"/>
    <Cell ss:StyleID="s23"/>
    <Cell ss:StyleID="s23"/>
   </Row>
   <Row>
    <Cell ss:StyleID="s23"/>
    <Cell ss:StyleID="s23"/>
    <Cell ss:StyleID="s23"/>
    <Cell ss:StyleID="s23"/>
    <Cell ss:StyleID="s23"/>
   </Row>
   <Row>
    <Cell ss:StyleID="s23"/>
    <Cell ss:StyleID="s23"/>
    <Cell ss:StyleID="s23"/>
    <Cell ss:StyleID="s23"/>
    <Cell ss:StyleID="s23"/>
   </Row>
   <Row>
    <Cell ss:StyleID="s23"/>
    <Cell ss:StyleID="s23"/>
    <Cell ss:StyleID="s23"/>
    <Cell ss:StyleID="s23"/>
    <Cell ss:StyleID="s23"/>
   </Row>
   <Row>
    <Cell ss:StyleID="s23"/>
    <Cell ss:StyleID="s23"/>
    <Cell ss:StyleID="s23"/>
    <Cell ss:StyleID="s23"/>
    <Cell ss:StyleID="s23"/>
   </Row>
   <Row>
    <Cell ss:StyleID="s23"/>
    <Cell ss:StyleID="s23"/>
    <Cell ss:StyleID="s23"/>
    <Cell ss:StyleID="s23"/>
    <Cell ss:StyleID="s23"/>
   </Row>
   <Row>
    <Cell ss:StyleID="s23"/>
    <Cell ss:StyleID="s23"/>
    <Cell ss:StyleID="s23"/>
    <Cell ss:StyleID="s23"/>
    <Cell ss:StyleID="s23"/>
   </Row>
   <Row>
    <Cell ss:StyleID="s23"/>
    <Cell ss:StyleID="s23"/>
    <Cell ss:StyleID="s23"/>
    <Cell ss:StyleID="s23"/>
    <Cell ss:StyleID="s23"/>
   </Row>
   <Row>
    <Cell ss:StyleID="s23"/>
    <Cell ss:StyleID="s23"/>
    <Cell ss:StyleID="s23"/>
    <Cell ss:StyleID="s23"/>
    <Cell ss:StyleID="s23"/>
   </Row>
   <Row>
    <Cell ss:StyleID="s23"/>
    <Cell ss:StyleID="s23"/>
    <Cell ss:StyleID="s23"/>
    <Cell ss:StyleID="s23"/>
    <Cell ss:StyleID="s23"/>
   </Row>
   <Row>
    <Cell ss:StyleID="s23"/>
    <Cell ss:StyleID="s23"/>
    <Cell ss:StyleID="s23"/>
    <Cell ss:StyleID="s23"/>
    <Cell ss:StyleID="s23"/>
   </Row>
   <Row>
    <Cell ss:StyleID="s23"/>
    <Cell ss:StyleID="s23"/>
    <Cell ss:StyleID="s23"/>
    <Cell ss:StyleID="s23"/>
    <Cell ss:StyleID="s23"/>
   </Row>
   <Row>
    <Cell ss:StyleID="s23"/>
    <Cell ss:StyleID="s23"/>
    <Cell ss:StyleID="s23"/>
    <Cell ss:StyleID="s23"/>
    <Cell ss:StyleID="s23"/>
   </Row>
   <Row>
    <Cell ss:StyleID="s23"/>
    <Cell ss:StyleID="s23"/>
    <Cell ss:StyleID="s23"/>
    <Cell ss:StyleID="s23"/>
    <Cell ss:StyleID="s23"/>
   </Row>
   <Row>
    <Cell ss:StyleID="s23"/>
    <Cell ss:StyleID="s23"/>
    <Cell ss:StyleID="s23"/>
    <Cell ss:StyleID="s23"/>
    <Cell ss:StyleID="s23"/>
   </Row>
   <Row>
    <Cell ss:StyleID="s23"/>
    <Cell ss:StyleID="s23"/>
    <Cell ss:StyleID="s23"/>
    <Cell ss:StyleID="s23"/>
    <Cell ss:StyleID="s23"/>
   </Row>
   <Row>
    <Cell ss:StyleID="s23"/>
    <Cell ss:StyleID="s23"/>
    <Cell ss:StyleID="s23"/>
    <Cell ss:StyleID="s23"/>
    <Cell ss:StyleID="s23"/>
   </Row>
   <Row>
    <Cell ss:StyleID="s23"/>
    <Cell ss:StyleID="s23"/>
    <Cell ss:StyleID="s23"/>
    <Cell ss:StyleID="s23"/>
    <Cell ss:StyleID="s23"/>
   </Row>
   <Row>
    <Cell ss:StyleID="s23"/>
    <Cell ss:StyleID="s23"/>
    <Cell ss:StyleID="s23"/>
    <Cell ss:StyleID="s23"/>
    <Cell ss:StyleID="s23"/>
   </Row>
   <Row>
    <Cell ss:StyleID="s23"/>
    <Cell ss:StyleID="s23"/>
    <Cell ss:StyleID="s23"/>
    <Cell ss:StyleID="s23"/>
    <Cell ss:StyleID="s23"/>
   </Row>
   <Row>
    <Cell ss:StyleID="s23"/>
    <Cell ss:StyleID="s23"/>
    <Cell ss:StyleID="s23"/>
    <Cell ss:StyleID="s23"/>
    <Cell ss:StyleID="s23"/>
   </Row>
   <Row>
    <Cell ss:StyleID="s23"/>
    <Cell ss:StyleID="s23"/>
    <Cell ss:StyleID="s23"/>
    <Cell ss:StyleID="s23"/>
    <Cell ss:StyleID="s23"/>
   </Row>
   <Row>
    <Cell ss:StyleID="s23"/>
    <Cell ss:StyleID="s23"/>
    <Cell ss:StyleID="s23"/>
    <Cell ss:StyleID="s23"/>
    <Cell ss:StyleID="s23"/>
   </Row>
   <Row>
    <Cell ss:StyleID="s23"/>
    <Cell ss:StyleID="s23"/>
    <Cell ss:StyleID="s23"/>
    <Cell ss:StyleID="s23"/>
    <Cell ss:StyleID="s23"/>
   </Row>
   <Row>
    <Cell ss:StyleID="s23"/>
    <Cell ss:StyleID="s23"/>
    <Cell ss:StyleID="s23"/>
    <Cell ss:StyleID="s23"/>
    <Cell ss:StyleID="s23"/>
   </Row>
   <Row>
    <Cell ss:StyleID="s23"/>
    <Cell ss:StyleID="s23"/>
    <Cell ss:StyleID="s23"/>
    <Cell ss:StyleID="s23"/>
    <Cell ss:StyleID="s23"/>
   </Row>
   <Row>
    <Cell ss:StyleID="s23"/>
    <Cell ss:StyleID="s23"/>
    <Cell ss:StyleID="s23"/>
    <Cell ss:StyleID="s23"/>
    <Cell ss:StyleID="s23"/>
   </Row>
   <Row>
    <Cell ss:StyleID="s23"/>
    <Cell ss:StyleID="s23"/>
    <Cell ss:StyleID="s23"/>
    <Cell ss:StyleID="s23"/>
    <Cell ss:StyleID="s23"/>
   </Row>
   <Row>
    <Cell ss:StyleID="s23"/>
    <Cell ss:StyleID="s23"/>
    <Cell ss:StyleID="s23"/>
    <Cell ss:StyleID="s23"/>
    <Cell ss:StyleID="s23"/>
   </Row>
   <Row>
    <Cell ss:StyleID="s23"/>
    <Cell ss:StyleID="s23"/>
    <Cell ss:StyleID="s23"/>
    <Cell ss:StyleID="s23"/>
    <Cell ss:StyleID="s23"/>
   </Row>
   <Row>
    <Cell ss:StyleID="s23"/>
    <Cell ss:StyleID="s23"/>
    <Cell ss:StyleID="s23"/>
    <Cell ss:StyleID="s23"/>
    <Cell ss:StyleID="s23"/>
   </Row>
   <Row>
    <Cell ss:StyleID="s23"/>
    <Cell ss:StyleID="s23"/>
    <Cell ss:StyleID="s23"/>
    <Cell ss:StyleID="s23"/>
    <Cell ss:StyleID="s23"/>
   </Row>
   <Row>
    <Cell ss:StyleID="s23"/>
    <Cell ss:StyleID="s23"/>
    <Cell ss:StyleID="s23"/>
    <Cell ss:StyleID="s23"/>
    <Cell ss:StyleID="s23"/>
   </Row>
   <Row>
    <Cell ss:StyleID="s23"/>
    <Cell ss:StyleID="s23"/>
    <Cell ss:StyleID="s23"/>
    <Cell ss:StyleID="s23"/>
    <Cell ss:StyleID="s23"/>
   </Row>
   <Row>
    <Cell ss:StyleID="s23"/>
    <Cell ss:StyleID="s23"/>
    <Cell ss:StyleID="s23"/>
    <Cell ss:StyleID="s23"/>
    <Cell ss:StyleID="s23"/>
   </Row>
   <Row>
    <Cell ss:StyleID="s23"/>
    <Cell ss:StyleID="s23"/>
    <Cell ss:StyleID="s23"/>
    <Cell ss:StyleID="s23"/>
    <Cell ss:StyleID="s23"/>
   </Row>
   <Row>
    <Cell ss:StyleID="s23"/>
    <Cell ss:StyleID="s23"/>
    <Cell ss:StyleID="s23"/>
    <Cell ss:StyleID="s23"/>
    <Cell ss:StyleID="s23"/>
   </Row>
   <Row>
    <Cell ss:StyleID="s23"/>
    <Cell ss:StyleID="s23"/>
    <Cell ss:StyleID="s23"/>
    <Cell ss:StyleID="s23"/>
    <Cell ss:StyleID="s23"/>
   </Row>
   <Row>
    <Cell ss:StyleID="s23"/>
    <Cell ss:StyleID="s23"/>
    <Cell ss:StyleID="s23"/>
    <Cell ss:StyleID="s23"/>
    <Cell ss:StyleID="s23"/>
   </Row>
   <Row>
    <Cell ss:StyleID="s23"/>
    <Cell ss:StyleID="s23"/>
    <Cell ss:StyleID="s23"/>
    <Cell ss:StyleID="s23"/>
    <Cell ss:StyleID="s23"/>
   </Row>
   <Row>
    <Cell ss:StyleID="s23"/>
    <Cell ss:StyleID="s23"/>
    <Cell ss:StyleID="s23"/>
    <Cell ss:StyleID="s23"/>
    <Cell ss:StyleID="s23"/>
   </Row>
   <Row>
    <Cell ss:StyleID="s23"/>
    <Cell ss:StyleID="s23"/>
    <Cell ss:StyleID="s23"/>
    <Cell ss:StyleID="s23"/>
    <Cell ss:StyleID="s23"/>
   </Row>
   <Row>
    <Cell ss:StyleID="s23"/>
    <Cell ss:StyleID="s23"/>
    <Cell ss:StyleID="s23"/>
    <Cell ss:StyleID="s23"/>
    <Cell ss:StyleID="s23"/>
   </Row>
   <Row>
    <Cell ss:StyleID="s23"/>
    <Cell ss:StyleID="s23"/>
    <Cell ss:StyleID="s23"/>
    <Cell ss:StyleID="s23"/>
    <Cell ss:StyleID="s23"/>
   </Row>
   <Row>
    <Cell ss:StyleID="s23"/>
    <Cell ss:StyleID="s23"/>
    <Cell ss:StyleID="s23"/>
    <Cell ss:StyleID="s23"/>
    <Cell ss:StyleID="s23"/>
   </Row>
   <Row>
    <Cell ss:StyleID="s23"/>
    <Cell ss:StyleID="s23"/>
    <Cell ss:StyleID="s23"/>
    <Cell ss:StyleID="s23"/>
    <Cell ss:StyleID="s23"/>
   </Row>
   <Row>
    <Cell ss:StyleID="s23"/>
    <Cell ss:StyleID="s23"/>
    <Cell ss:StyleID="s23"/>
    <Cell ss:StyleID="s23"/>
    <Cell ss:StyleID="s23"/>
   </Row>
   <Row>
    <Cell ss:StyleID="s23"/>
    <Cell ss:StyleID="s23"/>
    <Cell ss:StyleID="s23"/>
    <Cell ss:StyleID="s23"/>
    <Cell ss:StyleID="s23"/>
   </Row>
   <Row>
    <Cell ss:StyleID="s23"/>
    <Cell ss:StyleID="s23"/>
    <Cell ss:StyleID="s23"/>
    <Cell ss:StyleID="s23"/>
    <Cell ss:StyleID="s23"/>
   </Row>
   <Row>
    <Cell ss:StyleID="s23"/>
    <Cell ss:StyleID="s23"/>
    <Cell ss:StyleID="s23"/>
    <Cell ss:StyleID="s23"/>
    <Cell ss:StyleID="s23"/>
   </Row>
   <Row>
    <Cell ss:StyleID="s23"/>
    <Cell ss:StyleID="s23"/>
    <Cell ss:StyleID="s23"/>
    <Cell ss:StyleID="s23"/>
    <Cell ss:StyleID="s23"/>
   </Row>
   <Row>
    <Cell ss:StyleID="s23"/>
    <Cell ss:StyleID="s23"/>
    <Cell ss:StyleID="s23"/>
    <Cell ss:StyleID="s23"/>
    <Cell ss:StyleID="s23"/>
   </Row>
   <Row>
    <Cell ss:StyleID="s23"/>
    <Cell ss:StyleID="s23"/>
    <Cell ss:StyleID="s23"/>
    <Cell ss:StyleID="s23"/>
    <Cell ss:StyleID="s23"/>
   </Row>
   <Row>
    <Cell ss:StyleID="s23"/>
    <Cell ss:StyleID="s23"/>
    <Cell ss:StyleID="s23"/>
    <Cell ss:StyleID="s23"/>
    <Cell ss:StyleID="s23"/>
   </Row>
   <Row>
    <Cell ss:StyleID="s23"/>
    <Cell ss:StyleID="s23"/>
    <Cell ss:StyleID="s23"/>
    <Cell ss:StyleID="s23"/>
    <Cell ss:StyleID="s23"/>
   </Row>
   <Row>
    <Cell ss:StyleID="s23"/>
    <Cell ss:StyleID="s23"/>
    <Cell ss:StyleID="s23"/>
    <Cell ss:StyleID="s23"/>
    <Cell ss:StyleID="s23"/>
   </Row>
   <Row>
    <Cell ss:StyleID="s23"/>
    <Cell ss:StyleID="s23"/>
    <Cell ss:StyleID="s23"/>
    <Cell ss:StyleID="s23"/>
    <Cell ss:StyleID="s23"/>
   </Row>
   <Row>
    <Cell ss:StyleID="s23"/>
    <Cell ss:StyleID="s23"/>
    <Cell ss:StyleID="s23"/>
    <Cell ss:StyleID="s23"/>
    <Cell ss:StyleID="s23"/>
   </Row>
   <Row>
    <Cell ss:StyleID="s23"/>
    <Cell ss:StyleID="s23"/>
    <Cell ss:StyleID="s23"/>
    <Cell ss:StyleID="s23"/>
    <Cell ss:StyleID="s23"/>
   </Row>
   <Row>
    <Cell ss:StyleID="s23"/>
    <Cell ss:StyleID="s23"/>
    <Cell ss:StyleID="s23"/>
    <Cell ss:StyleID="s23"/>
    <Cell ss:StyleID="s23"/>
   </Row>
   <Row>
    <Cell ss:StyleID="s23"/>
    <Cell ss:StyleID="s23"/>
    <Cell ss:StyleID="s23"/>
    <Cell ss:StyleID="s23"/>
    <Cell ss:StyleID="s23"/>
   </Row>
   <Row>
    <Cell ss:StyleID="s23"/>
    <Cell ss:StyleID="s23"/>
    <Cell ss:StyleID="s23"/>
    <Cell ss:StyleID="s23"/>
    <Cell ss:StyleID="s23"/>
   </Row>
   <Row>
    <Cell ss:StyleID="s23"/>
    <Cell ss:StyleID="s23"/>
    <Cell ss:StyleID="s23"/>
    <Cell ss:StyleID="s23"/>
    <Cell ss:StyleID="s23"/>
   </Row>
   <Row>
    <Cell ss:StyleID="s23"/>
    <Cell ss:StyleID="s23"/>
    <Cell ss:StyleID="s23"/>
    <Cell ss:StyleID="s23"/>
    <Cell ss:StyleID="s23"/>
   </Row>
   <Row>
    <Cell ss:StyleID="s23"/>
    <Cell ss:StyleID="s23"/>
    <Cell ss:StyleID="s23"/>
    <Cell ss:StyleID="s23"/>
    <Cell ss:StyleID="s23"/>
   </Row>
   <Row>
    <Cell ss:StyleID="s23"/>
    <Cell ss:StyleID="s23"/>
    <Cell ss:StyleID="s23"/>
    <Cell ss:StyleID="s23"/>
    <Cell ss:StyleID="s23"/>
   </Row>
   <Row>
    <Cell ss:StyleID="s23"/>
    <Cell ss:StyleID="s23"/>
    <Cell ss:StyleID="s23"/>
    <Cell ss:StyleID="s23"/>
    <Cell ss:StyleID="s23"/>
   </Row>
   <Row>
    <Cell ss:StyleID="s23"/>
    <Cell ss:StyleID="s23"/>
    <Cell ss:StyleID="s23"/>
    <Cell ss:StyleID="s23"/>
    <Cell ss:StyleID="s23"/>
   </Row>
   <Row>
    <Cell ss:StyleID="s23"/>
    <Cell ss:StyleID="s23"/>
    <Cell ss:StyleID="s23"/>
    <Cell ss:StyleID="s23"/>
    <Cell ss:StyleID="s23"/>
   </Row>
   <Row>
    <Cell ss:StyleID="s23"/>
    <Cell ss:StyleID="s23"/>
    <Cell ss:StyleID="s23"/>
    <Cell ss:StyleID="s23"/>
    <Cell ss:StyleID="s23"/>
   </Row>
   <Row>
    <Cell ss:StyleID="s23"/>
    <Cell ss:StyleID="s23"/>
    <Cell ss:StyleID="s23"/>
    <Cell ss:StyleID="s23"/>
    <Cell ss:StyleID="s23"/>
   </Row>
   <Row>
    <Cell ss:StyleID="s23"/>
    <Cell ss:StyleID="s23"/>
    <Cell ss:StyleID="s23"/>
    <Cell ss:StyleID="s23"/>
    <Cell ss:StyleID="s23"/>
   </Row>
   <Row>
    <Cell ss:StyleID="s23"/>
    <Cell ss:StyleID="s23"/>
    <Cell ss:StyleID="s23"/>
    <Cell ss:StyleID="s23"/>
    <Cell ss:StyleID="s23"/>
   </Row>
   <Row>
    <Cell ss:StyleID="s23"/>
    <Cell ss:StyleID="s23"/>
    <Cell ss:StyleID="s23"/>
    <Cell ss:StyleID="s23"/>
    <Cell ss:StyleID="s23"/>
   </Row>
   <Row>
    <Cell ss:StyleID="s23"/>
    <Cell ss:StyleID="s23"/>
    <Cell ss:StyleID="s23"/>
    <Cell ss:StyleID="s23"/>
    <Cell ss:StyleID="s23"/>
   </Row>
   <Row>
    <Cell ss:StyleID="s23"/>
    <Cell ss:StyleID="s23"/>
    <Cell ss:StyleID="s23"/>
    <Cell ss:StyleID="s23"/>
    <Cell ss:StyleID="s23"/>
   </Row>
   <Row>
    <Cell ss:StyleID="s23"/>
    <Cell ss:StyleID="s23"/>
    <Cell ss:StyleID="s23"/>
    <Cell ss:StyleID="s23"/>
    <Cell ss:StyleID="s23"/>
   </Row>
   <Row>
    <Cell ss:StyleID="s23"/>
    <Cell ss:StyleID="s23"/>
    <Cell ss:StyleID="s23"/>
    <Cell ss:StyleID="s23"/>
    <Cell ss:StyleID="s23"/>
   </Row>
   <Row>
    <Cell ss:StyleID="s23"/>
    <Cell ss:StyleID="s23"/>
    <Cell ss:StyleID="s23"/>
    <Cell ss:StyleID="s23"/>
    <Cell ss:StyleID="s23"/>
   </Row>
   <Row>
    <Cell ss:StyleID="s23"/>
    <Cell ss:StyleID="s23"/>
    <Cell ss:StyleID="s23"/>
    <Cell ss:StyleID="s23"/>
    <Cell ss:StyleID="s23"/>
   </Row>
   <Row>
    <Cell ss:StyleID="s23"/>
    <Cell ss:StyleID="s23"/>
    <Cell ss:StyleID="s23"/>
    <Cell ss:StyleID="s23"/>
    <Cell ss:StyleID="s23"/>
   </Row>
   <Row>
    <Cell ss:StyleID="s23"/>
    <Cell ss:StyleID="s23"/>
    <Cell ss:StyleID="s23"/>
    <Cell ss:StyleID="s23"/>
    <Cell ss:StyleID="s23"/>
   </Row>
   <Row>
    <Cell ss:StyleID="s23"/>
    <Cell ss:StyleID="s23"/>
    <Cell ss:StyleID="s23"/>
    <Cell ss:StyleID="s23"/>
    <Cell ss:StyleID="s23"/>
   </Row>
   <Row>
    <Cell ss:StyleID="s23"/>
    <Cell ss:StyleID="s23"/>
    <Cell ss:StyleID="s23"/>
    <Cell ss:StyleID="s23"/>
    <Cell ss:StyleID="s23"/>
   </Row>
   <Row>
    <Cell ss:StyleID="s23"/>
    <Cell ss:StyleID="s23"/>
    <Cell ss:StyleID="s23"/>
    <Cell ss:StyleID="s23"/>
    <Cell ss:StyleID="s23"/>
   </Row>
   <Row>
    <Cell ss:StyleID="s23"/>
    <Cell ss:StyleID="s23"/>
    <Cell ss:StyleID="s23"/>
    <Cell ss:StyleID="s23"/>
    <Cell ss:StyleID="s23"/>
   </Row>
   <Row>
    <Cell ss:StyleID="s23"/>
    <Cell ss:StyleID="s23"/>
    <Cell ss:StyleID="s23"/>
    <Cell ss:StyleID="s23"/>
    <Cell ss:StyleID="s23"/>
   </Row>
   <Row>
    <Cell ss:StyleID="s23"/>
    <Cell ss:StyleID="s23"/>
    <Cell ss:StyleID="s23"/>
    <Cell ss:StyleID="s23"/>
    <Cell ss:StyleID="s23"/>
   </Row>
   <Row>
    <Cell ss:StyleID="s23"/>
    <Cell ss:StyleID="s23"/>
    <Cell ss:StyleID="s23"/>
    <Cell ss:StyleID="s23"/>
    <Cell ss:StyleID="s23"/>
   </Row>
   <Row>
    <Cell ss:StyleID="s23"/>
    <Cell ss:StyleID="s23"/>
    <Cell ss:StyleID="s23"/>
    <Cell ss:StyleID="s23"/>
    <Cell ss:StyleID="s23"/>
   </Row>
   <Row>
    <Cell ss:StyleID="s23"/>
    <Cell ss:StyleID="s23"/>
    <Cell ss:StyleID="s23"/>
    <Cell ss:StyleID="s23"/>
    <Cell ss:StyleID="s23"/>
   </Row>
   <Row>
    <Cell ss:StyleID="s23"/>
    <Cell ss:StyleID="s23"/>
    <Cell ss:StyleID="s23"/>
    <Cell ss:StyleID="s23"/>
    <Cell ss:StyleID="s23"/>
   </Row>
   <Row>
    <Cell ss:StyleID="s23"/>
    <Cell ss:StyleID="s23"/>
    <Cell ss:StyleID="s23"/>
    <Cell ss:StyleID="s23"/>
    <Cell ss:StyleID="s23"/>
   </Row>
   <Row>
    <Cell ss:StyleID="s23"/>
    <Cell ss:StyleID="s23"/>
    <Cell ss:StyleID="s23"/>
    <Cell ss:StyleID="s23"/>
    <Cell ss:StyleID="s23"/>
   </Row>
   <Row>
    <Cell ss:StyleID="s23"/>
    <Cell ss:StyleID="s23"/>
    <Cell ss:StyleID="s23"/>
    <Cell ss:StyleID="s23"/>
    <Cell ss:StyleID="s23"/>
   </Row>
   <Row>
    <Cell ss:StyleID="s23"/>
    <Cell ss:StyleID="s23"/>
    <Cell ss:StyleID="s23"/>
    <Cell ss:StyleID="s23"/>
    <Cell ss:StyleID="s23"/>
   </Row>
   <Row>
    <Cell ss:StyleID="s23"/>
    <Cell ss:StyleID="s23"/>
    <Cell ss:StyleID="s23"/>
    <Cell ss:StyleID="s23"/>
    <Cell ss:StyleID="s23"/>
   </Row>
  </Table>
  <WorksheetOptions xmlns="urn:schemas-microsoft-com:office:excel">
   <PageSetup>
    <Header x:Margin="0.19685039370078741" x:Data="&amp;R- &amp;P -"/>
    <Footer x:Margin="0.51181102362204722"/>
    <PageMargins x:Bottom="0.98425196850393704" x:Left="0.78740157480314965"
     x:Right="0.78740157480314965" x:Top="0.39370078740157483"/>
   </PageSetup>
   <Print>
    <ValidPrinterInfo/>
    <PaperSizeIndex>9</PaperSizeIndex>
    <Scale>85</Scale>
    <HorizontalResolution>600</HorizontalResolution>
    <VerticalResolution>600</VerticalResolution>
   </Print>
   <TopRowVisible>9</TopRowVisible>
   <Panes>
    <Pane>
     <Number>3</Number>
     <ActiveRow>11</ActiveRow>
     <ActiveCol>2</ActiveCol>
    </Pane>
   </Panes>
   <ProtectObjects>False</ProtectObjects>
   <ProtectScenarios>False</ProtectScenarios>
  </WorksheetOptions>
 </Worksheet>
 <Worksheet ss:Name="hidden1">
  <Table ss:ExpandedColumnCount="3" ss:ExpandedRowCount="10" x:FullColumns="1"
   x:FullRows="1">
   <Row>
    <Cell><Data ss:Type="Number">897594906</Data></Cell>
    <Cell><Data ss:Type="Number">634501928</Data></Cell>
    <Cell><Data ss:Type="Number">263092978</Data></Cell>
   </Row>
   <Row>
    <Cell><Data ss:Type="Number">108344951</Data></Cell>
    <Cell><Data ss:Type="Number">77803693</Data></Cell>
    <Cell><Data ss:Type="Number">30541258</Data></Cell>
   </Row>
   <Row>
    <Cell><Data ss:Type="Number">70107212</Data></Cell>
    <Cell><Data ss:Type="Number">49740771</Data></Cell>
    <Cell><Data ss:Type="Number">20366441</Data></Cell>
   </Row>
   <Row>
    <Cell><Data ss:Type="Number">53856900</Data></Cell>
    <Cell><Data ss:Type="Number">38070595</Data></Cell>
    <Cell><Data ss:Type="Number">15786305</Data></Cell>
   </Row>
   <Row>
    <Cell><Data ss:Type="Number">16250312</Data></Cell>
    <Cell><Data ss:Type="Number">11670176</Data></Cell>
    <Cell><Data ss:Type="Number">4580136</Data></Cell>
   </Row>
   <Row>
    <Cell><Data ss:Type="Number">54847168</Data></Cell>
    <Cell><Data ss:Type="Number">36333354</Data></Cell>
    <Cell><Data ss:Type="Number">18513814</Data></Cell>
   </Row>
   <Row>
    <Cell><Data ss:Type="Number">40098393</Data></Cell>
    <Cell><Data ss:Type="Number">25753136</Data></Cell>
    <Cell><Data ss:Type="Number">14345257</Data></Cell>
   </Row>
   <Row>
    <Cell><Data ss:Type="Number">14748775</Data></Cell>
    <Cell><Data ss:Type="Number">10580218</Data></Cell>
    <Cell><Data ss:Type="Number">4168557</Data></Cell>
   </Row>
   <Row>
    <Cell><Data ss:Type="Number">4278576</Data></Cell>
    <Cell><Data ss:Type="Number">3502144</Data></Cell>
    <Cell><Data ss:Type="Number">776432</Data></Cell>
   </Row>
   <Row>
    <Cell><Data ss:Type="Number">1260127193</Data></Cell>
    <Cell><Data ss:Type="Number">887956015</Data></Cell>
    <Cell><Data ss:Type="Number">372171178</Data></Cell>
   </Row>
  </Table>
  <WorksheetOptions xmlns="urn:schemas-microsoft-com:office:excel">
   <Visible>SheetHidden</Visible>
   <ProtectObjects>False</ProtectObjects>
   <ProtectScenarios>False</ProtectScenarios>
  </WorksheetOptions>
 </Worksheet>
 <Worksheet ss:Name="hidden2">
  <Table ss:ExpandedColumnCount="1" ss:ExpandedRowCount="6" x:FullColumns="1"
   x:FullRows="1">
   <Column ss:AutoFitWidth="0" ss:Width="150.75"/>
   <Row>
    <Cell><Data ss:Type="Number">13955392</Data></Cell>
   </Row>
   <Row>
    <Cell><Data ss:Type="Number">12478981</Data></Cell>
   </Row>
   <Row>
    <Cell><Data ss:Type="Number">1476411</Data></Cell>
   </Row>
   <Row>
    <Cell><Data ss:Type="Number">1107443664</Data></Cell>
   </Row>
   <Row>
    <Cell><Data ss:Type="Number">823240882</Data></Cell>
   </Row>
   <Row>
    <Cell><Data ss:Type="Number">284202782</Data></Cell>
   </Row>
  </Table>
  <WorksheetOptions xmlns="urn:schemas-microsoft-com:office:excel">
   <Visible>SheetHidden</Visible>
   <ProtectObjects>False</ProtectObjects>
   <ProtectScenarios>False</ProtectScenarios>
  </WorksheetOptions>
 </Worksheet>
</Workbook>
