<?xml version="1.0"?>
<?mso-application progid="Excel.Sheet"?>
<Workbook xmlns="urn:schemas-microsoft-com:office:spreadsheet"
 xmlns:o="urn:schemas-microsoft-com:office:office"
 xmlns:x="urn:schemas-microsoft-com:office:excel"
 xmlns:ss="urn:schemas-microsoft-com:office:spreadsheet"
 xmlns:html="http://www.w3.org/TR/REC-html40">
 <DocumentProperties xmlns="urn:schemas-microsoft-com:office:office">
  <Author>Microsoft Corporation</Author>
  <LastAuthor>balmaster</LastAuthor>
  <LastPrinted>2009-06-29T13:02:51Z</LastPrinted>
  <Created>1996-10-08T23:32:33Z</Created>
  <LastSaved>2010-03-22T07:15:35Z</LastSaved>
  <Version>12.00</Version>
 </DocumentProperties>
 <ExcelWorkbook xmlns="urn:schemas-microsoft-com:office:excel">
  <WindowHeight>7320</WindowHeight>
  <WindowWidth>9720</WindowWidth>
  <WindowTopX>120</WindowTopX>
  <WindowTopY>120</WindowTopY>
  <ActiveSheet>1</ActiveSheet>
  <ProtectStructure>False</ProtectStructure>
  <ProtectWindows>False</ProtectWindows>
 </ExcelWorkbook>
 <Styles>
  <Style ss:ID="Default" ss:Name="Normal">
   <Alignment ss:Vertical="Bottom"/>
   <Borders/>
   <Font ss:FontName="Arial"/>
   <Interior/>
   <NumberFormat/>
   <Protection/>
  </Style>
  <Style ss:ID="s19" ss:Name="Обычный_5-УСН по итогам 2007">
   <Alignment ss:Vertical="Bottom"/>
   <Borders/>
   <Font ss:FontName="Arial Cyr" x:CharSet="204"/>
   <Interior/>
   <NumberFormat/>
   <Protection/>
  </Style>
  <Style ss:ID="m37738952" ss:Parent="s19">
   <Alignment ss:Horizontal="Center" ss:Vertical="Center" ss:WrapText="1"/>
   <Borders>
    <Border ss:Position="Left" ss:LineStyle="Continuous" ss:Weight="1"/>
    <Border ss:Position="Top" ss:LineStyle="Continuous" ss:Weight="1"/>
   </Borders>
   <Font ss:FontName="Arial" x:CharSet="204" x:Family="Swiss" ss:Size="12"/>
  </Style>
  <Style ss:ID="m37738972" ss:Parent="s19">
   <Alignment ss:Horizontal="Center" ss:Vertical="Center" ss:WrapText="1"/>
   <Borders>
    <Border ss:Position="Left" ss:LineStyle="Continuous" ss:Weight="1"/>
    <Border ss:Position="Right" ss:LineStyle="Continuous" ss:Weight="1"/>
    <Border ss:Position="Top" ss:LineStyle="Continuous" ss:Weight="1"/>
   </Borders>
   <Font ss:FontName="Arial" x:CharSet="204" x:Family="Swiss" ss:Size="12"/>
  </Style>
  <Style ss:ID="m37738992" ss:Parent="s19">
   <Alignment ss:Horizontal="Center" ss:Vertical="Center" ss:WrapText="1"/>
   <Borders>
    <Border ss:Position="Bottom" ss:LineStyle="Continuous" ss:Weight="1"/>
    <Border ss:Position="Left" ss:LineStyle="Continuous" ss:Weight="1"/>
    <Border ss:Position="Right" ss:LineStyle="Continuous" ss:Weight="1"/>
    <Border ss:Position="Top" ss:LineStyle="Continuous" ss:Weight="1"/>
   </Borders>
   <Font ss:FontName="Arial" x:CharSet="204" x:Family="Swiss" ss:Size="12"/>
  </Style>
  <Style ss:ID="m37739012" ss:Parent="s19">
   <Alignment ss:Horizontal="Center" ss:Vertical="Center" ss:WrapText="1"/>
   <Borders>
    <Border ss:Position="Bottom" ss:LineStyle="Continuous" ss:Weight="1"/>
    <Border ss:Position="Left" ss:LineStyle="Continuous" ss:Weight="1"/>
    <Border ss:Position="Right" ss:LineStyle="Continuous" ss:Weight="1"/>
    <Border ss:Position="Top" ss:LineStyle="Continuous" ss:Weight="1"/>
   </Borders>
   <Font ss:FontName="Arial" x:CharSet="204" x:Family="Swiss" ss:Size="12"/>
  </Style>
  <Style ss:ID="s24" ss:Parent="s19">
   <Font ss:FontName="Arial" x:CharSet="204" x:Family="Swiss"/>
  </Style>
  <Style ss:ID="s25" ss:Parent="s19">
   <Alignment ss:Horizontal="Right" ss:Vertical="Bottom"/>
   <Font ss:FontName="Arial" x:CharSet="204" x:Family="Swiss"/>
  </Style>
  <Style ss:ID="s26" ss:Parent="s19">
   <Alignment ss:Horizontal="Left" ss:Vertical="Center"/>
   <Font ss:FontName="Arial" x:CharSet="204" x:Family="Swiss" ss:Size="12"
    ss:Bold="1"/>
  </Style>
  <Style ss:ID="s27" ss:Parent="s19">
   <Alignment ss:Horizontal="Center" ss:Vertical="Center"/>
   <Font ss:FontName="Arial" x:CharSet="204" x:Family="Swiss" ss:Size="12"/>
  </Style>
  <Style ss:ID="s28" ss:Parent="s19">
   <Font ss:FontName="Arial" x:CharSet="204" x:Family="Swiss" ss:Size="12"/>
  </Style>
  <Style ss:ID="s29" ss:Parent="s19">
   <Alignment ss:Horizontal="Center" ss:Vertical="Center" ss:WrapText="1"/>
   <Borders>
    <Border ss:Position="Bottom" ss:LineStyle="Continuous" ss:Weight="1"/>
    <Border ss:Position="Left" ss:LineStyle="Continuous" ss:Weight="1"/>
    <Border ss:Position="Top" ss:LineStyle="Continuous" ss:Weight="1"/>
   </Borders>
   <Font ss:FontName="Arial" x:CharSet="204" x:Family="Swiss" ss:Size="12"/>
  </Style>
  <Style ss:ID="s30" ss:Parent="s19">
   <Alignment ss:Horizontal="Center" ss:Vertical="Center" ss:WrapText="1"/>
   <Borders>
    <Border ss:Position="Bottom" ss:LineStyle="Continuous" ss:Weight="1"/>
    <Border ss:Position="Left" ss:LineStyle="Continuous" ss:Weight="1"/>
    <Border ss:Position="Right" ss:LineStyle="Continuous" ss:Weight="1"/>
    <Border ss:Position="Top" ss:LineStyle="Continuous" ss:Weight="1"/>
   </Borders>
   <Font ss:FontName="Arial" x:CharSet="204" x:Family="Swiss" ss:Size="12"/>
  </Style>
  <Style ss:ID="s31" ss:Parent="s19">
   <Alignment ss:Horizontal="Justify" ss:Vertical="Center" ss:WrapText="1"/>
   <Borders>
    <Border ss:Position="Bottom" ss:LineStyle="Continuous" ss:Weight="1"/>
    <Border ss:Position="Left" ss:LineStyle="Continuous" ss:Weight="1"/>
    <Border ss:Position="Right" ss:LineStyle="Continuous" ss:Weight="1"/>
    <Border ss:Position="Top" ss:LineStyle="Continuous" ss:Weight="1"/>
   </Borders>
   <Font ss:FontName="Arial" x:CharSet="204" x:Family="Swiss" ss:Size="12"/>
  </Style>
  <Style ss:ID="s32" ss:Parent="s19">
   <Alignment ss:Horizontal="Left" ss:Vertical="Center" ss:Indent="1"
    ss:WrapText="1"/>
   <Borders>
    <Border ss:Position="Bottom" ss:LineStyle="Continuous" ss:Weight="1"/>
    <Border ss:Position="Left" ss:LineStyle="Continuous" ss:Weight="1"/>
    <Border ss:Position="Right" ss:LineStyle="Continuous" ss:Weight="1"/>
    <Border ss:Position="Top" ss:LineStyle="Continuous" ss:Weight="1"/>
   </Borders>
   <Font ss:FontName="Arial" x:CharSet="204" x:Family="Swiss" ss:Size="12"/>
  </Style>
  <Style ss:ID="s33" ss:Parent="s19">
   <Alignment ss:Horizontal="Left" ss:Vertical="Center" ss:Indent="1"
    ss:WrapText="1"/>
   <Borders>
    <Border ss:Position="Bottom" ss:LineStyle="Continuous" ss:Weight="1"/>
    <Border ss:Position="Left" ss:LineStyle="Continuous" ss:Weight="1"/>
    <Border ss:Position="Right" ss:LineStyle="Continuous" ss:Weight="1"/>
    <Border ss:Position="Top" ss:LineStyle="Continuous" ss:Weight="1"/>
   </Borders>
   <Font ss:FontName="Arial" x:CharSet="204" x:Family="Swiss" ss:Size="12"
    ss:Bold="1"/>
  </Style>
  <Style ss:ID="s34" ss:Parent="s19">
   <Alignment ss:Horizontal="Left" ss:Vertical="Center" ss:WrapText="1"/>
   <Borders>
    <Border ss:Position="Bottom" ss:LineStyle="Continuous" ss:Weight="1"/>
    <Border ss:Position="Left" ss:LineStyle="Continuous" ss:Weight="1"/>
    <Border ss:Position="Right" ss:LineStyle="Continuous" ss:Weight="1"/>
    <Border ss:Position="Top" ss:LineStyle="Continuous" ss:Weight="1"/>
   </Borders>
   <Font ss:FontName="Arial" x:CharSet="204" x:Family="Swiss" ss:Size="12"/>
  </Style>
  <Style ss:ID="s35" ss:Parent="s19">
   <Alignment ss:Horizontal="Justify" ss:Vertical="Center" ss:WrapText="1"/>
   <Borders/>
   <Font ss:FontName="Arial" x:CharSet="204" x:Family="Swiss" ss:Size="11"/>
  </Style>
  <Style ss:ID="s36" ss:Parent="s19">
   <Alignment ss:Horizontal="Center" ss:Vertical="Center" ss:WrapText="1"/>
   <Borders/>
   <Font ss:FontName="Arial" x:CharSet="204" x:Family="Swiss" ss:Size="11"/>
  </Style>
  <Style ss:ID="s37" ss:Parent="s19">
   <Alignment ss:Horizontal="Left" ss:Vertical="Center"/>
   <Font ss:FontName="Arial" x:CharSet="204" x:Family="Swiss" ss:Size="12"/>
  </Style>
  <Style ss:ID="s38" ss:Parent="s19">
   <Borders>
    <Border ss:Position="Bottom" ss:LineStyle="Continuous" ss:Weight="1"/>
    <Border ss:Position="Left" ss:LineStyle="Continuous" ss:Weight="1"/>
    <Border ss:Position="Right" ss:LineStyle="Continuous" ss:Weight="1"/>
    <Border ss:Position="Top" ss:LineStyle="Continuous" ss:Weight="1"/>
   </Borders>
   <Font ss:FontName="Arial" x:CharSet="204" x:Family="Swiss" ss:Size="12"/>
  </Style>
  <Style ss:ID="s39" ss:Parent="s19">
   <Alignment ss:Horizontal="Center" ss:Vertical="Bottom"/>
   <Borders>
    <Border ss:Position="Bottom" ss:LineStyle="Continuous" ss:Weight="1"/>
    <Border ss:Position="Left" ss:LineStyle="Continuous" ss:Weight="1"/>
    <Border ss:Position="Right" ss:LineStyle="Continuous" ss:Weight="1"/>
    <Border ss:Position="Top" ss:LineStyle="Continuous" ss:Weight="1"/>
   </Borders>
   <Font ss:FontName="Arial" x:CharSet="204" x:Family="Swiss" ss:Size="12"/>
  </Style>
  <Style ss:ID="s40" ss:Parent="s19">
   <Borders>
    <Border ss:Position="Bottom" ss:LineStyle="Continuous" ss:Weight="1"/>
    <Border ss:Position="Left" ss:LineStyle="Continuous" ss:Weight="1"/>
    <Border ss:Position="Top" ss:LineStyle="Continuous" ss:Weight="1"/>
   </Borders>
   <Font ss:FontName="Arial" x:CharSet="204" x:Family="Swiss"/>
  </Style>
  <Style ss:ID="s41" ss:Parent="s19">
   <Alignment ss:Horizontal="Center" ss:Vertical="Bottom"/>
   <Borders>
    <Border ss:Position="Bottom" ss:LineStyle="Continuous" ss:Weight="1"/>
    <Border ss:Position="Left" ss:LineStyle="Continuous" ss:Weight="1"/>
    <Border ss:Position="Right" ss:LineStyle="Continuous" ss:Weight="1"/>
    <Border ss:Position="Top" ss:LineStyle="Continuous" ss:Weight="1"/>
   </Borders>
   <Font ss:FontName="Arial" x:CharSet="204" x:Family="Swiss"/>
  </Style>
  <Style ss:ID="s42" ss:Parent="s19">
   <Borders/>
   <Font ss:FontName="Arial" x:CharSet="204" x:Family="Swiss"/>
  </Style>
  <Style ss:ID="s43" ss:Parent="s19">
   <Alignment ss:Horizontal="Justify" ss:Vertical="Top" ss:WrapText="1"/>
   <Borders>
    <Border ss:Position="Left" ss:LineStyle="Continuous" ss:Weight="1"/>
    <Border ss:Position="Right" ss:LineStyle="Continuous" ss:Weight="1"/>
    <Border ss:Position="Top" ss:LineStyle="Continuous" ss:Weight="1"/>
   </Borders>
   <Font ss:FontName="Arial" x:CharSet="204" x:Family="Swiss" ss:Size="12"/>
  </Style>
  <Style ss:ID="s44" ss:Parent="s19">
   <Alignment ss:Vertical="Bottom" ss:WrapText="1"/>
   <Borders>
    <Border ss:Position="Left" ss:LineStyle="Continuous" ss:Weight="1"/>
    <Border ss:Position="Right" ss:LineStyle="Continuous" ss:Weight="1"/>
    <Border ss:Position="Top" ss:LineStyle="Continuous" ss:Weight="1"/>
   </Borders>
   <Font ss:FontName="Arial" x:CharSet="204" x:Family="Swiss" ss:Size="12"/>
  </Style>
  <Style ss:ID="s45" ss:Parent="s19">
   <Borders>
    <Border ss:Position="Bottom" ss:LineStyle="Continuous" ss:Weight="1"/>
    <Border ss:Position="Left" ss:LineStyle="Continuous" ss:Weight="1"/>
    <Border ss:Position="Top" ss:LineStyle="Continuous" ss:Weight="1"/>
   </Borders>
   <Font ss:FontName="Arial" x:CharSet="204" x:Family="Swiss" ss:Size="12"/>
  </Style>
  <Style ss:ID="s46" ss:Parent="s19">
   <Alignment ss:Horizontal="Justify" ss:Vertical="Top" ss:WrapText="1"/>
   <Borders>
    <Border ss:Position="Bottom" ss:LineStyle="Continuous" ss:Weight="1"/>
    <Border ss:Position="Left" ss:LineStyle="Continuous" ss:Weight="1"/>
   </Borders>
   <Font ss:FontName="Arial" x:CharSet="204" x:Family="Swiss" ss:Size="12"/>
  </Style>
  <Style ss:ID="s47" ss:Parent="s19">
   <Alignment ss:Vertical="Bottom" ss:WrapText="1"/>
   <Borders>
    <Border ss:Position="Left" ss:LineStyle="Continuous" ss:Weight="1"/>
    <Border ss:Position="Right" ss:LineStyle="Continuous" ss:Weight="1"/>
   </Borders>
   <Font ss:FontName="Arial" x:CharSet="204" x:Family="Swiss" ss:Size="12"/>
  </Style>
  <Style ss:ID="s48" ss:Parent="s19">
   <Borders/>
   <Font ss:FontName="Arial" x:CharSet="204" x:Family="Swiss" ss:Size="12"/>
  </Style>
  <Style ss:ID="s49" ss:Parent="s19">
   <Alignment ss:Horizontal="Center" ss:Vertical="Bottom" ss:WrapText="1"/>
   <Borders>
    <Border ss:Position="Bottom" ss:LineStyle="Continuous" ss:Weight="1"/>
    <Border ss:Position="Left" ss:LineStyle="Continuous" ss:Weight="1"/>
    <Border ss:Position="Right" ss:LineStyle="Continuous" ss:Weight="1"/>
    <Border ss:Position="Top" ss:LineStyle="Continuous" ss:Weight="1"/>
   </Borders>
   <Font ss:FontName="Arial" x:CharSet="204" x:Family="Swiss" ss:Size="12"/>
  </Style>
  <Style ss:ID="s50" ss:Parent="s19">
   <Alignment ss:Horizontal="Center" ss:Vertical="Bottom" ss:WrapText="1"/>
   <Borders>
    <Border ss:Position="Bottom" ss:LineStyle="Continuous" ss:Weight="1"/>
    <Border ss:Position="Left" ss:LineStyle="Continuous" ss:Weight="1"/>
    <Border ss:Position="Top" ss:LineStyle="Continuous" ss:Weight="1"/>
   </Borders>
   <Font ss:FontName="Arial" x:CharSet="204" x:Family="Swiss" ss:Size="12"/>
  </Style>
  <Style ss:ID="s51" ss:Parent="s19">
   <Alignment ss:Horizontal="Center" ss:Vertical="Bottom" ss:WrapText="1"/>
   <Borders>
    <Border ss:Position="Top" ss:LineStyle="Continuous" ss:Weight="1"/>
   </Borders>
   <Font ss:FontName="Arial" x:CharSet="204" x:Family="Swiss" ss:Size="12"/>
  </Style>
  <Style ss:ID="s53" ss:Parent="s19">
   <Alignment ss:Horizontal="Center" ss:Vertical="Center" ss:WrapText="1"/>
   <Font ss:FontName="Arial" x:CharSet="204" x:Family="Swiss" ss:Size="12"
    ss:Bold="1"/>
  </Style>
  <Style ss:ID="s54" ss:Parent="s19">
   <Alignment ss:Horizontal="Right" ss:Vertical="Bottom" ss:WrapText="1"/>
   <Borders>
    <Border ss:Position="Bottom" ss:LineStyle="Continuous" ss:Weight="1"/>
    <Border ss:Position="Left" ss:LineStyle="Continuous" ss:Weight="1"/>
    <Border ss:Position="Right" ss:LineStyle="Continuous" ss:Weight="1"/>
    <Border ss:Position="Top" ss:LineStyle="Continuous" ss:Weight="1"/>
   </Borders>
   <Font ss:FontName="Arial" x:CharSet="204" x:Family="Swiss" ss:Size="12"/>
   <NumberFormat ss:Format="#,##0"/>
  </Style>
  <Style ss:ID="s55" ss:Parent="s19">
   <Alignment ss:Horizontal="Right" ss:Vertical="Bottom"/>
   <Borders>
    <Border ss:Position="Bottom" ss:LineStyle="Continuous" ss:Weight="1"/>
    <Border ss:Position="Left" ss:LineStyle="Continuous" ss:Weight="1"/>
    <Border ss:Position="Right" ss:LineStyle="Continuous" ss:Weight="1"/>
    <Border ss:Position="Top" ss:LineStyle="Continuous" ss:Weight="1"/>
   </Borders>
   <Font ss:FontName="Arial" x:CharSet="204" x:Family="Swiss" ss:Size="12"/>
   <NumberFormat ss:Format="#,##0"/>
  </Style>
  <Style ss:ID="s56" ss:Parent="s19">
   <Font ss:FontName="Arial" x:CharSet="204" x:Family="Swiss" ss:Size="12"
    ss:Bold="1"/>
  </Style>
  <Style ss:ID="s57" ss:Parent="s19">
   <Alignment ss:Horizontal="Center" ss:Vertical="Bottom"/>
   <Borders>
    <Border ss:Position="Bottom" ss:LineStyle="Continuous" ss:Weight="1"/>
    <Border ss:Position="Left" ss:LineStyle="Continuous" ss:Weight="1"/>
    <Border ss:Position="Top" ss:LineStyle="Continuous" ss:Weight="1"/>
   </Borders>
   <Font ss:FontName="Arial" x:CharSet="204" x:Family="Swiss" ss:Size="12"/>
  </Style>
  <Style ss:ID="s58" ss:Parent="s19">
   <Alignment ss:Horizontal="Center" ss:Vertical="Bottom"/>
   <Borders>
    <Border ss:Position="Left" ss:LineStyle="Continuous" ss:Weight="1"/>
   </Borders>
   <Font ss:FontName="Arial" x:CharSet="204" x:Family="Swiss" ss:Size="12"/>
  </Style>
  <Style ss:ID="s59" ss:Parent="s19">
   <Alignment ss:Horizontal="Center" ss:Vertical="Bottom"/>
   <Borders>
    <Border ss:Position="Bottom" ss:LineStyle="Continuous" ss:Weight="1"/>
    <Border ss:Position="Left" ss:LineStyle="Continuous" ss:Weight="1"/>
    <Border ss:Position="Right" ss:LineStyle="Continuous" ss:Weight="1"/>
   </Borders>
   <Font ss:FontName="Arial" x:CharSet="204" x:Family="Swiss" ss:Size="12"/>
  </Style>
  <Style ss:ID="s71" ss:Parent="s19">
   <Alignment ss:Horizontal="Center" ss:Vertical="Center" ss:WrapText="1"/>
   <Borders>
    <Border ss:Position="Left" ss:LineStyle="Continuous" ss:Weight="1"/>
    <Border ss:Position="Right" ss:LineStyle="Continuous" ss:Weight="1"/>
    <Border ss:Position="Top" ss:LineStyle="Continuous" ss:Weight="1"/>
   </Borders>
   <Font ss:FontName="Arial" x:CharSet="204" x:Family="Swiss" ss:Size="12"/>
  </Style>
  <Style ss:ID="s80" ss:Parent="s19">
   <Alignment ss:Horizontal="Right" ss:Vertical="Bottom"/>
   <Font ss:FontName="Arial" x:CharSet="204" x:Family="Swiss" ss:Size="12"/>
  </Style>
 </Styles>
 <Worksheet ss:Name="5-УСН">
  <Names>
   <NamedRange ss:Name="Print_Area" ss:RefersTo="='5-УСН'!R1C1:R24C5"/>
  </Names>
  <Table ss:ExpandedColumnCount="5" ss:ExpandedRowCount="21" x:FullColumns="1"
   x:FullRows="1" ss:StyleID="s24">
   <Column ss:StyleID="s24" ss:AutoFitWidth="0" ss:Width="263.25"/>
   <Column ss:StyleID="s24" ss:Width="54.75"/>
   <Column ss:StyleID="s24" ss:AutoFitWidth="0" ss:Width="94.5"/>
   <Column ss:StyleID="s24" ss:AutoFitWidth="0" ss:Width="108.75"/>
   <Column ss:StyleID="s24" ss:AutoFitWidth="0" ss:Width="114.75"/>
   <Row>
    <Cell ss:Index="5" ss:StyleID="s25"><Data ss:Type="String">Форма 5-УСН</Data><NamedCell
      ss:Name="Print_Area"/></Cell>
   </Row>
   <Row ss:AutoFitHeight="0" ss:Height="66">
    <Cell ss:MergeAcross="4" ss:StyleID="s53"><Data ss:Type="String">Отчет&#10;о налоговой базе и структуре начислений по налогу, уплачиваемому в связи с применением упрощенной системы налогообложения&#10;по итогам 2008 года</Data><NamedCell
      ss:Name="Print_Area"/></Cell>
   </Row>
   <Row ss:AutoFitHeight="0" ss:Height="15">
    <Cell ss:StyleID="s26"><Data ss:Type="String">Всего по России</Data><NamedCell
      ss:Name="Print_Area"/></Cell>
    <Cell ss:StyleID="s27"><NamedCell ss:Name="Print_Area"/></Cell>
    <Cell ss:StyleID="s27"><NamedCell ss:Name="Print_Area"/></Cell>
    <Cell ss:StyleID="s27"><NamedCell ss:Name="Print_Area"/></Cell>
    <Cell ss:StyleID="s27"><NamedCell ss:Name="Print_Area"/></Cell>
   </Row>
   <Row ss:AutoFitHeight="0" ss:Height="15">
    <Cell ss:MergeDown="2" ss:StyleID="s71"><Data ss:Type="String">Наименование показателей</Data><NamedCell
      ss:Name="Print_Area"/></Cell>
    <Cell ss:MergeDown="2" ss:StyleID="m37738952"><Data ss:Type="String">Код строки</Data><NamedCell
      ss:Name="Print_Area"/></Cell>
    <Cell ss:MergeAcross="2" ss:StyleID="m37738972"><Data ss:Type="String">Значения показателей</Data><NamedCell
      ss:Name="Print_Area"/></Cell>
   </Row>
   <Row ss:AutoFitHeight="0" ss:Height="15">
    <Cell ss:Index="3" ss:MergeDown="1" ss:StyleID="m37738992"><Data
      ss:Type="String">Всего (гр.2+гр.3)</Data><NamedCell ss:Name="Print_Area"/></Cell>
    <Cell ss:MergeAcross="1" ss:StyleID="m37739012"><Data ss:Type="String">в том числе</Data><NamedCell
      ss:Name="Print_Area"/></Cell>
   </Row>
   <Row ss:Height="30">
    <Cell ss:Index="4" ss:StyleID="s30"><Data ss:Type="String">организации</Data><NamedCell
      ss:Name="Print_Area"/></Cell>
    <Cell ss:StyleID="s30"><Data ss:Type="String">индивидуальные предприниматели</Data><NamedCell
      ss:Name="Print_Area"/></Cell>
   </Row>
   <Row ss:AutoFitHeight="0" ss:Height="14.25">
    <Cell ss:StyleID="s30"><Data ss:Type="String">А</Data><NamedCell
      ss:Name="Print_Area"/></Cell>
    <Cell ss:StyleID="s29"><Data ss:Type="String">Б</Data><NamedCell
      ss:Name="Print_Area"/></Cell>
    <Cell ss:StyleID="s30"><Data ss:Type="Number">1</Data><NamedCell
      ss:Name="Print_Area"/></Cell>
    <Cell ss:StyleID="s30"><Data ss:Type="Number">2</Data><NamedCell
      ss:Name="Print_Area"/></Cell>
    <Cell ss:StyleID="s30"><Data ss:Type="Number">3</Data><NamedCell
      ss:Name="Print_Area"/></Cell>
   </Row>
   <Row ss:Height="30">
    <Cell ss:StyleID="s31"><Data ss:Type="String">Налоговая база (тыс. руб.)&#10;   доходы</Data><NamedCell
      ss:Name="Print_Area"/></Cell>
    <Cell ss:StyleID="s50"><Data ss:Type="String" x:Ticked="1">010</Data><NamedCell
      ss:Name="Print_Area"/></Cell>
    <Cell ss:StyleID="s54"><Data ss:Type="Number">1925125799</Data><NamedCell
      ss:Name="Print_Area"/></Cell>
    <Cell ss:StyleID="s54"><Data ss:Type="Number">1290509934</Data><NamedCell
      ss:Name="Print_Area"/></Cell>
    <Cell ss:StyleID="s54"><Data ss:Type="Number">634615865</Data><NamedCell
      ss:Name="Print_Area"/></Cell>
   </Row>
   <Row ss:Height="30">
    <Cell ss:StyleID="s32"><Data ss:Type="String">доходы, уменьшенные на величину расходов</Data><NamedCell
      ss:Name="Print_Area"/></Cell>
    <Cell ss:StyleID="s50"><Data ss:Type="String" x:Ticked="1">020</Data><NamedCell
      ss:Name="Print_Area"/></Cell>
    <Cell ss:StyleID="s54"><Data ss:Type="Number">192855317</Data><NamedCell
      ss:Name="Print_Area"/></Cell>
    <Cell ss:StyleID="s54"><Data ss:Type="Number">141549884</Data><NamedCell
      ss:Name="Print_Area"/></Cell>
    <Cell ss:StyleID="s54"><Data ss:Type="Number">51305433</Data><NamedCell
      ss:Name="Print_Area"/></Cell>
   </Row>
   <Row ss:AutoFitHeight="0" ss:Height="35.25">
    <Cell ss:StyleID="s31"><ss:Data ss:Type="String"
      xmlns="http://www.w3.org/TR/REC-html40">Сумма исчисленного за налоговый период налога (тыс. руб.), <Font
       html:Color="#000000">всего (стр.040+ стр.050): </Font></ss:Data><NamedCell
      ss:Name="Print_Area"/></Cell>
    <Cell ss:StyleID="s50"><Data ss:Type="String" x:Ticked="1">030</Data><NamedCell
      ss:Name="Print_Area"/></Cell>
    <Cell ss:StyleID="s54"><Data ss:Type="Number">144447254</Data><NamedCell
      ss:Name="Print_Area"/></Cell>
    <Cell ss:StyleID="s54"><Data ss:Type="Number">98650135</Data><NamedCell
      ss:Name="Print_Area"/></Cell>
    <Cell ss:StyleID="s54"><Data ss:Type="Number">45797119</Data><NamedCell
      ss:Name="Print_Area"/></Cell>
   </Row>
   <Row ss:AutoFitHeight="0" ss:Height="31.5">
    <Cell ss:StyleID="s33"><ss:Data ss:Type="String"
      xmlns="http://www.w3.org/TR/REC-html40"><B>в том числе:</B><Font>&#10;налога с доходов</Font></ss:Data><NamedCell
      ss:Name="Print_Area"/></Cell>
    <Cell ss:StyleID="s50"><Data ss:Type="String" x:Ticked="1">040</Data><NamedCell
      ss:Name="Print_Area"/></Cell>
    <Cell ss:StyleID="s54"><Data ss:Type="Number">115530693</Data><NamedCell
      ss:Name="Print_Area"/></Cell>
    <Cell ss:StyleID="s54"><Data ss:Type="Number">77430630</Data><NamedCell
      ss:Name="Print_Area"/></Cell>
    <Cell ss:StyleID="s54"><Data ss:Type="Number">38100063</Data><NamedCell
      ss:Name="Print_Area"/></Cell>
   </Row>
   <Row ss:AutoFitHeight="0" ss:Height="30.75">
    <Cell ss:StyleID="s32"><Data ss:Type="String">налога с доходов, уменьшенных на величину расходов</Data><NamedCell
      ss:Name="Print_Area"/></Cell>
    <Cell ss:StyleID="s50"><Data ss:Type="String" x:Ticked="1">050</Data><NamedCell
      ss:Name="Print_Area"/></Cell>
    <Cell ss:StyleID="s54"><Data ss:Type="Number">28916561</Data><NamedCell
      ss:Name="Print_Area"/></Cell>
    <Cell ss:StyleID="s54"><Data ss:Type="Number">21219505</Data><NamedCell
      ss:Name="Print_Area"/></Cell>
    <Cell ss:StyleID="s54"><Data ss:Type="Number">7697056</Data><NamedCell
      ss:Name="Print_Area"/></Cell>
   </Row>
   <Row ss:AutoFitHeight="0" ss:Height="48">
    <Cell ss:StyleID="s31"><Data ss:Type="String">Сумма налога, подлежащая уплате за налоговый период (тыс. руб.), всего (стр.070+ стр.080):</Data><NamedCell
      ss:Name="Print_Area"/></Cell>
    <Cell ss:StyleID="s50"><Data ss:Type="String" x:Ticked="1">060</Data><NamedCell
      ss:Name="Print_Area"/></Cell>
    <Cell ss:StyleID="s54"><Data ss:Type="Number">110666411</Data><NamedCell
      ss:Name="Print_Area"/></Cell>
    <Cell ss:StyleID="s54"><Data ss:Type="Number">69639961</Data><NamedCell
      ss:Name="Print_Area"/></Cell>
    <Cell ss:StyleID="s54"><Data ss:Type="Number">41026450</Data><NamedCell
      ss:Name="Print_Area"/></Cell>
   </Row>
   <Row ss:Height="30.75">
    <Cell ss:StyleID="s33"><ss:Data ss:Type="String"
      xmlns="http://www.w3.org/TR/REC-html40"><B>в том числе:</B><Font>&#10;налога с доходов       </Font></ss:Data><NamedCell
      ss:Name="Print_Area"/></Cell>
    <Cell ss:StyleID="s50"><Data ss:Type="String" x:Ticked="1">070</Data><NamedCell
      ss:Name="Print_Area"/></Cell>
    <Cell ss:StyleID="s54"><Data ss:Type="Number">86160284</Data><NamedCell
      ss:Name="Print_Area"/></Cell>
    <Cell ss:StyleID="s54"><Data ss:Type="Number">51656871</Data><NamedCell
      ss:Name="Print_Area"/></Cell>
    <Cell ss:StyleID="s54"><Data ss:Type="Number">34503413</Data><NamedCell
      ss:Name="Print_Area"/></Cell>
   </Row>
   <Row ss:Height="30">
    <Cell ss:StyleID="s32"><Data ss:Type="String">налога с доходов, уменьшенных на величину расходов</Data><NamedCell
      ss:Name="Print_Area"/></Cell>
    <Cell ss:StyleID="s50"><Data ss:Type="String" x:Ticked="1">080</Data><NamedCell
      ss:Name="Print_Area"/></Cell>
    <Cell ss:StyleID="s54"><Data ss:Type="Number">24506127</Data><NamedCell
      ss:Name="Print_Area"/></Cell>
    <Cell ss:StyleID="s54"><Data ss:Type="Number">17983090</Data><NamedCell
      ss:Name="Print_Area"/></Cell>
    <Cell ss:StyleID="s54"><Data ss:Type="Number">6523037</Data><NamedCell
      ss:Name="Print_Area"/></Cell>
   </Row>
   <Row ss:AutoFitHeight="0" ss:Height="33.75">
    <Cell ss:StyleID="s31"><Data ss:Type="String">Сумма минимального налога, подлежащая уплате за налоговый период (тыс. руб.)</Data><NamedCell
      ss:Name="Print_Area"/></Cell>
    <Cell ss:StyleID="s50"><Data ss:Type="String" x:Ticked="1">090</Data><NamedCell
      ss:Name="Print_Area"/></Cell>
    <Cell ss:StyleID="s54"><Data ss:Type="Number">7266981</Data><NamedCell
      ss:Name="Print_Area"/></Cell>
    <Cell ss:StyleID="s54"><Data ss:Type="Number">6248661</Data><NamedCell
      ss:Name="Print_Area"/></Cell>
    <Cell ss:StyleID="s54"><Data ss:Type="Number">1018320</Data><NamedCell
      ss:Name="Print_Area"/></Cell>
   </Row>
   <Row ss:AutoFitHeight="0" ss:Height="94.5">
    <Cell ss:StyleID="s34"><Data ss:Type="String">Количество налогоплательщиков, представивших налоговые декларации по налогу, уплачиваемому в связи с применением упрощенной системы налогообложения (ед./чел.), всего: (стр.110+ стр.120):</Data><NamedCell
      ss:Name="Print_Area"/></Cell>
    <Cell ss:StyleID="s50"><Data ss:Type="String" x:Ticked="1">100</Data><NamedCell
      ss:Name="Print_Area"/></Cell>
    <Cell ss:StyleID="s54"><Data ss:Type="Number">1920453</Data><NamedCell
      ss:Name="Print_Area"/></Cell>
    <Cell ss:StyleID="s54"><Data ss:Type="Number">923570</Data><NamedCell
      ss:Name="Print_Area"/></Cell>
    <Cell ss:StyleID="s54"><Data ss:Type="Number">996883</Data><NamedCell
      ss:Name="Print_Area"/></Cell>
   </Row>
   <Row ss:AutoFitHeight="0" ss:Height="30.75">
    <Cell ss:StyleID="s33"><ss:Data ss:Type="String"
      xmlns="http://www.w3.org/TR/REC-html40"><B>в том числе:</B><Font>&#10;по объекту налогообложения - доходы</Font></ss:Data><NamedCell
      ss:Name="Print_Area"/></Cell>
    <Cell ss:StyleID="s50"><Data ss:Type="String" x:Ticked="1">110</Data><NamedCell
      ss:Name="Print_Area"/></Cell>
    <Cell ss:StyleID="s54"><Data ss:Type="Number">1262488</Data><NamedCell
      ss:Name="Print_Area"/></Cell>
    <Cell ss:StyleID="s54"><Data ss:Type="Number">475445</Data><NamedCell
      ss:Name="Print_Area"/></Cell>
    <Cell ss:StyleID="s54"><Data ss:Type="Number">787043</Data><NamedCell
      ss:Name="Print_Area"/></Cell>
   </Row>
   <Row ss:AutoFitHeight="0" ss:Height="34.5">
    <Cell ss:StyleID="s32"><Data ss:Type="String">по объекту налогообложения - доходы, уменьшенные на величину расходов</Data><NamedCell
      ss:Name="Print_Area"/></Cell>
    <Cell ss:StyleID="s51"><Data ss:Type="String" x:Ticked="1">120</Data><NamedCell
      ss:Name="Print_Area"/></Cell>
    <Cell ss:StyleID="s54"><Data ss:Type="Number">657965</Data><NamedCell
      ss:Name="Print_Area"/></Cell>
    <Cell ss:StyleID="s54"><Data ss:Type="Number">448125</Data><NamedCell
      ss:Name="Print_Area"/></Cell>
    <Cell ss:StyleID="s54"><Data ss:Type="Number">209840</Data><NamedCell
      ss:Name="Print_Area"/></Cell>
   </Row>
   <Row ss:AutoFitHeight="0" ss:Height="63.75">
    <Cell ss:StyleID="s34"><Data ss:Type="String">Количество индивидуальных предпринимателей, получивших патенты на право применения упрощенной системы налогообложения на основе патента</Data><NamedCell
      ss:Name="Print_Area"/></Cell>
    <Cell ss:StyleID="s49"><Data ss:Type="String" x:Ticked="1">130</Data><NamedCell
      ss:Name="Print_Area"/></Cell>
    <Cell ss:StyleID="s54"><Data ss:Type="Number">3213</Data><NamedCell
      ss:Name="Print_Area"/></Cell>
    <Cell ss:StyleID="s49"><Data ss:Type="String">Х</Data><NamedCell
      ss:Name="Print_Area"/></Cell>
    <Cell ss:StyleID="s54"><Data ss:Type="Number">3213</Data><NamedCell
      ss:Name="Print_Area"/></Cell>
   </Row>
   <Row ss:Height="14.25">
    <Cell ss:StyleID="s35"><NamedCell ss:Name="Print_Area"/></Cell>
    <Cell ss:StyleID="s36"><NamedCell ss:Name="Print_Area"/></Cell>
    <Cell ss:StyleID="s36"><NamedCell ss:Name="Print_Area"/></Cell>
    <Cell ss:StyleID="s36"><NamedCell ss:Name="Print_Area"/></Cell>
    <Cell ss:StyleID="s36"><NamedCell ss:Name="Print_Area"/></Cell>
   </Row>
  </Table>
  <WorksheetOptions xmlns="urn:schemas-microsoft-com:office:excel">
   <PageSetup>
    <Header x:Margin="0.51181102362204722"/>
    <Footer x:Margin="0.31496062992125984"/>
    <PageMargins x:Bottom="0.39370078740157483" x:Left="0.41" x:Right="0.16"
     x:Top="0.56000000000000005"/>
   </PageSetup>
   <Print>
    <ValidPrinterInfo/>
    <PaperSizeIndex>9</PaperSizeIndex>
    <Scale>80</Scale>
    <HorizontalResolution>600</HorizontalResolution>
    <VerticalResolution>600</VerticalResolution>
   </Print>
   <Zoom>75</Zoom>
   <PageBreakZoom>60</PageBreakZoom>
   <TopRowVisible>6</TopRowVisible>
   <Panes>
    <Pane>
     <Number>3</Number>
     <ActiveRow>14</ActiveRow>
     <ActiveCol>3</ActiveCol>
    </Pane>
   </Panes>
   <ProtectObjects>False</ProtectObjects>
   <ProtectScenarios>False</ProtectScenarios>
  </WorksheetOptions>
 </Worksheet>
 <Worksheet ss:Name="Справочно к отчету">
  <Table ss:ExpandedColumnCount="6" ss:ExpandedRowCount="19" x:FullColumns="1"
   x:FullRows="1" ss:StyleID="s24">
   <Column ss:StyleID="s24" ss:AutoFitWidth="0" ss:Width="379.5"/>
   <Column ss:StyleID="s24" ss:AutoFitWidth="0" ss:Width="47.25"/>
   <Column ss:StyleID="s24" ss:AutoFitWidth="0" ss:Width="109.5"/>
   <Row>
    <Cell ss:Index="3" ss:StyleID="s25"><Data ss:Type="String">Форма 5-УСН</Data></Cell>
   </Row>
   <Row>
    <Cell ss:Index="3" ss:StyleID="s25"><Data ss:Type="String">годовая</Data></Cell>
   </Row>
   <Row ss:Height="15">
    <Cell ss:StyleID="s37"><Data ss:Type="String">Справочно к отчету:</Data></Cell>
   </Row>
   <Row ss:Height="15.75">
    <Cell ss:StyleID="s53"><Data ss:Type="String">за 2008 год</Data></Cell>
   </Row>
   <Row ss:Height="15.75">
    <Cell ss:StyleID="s56"><Data ss:Type="String">Всего по России</Data></Cell>
    <Cell ss:Index="5" ss:StyleID="s25"/>
    <Cell ss:StyleID="s25"/>
   </Row>
   <Row ss:AutoFitHeight="0" ss:Height="54.75">
    <Cell ss:StyleID="s38"/>
    <Cell ss:StyleID="s30"><Data ss:Type="String">Код строки</Data></Cell>
    <Cell ss:StyleID="s30"><Data ss:Type="String">тыс. рублей</Data></Cell>
    <Cell ss:Index="5" ss:StyleID="s25"/>
    <Cell ss:StyleID="s25"/>
   </Row>
   <Row ss:AutoFitHeight="0" ss:Height="12">
    <Cell ss:StyleID="s39"><Data ss:Type="String">А</Data></Cell>
    <Cell ss:StyleID="s40"/>
    <Cell ss:StyleID="s41"><Data ss:Type="Number">1</Data></Cell>
    <Cell ss:StyleID="s42"/>
   </Row>
   <Row ss:AutoFitHeight="0" ss:Height="93.75">
    <Cell ss:StyleID="s43"><Data ss:Type="String">Сумма уплаченных за налоговый период страховых взносов на обязательное пенсионное страхование, а также выплаченных работникам в течение налогового периода из средств налогоплательщика пособий по временной нетрудоспособности, уменьшающая (но не более чем на 50%) сумму исчисленного налога (тыс. руб.),   всего (стр.160 + стр.170): </Data></Cell>
    <Cell ss:StyleID="s57"><Data ss:Type="Number">150</Data></Cell>
    <Cell ss:StyleID="s55"><Data ss:Type="Number">29370409</Data></Cell>
    <Cell ss:StyleID="s42"/>
   </Row>
   <Row ss:AutoFitHeight="0" ss:Height="29.25">
    <Cell ss:StyleID="s44"><ss:Data ss:Type="String"
      xmlns="http://www.w3.org/TR/REC-html40">    <B> в том числе:</B><Font>&#10; организациями: </Font></ss:Data></Cell>
    <Cell ss:StyleID="s58"><Data ss:Type="Number">160</Data></Cell>
    <Cell ss:StyleID="s55"><Data ss:Type="Number">25773759</Data></Cell>
    <Cell ss:StyleID="s42"/>
   </Row>
   <Row ss:Height="15">
    <Cell ss:StyleID="s45"><Data ss:Type="String"> индивидуальными предпринимателями:  </Data></Cell>
    <Cell ss:StyleID="s57"><Data ss:Type="Number">170</Data></Cell>
    <Cell ss:StyleID="s55"><Data ss:Type="Number">3596650</Data></Cell>
    <Cell ss:StyleID="s42"/>
   </Row>
   <Row ss:AutoFitHeight="0" ss:Height="63.75">
    <Cell ss:StyleID="s46"><Data ss:Type="String">Сумма расходов, понесенных  налогоплательщиками, выбравшими в качестве объекта налогообложения  доходы,  уменьшенные на  величину  расходов  (тыс. руб.),  всего (стр.190 + стр.200): </Data></Cell>
    <Cell ss:StyleID="s59"><Data ss:Type="Number">180</Data></Cell>
    <Cell ss:StyleID="s55"><Data ss:Type="Number">2019194541</Data></Cell>
    <Cell ss:StyleID="s42"/>
   </Row>
   <Row ss:AutoFitHeight="0" ss:Height="31.5">
    <Cell ss:StyleID="s47"><ss:Data ss:Type="String"
      xmlns="http://www.w3.org/TR/REC-html40">     <B>в том числе:</B><Font>&#10; организациями:</Font></ss:Data></Cell>
    <Cell ss:StyleID="s58"><Data ss:Type="Number">190</Data></Cell>
    <Cell ss:StyleID="s55"><Data ss:Type="Number">1561523264</Data></Cell>
    <Cell ss:StyleID="s42"/>
   </Row>
   <Row ss:AutoFitHeight="0" ss:Height="18">
    <Cell ss:StyleID="s38"><Data ss:Type="String"> индивидуальными предпринимателями:</Data></Cell>
    <Cell ss:StyleID="s39"><Data ss:Type="Number">200</Data></Cell>
    <Cell ss:StyleID="s55"><Data ss:Type="Number">457671277</Data></Cell>
   </Row>
   <Row ss:AutoFitHeight="0" ss:Height="9">
    <Cell ss:StyleID="s48"/>
    <Cell ss:StyleID="s42"/>
   </Row>
   <Row ss:Height="15">
    <Cell ss:StyleID="s28"/>
   </Row>
   <Row ss:Height="15">
    <Cell ss:StyleID="s28"/>
    <Cell ss:StyleID="s28"/>
    <Cell ss:StyleID="s28"/>
   </Row>
   <Row ss:Height="15">
    <Cell ss:StyleID="s28"/>
    <Cell ss:MergeAcross="1" ss:StyleID="s80"/>
   </Row>
   <Row ss:Height="15">
    <Cell ss:StyleID="s28"/>
   </Row>
   <Row ss:Height="15">
    <Cell ss:StyleID="s28"/>
   </Row>
  </Table>
  <WorksheetOptions xmlns="urn:schemas-microsoft-com:office:excel">
   <PageSetup>
    <Header x:Margin="0.51181102362204722"/>
    <Footer x:Margin="0.51181102362204722"/>
    <PageMargins x:Bottom="0.98425196850393704" x:Left="0.78740157480314965"
     x:Right="0.39370078740157483" x:Top="0.98425196850393704"/>
   </PageSetup>
   <Print>
    <ValidPrinterInfo/>
    <PaperSizeIndex>9</PaperSizeIndex>
    <Scale>85</Scale>
    <HorizontalResolution>-4</HorizontalResolution>
    <VerticalResolution>600</VerticalResolution>
   </Print>
   <Zoom>75</Zoom>
   <Selected/>
   <Panes>
    <Pane>
     <Number>3</Number>
     <ActiveRow>5</ActiveRow>
    </Pane>
   </Panes>
   <ProtectObjects>False</ProtectObjects>
   <ProtectScenarios>False</ProtectScenarios>
  </WorksheetOptions>
 </Worksheet>
 <Worksheet ss:Name="hidden1">
  <Table ss:ExpandedColumnCount="3" ss:ExpandedRowCount="14" x:FullColumns="1"
   x:FullRows="1">
   <Row>
    <Cell><Data ss:Type="Number">1925125799</Data></Cell>
    <Cell><Data ss:Type="Number">1290509934</Data></Cell>
    <Cell><Data ss:Type="Number">634615865</Data></Cell>
   </Row>
   <Row>
    <Cell><Data ss:Type="Number">192855317</Data></Cell>
    <Cell><Data ss:Type="Number">141549884</Data></Cell>
    <Cell><Data ss:Type="Number">51305433</Data></Cell>
   </Row>
   <Row>
    <Cell><Data ss:Type="Number">144447254</Data></Cell>
    <Cell><Data ss:Type="Number">98650135</Data></Cell>
    <Cell><Data ss:Type="Number">45797119</Data></Cell>
   </Row>
   <Row>
    <Cell><Data ss:Type="Number">115530693</Data></Cell>
    <Cell><Data ss:Type="Number">77430630</Data></Cell>
    <Cell><Data ss:Type="Number">38100063</Data></Cell>
   </Row>
   <Row>
    <Cell><Data ss:Type="Number">28916561</Data></Cell>
    <Cell><Data ss:Type="Number">21219505</Data></Cell>
    <Cell><Data ss:Type="Number">7697056</Data></Cell>
   </Row>
   <Row>
    <Cell><Data ss:Type="Number">110666411</Data></Cell>
    <Cell><Data ss:Type="Number">69639961</Data></Cell>
    <Cell><Data ss:Type="Number">41026450</Data></Cell>
   </Row>
   <Row>
    <Cell><Data ss:Type="Number">86160284</Data></Cell>
    <Cell><Data ss:Type="Number">51656871</Data></Cell>
    <Cell><Data ss:Type="Number">34503413</Data></Cell>
   </Row>
   <Row>
    <Cell><Data ss:Type="Number">24506127</Data></Cell>
    <Cell><Data ss:Type="Number">17983090</Data></Cell>
    <Cell><Data ss:Type="Number">6523037</Data></Cell>
   </Row>
   <Row>
    <Cell><Data ss:Type="Number">7266981</Data></Cell>
    <Cell><Data ss:Type="Number">6248661</Data></Cell>
    <Cell><Data ss:Type="Number">1018320</Data></Cell>
   </Row>
   <Row>
    <Cell><Data ss:Type="Number">1920453</Data></Cell>
    <Cell><Data ss:Type="Number">923570</Data></Cell>
    <Cell><Data ss:Type="Number">996883</Data></Cell>
   </Row>
   <Row>
    <Cell><Data ss:Type="Number">1262488</Data></Cell>
    <Cell><Data ss:Type="Number">475445</Data></Cell>
    <Cell><Data ss:Type="Number">787043</Data></Cell>
   </Row>
   <Row>
    <Cell><Data ss:Type="Number">657965</Data></Cell>
    <Cell><Data ss:Type="Number">448125</Data></Cell>
    <Cell><Data ss:Type="Number">209840</Data></Cell>
   </Row>
   <Row>
    <Cell><Data ss:Type="Number">3213</Data></Cell>
    <Cell><Data ss:Type="Number">0</Data></Cell>
    <Cell><Data ss:Type="Number">3213</Data></Cell>
   </Row>
   <Row>
    <Cell><Data ss:Type="Number">2639319546</Data></Cell>
    <Cell><Data ss:Type="Number">1776735811</Data></Cell>
    <Cell><Data ss:Type="Number">862583735</Data></Cell>
   </Row>
  </Table>
  <WorksheetOptions xmlns="urn:schemas-microsoft-com:office:excel">
   <Visible>SheetHidden</Visible>
   <Zoom>75</Zoom>
   <ProtectObjects>False</ProtectObjects>
   <ProtectScenarios>False</ProtectScenarios>
  </WorksheetOptions>
 </Worksheet>
 <Worksheet ss:Name="hidden2">
  <Table ss:ExpandedColumnCount="1" ss:ExpandedRowCount="6" x:FullColumns="1"
   x:FullRows="1">
   <Column ss:AutoFitWidth="0" ss:Width="75"/>
   <Row>
    <Cell><Data ss:Type="Number">29370409</Data></Cell>
   </Row>
   <Row>
    <Cell><Data ss:Type="Number">25773759</Data></Cell>
   </Row>
   <Row>
    <Cell><Data ss:Type="Number">3596650</Data></Cell>
   </Row>
   <Row>
    <Cell><Data ss:Type="Number">2019194541</Data></Cell>
   </Row>
   <Row>
    <Cell><Data ss:Type="Number">1561523264</Data></Cell>
   </Row>
   <Row>
    <Cell><Data ss:Type="Number">457671277</Data></Cell>
   </Row>
  </Table>
  <WorksheetOptions xmlns="urn:schemas-microsoft-com:office:excel">
   <Visible>SheetHidden</Visible>
   <Zoom>75</Zoom>
   <ProtectObjects>False</ProtectObjects>
   <ProtectScenarios>False</ProtectScenarios>
  </WorksheetOptions>
 </Worksheet>
</Workbook>
